ISO-10303-21;
HEADER;
FILE_DESCRIPTION(('Open CASCADE Model'),'2;1');
FILE_NAME('Open CASCADE Shape Model','2026-04-18T01:16:37',('Author'),(
    'Open CASCADE'),'Open CASCADE STEP processor 7.8','build123d',
  'Unknown');
FILE_SCHEMA(('AUTOMOTIVE_DESIGN { 1 0 10303 214 1 1 1 1 }'));
ENDSEC;
DATA;
#1 = APPLICATION_PROTOCOL_DEFINITION('international standard',
  'automotive_design',2000,#2);
#2 = APPLICATION_CONTEXT(
  'core data for automotive mechanical design processes');
#3 = SHAPE_DEFINITION_REPRESENTATION(#4,#10);
#4 = PRODUCT_DEFINITION_SHAPE('','',#5);
#5 = PRODUCT_DEFINITION('design','',#6,#9);
#6 = PRODUCT_DEFINITION_FORMATION('','',#7);
#7 = PRODUCT('COMPOUND','COMPOUND','',(#8));
#8 = PRODUCT_CONTEXT('',#2,'mechanical');
#9 = PRODUCT_DEFINITION_CONTEXT('part definition',#2,'design');
#10 = ADVANCED_BREP_SHAPE_REPRESENTATION('',(#11,#15),#14521);
#11 = AXIS2_PLACEMENT_3D('',#12,#13,#14);
#12 = CARTESIAN_POINT('',(0.,0.,0.));
#13 = DIRECTION('',(0.,0.,1.));
#14 = DIRECTION('',(1.,0.,-0.));
#15 = MANIFOLD_SOLID_BREP('',#16);
#16 = CLOSED_SHELL('',(#17,#4789,#4887,#4952,#5017,#5049,#5125,#5174,
    #5223,#5250,#5319,#5366,#5413,#5460,#5507,#5532,#5601,#5648,#5695,
    #5742,#5789,#5814,#5883,#5930,#5977,#6024,#6071,#6096,#6165,#6212,
    #6259,#6306,#6353,#6378,#6447,#6494,#6541,#6588,#6635,#6660,#6729,
    #6776,#6823,#6870,#6917,#6942,#7011,#7058,#7105,#7152,#7199,#7224,
    #7293,#7340,#7387,#7434,#7481,#7506,#7575,#7622,#7669,#7716,#7763,
    #7788,#7857,#7904,#7951,#7998,#8045,#8070,#8139,#8186,#8233,#8280,
    #8327,#8352,#8421,#8468,#8515,#8562,#8609,#8634,#8703,#8750,#8797,
    #8844,#8891,#8916,#8985,#9032,#9079,#9126,#9173,#9198,#9267,#9314,
    #9361,#9408,#9455,#9480,#9549,#9596,#9643,#9690,#9737,#9762,#9831,
    #9878,#9925,#9972,#10019,#10044,#10113,#10160,#10207,#10254,#10301,
    #10326,#10395,#10442,#10489,#10536,#10583,#10608,#10677,#10724,
    #10771,#10818,#10865,#10890,#10959,#11006,#11053,#11100,#11147,
    #11172,#11241,#11288,#11335,#11382,#11429,#11454,#11523,#11570,
    #11617,#11664,#11711,#11736,#11805,#11852,#11899,#11946,#11993,
    #12018,#12087,#12134,#12181,#12228,#12275,#12300,#12369,#12416,
    #12463,#12510,#12557,#12582,#12651,#12698,#12745,#12792,#12839,
    #12864,#12933,#12980,#13027,#13074,#13121,#13146,#13244,#13309,
    #13374,#13406,#13482,#13615,#13733,#13760,#13991,#14067,#14200,
    #14318,#14345,#14372,#14399,#14426,#14433,#14460,#14487,#14514));
#17 = ADVANCED_FACE('',(#18,#137,#251,#409,#567,#725,#883,#1041,#1199,
    #1357,#1515,#1673,#1831,#1989,#2147,#2305,#2463,#2621,#2779,#2937,
    #3095,#3253,#3411,#3569,#3727,#3885,#4043,#4201,#4359,#4517,#4675),
  #32,.F.);
#18 = FACE_BOUND('',#19,.F.);
#19 = EDGE_LOOP('',(#20,#55,#83,#111));
#20 = ORIENTED_EDGE('',*,*,#21,.F.);
#21 = EDGE_CURVE('',#22,#24,#26,.T.);
#22 = VERTEX_POINT('',#23);
#23 = CARTESIAN_POINT('',(-29.3,3.5,37.5));
#24 = VERTEX_POINT('',#25);
#25 = CARTESIAN_POINT('',(-29.3,-3.5,37.5));
#26 = SURFACE_CURVE('',#27,(#31,#43),.PCURVE_S1.);
#27 = LINE('',#28,#29);
#28 = CARTESIAN_POINT('',(-29.3,3.,37.5));
#29 = VECTOR('',#30,1.);
#30 = DIRECTION('',(-1.224646799147E-16,-1.,0.));
#31 = PCURVE('',#32,#37);
#32 = PLANE('',#33);
#33 = AXIS2_PLACEMENT_3D('',#34,#35,#36);
#34 = CARTESIAN_POINT('',(0.,0.,37.5));
#35 = DIRECTION('',(0.,0.,1.));
#36 = DIRECTION('',(1.,0.,0.));
#37 = DEFINITIONAL_REPRESENTATION('',(#38),#42);
#38 = LINE('',#39,#40);
#39 = CARTESIAN_POINT('',(-29.3,3.));
#40 = VECTOR('',#41,1.);
#41 = DIRECTION('',(-1.224646799147E-16,-1.));
#42 = ( GEOMETRIC_REPRESENTATION_CONTEXT(2) 
PARAMETRIC_REPRESENTATION_CONTEXT() REPRESENTATION_CONTEXT('2D SPACE',''
  ) );
#43 = PCURVE('',#44,#49);
#44 = CYLINDRICAL_SURFACE('',#45,0.5);
#45 = AXIS2_PLACEMENT_3D('',#46,#47,#48);
#46 = CARTESIAN_POINT('',(-29.3,3.,37.));
#47 = DIRECTION('',(-1.224646799147E-16,-1.,0.));
#48 = DIRECTION('',(0.,0.,1.));
#49 = DEFINITIONAL_REPRESENTATION('',(#50),#54);
#50 = LINE('',#51,#52);
#51 = CARTESIAN_POINT('',(-0.,0.));
#52 = VECTOR('',#53,1.);
#53 = DIRECTION('',(-0.,1.));
#54 = ( GEOMETRIC_REPRESENTATION_CONTEXT(2) 
PARAMETRIC_REPRESENTATION_CONTEXT() REPRESENTATION_CONTEXT('2D SPACE',''
  ) );
#55 = ORIENTED_EDGE('',*,*,#56,.F.);
#56 = EDGE_CURVE('',#57,#22,#59,.T.);
#57 = VERTEX_POINT('',#58);
#58 = CARTESIAN_POINT('',(-27.3,3.5,37.5));
#59 = SURFACE_CURVE('',#60,(#64,#71),.PCURVE_S1.);
#60 = LINE('',#61,#62);
#61 = CARTESIAN_POINT('',(-27.8,3.5,37.5));
#62 = VECTOR('',#63,1.);
#63 = DIRECTION('',(-1.,1.224646799147E-16,0.));
#64 = PCURVE('',#32,#65);
#65 = DEFINITIONAL_REPRESENTATION('',(#66),#70);
#66 = LINE('',#67,#68);
#67 = CARTESIAN_POINT('',(-27.8,3.5));
#68 = VECTOR('',#69,1.);
#69 = DIRECTION('',(-1.,1.224646799147E-16));
#70 = ( GEOMETRIC_REPRESENTATION_CONTEXT(2) 
PARAMETRIC_REPRESENTATION_CONTEXT() REPRESENTATION_CONTEXT('2D SPACE',''
  ) );
#71 = PCURVE('',#72,#77);
#72 = CYLINDRICAL_SURFACE('',#73,0.5);
#73 = AXIS2_PLACEMENT_3D('',#74,#75,#76);
#74 = CARTESIAN_POINT('',(-27.8,3.5,37.));
#75 = DIRECTION('',(-1.,1.224646799147E-16,0.));
#76 = DIRECTION('',(0.,0.,1.));
#77 = DEFINITIONAL_REPRESENTATION('',(#78),#82);
#78 = LINE('',#79,#80);
#79 = CARTESIAN_POINT('',(-0.,0.));
#80 = VECTOR('',#81,1.);
#81 = DIRECTION('',(-0.,1.));
#82 = ( GEOMETRIC_REPRESENTATION_CONTEXT(2) 
PARAMETRIC_REPRESENTATION_CONTEXT() REPRESENTATION_CONTEXT('2D SPACE',''
  ) );
#83 = ORIENTED_EDGE('',*,*,#84,.T.);
#84 = EDGE_CURVE('',#57,#85,#87,.T.);
#85 = VERTEX_POINT('',#86);
#86 = CARTESIAN_POINT('',(-27.3,-3.5,37.5));
#87 = SURFACE_CURVE('',#88,(#92,#99),.PCURVE_S1.);
#88 = LINE('',#89,#90);
#89 = CARTESIAN_POINT('',(-27.3,3.,37.5));
#90 = VECTOR('',#91,1.);
#91 = DIRECTION('',(-1.224646799147E-16,-1.,0.));
#92 = PCURVE('',#32,#93);
#93 = DEFINITIONAL_REPRESENTATION('',(#94),#98);
#94 = LINE('',#95,#96);
#95 = CARTESIAN_POINT('',(-27.3,3.));
#96 = VECTOR('',#97,1.);
#97 = DIRECTION('',(-1.224646799147E-16,-1.));
#98 = ( GEOMETRIC_REPRESENTATION_CONTEXT(2) 
PARAMETRIC_REPRESENTATION_CONTEXT() REPRESENTATION_CONTEXT('2D SPACE',''
  ) );
#99 = PCURVE('',#100,#105);
#100 = CYLINDRICAL_SURFACE('',#101,0.5);
#101 = AXIS2_PLACEMENT_3D('',#102,#103,#104);
#102 = CARTESIAN_POINT('',(-27.3,3.,37.));
#103 = DIRECTION('',(-1.224646799147E-16,-1.,0.));
#104 = DIRECTION('',(0.,0.,1.));
#105 = DEFINITIONAL_REPRESENTATION('',(#106),#110);
#106 = LINE('',#107,#108);
#107 = CARTESIAN_POINT('',(0.,0.));
#108 = VECTOR('',#109,1.);
#109 = DIRECTION('',(0.,1.));
#110 = ( GEOMETRIC_REPRESENTATION_CONTEXT(2) 
PARAMETRIC_REPRESENTATION_CONTEXT() REPRESENTATION_CONTEXT('2D SPACE',''
  ) );
#111 = ORIENTED_EDGE('',*,*,#112,.T.);
#112 = EDGE_CURVE('',#85,#24,#113,.T.);
#113 = SURFACE_CURVE('',#114,(#118,#125),.PCURVE_S1.);
#114 = LINE('',#115,#116);
#115 = CARTESIAN_POINT('',(-27.8,-3.5,37.5));
#116 = VECTOR('',#117,1.);
#117 = DIRECTION('',(-1.,1.224646799147E-16,0.));
#118 = PCURVE('',#32,#119);
#119 = DEFINITIONAL_REPRESENTATION('',(#120),#124);
#120 = LINE('',#121,#122);
#121 = CARTESIAN_POINT('',(-27.8,-3.5));
#122 = VECTOR('',#123,1.);
#123 = DIRECTION('',(-1.,1.224646799147E-16));
#124 = ( GEOMETRIC_REPRESENTATION_CONTEXT(2) 
PARAMETRIC_REPRESENTATION_CONTEXT() REPRESENTATION_CONTEXT('2D SPACE',''
  ) );
#125 = PCURVE('',#126,#131);
#126 = CYLINDRICAL_SURFACE('',#127,0.5);
#127 = AXIS2_PLACEMENT_3D('',#128,#129,#130);
#128 = CARTESIAN_POINT('',(-27.8,-3.5,37.));
#129 = DIRECTION('',(-1.,1.224646799147E-16,0.));
#130 = DIRECTION('',(0.,0.,1.));
#131 = DEFINITIONAL_REPRESENTATION('',(#132),#136);
#132 = LINE('',#133,#134);
#133 = CARTESIAN_POINT('',(0.,0.));
#134 = VECTOR('',#135,1.);
#135 = DIRECTION('',(0.,1.));
#136 = ( GEOMETRIC_REPRESENTATION_CONTEXT(2) 
PARAMETRIC_REPRESENTATION_CONTEXT() REPRESENTATION_CONTEXT('2D SPACE',''
  ) );
#137 = FACE_BOUND('',#138,.F.);
#138 = EDGE_LOOP('',(#139,#169,#197,#225));
#139 = ORIENTED_EDGE('',*,*,#140,.F.);
#140 = EDGE_CURVE('',#141,#143,#145,.T.);
#141 = VERTEX_POINT('',#142);
#142 = CARTESIAN_POINT('',(-29.5,-45.,37.5));
#143 = VERTEX_POINT('',#144);
#144 = CARTESIAN_POINT('',(-29.5,45.,37.5));
#145 = SURFACE_CURVE('',#146,(#150,#157),.PCURVE_S1.);
#146 = LINE('',#147,#148);
#147 = CARTESIAN_POINT('',(-29.5,0.,37.5));
#148 = VECTOR('',#149,1.);
#149 = DIRECTION('',(0.,1.,0.));
#150 = PCURVE('',#32,#151);
#151 = DEFINITIONAL_REPRESENTATION('',(#152),#156);
#152 = LINE('',#153,#154);
#153 = CARTESIAN_POINT('',(-29.5,0.));
#154 = VECTOR('',#155,1.);
#155 = DIRECTION('',(0.,1.));
#156 = ( GEOMETRIC_REPRESENTATION_CONTEXT(2) 
PARAMETRIC_REPRESENTATION_CONTEXT() REPRESENTATION_CONTEXT('2D SPACE',''
  ) );
#157 = PCURVE('',#158,#163);
#158 = PLANE('',#159);
#159 = AXIS2_PLACEMENT_3D('',#160,#161,#162);
#160 = CARTESIAN_POINT('',(-29.5,-45.,37.5));
#161 = DIRECTION('',(-1.,0.,0.));
#162 = DIRECTION('',(0.,1.,0.));
#163 = DEFINITIONAL_REPRESENTATION('',(#164),#168);
#164 = LINE('',#165,#166);
#165 = CARTESIAN_POINT('',(45.,0.));
#166 = VECTOR('',#167,1.);
#167 = DIRECTION('',(1.,0.));
#168 = ( GEOMETRIC_REPRESENTATION_CONTEXT(2) 
PARAMETRIC_REPRESENTATION_CONTEXT() REPRESENTATION_CONTEXT('2D SPACE',''
  ) );
#169 = ORIENTED_EDGE('',*,*,#170,.T.);
#170 = EDGE_CURVE('',#141,#171,#173,.T.);
#171 = VERTEX_POINT('',#172);
#172 = CARTESIAN_POINT('',(29.5,-45.,37.5));
#173 = SURFACE_CURVE('',#174,(#178,#185),.PCURVE_S1.);
#174 = LINE('',#175,#176);
#175 = CARTESIAN_POINT('',(0.,-45.,37.5));
#176 = VECTOR('',#177,1.);
#177 = DIRECTION('',(1.,0.,0.));
#178 = PCURVE('',#32,#179);
#179 = DEFINITIONAL_REPRESENTATION('',(#180),#184);
#180 = LINE('',#181,#182);
#181 = CARTESIAN_POINT('',(0.,-45.));
#182 = VECTOR('',#183,1.);
#183 = DIRECTION('',(1.,0.));
#184 = ( GEOMETRIC_REPRESENTATION_CONTEXT(2) 
PARAMETRIC_REPRESENTATION_CONTEXT() REPRESENTATION_CONTEXT('2D SPACE',''
  ) );
#185 = PCURVE('',#186,#191);
#186 = PLANE('',#187);
#187 = AXIS2_PLACEMENT_3D('',#188,#189,#190);
#188 = CARTESIAN_POINT('',(-29.5,-45.,37.5));
#189 = DIRECTION('',(0.,1.,0.));
#190 = DIRECTION('',(1.,0.,0.));
#191 = DEFINITIONAL_REPRESENTATION('',(#192),#196);
#192 = LINE('',#193,#194);
#193 = CARTESIAN_POINT('',(29.5,0.));
#194 = VECTOR('',#195,1.);
#195 = DIRECTION('',(1.,0.));
#196 = ( GEOMETRIC_REPRESENTATION_CONTEXT(2) 
PARAMETRIC_REPRESENTATION_CONTEXT() REPRESENTATION_CONTEXT('2D SPACE',''
  ) );
#197 = ORIENTED_EDGE('',*,*,#198,.T.);
#198 = EDGE_CURVE('',#171,#199,#201,.T.);
#199 = VERTEX_POINT('',#200);
#200 = CARTESIAN_POINT('',(29.5,45.,37.5));
#201 = SURFACE_CURVE('',#202,(#206,#213),.PCURVE_S1.);
#202 = LINE('',#203,#204);
#203 = CARTESIAN_POINT('',(29.5,0.,37.5));
#204 = VECTOR('',#205,1.);
#205 = DIRECTION('',(0.,1.,0.));
#206 = PCURVE('',#32,#207);
#207 = DEFINITIONAL_REPRESENTATION('',(#208),#212);
#208 = LINE('',#209,#210);
#209 = CARTESIAN_POINT('',(29.5,0.));
#210 = VECTOR('',#211,1.);
#211 = DIRECTION('',(0.,1.));
#212 = ( GEOMETRIC_REPRESENTATION_CONTEXT(2) 
PARAMETRIC_REPRESENTATION_CONTEXT() REPRESENTATION_CONTEXT('2D SPACE',''
  ) );
#213 = PCURVE('',#214,#219);
#214 = PLANE('',#215);
#215 = AXIS2_PLACEMENT_3D('',#216,#217,#218);
#216 = CARTESIAN_POINT('',(29.5,-45.,37.5));
#217 = DIRECTION('',(-1.,0.,0.));
#218 = DIRECTION('',(0.,1.,0.));
#219 = DEFINITIONAL_REPRESENTATION('',(#220),#224);
#220 = LINE('',#221,#222);
#221 = CARTESIAN_POINT('',(45.,0.));
#222 = VECTOR('',#223,1.);
#223 = DIRECTION('',(1.,0.));
#224 = ( GEOMETRIC_REPRESENTATION_CONTEXT(2) 
PARAMETRIC_REPRESENTATION_CONTEXT() REPRESENTATION_CONTEXT('2D SPACE',''
  ) );
#225 = ORIENTED_EDGE('',*,*,#226,.F.);
#226 = EDGE_CURVE('',#143,#199,#227,.T.);
#227 = SURFACE_CURVE('',#228,(#232,#239),.PCURVE_S1.);
#228 = LINE('',#229,#230);
#229 = CARTESIAN_POINT('',(0.,45.,37.5));
#230 = VECTOR('',#231,1.);
#231 = DIRECTION('',(1.,0.,0.));
#232 = PCURVE('',#32,#233);
#233 = DEFINITIONAL_REPRESENTATION('',(#234),#238);
#234 = LINE('',#235,#236);
#235 = CARTESIAN_POINT('',(0.,45.));
#236 = VECTOR('',#237,1.);
#237 = DIRECTION('',(1.,0.));
#238 = ( GEOMETRIC_REPRESENTATION_CONTEXT(2) 
PARAMETRIC_REPRESENTATION_CONTEXT() REPRESENTATION_CONTEXT('2D SPACE',''
  ) );
#239 = PCURVE('',#240,#245);
#240 = PLANE('',#241);
#241 = AXIS2_PLACEMENT_3D('',#242,#243,#244);
#242 = CARTESIAN_POINT('',(-29.5,45.,37.5));
#243 = DIRECTION('',(0.,1.,0.));
#244 = DIRECTION('',(1.,0.,0.));
#245 = DEFINITIONAL_REPRESENTATION('',(#246),#250);
#246 = LINE('',#247,#248);
#247 = CARTESIAN_POINT('',(29.5,0.));
#248 = VECTOR('',#249,1.);
#249 = DIRECTION('',(1.,0.));
#250 = ( GEOMETRIC_REPRESENTATION_CONTEXT(2) 
PARAMETRIC_REPRESENTATION_CONTEXT() REPRESENTATION_CONTEXT('2D SPACE',''
  ) );
#251 = FACE_BOUND('',#252,.F.);
#252 = EDGE_LOOP('',(#253,#281,#307,#333,#359,#385));
#253 = ORIENTED_EDGE('',*,*,#254,.T.);
#254 = EDGE_CURVE('',#255,#257,#259,.T.);
#255 = VERTEX_POINT('',#256);
#256 = CARTESIAN_POINT('',(-21.8,-36.83494717429,37.5));
#257 = VERTEX_POINT('',#258);
#258 = CARTESIAN_POINT('',(-21.8,-31.0614444824,37.5));
#259 = SURFACE_CURVE('',#260,(#264,#270),.PCURVE_S1.);
#260 = LINE('',#261,#262);
#261 = CARTESIAN_POINT('',(-21.8,-15.5307222412,37.5));
#262 = VECTOR('',#263,1.);
#263 = DIRECTION('',(4.615110447321E-16,1.,-0.));
#264 = PCURVE('',#32,#265);
#265 = DEFINITIONAL_REPRESENTATION('',(#266),#269);
#266 = B_SPLINE_CURVE_WITH_KNOTS('',1,(#267,#268),.UNSPECIFIED.,.F.,.F.,
  (2,2),(-21.30422493309,-15.5307222412),.PIECEWISE_BEZIER_KNOTS.);
#267 = CARTESIAN_POINT('',(-21.8,-36.83494717429));
#268 = CARTESIAN_POINT('',(-21.8,-31.0614444824));
#269 = ( GEOMETRIC_REPRESENTATION_CONTEXT(2) 
PARAMETRIC_REPRESENTATION_CONTEXT() REPRESENTATION_CONTEXT('2D SPACE',''
  ) );
#270 = PCURVE('',#271,#276);
#271 = PLANE('',#272);
#272 = AXIS2_PLACEMENT_3D('',#273,#274,#275);
#273 = CARTESIAN_POINT('',(-21.8,-31.0614444824,36.5));
#274 = DIRECTION('',(1.,-4.615110447321E-16,0.));
#275 = DIRECTION('',(-4.615110447321E-16,-1.,0.));
#276 = DEFINITIONAL_REPRESENTATION('',(#277),#280);
#277 = B_SPLINE_CURVE_WITH_KNOTS('',1,(#278,#279),.UNSPECIFIED.,.F.,.F.,
  (2,2),(-21.30422493309,-15.5307222412),.PIECEWISE_BEZIER_KNOTS.);
#278 = CARTESIAN_POINT('',(5.773502691896,-1.));
#279 = CARTESIAN_POINT('',(0.,-1.));
#280 = ( GEOMETRIC_REPRESENTATION_CONTEXT(2) 
PARAMETRIC_REPRESENTATION_CONTEXT() REPRESENTATION_CONTEXT('2D SPACE',''
  ) );
#281 = ORIENTED_EDGE('',*,*,#282,.T.);
#282 = EDGE_CURVE('',#257,#283,#285,.T.);
#283 = VERTEX_POINT('',#284);
#284 = CARTESIAN_POINT('',(-16.8,-28.17469313645,37.5));
#285 = SURFACE_CURVE('',#286,(#290,#296),.PCURVE_S1.);
#286 = LINE('',#287,#288);
#287 = CARTESIAN_POINT('',(-4.4,-21.0155497985,37.5));
#288 = VECTOR('',#289,1.);
#289 = DIRECTION('',(0.866025403784,0.5,-0.));
#290 = PCURVE('',#32,#291);
#291 = DEFINITIONAL_REPRESENTATION('',(#292),#295);
#292 = B_SPLINE_CURVE_WITH_KNOTS('',1,(#293,#294),.UNSPECIFIED.,.F.,.F.,
  (2,2),(-20.09178936779,-14.3182866759),.PIECEWISE_BEZIER_KNOTS.);
#293 = CARTESIAN_POINT('',(-21.8,-31.0614444824));
#294 = CARTESIAN_POINT('',(-16.8,-28.17469313645));
#295 = ( GEOMETRIC_REPRESENTATION_CONTEXT(2) 
PARAMETRIC_REPRESENTATION_CONTEXT() REPRESENTATION_CONTEXT('2D SPACE',''
  ) );
#296 = PCURVE('',#297,#302);
#297 = PLANE('',#298);
#298 = AXIS2_PLACEMENT_3D('',#299,#300,#301);
#299 = CARTESIAN_POINT('',(-16.8,-28.17469313645,36.5));
#300 = DIRECTION('',(0.5,-0.866025403784,0.));
#301 = DIRECTION('',(-0.866025403784,-0.5,0.));
#302 = DEFINITIONAL_REPRESENTATION('',(#303),#306);
#303 = B_SPLINE_CURVE_WITH_KNOTS('',1,(#304,#305),.UNSPECIFIED.,.F.,.F.,
  (2,2),(-20.09178936779,-14.3182866759),.PIECEWISE_BEZIER_KNOTS.);
#304 = CARTESIAN_POINT('',(5.773502691896,-1.));
#305 = CARTESIAN_POINT('',(0.,-1.));
#306 = ( GEOMETRIC_REPRESENTATION_CONTEXT(2) 
PARAMETRIC_REPRESENTATION_CONTEXT() REPRESENTATION_CONTEXT('2D SPACE',''
  ) );
#307 = ORIENTED_EDGE('',*,*,#308,.T.);
#308 = EDGE_CURVE('',#283,#309,#311,.T.);
#309 = VERTEX_POINT('',#310);
#310 = CARTESIAN_POINT('',(-11.8,-31.0614444824,37.5));
#311 = SURFACE_CURVE('',#312,(#316,#322),.PCURVE_S1.);
#312 = LINE('',#313,#314);
#313 = CARTESIAN_POINT('',(-14.1,-29.73353886326,37.5));
#314 = VECTOR('',#315,1.);
#315 = DIRECTION('',(0.866025403784,-0.5,0.));
#316 = PCURVE('',#32,#317);
#317 = DEFINITIONAL_REPRESENTATION('',(#318),#321);
#318 = B_SPLINE_CURVE_WITH_KNOTS('',1,(#319,#320),.UNSPECIFIED.,.F.,.F.,
  (2,2),(-3.117691453624,2.655811238272),.PIECEWISE_BEZIER_KNOTS.);
#319 = CARTESIAN_POINT('',(-16.8,-28.17469313645));
#320 = CARTESIAN_POINT('',(-11.8,-31.0614444824));
#321 = ( GEOMETRIC_REPRESENTATION_CONTEXT(2) 
PARAMETRIC_REPRESENTATION_CONTEXT() REPRESENTATION_CONTEXT('2D SPACE',''
  ) );
#322 = PCURVE('',#323,#328);
#323 = PLANE('',#324);
#324 = AXIS2_PLACEMENT_3D('',#325,#326,#327);
#325 = CARTESIAN_POINT('',(-11.8,-31.0614444824,36.5));
#326 = DIRECTION('',(-0.5,-0.866025403784,0.));
#327 = DIRECTION('',(-0.866025403784,0.5,0.));
#328 = DEFINITIONAL_REPRESENTATION('',(#329),#332);
#329 = B_SPLINE_CURVE_WITH_KNOTS('',1,(#330,#331),.UNSPECIFIED.,.F.,.F.,
  (2,2),(-3.117691453624,2.655811238272),.PIECEWISE_BEZIER_KNOTS.);
#330 = CARTESIAN_POINT('',(5.773502691896,-1.));
#331 = CARTESIAN_POINT('',(0.,-1.));
#332 = ( GEOMETRIC_REPRESENTATION_CONTEXT(2) 
PARAMETRIC_REPRESENTATION_CONTEXT() REPRESENTATION_CONTEXT('2D SPACE',''
  ) );
#333 = ORIENTED_EDGE('',*,*,#334,.T.);
#334 = EDGE_CURVE('',#309,#335,#337,.T.);
#335 = VERTEX_POINT('',#336);
#336 = CARTESIAN_POINT('',(-11.8,-36.83494717429,37.5));
#337 = SURFACE_CURVE('',#338,(#342,#348),.PCURVE_S1.);
#338 = LINE('',#339,#340);
#339 = CARTESIAN_POINT('',(-11.8,-18.41747358714,37.5));
#340 = VECTOR('',#341,1.);
#341 = DIRECTION('',(-1.538370149107E-16,-1.,0.));
#342 = PCURVE('',#32,#343);
#343 = DEFINITIONAL_REPRESENTATION('',(#344),#347);
#344 = B_SPLINE_CURVE_WITH_KNOTS('',1,(#345,#346),.UNSPECIFIED.,.F.,.F.,
  (2,2),(12.643970895253,18.417473587149),.PIECEWISE_BEZIER_KNOTS.);
#345 = CARTESIAN_POINT('',(-11.8,-31.0614444824));
#346 = CARTESIAN_POINT('',(-11.8,-36.83494717429));
#347 = ( GEOMETRIC_REPRESENTATION_CONTEXT(2) 
PARAMETRIC_REPRESENTATION_CONTEXT() REPRESENTATION_CONTEXT('2D SPACE',''
  ) );
#348 = PCURVE('',#349,#354);
#349 = PLANE('',#350);
#350 = AXIS2_PLACEMENT_3D('',#351,#352,#353);
#351 = CARTESIAN_POINT('',(-11.8,-36.83494717429,36.5));
#352 = DIRECTION('',(-1.,1.538370149107E-16,0.));
#353 = DIRECTION('',(1.538370149107E-16,1.,0.));
#354 = DEFINITIONAL_REPRESENTATION('',(#355),#358);
#355 = B_SPLINE_CURVE_WITH_KNOTS('',1,(#356,#357),.UNSPECIFIED.,.F.,.F.,
  (2,2),(12.643970895253,18.417473587149),.PIECEWISE_BEZIER_KNOTS.);
#356 = CARTESIAN_POINT('',(5.773502691896,-1.));
#357 = CARTESIAN_POINT('',(0.,-1.));
#358 = ( GEOMETRIC_REPRESENTATION_CONTEXT(2) 
PARAMETRIC_REPRESENTATION_CONTEXT() REPRESENTATION_CONTEXT('2D SPACE',''
  ) );
#359 = ORIENTED_EDGE('',*,*,#360,.T.);
#360 = EDGE_CURVE('',#335,#361,#363,.T.);
#361 = VERTEX_POINT('',#362);
#362 = CARTESIAN_POINT('',(-16.8,-39.72169852024,37.5));
#363 = SURFACE_CURVE('',#364,(#368,#374),.PCURVE_S1.);
#364 = LINE('',#365,#366);
#365 = CARTESIAN_POINT('',(-1.9,-31.11917950932,37.5));
#366 = VECTOR('',#367,1.);
#367 = DIRECTION('',(-0.866025403784,-0.5,0.));
#368 = PCURVE('',#32,#369);
#369 = DEFINITIONAL_REPRESENTATION('',(#370),#373);
#370 = B_SPLINE_CURVE_WITH_KNOTS('',1,(#371,#372),.UNSPECIFIED.,.F.,.F.,
  (2,2),(11.431535329955,17.205038021851),.PIECEWISE_BEZIER_KNOTS.);
#371 = CARTESIAN_POINT('',(-11.8,-36.83494717429));
#372 = CARTESIAN_POINT('',(-16.8,-39.72169852024));
#373 = ( GEOMETRIC_REPRESENTATION_CONTEXT(2) 
PARAMETRIC_REPRESENTATION_CONTEXT() REPRESENTATION_CONTEXT('2D SPACE',''
  ) );
#374 = PCURVE('',#375,#380);
#375 = PLANE('',#376);
#376 = AXIS2_PLACEMENT_3D('',#377,#378,#379);
#377 = CARTESIAN_POINT('',(-16.8,-39.72169852024,36.5));
#378 = DIRECTION('',(-0.5,0.866025403784,0.));
#379 = DIRECTION('',(0.866025403784,0.5,0.));
#380 = DEFINITIONAL_REPRESENTATION('',(#381),#384);
#381 = B_SPLINE_CURVE_WITH_KNOTS('',1,(#382,#383),.UNSPECIFIED.,.F.,.F.,
  (2,2),(11.431535329955,17.205038021851),.PIECEWISE_BEZIER_KNOTS.);
#382 = CARTESIAN_POINT('',(5.773502691896,-1.));
#383 = CARTESIAN_POINT('',(0.,-1.));
#384 = ( GEOMETRIC_REPRESENTATION_CONTEXT(2) 
PARAMETRIC_REPRESENTATION_CONTEXT() REPRESENTATION_CONTEXT('2D SPACE',''
  ) );
#385 = ORIENTED_EDGE('',*,*,#386,.T.);
#386 = EDGE_CURVE('',#361,#255,#387,.T.);
#387 = SURFACE_CURVE('',#388,(#392,#398),.PCURVE_S1.);
#388 = LINE('',#389,#390);
#389 = CARTESIAN_POINT('',(-21.6,-36.95041722813,37.5));
#390 = VECTOR('',#391,1.);
#391 = DIRECTION('',(-0.866025403784,0.5,0.));
#392 = PCURVE('',#32,#393);
#393 = DEFINITIONAL_REPRESENTATION('',(#394),#397);
#394 = B_SPLINE_CURVE_WITH_KNOTS('',1,(#395,#396),.UNSPECIFIED.,.F.,.F.,
  (2,2),(-5.54256258422,0.230940107676),.PIECEWISE_BEZIER_KNOTS.);
#395 = CARTESIAN_POINT('',(-16.8,-39.72169852024));
#396 = CARTESIAN_POINT('',(-21.8,-36.83494717429));
#397 = ( GEOMETRIC_REPRESENTATION_CONTEXT(2) 
PARAMETRIC_REPRESENTATION_CONTEXT() REPRESENTATION_CONTEXT('2D SPACE',''
  ) );
#398 = PCURVE('',#399,#404);
#399 = PLANE('',#400);
#400 = AXIS2_PLACEMENT_3D('',#401,#402,#403);
#401 = CARTESIAN_POINT('',(-21.8,-36.83494717429,36.5));
#402 = DIRECTION('',(0.5,0.866025403784,-0.));
#403 = DIRECTION('',(0.866025403784,-0.5,0.));
#404 = DEFINITIONAL_REPRESENTATION('',(#405),#408);
#405 = B_SPLINE_CURVE_WITH_KNOTS('',1,(#406,#407),.UNSPECIFIED.,.F.,.F.,
  (2,2),(-5.54256258422,0.230940107676),.PIECEWISE_BEZIER_KNOTS.);
#406 = CARTESIAN_POINT('',(5.773502691896,-1.));
#407 = CARTESIAN_POINT('',(0.,-1.));
#408 = ( GEOMETRIC_REPRESENTATION_CONTEXT(2) 
PARAMETRIC_REPRESENTATION_CONTEXT() REPRESENTATION_CONTEXT('2D SPACE',''
  ) );
#409 = FACE_BOUND('',#410,.F.);
#410 = EDGE_LOOP('',(#411,#439,#465,#491,#517,#543));
#411 = ORIENTED_EDGE('',*,*,#412,.T.);
#412 = EDGE_CURVE('',#413,#415,#417,.T.);
#413 = VERTEX_POINT('',#414);
#414 = CARTESIAN_POINT('',(-10.6,-36.83494717429,37.5));
#415 = VERTEX_POINT('',#416);
#416 = CARTESIAN_POINT('',(-10.6,-31.0614444824,37.5));
#417 = SURFACE_CURVE('',#418,(#422,#428),.PCURVE_S1.);
#418 = LINE('',#419,#420);
#419 = CARTESIAN_POINT('',(-10.6,-15.5307222412,37.5));
#420 = VECTOR('',#421,1.);
#421 = DIRECTION('',(4.615110447321E-16,1.,-0.));
#422 = PCURVE('',#32,#423);
#423 = DEFINITIONAL_REPRESENTATION('',(#424),#427);
#424 = B_SPLINE_CURVE_WITH_KNOTS('',1,(#425,#426),.UNSPECIFIED.,.F.,.F.,
  (2,2),(-21.30422493309,-15.5307222412),.PIECEWISE_BEZIER_KNOTS.);
#425 = CARTESIAN_POINT('',(-10.6,-36.83494717429));
#426 = CARTESIAN_POINT('',(-10.6,-31.0614444824));
#427 = ( GEOMETRIC_REPRESENTATION_CONTEXT(2) 
PARAMETRIC_REPRESENTATION_CONTEXT() REPRESENTATION_CONTEXT('2D SPACE',''
  ) );
#428 = PCURVE('',#429,#434);
#429 = PLANE('',#430);
#430 = AXIS2_PLACEMENT_3D('',#431,#432,#433);
#431 = CARTESIAN_POINT('',(-10.6,-31.0614444824,36.5));
#432 = DIRECTION('',(1.,-4.615110447321E-16,0.));
#433 = DIRECTION('',(-4.615110447321E-16,-1.,0.));
#434 = DEFINITIONAL_REPRESENTATION('',(#435),#438);
#435 = B_SPLINE_CURVE_WITH_KNOTS('',1,(#436,#437),.UNSPECIFIED.,.F.,.F.,
  (2,2),(-21.30422493309,-15.5307222412),.PIECEWISE_BEZIER_KNOTS.);
#436 = CARTESIAN_POINT('',(5.773502691896,-1.));
#437 = CARTESIAN_POINT('',(0.,-1.));
#438 = ( GEOMETRIC_REPRESENTATION_CONTEXT(2) 
PARAMETRIC_REPRESENTATION_CONTEXT() REPRESENTATION_CONTEXT('2D SPACE',''
  ) );
#439 = ORIENTED_EDGE('',*,*,#440,.T.);
#440 = EDGE_CURVE('',#415,#441,#443,.T.);
#441 = VERTEX_POINT('',#442);
#442 = CARTESIAN_POINT('',(-5.6,-28.17469313645,37.5));
#443 = SURFACE_CURVE('',#444,(#448,#454),.PCURVE_S1.);
#444 = LINE('',#445,#446);
#445 = CARTESIAN_POINT('',(2.6,-23.44042092909,37.5));
#446 = VECTOR('',#447,1.);
#447 = DIRECTION('',(0.866025403784,0.5,-0.));
#448 = PCURVE('',#32,#449);
#449 = DEFINITIONAL_REPRESENTATION('',(#450),#453);
#450 = B_SPLINE_CURVE_WITH_KNOTS('',1,(#451,#452),.UNSPECIFIED.,.F.,.F.,
  (2,2),(-15.2420471066,-9.46854441471),.PIECEWISE_BEZIER_KNOTS.);
#451 = CARTESIAN_POINT('',(-10.6,-31.0614444824));
#452 = CARTESIAN_POINT('',(-5.6,-28.17469313645));
#453 = ( GEOMETRIC_REPRESENTATION_CONTEXT(2) 
PARAMETRIC_REPRESENTATION_CONTEXT() REPRESENTATION_CONTEXT('2D SPACE',''
  ) );
#454 = PCURVE('',#455,#460);
#455 = PLANE('',#456);
#456 = AXIS2_PLACEMENT_3D('',#457,#458,#459);
#457 = CARTESIAN_POINT('',(-5.6,-28.17469313645,36.5));
#458 = DIRECTION('',(0.5,-0.866025403784,0.));
#459 = DIRECTION('',(-0.866025403784,-0.5,0.));
#460 = DEFINITIONAL_REPRESENTATION('',(#461),#464);
#461 = B_SPLINE_CURVE_WITH_KNOTS('',1,(#462,#463),.UNSPECIFIED.,.F.,.F.,
  (2,2),(-15.2420471066,-9.46854441471),.PIECEWISE_BEZIER_KNOTS.);
#462 = CARTESIAN_POINT('',(5.773502691896,-1.));
#463 = CARTESIAN_POINT('',(0.,-1.));
#464 = ( GEOMETRIC_REPRESENTATION_CONTEXT(2) 
PARAMETRIC_REPRESENTATION_CONTEXT() REPRESENTATION_CONTEXT('2D SPACE',''
  ) );
#465 = ORIENTED_EDGE('',*,*,#466,.T.);
#466 = EDGE_CURVE('',#441,#467,#469,.T.);
#467 = VERTEX_POINT('',#468);
#468 = CARTESIAN_POINT('',(-0.6,-31.0614444824,37.5));
#469 = SURFACE_CURVE('',#470,(#474,#480),.PCURVE_S1.);
#470 = LINE('',#471,#472);
#471 = CARTESIAN_POINT('',(-7.1,-27.30866773266,37.5));
#472 = VECTOR('',#473,1.);
#473 = DIRECTION('',(0.866025403784,-0.5,0.));
#474 = PCURVE('',#32,#475);
#475 = DEFINITIONAL_REPRESENTATION('',(#476),#479);
#476 = B_SPLINE_CURVE_WITH_KNOTS('',1,(#477,#478),.UNSPECIFIED.,.F.,.F.,
  (2,2),(1.732050807569,7.505553499465),.PIECEWISE_BEZIER_KNOTS.);
#477 = CARTESIAN_POINT('',(-5.6,-28.17469313645));
#478 = CARTESIAN_POINT('',(-0.6,-31.0614444824));
#479 = ( GEOMETRIC_REPRESENTATION_CONTEXT(2) 
PARAMETRIC_REPRESENTATION_CONTEXT() REPRESENTATION_CONTEXT('2D SPACE',''
  ) );
#480 = PCURVE('',#481,#486);
#481 = PLANE('',#482);
#482 = AXIS2_PLACEMENT_3D('',#483,#484,#485);
#483 = CARTESIAN_POINT('',(-0.6,-31.0614444824,36.5));
#484 = DIRECTION('',(-0.5,-0.866025403784,0.));
#485 = DIRECTION('',(-0.866025403784,0.5,0.));
#486 = DEFINITIONAL_REPRESENTATION('',(#487),#490);
#487 = B_SPLINE_CURVE_WITH_KNOTS('',1,(#488,#489),.UNSPECIFIED.,.F.,.F.,
  (2,2),(1.732050807569,7.505553499465),.PIECEWISE_BEZIER_KNOTS.);
#488 = CARTESIAN_POINT('',(5.773502691896,-1.));
#489 = CARTESIAN_POINT('',(0.,-1.));
#490 = ( GEOMETRIC_REPRESENTATION_CONTEXT(2) 
PARAMETRIC_REPRESENTATION_CONTEXT() REPRESENTATION_CONTEXT('2D SPACE',''
  ) );
#491 = ORIENTED_EDGE('',*,*,#492,.T.);
#492 = EDGE_CURVE('',#467,#493,#495,.T.);
#493 = VERTEX_POINT('',#494);
#494 = CARTESIAN_POINT('',(-0.6,-36.83494717429,37.5));
#495 = SURFACE_CURVE('',#496,(#500,#506),.PCURVE_S1.);
#496 = LINE('',#497,#498);
#497 = CARTESIAN_POINT('',(-0.6,-18.41747358714,37.5));
#498 = VECTOR('',#499,1.);
#499 = DIRECTION('',(-1.538370149107E-16,-1.,0.));
#500 = PCURVE('',#32,#501);
#501 = DEFINITIONAL_REPRESENTATION('',(#502),#505);
#502 = B_SPLINE_CURVE_WITH_KNOTS('',1,(#503,#504),.UNSPECIFIED.,.F.,.F.,
  (2,2),(12.643970895253,18.417473587149),.PIECEWISE_BEZIER_KNOTS.);
#503 = CARTESIAN_POINT('',(-0.6,-31.0614444824));
#504 = CARTESIAN_POINT('',(-0.6,-36.83494717429));
#505 = ( GEOMETRIC_REPRESENTATION_CONTEXT(2) 
PARAMETRIC_REPRESENTATION_CONTEXT() REPRESENTATION_CONTEXT('2D SPACE',''
  ) );
#506 = PCURVE('',#507,#512);
#507 = PLANE('',#508);
#508 = AXIS2_PLACEMENT_3D('',#509,#510,#511);
#509 = CARTESIAN_POINT('',(-0.6,-36.83494717429,36.5));
#510 = DIRECTION('',(-1.,1.538370149107E-16,0.));
#511 = DIRECTION('',(1.538370149107E-16,1.,0.));
#512 = DEFINITIONAL_REPRESENTATION('',(#513),#516);
#513 = B_SPLINE_CURVE_WITH_KNOTS('',1,(#514,#515),.UNSPECIFIED.,.F.,.F.,
  (2,2),(12.643970895253,18.417473587149),.PIECEWISE_BEZIER_KNOTS.);
#514 = CARTESIAN_POINT('',(5.773502691896,-1.));
#515 = CARTESIAN_POINT('',(0.,-1.));
#516 = ( GEOMETRIC_REPRESENTATION_CONTEXT(2) 
PARAMETRIC_REPRESENTATION_CONTEXT() REPRESENTATION_CONTEXT('2D SPACE',''
  ) );
#517 = ORIENTED_EDGE('',*,*,#518,.T.);
#518 = EDGE_CURVE('',#493,#519,#521,.T.);
#519 = VERTEX_POINT('',#520);
#520 = CARTESIAN_POINT('',(-5.6,-39.72169852024,37.5));
#521 = SURFACE_CURVE('',#522,(#526,#532),.PCURVE_S1.);
#522 = LINE('',#523,#524);
#523 = CARTESIAN_POINT('',(5.1,-33.54405063991,37.5));
#524 = VECTOR('',#525,1.);
#525 = DIRECTION('',(-0.866025403784,-0.5,0.));
#526 = PCURVE('',#32,#527);
#527 = DEFINITIONAL_REPRESENTATION('',(#528),#531);
#528 = B_SPLINE_CURVE_WITH_KNOTS('',1,(#529,#530),.UNSPECIFIED.,.F.,.F.,
  (2,2),(6.581793068762,12.355295760658),.PIECEWISE_BEZIER_KNOTS.);
#529 = CARTESIAN_POINT('',(-0.6,-36.83494717429));
#530 = CARTESIAN_POINT('',(-5.6,-39.72169852024));
#531 = ( GEOMETRIC_REPRESENTATION_CONTEXT(2) 
PARAMETRIC_REPRESENTATION_CONTEXT() REPRESENTATION_CONTEXT('2D SPACE',''
  ) );
#532 = PCURVE('',#533,#538);
#533 = PLANE('',#534);
#534 = AXIS2_PLACEMENT_3D('',#535,#536,#537);
#535 = CARTESIAN_POINT('',(-5.6,-39.72169852024,36.5));
#536 = DIRECTION('',(-0.5,0.866025403784,0.));
#537 = DIRECTION('',(0.866025403784,0.5,0.));
#538 = DEFINITIONAL_REPRESENTATION('',(#539),#542);
#539 = B_SPLINE_CURVE_WITH_KNOTS('',1,(#540,#541),.UNSPECIFIED.,.F.,.F.,
  (2,2),(6.581793068762,12.355295760658),.PIECEWISE_BEZIER_KNOTS.);
#540 = CARTESIAN_POINT('',(5.773502691896,-1.));
#541 = CARTESIAN_POINT('',(0.,-1.));
#542 = ( GEOMETRIC_REPRESENTATION_CONTEXT(2) 
PARAMETRIC_REPRESENTATION_CONTEXT() REPRESENTATION_CONTEXT('2D SPACE',''
  ) );
#543 = ORIENTED_EDGE('',*,*,#544,.T.);
#544 = EDGE_CURVE('',#519,#413,#545,.T.);
#545 = SURFACE_CURVE('',#546,(#550,#556),.PCURVE_S1.);
#546 = LINE('',#547,#548);
#547 = CARTESIAN_POINT('',(-14.6,-34.52554609754,37.5));
#548 = VECTOR('',#549,1.);
#549 = DIRECTION('',(-0.866025403784,0.5,0.));
#550 = PCURVE('',#32,#551);
#551 = DEFINITIONAL_REPRESENTATION('',(#552),#555);
#552 = B_SPLINE_CURVE_WITH_KNOTS('',1,(#553,#554),.UNSPECIFIED.,.F.,.F.,
  (2,2),(-10.39230484541,-4.618802153517),.PIECEWISE_BEZIER_KNOTS.);
#553 = CARTESIAN_POINT('',(-5.6,-39.72169852024));
#554 = CARTESIAN_POINT('',(-10.6,-36.83494717429));
#555 = ( GEOMETRIC_REPRESENTATION_CONTEXT(2) 
PARAMETRIC_REPRESENTATION_CONTEXT() REPRESENTATION_CONTEXT('2D SPACE',''
  ) );
#556 = PCURVE('',#557,#562);
#557 = PLANE('',#558);
#558 = AXIS2_PLACEMENT_3D('',#559,#560,#561);
#559 = CARTESIAN_POINT('',(-10.6,-36.83494717429,36.5));
#560 = DIRECTION('',(0.5,0.866025403784,-0.));
#561 = DIRECTION('',(0.866025403784,-0.5,0.));
#562 = DEFINITIONAL_REPRESENTATION('',(#563),#566);
#563 = B_SPLINE_CURVE_WITH_KNOTS('',1,(#564,#565),.UNSPECIFIED.,.F.,.F.,
  (2,2),(-10.39230484541,-4.618802153517),.PIECEWISE_BEZIER_KNOTS.);
#564 = CARTESIAN_POINT('',(5.773502691896,-1.));
#565 = CARTESIAN_POINT('',(0.,-1.));
#566 = ( GEOMETRIC_REPRESENTATION_CONTEXT(2) 
PARAMETRIC_REPRESENTATION_CONTEXT() REPRESENTATION_CONTEXT('2D SPACE',''
  ) );
#567 = FACE_BOUND('',#568,.F.);
#568 = EDGE_LOOP('',(#569,#597,#623,#649,#675,#701));
#569 = ORIENTED_EDGE('',*,*,#570,.T.);
#570 = EDGE_CURVE('',#571,#573,#575,.T.);
#571 = VERTEX_POINT('',#572);
#572 = CARTESIAN_POINT('',(-16.2,-27.13546265191,37.5));
#573 = VERTEX_POINT('',#574);
#574 = CARTESIAN_POINT('',(-16.2,-21.36195996001,37.5));
#575 = SURFACE_CURVE('',#576,(#580,#586),.PCURVE_S1.);
#576 = LINE('',#577,#578);
#577 = CARTESIAN_POINT('',(-16.2,-10.68097998,37.5));
#578 = VECTOR('',#579,1.);
#579 = DIRECTION('',(4.615110447321E-16,1.,-0.));
#580 = PCURVE('',#32,#581);
#581 = DEFINITIONAL_REPRESENTATION('',(#582),#585);
#582 = B_SPLINE_CURVE_WITH_KNOTS('',1,(#583,#584),.UNSPECIFIED.,.F.,.F.,
  (2,2),(-16.4544826719,-10.68097998),.PIECEWISE_BEZIER_KNOTS.);
#583 = CARTESIAN_POINT('',(-16.2,-27.13546265191));
#584 = CARTESIAN_POINT('',(-16.2,-21.36195996001));
#585 = ( GEOMETRIC_REPRESENTATION_CONTEXT(2) 
PARAMETRIC_REPRESENTATION_CONTEXT() REPRESENTATION_CONTEXT('2D SPACE',''
  ) );
#586 = PCURVE('',#587,#592);
#587 = PLANE('',#588);
#588 = AXIS2_PLACEMENT_3D('',#589,#590,#591);
#589 = CARTESIAN_POINT('',(-16.2,-21.36195996001,36.5));
#590 = DIRECTION('',(1.,-4.615110447321E-16,0.));
#591 = DIRECTION('',(-4.615110447321E-16,-1.,0.));
#592 = DEFINITIONAL_REPRESENTATION('',(#593),#596);
#593 = B_SPLINE_CURVE_WITH_KNOTS('',1,(#594,#595),.UNSPECIFIED.,.F.,.F.,
  (2,2),(-16.4544826719,-10.68097998),.PIECEWISE_BEZIER_KNOTS.);
#594 = CARTESIAN_POINT('',(5.773502691896,-1.));
#595 = CARTESIAN_POINT('',(0.,-1.));
#596 = ( GEOMETRIC_REPRESENTATION_CONTEXT(2) 
PARAMETRIC_REPRESENTATION_CONTEXT() REPRESENTATION_CONTEXT('2D SPACE',''
  ) );
#597 = ORIENTED_EDGE('',*,*,#598,.T.);
#598 = EDGE_CURVE('',#573,#599,#601,.T.);
#599 = VERTEX_POINT('',#600);
#600 = CARTESIAN_POINT('',(-11.2,-18.47520861406,37.5));
#601 = SURFACE_CURVE('',#602,(#606,#612),.PCURVE_S1.);
#602 = LINE('',#603,#604);
#603 = CARTESIAN_POINT('',(-3.,-13.74093640671,37.5));
#604 = VECTOR('',#605,1.);
#605 = DIRECTION('',(0.866025403784,0.5,-0.));
#606 = PCURVE('',#32,#607);
#607 = DEFINITIONAL_REPRESENTATION('',(#608),#611);
#608 = B_SPLINE_CURVE_WITH_KNOTS('',1,(#609,#610),.UNSPECIFIED.,.F.,.F.,
  (2,2),(-15.2420471066,-9.46854441471),.PIECEWISE_BEZIER_KNOTS.);
#609 = CARTESIAN_POINT('',(-16.2,-21.36195996001));
#610 = CARTESIAN_POINT('',(-11.2,-18.47520861406));
#611 = ( GEOMETRIC_REPRESENTATION_CONTEXT(2) 
PARAMETRIC_REPRESENTATION_CONTEXT() REPRESENTATION_CONTEXT('2D SPACE',''
  ) );
#612 = PCURVE('',#613,#618);
#613 = PLANE('',#614);
#614 = AXIS2_PLACEMENT_3D('',#615,#616,#617);
#615 = CARTESIAN_POINT('',(-11.2,-18.47520861406,36.5));
#616 = DIRECTION('',(0.5,-0.866025403784,0.));
#617 = DIRECTION('',(-0.866025403784,-0.5,0.));
#618 = DEFINITIONAL_REPRESENTATION('',(#619),#622);
#619 = B_SPLINE_CURVE_WITH_KNOTS('',1,(#620,#621),.UNSPECIFIED.,.F.,.F.,
  (2,2),(-15.2420471066,-9.46854441471),.PIECEWISE_BEZIER_KNOTS.);
#620 = CARTESIAN_POINT('',(5.773502691896,-1.));
#621 = CARTESIAN_POINT('',(0.,-1.));
#622 = ( GEOMETRIC_REPRESENTATION_CONTEXT(2) 
PARAMETRIC_REPRESENTATION_CONTEXT() REPRESENTATION_CONTEXT('2D SPACE',''
  ) );
#623 = ORIENTED_EDGE('',*,*,#624,.T.);
#624 = EDGE_CURVE('',#599,#625,#627,.T.);
#625 = VERTEX_POINT('',#626);
#626 = CARTESIAN_POINT('',(-6.2,-21.36195996001,37.5));
#627 = SURFACE_CURVE('',#628,(#632,#638),.PCURVE_S1.);
#628 = LINE('',#629,#630);
#629 = CARTESIAN_POINT('',(-8.5,-20.03405434088,37.5));
#630 = VECTOR('',#631,1.);
#631 = DIRECTION('',(0.866025403784,-0.5,0.));
#632 = PCURVE('',#32,#633);
#633 = DEFINITIONAL_REPRESENTATION('',(#634),#637);
#634 = B_SPLINE_CURVE_WITH_KNOTS('',1,(#635,#636),.UNSPECIFIED.,.F.,.F.,
  (2,2),(-3.117691453624,2.655811238272),.PIECEWISE_BEZIER_KNOTS.);
#635 = CARTESIAN_POINT('',(-11.2,-18.47520861406));
#636 = CARTESIAN_POINT('',(-6.2,-21.36195996001));
#637 = ( GEOMETRIC_REPRESENTATION_CONTEXT(2) 
PARAMETRIC_REPRESENTATION_CONTEXT() REPRESENTATION_CONTEXT('2D SPACE',''
  ) );
#638 = PCURVE('',#639,#644);
#639 = PLANE('',#640);
#640 = AXIS2_PLACEMENT_3D('',#641,#642,#643);
#641 = CARTESIAN_POINT('',(-6.2,-21.36195996001,36.5));
#642 = DIRECTION('',(-0.5,-0.866025403784,0.));
#643 = DIRECTION('',(-0.866025403784,0.5,0.));
#644 = DEFINITIONAL_REPRESENTATION('',(#645),#648);
#645 = B_SPLINE_CURVE_WITH_KNOTS('',1,(#646,#647),.UNSPECIFIED.,.F.,.F.,
  (2,2),(-3.117691453624,2.655811238272),.PIECEWISE_BEZIER_KNOTS.);
#646 = CARTESIAN_POINT('',(5.773502691896,-1.));
#647 = CARTESIAN_POINT('',(0.,-1.));
#648 = ( GEOMETRIC_REPRESENTATION_CONTEXT(2) 
PARAMETRIC_REPRESENTATION_CONTEXT() REPRESENTATION_CONTEXT('2D SPACE',''
  ) );
#649 = ORIENTED_EDGE('',*,*,#650,.T.);
#650 = EDGE_CURVE('',#625,#651,#653,.T.);
#651 = VERTEX_POINT('',#652);
#652 = CARTESIAN_POINT('',(-6.2,-27.13546265191,37.5));
#653 = SURFACE_CURVE('',#654,(#658,#664),.PCURVE_S1.);
#654 = LINE('',#655,#656);
#655 = CARTESIAN_POINT('',(-6.2,-13.56773132595,37.5));
#656 = VECTOR('',#657,1.);
#657 = DIRECTION('',(-1.538370149107E-16,-1.,0.));
#658 = PCURVE('',#32,#659);
#659 = DEFINITIONAL_REPRESENTATION('',(#660),#663);
#660 = B_SPLINE_CURVE_WITH_KNOTS('',1,(#661,#662),.UNSPECIFIED.,.F.,.F.,
  (2,2),(7.79422863406,13.567731325956),.PIECEWISE_BEZIER_KNOTS.);
#661 = CARTESIAN_POINT('',(-6.2,-21.36195996001));
#662 = CARTESIAN_POINT('',(-6.2,-27.13546265191));
#663 = ( GEOMETRIC_REPRESENTATION_CONTEXT(2) 
PARAMETRIC_REPRESENTATION_CONTEXT() REPRESENTATION_CONTEXT('2D SPACE',''
  ) );
#664 = PCURVE('',#665,#670);
#665 = PLANE('',#666);
#666 = AXIS2_PLACEMENT_3D('',#667,#668,#669);
#667 = CARTESIAN_POINT('',(-6.2,-27.13546265191,36.5));
#668 = DIRECTION('',(-1.,1.538370149107E-16,0.));
#669 = DIRECTION('',(1.538370149107E-16,1.,0.));
#670 = DEFINITIONAL_REPRESENTATION('',(#671),#674);
#671 = B_SPLINE_CURVE_WITH_KNOTS('',1,(#672,#673),.UNSPECIFIED.,.F.,.F.,
  (2,2),(7.79422863406,13.567731325956),.PIECEWISE_BEZIER_KNOTS.);
#672 = CARTESIAN_POINT('',(5.773502691896,-1.));
#673 = CARTESIAN_POINT('',(0.,-1.));
#674 = ( GEOMETRIC_REPRESENTATION_CONTEXT(2) 
PARAMETRIC_REPRESENTATION_CONTEXT() REPRESENTATION_CONTEXT('2D SPACE',''
  ) );
#675 = ORIENTED_EDGE('',*,*,#676,.T.);
#676 = EDGE_CURVE('',#651,#677,#679,.T.);
#677 = VERTEX_POINT('',#678);
#678 = CARTESIAN_POINT('',(-11.2,-30.02221399786,37.5));
#679 = SURFACE_CURVE('',#680,(#684,#690),.PCURVE_S1.);
#680 = LINE('',#681,#682);
#681 = CARTESIAN_POINT('',(-0.5,-23.84456611753,37.5));
#682 = VECTOR('',#683,1.);
#683 = DIRECTION('',(-0.866025403784,-0.5,0.));
#684 = PCURVE('',#32,#685);
#685 = DEFINITIONAL_REPRESENTATION('',(#686),#689);
#686 = B_SPLINE_CURVE_WITH_KNOTS('',1,(#687,#688),.UNSPECIFIED.,.F.,.F.,
  (2,2),(6.581793068762,12.355295760658),.PIECEWISE_BEZIER_KNOTS.);
#687 = CARTESIAN_POINT('',(-6.2,-27.13546265191));
#688 = CARTESIAN_POINT('',(-11.2,-30.02221399786));
#689 = ( GEOMETRIC_REPRESENTATION_CONTEXT(2) 
PARAMETRIC_REPRESENTATION_CONTEXT() REPRESENTATION_CONTEXT('2D SPACE',''
  ) );
#690 = PCURVE('',#691,#696);
#691 = PLANE('',#692);
#692 = AXIS2_PLACEMENT_3D('',#693,#694,#695);
#693 = CARTESIAN_POINT('',(-11.2,-30.02221399786,36.5));
#694 = DIRECTION('',(-0.5,0.866025403784,0.));
#695 = DIRECTION('',(0.866025403784,0.5,0.));
#696 = DEFINITIONAL_REPRESENTATION('',(#697),#700);
#697 = B_SPLINE_CURVE_WITH_KNOTS('',1,(#698,#699),.UNSPECIFIED.,.F.,.F.,
  (2,2),(6.581793068762,12.355295760658),.PIECEWISE_BEZIER_KNOTS.);
#698 = CARTESIAN_POINT('',(5.773502691896,-1.));
#699 = CARTESIAN_POINT('',(0.,-1.));
#700 = ( GEOMETRIC_REPRESENTATION_CONTEXT(2) 
PARAMETRIC_REPRESENTATION_CONTEXT() REPRESENTATION_CONTEXT('2D SPACE',''
  ) );
#701 = ORIENTED_EDGE('',*,*,#702,.T.);
#702 = EDGE_CURVE('',#677,#571,#703,.T.);
#703 = SURFACE_CURVE('',#704,(#708,#714),.PCURVE_S1.);
#704 = LINE('',#705,#706);
#705 = CARTESIAN_POINT('',(-16.,-27.25093270575,37.5));
#706 = VECTOR('',#707,1.);
#707 = DIRECTION('',(-0.866025403784,0.5,0.));
#708 = PCURVE('',#32,#709);
#709 = DEFINITIONAL_REPRESENTATION('',(#710),#713);
#710 = B_SPLINE_CURVE_WITH_KNOTS('',1,(#711,#712),.UNSPECIFIED.,.F.,.F.,
  (2,2),(-5.54256258422,0.230940107676),.PIECEWISE_BEZIER_KNOTS.);
#711 = CARTESIAN_POINT('',(-11.2,-30.02221399786));
#712 = CARTESIAN_POINT('',(-16.2,-27.13546265191));
#713 = ( GEOMETRIC_REPRESENTATION_CONTEXT(2) 
PARAMETRIC_REPRESENTATION_CONTEXT() REPRESENTATION_CONTEXT('2D SPACE',''
  ) );
#714 = PCURVE('',#715,#720);
#715 = PLANE('',#716);
#716 = AXIS2_PLACEMENT_3D('',#717,#718,#719);
#717 = CARTESIAN_POINT('',(-16.2,-27.13546265191,36.5));
#718 = DIRECTION('',(0.5,0.866025403784,-0.));
#719 = DIRECTION('',(0.866025403784,-0.5,0.));
#720 = DEFINITIONAL_REPRESENTATION('',(#721),#724);
#721 = B_SPLINE_CURVE_WITH_KNOTS('',1,(#722,#723),.UNSPECIFIED.,.F.,.F.,
  (2,2),(-5.54256258422,0.230940107676),.PIECEWISE_BEZIER_KNOTS.);
#722 = CARTESIAN_POINT('',(5.773502691896,-1.));
#723 = CARTESIAN_POINT('',(0.,-1.));
#724 = ( GEOMETRIC_REPRESENTATION_CONTEXT(2) 
PARAMETRIC_REPRESENTATION_CONTEXT() REPRESENTATION_CONTEXT('2D SPACE',''
  ) );
#725 = FACE_BOUND('',#726,.F.);
#726 = EDGE_LOOP('',(#727,#755,#781,#807,#833,#859));
#727 = ORIENTED_EDGE('',*,*,#728,.T.);
#728 = EDGE_CURVE('',#729,#731,#733,.T.);
#729 = VERTEX_POINT('',#730);
#730 = CARTESIAN_POINT('',(-21.8,-17.43597812952,37.5));
#731 = VERTEX_POINT('',#732);
#732 = CARTESIAN_POINT('',(-21.8,-11.66247543763,37.5));
#733 = SURFACE_CURVE('',#734,(#738,#744),.PCURVE_S1.);
#734 = LINE('',#735,#736);
#735 = CARTESIAN_POINT('',(-21.8,-5.831237718815,37.5));
#736 = VECTOR('',#737,1.);
#737 = DIRECTION('',(4.615110447321E-16,1.,-0.));
#738 = PCURVE('',#32,#739);
#739 = DEFINITIONAL_REPRESENTATION('',(#740),#743);
#740 = B_SPLINE_CURVE_WITH_KNOTS('',1,(#741,#742),.UNSPECIFIED.,.F.,.F.,
  (2,2),(-11.60474041071,-5.831237718815),.PIECEWISE_BEZIER_KNOTS.);
#741 = CARTESIAN_POINT('',(-21.8,-17.43597812952));
#742 = CARTESIAN_POINT('',(-21.8,-11.66247543763));
#743 = ( GEOMETRIC_REPRESENTATION_CONTEXT(2) 
PARAMETRIC_REPRESENTATION_CONTEXT() REPRESENTATION_CONTEXT('2D SPACE',''
  ) );
#744 = PCURVE('',#745,#750);
#745 = PLANE('',#746);
#746 = AXIS2_PLACEMENT_3D('',#747,#748,#749);
#747 = CARTESIAN_POINT('',(-21.8,-11.66247543763,36.5));
#748 = DIRECTION('',(1.,-4.615110447321E-16,0.));
#749 = DIRECTION('',(-4.615110447321E-16,-1.,0.));
#750 = DEFINITIONAL_REPRESENTATION('',(#751),#754);
#751 = B_SPLINE_CURVE_WITH_KNOTS('',1,(#752,#753),.UNSPECIFIED.,.F.,.F.,
  (2,2),(-11.60474041071,-5.831237718815),.PIECEWISE_BEZIER_KNOTS.);
#752 = CARTESIAN_POINT('',(5.773502691896,-1.));
#753 = CARTESIAN_POINT('',(0.,-1.));
#754 = ( GEOMETRIC_REPRESENTATION_CONTEXT(2) 
PARAMETRIC_REPRESENTATION_CONTEXT() REPRESENTATION_CONTEXT('2D SPACE',''
  ) );
#755 = ORIENTED_EDGE('',*,*,#756,.T.);
#756 = EDGE_CURVE('',#731,#757,#759,.T.);
#757 = VERTEX_POINT('',#758);
#758 = CARTESIAN_POINT('',(-16.8,-8.775724091682,37.5));
#759 = SURFACE_CURVE('',#760,(#764,#770),.PCURVE_S1.);
#760 = LINE('',#761,#762);
#761 = CARTESIAN_POINT('',(-8.6,-4.041451884327,37.5));
#762 = VECTOR('',#763,1.);
#763 = DIRECTION('',(0.866025403784,0.5,-0.));
#764 = PCURVE('',#32,#765);
#765 = DEFINITIONAL_REPRESENTATION('',(#766),#769);
#766 = B_SPLINE_CURVE_WITH_KNOTS('',1,(#767,#768),.UNSPECIFIED.,.F.,.F.,
  (2,2),(-15.2420471066,-9.46854441471),.PIECEWISE_BEZIER_KNOTS.);
#767 = CARTESIAN_POINT('',(-21.8,-11.66247543763));
#768 = CARTESIAN_POINT('',(-16.8,-8.775724091682));
#769 = ( GEOMETRIC_REPRESENTATION_CONTEXT(2) 
PARAMETRIC_REPRESENTATION_CONTEXT() REPRESENTATION_CONTEXT('2D SPACE',''
  ) );
#770 = PCURVE('',#771,#776);
#771 = PLANE('',#772);
#772 = AXIS2_PLACEMENT_3D('',#773,#774,#775);
#773 = CARTESIAN_POINT('',(-16.8,-8.775724091682,36.5));
#774 = DIRECTION('',(0.5,-0.866025403784,0.));
#775 = DIRECTION('',(-0.866025403784,-0.5,0.));
#776 = DEFINITIONAL_REPRESENTATION('',(#777),#780);
#777 = B_SPLINE_CURVE_WITH_KNOTS('',1,(#778,#779),.UNSPECIFIED.,.F.,.F.,
  (2,2),(-15.2420471066,-9.46854441471),.PIECEWISE_BEZIER_KNOTS.);
#778 = CARTESIAN_POINT('',(5.773502691896,-1.));
#779 = CARTESIAN_POINT('',(0.,-1.));
#780 = ( GEOMETRIC_REPRESENTATION_CONTEXT(2) 
PARAMETRIC_REPRESENTATION_CONTEXT() REPRESENTATION_CONTEXT('2D SPACE',''
  ) );
#781 = ORIENTED_EDGE('',*,*,#782,.T.);
#782 = EDGE_CURVE('',#757,#783,#785,.T.);
#783 = VERTEX_POINT('',#784);
#784 = CARTESIAN_POINT('',(-11.8,-11.66247543763,37.5));
#785 = SURFACE_CURVE('',#786,(#790,#796),.PCURVE_S1.);
#786 = LINE('',#787,#788);
#787 = CARTESIAN_POINT('',(-9.9,-12.75944094909,37.5));
#788 = VECTOR('',#789,1.);
#789 = DIRECTION('',(0.866025403784,-0.5,0.));
#790 = PCURVE('',#32,#791);
#791 = DEFINITIONAL_REPRESENTATION('',(#792),#795);
#792 = B_SPLINE_CURVE_WITH_KNOTS('',1,(#793,#794),.UNSPECIFIED.,.F.,.F.,
  (2,2),(-7.967433714817,-2.193931022921),.PIECEWISE_BEZIER_KNOTS.);
#793 = CARTESIAN_POINT('',(-16.8,-8.775724091682));
#794 = CARTESIAN_POINT('',(-11.8,-11.66247543763));
#795 = ( GEOMETRIC_REPRESENTATION_CONTEXT(2) 
PARAMETRIC_REPRESENTATION_CONTEXT() REPRESENTATION_CONTEXT('2D SPACE',''
  ) );
#796 = PCURVE('',#797,#802);
#797 = PLANE('',#798);
#798 = AXIS2_PLACEMENT_3D('',#799,#800,#801);
#799 = CARTESIAN_POINT('',(-11.8,-11.66247543763,36.5));
#800 = DIRECTION('',(-0.5,-0.866025403784,0.));
#801 = DIRECTION('',(-0.866025403784,0.5,0.));
#802 = DEFINITIONAL_REPRESENTATION('',(#803),#806);
#803 = B_SPLINE_CURVE_WITH_KNOTS('',1,(#804,#805),.UNSPECIFIED.,.F.,.F.,
  (2,2),(-7.967433714817,-2.193931022921),.PIECEWISE_BEZIER_KNOTS.);
#804 = CARTESIAN_POINT('',(5.773502691896,-1.));
#805 = CARTESIAN_POINT('',(0.,-1.));
#806 = ( GEOMETRIC_REPRESENTATION_CONTEXT(2) 
PARAMETRIC_REPRESENTATION_CONTEXT() REPRESENTATION_CONTEXT('2D SPACE',''
  ) );
#807 = ORIENTED_EDGE('',*,*,#808,.T.);
#808 = EDGE_CURVE('',#783,#809,#811,.T.);
#809 = VERTEX_POINT('',#810);
#810 = CARTESIAN_POINT('',(-11.8,-17.43597812952,37.5));
#811 = SURFACE_CURVE('',#812,(#816,#822),.PCURVE_S1.);
#812 = LINE('',#813,#814);
#813 = CARTESIAN_POINT('',(-11.8,-8.717989064763,37.5));
#814 = VECTOR('',#815,1.);
#815 = DIRECTION('',(-1.538370149107E-16,-1.,0.));
#816 = PCURVE('',#32,#817);
#817 = DEFINITIONAL_REPRESENTATION('',(#818),#821);
#818 = B_SPLINE_CURVE_WITH_KNOTS('',1,(#819,#820),.UNSPECIFIED.,.F.,.F.,
  (2,2),(2.944486372867,8.717989064763),.PIECEWISE_BEZIER_KNOTS.);
#819 = CARTESIAN_POINT('',(-11.8,-11.66247543763));
#820 = CARTESIAN_POINT('',(-11.8,-17.43597812952));
#821 = ( GEOMETRIC_REPRESENTATION_CONTEXT(2) 
PARAMETRIC_REPRESENTATION_CONTEXT() REPRESENTATION_CONTEXT('2D SPACE',''
  ) );
#822 = PCURVE('',#823,#828);
#823 = PLANE('',#824);
#824 = AXIS2_PLACEMENT_3D('',#825,#826,#827);
#825 = CARTESIAN_POINT('',(-11.8,-17.43597812952,36.5));
#826 = DIRECTION('',(-1.,1.538370149107E-16,0.));
#827 = DIRECTION('',(1.538370149107E-16,1.,0.));
#828 = DEFINITIONAL_REPRESENTATION('',(#829),#832);
#829 = B_SPLINE_CURVE_WITH_KNOTS('',1,(#830,#831),.UNSPECIFIED.,.F.,.F.,
  (2,2),(2.944486372867,8.717989064763),.PIECEWISE_BEZIER_KNOTS.);
#830 = CARTESIAN_POINT('',(5.773502691896,-1.));
#831 = CARTESIAN_POINT('',(0.,-1.));
#832 = ( GEOMETRIC_REPRESENTATION_CONTEXT(2) 
PARAMETRIC_REPRESENTATION_CONTEXT() REPRESENTATION_CONTEXT('2D SPACE',''
  ) );
#833 = ORIENTED_EDGE('',*,*,#834,.T.);
#834 = EDGE_CURVE('',#809,#835,#837,.T.);
#835 = VERTEX_POINT('',#836);
#836 = CARTESIAN_POINT('',(-16.8,-20.32272947547,37.5));
#837 = SURFACE_CURVE('',#838,(#842,#848),.PCURVE_S1.);
#838 = LINE('',#839,#840);
#839 = CARTESIAN_POINT('',(-6.1,-14.14508159514,37.5));
#840 = VECTOR('',#841,1.);
#841 = DIRECTION('',(-0.866025403784,-0.5,0.));
#842 = PCURVE('',#32,#843);
#843 = DEFINITIONAL_REPRESENTATION('',(#844),#847);
#844 = B_SPLINE_CURVE_WITH_KNOTS('',1,(#845,#846),.UNSPECIFIED.,.F.,.F.,
  (2,2),(6.581793068762,12.355295760658),.PIECEWISE_BEZIER_KNOTS.);
#845 = CARTESIAN_POINT('',(-11.8,-17.43597812952));
#846 = CARTESIAN_POINT('',(-16.8,-20.32272947547));
#847 = ( GEOMETRIC_REPRESENTATION_CONTEXT(2) 
PARAMETRIC_REPRESENTATION_CONTEXT() REPRESENTATION_CONTEXT('2D SPACE',''
  ) );
#848 = PCURVE('',#849,#854);
#849 = PLANE('',#850);
#850 = AXIS2_PLACEMENT_3D('',#851,#852,#853);
#851 = CARTESIAN_POINT('',(-16.8,-20.32272947547,36.5));
#852 = DIRECTION('',(-0.5,0.866025403784,0.));
#853 = DIRECTION('',(0.866025403784,0.5,0.));
#854 = DEFINITIONAL_REPRESENTATION('',(#855),#858);
#855 = B_SPLINE_CURVE_WITH_KNOTS('',1,(#856,#857),.UNSPECIFIED.,.F.,.F.,
  (2,2),(6.581793068762,12.355295760658),.PIECEWISE_BEZIER_KNOTS.);
#856 = CARTESIAN_POINT('',(5.773502691896,-1.));
#857 = CARTESIAN_POINT('',(0.,-1.));
#858 = ( GEOMETRIC_REPRESENTATION_CONTEXT(2) 
PARAMETRIC_REPRESENTATION_CONTEXT() REPRESENTATION_CONTEXT('2D SPACE',''
  ) );
#859 = ORIENTED_EDGE('',*,*,#860,.T.);
#860 = EDGE_CURVE('',#835,#729,#861,.T.);
#861 = SURFACE_CURVE('',#862,(#866,#872),.PCURVE_S1.);
#862 = LINE('',#863,#864);
#863 = CARTESIAN_POINT('',(-17.4,-19.97631931396,37.5));
#864 = VECTOR('',#865,1.);
#865 = DIRECTION('',(-0.866025403784,0.5,0.));
#866 = PCURVE('',#32,#867);
#867 = DEFINITIONAL_REPRESENTATION('',(#868),#871);
#868 = B_SPLINE_CURVE_WITH_KNOTS('',1,(#869,#870),.UNSPECIFIED.,.F.,.F.,
  (2,2),(-0.692820323028,5.080682368869),.PIECEWISE_BEZIER_KNOTS.);
#869 = CARTESIAN_POINT('',(-16.8,-20.32272947547));
#870 = CARTESIAN_POINT('',(-21.8,-17.43597812952));
#871 = ( GEOMETRIC_REPRESENTATION_CONTEXT(2) 
PARAMETRIC_REPRESENTATION_CONTEXT() REPRESENTATION_CONTEXT('2D SPACE',''
  ) );
#872 = PCURVE('',#873,#878);
#873 = PLANE('',#874);
#874 = AXIS2_PLACEMENT_3D('',#875,#876,#877);
#875 = CARTESIAN_POINT('',(-21.8,-17.43597812952,36.5));
#876 = DIRECTION('',(0.5,0.866025403784,-0.));
#877 = DIRECTION('',(0.866025403784,-0.5,0.));
#878 = DEFINITIONAL_REPRESENTATION('',(#879),#882);
#879 = B_SPLINE_CURVE_WITH_KNOTS('',1,(#880,#881),.UNSPECIFIED.,.F.,.F.,
  (2,2),(-0.692820323028,5.080682368869),.PIECEWISE_BEZIER_KNOTS.);
#880 = CARTESIAN_POINT('',(5.773502691896,-1.));
#881 = CARTESIAN_POINT('',(0.,-1.));
#882 = ( GEOMETRIC_REPRESENTATION_CONTEXT(2) 
PARAMETRIC_REPRESENTATION_CONTEXT() REPRESENTATION_CONTEXT('2D SPACE',''
  ) );
#883 = FACE_BOUND('',#884,.F.);
#884 = EDGE_LOOP('',(#885,#913,#939,#965,#991,#1017));
#885 = ORIENTED_EDGE('',*,*,#886,.T.);
#886 = EDGE_CURVE('',#887,#889,#891,.T.);
#887 = VERTEX_POINT('',#888);
#888 = CARTESIAN_POINT('',(-10.6,-17.43597812952,37.5));
#889 = VERTEX_POINT('',#890);
#890 = CARTESIAN_POINT('',(-10.6,-11.66247543763,37.5));
#891 = SURFACE_CURVE('',#892,(#896,#902),.PCURVE_S1.);
#892 = LINE('',#893,#894);
#893 = CARTESIAN_POINT('',(-10.6,-5.831237718815,37.5));
#894 = VECTOR('',#895,1.);
#895 = DIRECTION('',(4.615110447321E-16,1.,-0.));
#896 = PCURVE('',#32,#897);
#897 = DEFINITIONAL_REPRESENTATION('',(#898),#901);
#898 = B_SPLINE_CURVE_WITH_KNOTS('',1,(#899,#900),.UNSPECIFIED.,.F.,.F.,
  (2,2),(-11.60474041071,-5.831237718815),.PIECEWISE_BEZIER_KNOTS.);
#899 = CARTESIAN_POINT('',(-10.6,-17.43597812952));
#900 = CARTESIAN_POINT('',(-10.6,-11.66247543763));
#901 = ( GEOMETRIC_REPRESENTATION_CONTEXT(2) 
PARAMETRIC_REPRESENTATION_CONTEXT() REPRESENTATION_CONTEXT('2D SPACE',''
  ) );
#902 = PCURVE('',#903,#908);
#903 = PLANE('',#904);
#904 = AXIS2_PLACEMENT_3D('',#905,#906,#907);
#905 = CARTESIAN_POINT('',(-10.6,-11.66247543763,36.5));
#906 = DIRECTION('',(1.,-4.615110447321E-16,0.));
#907 = DIRECTION('',(-4.615110447321E-16,-1.,0.));
#908 = DEFINITIONAL_REPRESENTATION('',(#909),#912);
#909 = B_SPLINE_CURVE_WITH_KNOTS('',1,(#910,#911),.UNSPECIFIED.,.F.,.F.,
  (2,2),(-11.60474041071,-5.831237718815),.PIECEWISE_BEZIER_KNOTS.);
#910 = CARTESIAN_POINT('',(5.773502691896,-1.));
#911 = CARTESIAN_POINT('',(0.,-1.));
#912 = ( GEOMETRIC_REPRESENTATION_CONTEXT(2) 
PARAMETRIC_REPRESENTATION_CONTEXT() REPRESENTATION_CONTEXT('2D SPACE',''
  ) );
#913 = ORIENTED_EDGE('',*,*,#914,.T.);
#914 = EDGE_CURVE('',#889,#915,#917,.T.);
#915 = VERTEX_POINT('',#916);
#916 = CARTESIAN_POINT('',(-5.6,-8.775724091682,37.5));
#917 = SURFACE_CURVE('',#918,(#922,#928),.PCURVE_S1.);
#918 = LINE('',#919,#920);
#919 = CARTESIAN_POINT('',(-1.6,-6.466323014924,37.5));
#920 = VECTOR('',#921,1.);
#921 = DIRECTION('',(0.866025403784,0.5,-0.));
#922 = PCURVE('',#32,#923);
#923 = DEFINITIONAL_REPRESENTATION('',(#924),#927);
#924 = B_SPLINE_CURVE_WITH_KNOTS('',1,(#925,#926),.UNSPECIFIED.,.F.,.F.,
  (2,2),(-10.39230484541,-4.618802153517),.PIECEWISE_BEZIER_KNOTS.);
#925 = CARTESIAN_POINT('',(-10.6,-11.66247543763));
#926 = CARTESIAN_POINT('',(-5.6,-8.775724091682));
#927 = ( GEOMETRIC_REPRESENTATION_CONTEXT(2) 
PARAMETRIC_REPRESENTATION_CONTEXT() REPRESENTATION_CONTEXT('2D SPACE',''
  ) );
#928 = PCURVE('',#929,#934);
#929 = PLANE('',#930);
#930 = AXIS2_PLACEMENT_3D('',#931,#932,#933);
#931 = CARTESIAN_POINT('',(-5.6,-8.775724091682,36.5));
#932 = DIRECTION('',(0.5,-0.866025403784,0.));
#933 = DIRECTION('',(-0.866025403784,-0.5,0.));
#934 = DEFINITIONAL_REPRESENTATION('',(#935),#938);
#935 = B_SPLINE_CURVE_WITH_KNOTS('',1,(#936,#937),.UNSPECIFIED.,.F.,.F.,
  (2,2),(-10.39230484541,-4.618802153517),.PIECEWISE_BEZIER_KNOTS.);
#936 = CARTESIAN_POINT('',(5.773502691896,-1.));
#937 = CARTESIAN_POINT('',(0.,-1.));
#938 = ( GEOMETRIC_REPRESENTATION_CONTEXT(2) 
PARAMETRIC_REPRESENTATION_CONTEXT() REPRESENTATION_CONTEXT('2D SPACE',''
  ) );
#939 = ORIENTED_EDGE('',*,*,#940,.T.);
#940 = EDGE_CURVE('',#915,#941,#943,.T.);
#941 = VERTEX_POINT('',#942);
#942 = CARTESIAN_POINT('',(-0.6,-11.66247543763,37.5));
#943 = SURFACE_CURVE('',#944,(#948,#954),.PCURVE_S1.);
#944 = LINE('',#945,#946);
#945 = CARTESIAN_POINT('',(-2.9,-10.33456981849,37.5));
#946 = VECTOR('',#947,1.);
#947 = DIRECTION('',(0.866025403784,-0.5,0.));
#948 = PCURVE('',#32,#949);
#949 = DEFINITIONAL_REPRESENTATION('',(#950),#953);
#950 = B_SPLINE_CURVE_WITH_KNOTS('',1,(#951,#952),.UNSPECIFIED.,.F.,.F.,
  (2,2),(-3.117691453624,2.655811238272),.PIECEWISE_BEZIER_KNOTS.);
#951 = CARTESIAN_POINT('',(-5.6,-8.775724091682));
#952 = CARTESIAN_POINT('',(-0.6,-11.66247543763));
#953 = ( GEOMETRIC_REPRESENTATION_CONTEXT(2) 
PARAMETRIC_REPRESENTATION_CONTEXT() REPRESENTATION_CONTEXT('2D SPACE',''
  ) );
#954 = PCURVE('',#955,#960);
#955 = PLANE('',#956);
#956 = AXIS2_PLACEMENT_3D('',#957,#958,#959);
#957 = CARTESIAN_POINT('',(-0.6,-11.66247543763,36.5));
#958 = DIRECTION('',(-0.5,-0.866025403784,0.));
#959 = DIRECTION('',(-0.866025403784,0.5,0.));
#960 = DEFINITIONAL_REPRESENTATION('',(#961),#964);
#961 = B_SPLINE_CURVE_WITH_KNOTS('',1,(#962,#963),.UNSPECIFIED.,.F.,.F.,
  (2,2),(-3.117691453624,2.655811238272),.PIECEWISE_BEZIER_KNOTS.);
#962 = CARTESIAN_POINT('',(5.773502691896,-1.));
#963 = CARTESIAN_POINT('',(0.,-1.));
#964 = ( GEOMETRIC_REPRESENTATION_CONTEXT(2) 
PARAMETRIC_REPRESENTATION_CONTEXT() REPRESENTATION_CONTEXT('2D SPACE',''
  ) );
#965 = ORIENTED_EDGE('',*,*,#966,.T.);
#966 = EDGE_CURVE('',#941,#967,#969,.T.);
#967 = VERTEX_POINT('',#968);
#968 = CARTESIAN_POINT('',(-0.6,-17.43597812952,37.5));
#969 = SURFACE_CURVE('',#970,(#974,#980),.PCURVE_S1.);
#970 = LINE('',#971,#972);
#971 = CARTESIAN_POINT('',(-0.6,-8.717989064763,37.5));
#972 = VECTOR('',#973,1.);
#973 = DIRECTION('',(-1.538370149107E-16,-1.,0.));
#974 = PCURVE('',#32,#975);
#975 = DEFINITIONAL_REPRESENTATION('',(#976),#979);
#976 = B_SPLINE_CURVE_WITH_KNOTS('',1,(#977,#978),.UNSPECIFIED.,.F.,.F.,
  (2,2),(2.944486372867,8.717989064763),.PIECEWISE_BEZIER_KNOTS.);
#977 = CARTESIAN_POINT('',(-0.6,-11.66247543763));
#978 = CARTESIAN_POINT('',(-0.6,-17.43597812952));
#979 = ( GEOMETRIC_REPRESENTATION_CONTEXT(2) 
PARAMETRIC_REPRESENTATION_CONTEXT() REPRESENTATION_CONTEXT('2D SPACE',''
  ) );
#980 = PCURVE('',#981,#986);
#981 = PLANE('',#982);
#982 = AXIS2_PLACEMENT_3D('',#983,#984,#985);
#983 = CARTESIAN_POINT('',(-0.6,-17.43597812952,36.5));
#984 = DIRECTION('',(-1.,1.538370149107E-16,0.));
#985 = DIRECTION('',(1.538370149107E-16,1.,0.));
#986 = DEFINITIONAL_REPRESENTATION('',(#987),#990);
#987 = B_SPLINE_CURVE_WITH_KNOTS('',1,(#988,#989),.UNSPECIFIED.,.F.,.F.,
  (2,2),(2.944486372867,8.717989064763),.PIECEWISE_BEZIER_KNOTS.);
#988 = CARTESIAN_POINT('',(5.773502691896,-1.));
#989 = CARTESIAN_POINT('',(0.,-1.));
#990 = ( GEOMETRIC_REPRESENTATION_CONTEXT(2) 
PARAMETRIC_REPRESENTATION_CONTEXT() REPRESENTATION_CONTEXT('2D SPACE',''
  ) );
#991 = ORIENTED_EDGE('',*,*,#992,.T.);
#992 = EDGE_CURVE('',#967,#993,#995,.T.);
#993 = VERTEX_POINT('',#994);
#994 = CARTESIAN_POINT('',(-5.6,-20.32272947547,37.5));
#995 = SURFACE_CURVE('',#996,(#1000,#1006),.PCURVE_S1.);
#996 = LINE('',#997,#998);
#997 = CARTESIAN_POINT('',(0.9,-16.56995272574,37.5));
#998 = VECTOR('',#999,1.);
#999 = DIRECTION('',(-0.866025403784,-0.5,0.));
#1000 = PCURVE('',#32,#1001);
#1001 = DEFINITIONAL_REPRESENTATION('',(#1002),#1005);
#1002 = B_SPLINE_CURVE_WITH_KNOTS('',1,(#1003,#1004),.UNSPECIFIED.,.F.,
  .F.,(2,2),(1.732050807569,7.505553499465),.PIECEWISE_BEZIER_KNOTS.);
#1003 = CARTESIAN_POINT('',(-0.6,-17.43597812952));
#1004 = CARTESIAN_POINT('',(-5.6,-20.32272947547));
#1005 = ( GEOMETRIC_REPRESENTATION_CONTEXT(2) 
PARAMETRIC_REPRESENTATION_CONTEXT() REPRESENTATION_CONTEXT('2D SPACE',''
  ) );
#1006 = PCURVE('',#1007,#1012);
#1007 = PLANE('',#1008);
#1008 = AXIS2_PLACEMENT_3D('',#1009,#1010,#1011);
#1009 = CARTESIAN_POINT('',(-5.6,-20.32272947547,36.5));
#1010 = DIRECTION('',(-0.5,0.866025403784,0.));
#1011 = DIRECTION('',(0.866025403784,0.5,0.));
#1012 = DEFINITIONAL_REPRESENTATION('',(#1013),#1016);
#1013 = B_SPLINE_CURVE_WITH_KNOTS('',1,(#1014,#1015),.UNSPECIFIED.,.F.,
  .F.,(2,2),(1.732050807569,7.505553499465),.PIECEWISE_BEZIER_KNOTS.);
#1014 = CARTESIAN_POINT('',(5.773502691896,-1.));
#1015 = CARTESIAN_POINT('',(0.,-1.));
#1016 = ( GEOMETRIC_REPRESENTATION_CONTEXT(2) 
PARAMETRIC_REPRESENTATION_CONTEXT() REPRESENTATION_CONTEXT('2D SPACE',''
  ) );
#1017 = ORIENTED_EDGE('',*,*,#1018,.T.);
#1018 = EDGE_CURVE('',#993,#887,#1019,.T.);
#1019 = SURFACE_CURVE('',#1020,(#1024,#1030),.PCURVE_S1.);
#1020 = LINE('',#1021,#1022);
#1021 = CARTESIAN_POINT('',(-10.4,-17.55144818336,37.5));
#1022 = VECTOR('',#1023,1.);
#1023 = DIRECTION('',(-0.866025403784,0.5,0.));
#1024 = PCURVE('',#32,#1025);
#1025 = DEFINITIONAL_REPRESENTATION('',(#1026),#1029);
#1026 = B_SPLINE_CURVE_WITH_KNOTS('',1,(#1027,#1028),.UNSPECIFIED.,.F.,
  .F.,(2,2),(-5.54256258422,0.230940107676),.PIECEWISE_BEZIER_KNOTS.);
#1027 = CARTESIAN_POINT('',(-5.6,-20.32272947547));
#1028 = CARTESIAN_POINT('',(-10.6,-17.43597812952));
#1029 = ( GEOMETRIC_REPRESENTATION_CONTEXT(2) 
PARAMETRIC_REPRESENTATION_CONTEXT() REPRESENTATION_CONTEXT('2D SPACE',''
  ) );
#1030 = PCURVE('',#1031,#1036);
#1031 = PLANE('',#1032);
#1032 = AXIS2_PLACEMENT_3D('',#1033,#1034,#1035);
#1033 = CARTESIAN_POINT('',(-10.6,-17.43597812952,36.5));
#1034 = DIRECTION('',(0.5,0.866025403784,-0.));
#1035 = DIRECTION('',(0.866025403784,-0.5,0.));
#1036 = DEFINITIONAL_REPRESENTATION('',(#1037),#1040);
#1037 = B_SPLINE_CURVE_WITH_KNOTS('',1,(#1038,#1039),.UNSPECIFIED.,.F.,
  .F.,(2,2),(-5.54256258422,0.230940107676),.PIECEWISE_BEZIER_KNOTS.);
#1038 = CARTESIAN_POINT('',(5.773502691896,-1.));
#1039 = CARTESIAN_POINT('',(0.,-1.));
#1040 = ( GEOMETRIC_REPRESENTATION_CONTEXT(2) 
PARAMETRIC_REPRESENTATION_CONTEXT() REPRESENTATION_CONTEXT('2D SPACE',''
  ) );
#1041 = FACE_BOUND('',#1042,.F.);
#1042 = EDGE_LOOP('',(#1043,#1071,#1097,#1123,#1149,#1175));
#1043 = ORIENTED_EDGE('',*,*,#1044,.T.);
#1044 = EDGE_CURVE('',#1045,#1047,#1049,.T.);
#1045 = VERTEX_POINT('',#1046);
#1046 = CARTESIAN_POINT('',(-16.2,-7.736493607141,37.5));
#1047 = VERTEX_POINT('',#1048);
#1048 = CARTESIAN_POINT('',(-16.2,-1.962990915245,37.5));
#1049 = SURFACE_CURVE('',#1050,(#1054,#1060),.PCURVE_S1.);
#1050 = LINE('',#1051,#1052);
#1051 = CARTESIAN_POINT('',(-16.2,-0.981495457622,37.5));
#1052 = VECTOR('',#1053,1.);
#1053 = DIRECTION('',(4.615110447321E-16,1.,-0.));
#1054 = PCURVE('',#32,#1055);
#1055 = DEFINITIONAL_REPRESENTATION('',(#1056),#1059);
#1056 = B_SPLINE_CURVE_WITH_KNOTS('',1,(#1057,#1058),.UNSPECIFIED.,.F.,
  .F.,(2,2),(-6.754998149519,-0.981495457622),.PIECEWISE_BEZIER_KNOTS.);
#1057 = CARTESIAN_POINT('',(-16.2,-7.736493607141));
#1058 = CARTESIAN_POINT('',(-16.2,-1.962990915245));
#1059 = ( GEOMETRIC_REPRESENTATION_CONTEXT(2) 
PARAMETRIC_REPRESENTATION_CONTEXT() REPRESENTATION_CONTEXT('2D SPACE',''
  ) );
#1060 = PCURVE('',#1061,#1066);
#1061 = PLANE('',#1062);
#1062 = AXIS2_PLACEMENT_3D('',#1063,#1064,#1065);
#1063 = CARTESIAN_POINT('',(-16.2,-1.962990915245,36.5));
#1064 = DIRECTION('',(1.,-4.615110447321E-16,0.));
#1065 = DIRECTION('',(-4.615110447321E-16,-1.,0.));
#1066 = DEFINITIONAL_REPRESENTATION('',(#1067),#1070);
#1067 = B_SPLINE_CURVE_WITH_KNOTS('',1,(#1068,#1069),.UNSPECIFIED.,.F.,
  .F.,(2,2),(-6.754998149519,-0.981495457622),.PIECEWISE_BEZIER_KNOTS.);
#1068 = CARTESIAN_POINT('',(5.773502691896,-1.));
#1069 = CARTESIAN_POINT('',(0.,-1.));
#1070 = ( GEOMETRIC_REPRESENTATION_CONTEXT(2) 
PARAMETRIC_REPRESENTATION_CONTEXT() REPRESENTATION_CONTEXT('2D SPACE',''
  ) );
#1071 = ORIENTED_EDGE('',*,*,#1072,.T.);
#1072 = EDGE_CURVE('',#1047,#1073,#1075,.T.);
#1073 = VERTEX_POINT('',#1074);
#1074 = CARTESIAN_POINT('',(-11.2,0.923760430703,37.5));
#1075 = SURFACE_CURVE('',#1076,(#1080,#1086),.PCURVE_S1.);
#1076 = LINE('',#1077,#1078);
#1077 = CARTESIAN_POINT('',(-7.2,3.233161507462,37.5));
#1078 = VECTOR('',#1079,1.);
#1079 = DIRECTION('',(0.866025403784,0.5,-0.));
#1080 = PCURVE('',#32,#1081);
#1081 = DEFINITIONAL_REPRESENTATION('',(#1082),#1085);
#1082 = B_SPLINE_CURVE_WITH_KNOTS('',1,(#1083,#1084),.UNSPECIFIED.,.F.,
  .F.,(2,2),(-10.39230484541,-4.618802153517),.PIECEWISE_BEZIER_KNOTS.);
#1083 = CARTESIAN_POINT('',(-16.2,-1.962990915245));
#1084 = CARTESIAN_POINT('',(-11.2,0.923760430703));
#1085 = ( GEOMETRIC_REPRESENTATION_CONTEXT(2) 
PARAMETRIC_REPRESENTATION_CONTEXT() REPRESENTATION_CONTEXT('2D SPACE',''
  ) );
#1086 = PCURVE('',#1087,#1092);
#1087 = PLANE('',#1088);
#1088 = AXIS2_PLACEMENT_3D('',#1089,#1090,#1091);
#1089 = CARTESIAN_POINT('',(-11.2,0.923760430703,36.5));
#1090 = DIRECTION('',(0.5,-0.866025403784,0.));
#1091 = DIRECTION('',(-0.866025403784,-0.5,0.));
#1092 = DEFINITIONAL_REPRESENTATION('',(#1093),#1096);
#1093 = B_SPLINE_CURVE_WITH_KNOTS('',1,(#1094,#1095),.UNSPECIFIED.,.F.,
  .F.,(2,2),(-10.39230484541,-4.618802153517),.PIECEWISE_BEZIER_KNOTS.);
#1094 = CARTESIAN_POINT('',(5.773502691896,-1.));
#1095 = CARTESIAN_POINT('',(0.,-1.));
#1096 = ( GEOMETRIC_REPRESENTATION_CONTEXT(2) 
PARAMETRIC_REPRESENTATION_CONTEXT() REPRESENTATION_CONTEXT('2D SPACE',''
  ) );
#1097 = ORIENTED_EDGE('',*,*,#1098,.T.);
#1098 = EDGE_CURVE('',#1073,#1099,#1101,.T.);
#1099 = VERTEX_POINT('',#1100);
#1100 = CARTESIAN_POINT('',(-6.2,-1.962990915245,37.5));
#1101 = SURFACE_CURVE('',#1102,(#1106,#1112),.PCURVE_S1.);
#1102 = LINE('',#1103,#1104);
#1103 = CARTESIAN_POINT('',(-4.3,-3.059956426705,37.5));
#1104 = VECTOR('',#1105,1.);
#1105 = DIRECTION('',(0.866025403784,-0.5,0.));
#1106 = PCURVE('',#32,#1107);
#1107 = DEFINITIONAL_REPRESENTATION('',(#1108),#1111);
#1108 = B_SPLINE_CURVE_WITH_KNOTS('',1,(#1109,#1110),.UNSPECIFIED.,.F.,
  .F.,(2,2),(-7.967433714817,-2.193931022921),.PIECEWISE_BEZIER_KNOTS.);
#1109 = CARTESIAN_POINT('',(-11.2,0.923760430703));
#1110 = CARTESIAN_POINT('',(-6.2,-1.962990915245));
#1111 = ( GEOMETRIC_REPRESENTATION_CONTEXT(2) 
PARAMETRIC_REPRESENTATION_CONTEXT() REPRESENTATION_CONTEXT('2D SPACE',''
  ) );
#1112 = PCURVE('',#1113,#1118);
#1113 = PLANE('',#1114);
#1114 = AXIS2_PLACEMENT_3D('',#1115,#1116,#1117);
#1115 = CARTESIAN_POINT('',(-6.2,-1.962990915245,36.5));
#1116 = DIRECTION('',(-0.5,-0.866025403784,0.));
#1117 = DIRECTION('',(-0.866025403784,0.5,0.));
#1118 = DEFINITIONAL_REPRESENTATION('',(#1119),#1122);
#1119 = B_SPLINE_CURVE_WITH_KNOTS('',1,(#1120,#1121),.UNSPECIFIED.,.F.,
  .F.,(2,2),(-7.967433714817,-2.193931022921),.PIECEWISE_BEZIER_KNOTS.);
#1120 = CARTESIAN_POINT('',(5.773502691896,-1.));
#1121 = CARTESIAN_POINT('',(0.,-1.));
#1122 = ( GEOMETRIC_REPRESENTATION_CONTEXT(2) 
PARAMETRIC_REPRESENTATION_CONTEXT() REPRESENTATION_CONTEXT('2D SPACE',''
  ) );
#1123 = ORIENTED_EDGE('',*,*,#1124,.T.);
#1124 = EDGE_CURVE('',#1099,#1125,#1127,.T.);
#1125 = VERTEX_POINT('',#1126);
#1126 = CARTESIAN_POINT('',(-6.2,-7.736493607141,37.5));
#1127 = SURFACE_CURVE('',#1128,(#1132,#1138),.PCURVE_S1.);
#1128 = LINE('',#1129,#1130);
#1129 = CARTESIAN_POINT('',(-6.2,-3.86824680357,37.5));
#1130 = VECTOR('',#1131,1.);
#1131 = DIRECTION('',(-1.538370149107E-16,-1.,0.));
#1132 = PCURVE('',#32,#1133);
#1133 = DEFINITIONAL_REPRESENTATION('',(#1134),#1137);
#1134 = B_SPLINE_CURVE_WITH_KNOTS('',1,(#1135,#1136),.UNSPECIFIED.,.F.,
  .F.,(2,2),(-1.905255888326,3.86824680357),.PIECEWISE_BEZIER_KNOTS.);
#1135 = CARTESIAN_POINT('',(-6.2,-1.962990915245));
#1136 = CARTESIAN_POINT('',(-6.2,-7.736493607141));
#1137 = ( GEOMETRIC_REPRESENTATION_CONTEXT(2) 
PARAMETRIC_REPRESENTATION_CONTEXT() REPRESENTATION_CONTEXT('2D SPACE',''
  ) );
#1138 = PCURVE('',#1139,#1144);
#1139 = PLANE('',#1140);
#1140 = AXIS2_PLACEMENT_3D('',#1141,#1142,#1143);
#1141 = CARTESIAN_POINT('',(-6.2,-7.736493607141,36.5));
#1142 = DIRECTION('',(-1.,1.538370149107E-16,0.));
#1143 = DIRECTION('',(1.538370149107E-16,1.,0.));
#1144 = DEFINITIONAL_REPRESENTATION('',(#1145),#1148);
#1145 = B_SPLINE_CURVE_WITH_KNOTS('',1,(#1146,#1147),.UNSPECIFIED.,.F.,
  .F.,(2,2),(-1.905255888326,3.86824680357),.PIECEWISE_BEZIER_KNOTS.);
#1146 = CARTESIAN_POINT('',(5.773502691896,-1.));
#1147 = CARTESIAN_POINT('',(0.,-1.));
#1148 = ( GEOMETRIC_REPRESENTATION_CONTEXT(2) 
PARAMETRIC_REPRESENTATION_CONTEXT() REPRESENTATION_CONTEXT('2D SPACE',''
  ) );
#1149 = ORIENTED_EDGE('',*,*,#1150,.T.);
#1150 = EDGE_CURVE('',#1125,#1151,#1153,.T.);
#1151 = VERTEX_POINT('',#1152);
#1152 = CARTESIAN_POINT('',(-11.2,-10.62324495308,37.5));
#1153 = SURFACE_CURVE('',#1154,(#1158,#1164),.PCURVE_S1.);
#1154 = LINE('',#1155,#1156);
#1155 = CARTESIAN_POINT('',(-4.7,-6.870468203357,37.5));
#1156 = VECTOR('',#1157,1.);
#1157 = DIRECTION('',(-0.866025403784,-0.5,0.));
#1158 = PCURVE('',#32,#1159);
#1159 = DEFINITIONAL_REPRESENTATION('',(#1160),#1163);
#1160 = B_SPLINE_CURVE_WITH_KNOTS('',1,(#1161,#1162),.UNSPECIFIED.,.F.,
  .F.,(2,2),(1.732050807569,7.505553499465),.PIECEWISE_BEZIER_KNOTS.);
#1161 = CARTESIAN_POINT('',(-6.2,-7.736493607141));
#1162 = CARTESIAN_POINT('',(-11.2,-10.62324495308));
#1163 = ( GEOMETRIC_REPRESENTATION_CONTEXT(2) 
PARAMETRIC_REPRESENTATION_CONTEXT() REPRESENTATION_CONTEXT('2D SPACE',''
  ) );
#1164 = PCURVE('',#1165,#1170);
#1165 = PLANE('',#1166);
#1166 = AXIS2_PLACEMENT_3D('',#1167,#1168,#1169);
#1167 = CARTESIAN_POINT('',(-11.2,-10.62324495308,36.5));
#1168 = DIRECTION('',(-0.5,0.866025403784,0.));
#1169 = DIRECTION('',(0.866025403784,0.5,0.));
#1170 = DEFINITIONAL_REPRESENTATION('',(#1171),#1174);
#1171 = B_SPLINE_CURVE_WITH_KNOTS('',1,(#1172,#1173),.UNSPECIFIED.,.F.,
  .F.,(2,2),(1.732050807569,7.505553499465),.PIECEWISE_BEZIER_KNOTS.);
#1172 = CARTESIAN_POINT('',(5.773502691896,-1.));
#1173 = CARTESIAN_POINT('',(0.,-1.));
#1174 = ( GEOMETRIC_REPRESENTATION_CONTEXT(2) 
PARAMETRIC_REPRESENTATION_CONTEXT() REPRESENTATION_CONTEXT('2D SPACE',''
  ) );
#1175 = ORIENTED_EDGE('',*,*,#1176,.T.);
#1176 = EDGE_CURVE('',#1151,#1045,#1177,.T.);
#1177 = SURFACE_CURVE('',#1178,(#1182,#1188),.PCURVE_S1.);
#1178 = LINE('',#1179,#1180);
#1179 = CARTESIAN_POINT('',(-11.8,-10.27683479157,37.5));
#1180 = VECTOR('',#1181,1.);
#1181 = DIRECTION('',(-0.866025403784,0.5,0.));
#1182 = PCURVE('',#32,#1183);
#1183 = DEFINITIONAL_REPRESENTATION('',(#1184),#1187);
#1184 = B_SPLINE_CURVE_WITH_KNOTS('',1,(#1185,#1186),.UNSPECIFIED.,.F.,
  .F.,(2,2),(-0.692820323028,5.080682368869),.PIECEWISE_BEZIER_KNOTS.);
#1185 = CARTESIAN_POINT('',(-11.2,-10.62324495308));
#1186 = CARTESIAN_POINT('',(-16.2,-7.736493607141));
#1187 = ( GEOMETRIC_REPRESENTATION_CONTEXT(2) 
PARAMETRIC_REPRESENTATION_CONTEXT() REPRESENTATION_CONTEXT('2D SPACE',''
  ) );
#1188 = PCURVE('',#1189,#1194);
#1189 = PLANE('',#1190);
#1190 = AXIS2_PLACEMENT_3D('',#1191,#1192,#1193);
#1191 = CARTESIAN_POINT('',(-16.2,-7.736493607141,36.5));
#1192 = DIRECTION('',(0.5,0.866025403784,-0.));
#1193 = DIRECTION('',(0.866025403784,-0.5,0.));
#1194 = DEFINITIONAL_REPRESENTATION('',(#1195),#1198);
#1195 = B_SPLINE_CURVE_WITH_KNOTS('',1,(#1196,#1197),.UNSPECIFIED.,.F.,
  .F.,(2,2),(-0.692820323028,5.080682368869),.PIECEWISE_BEZIER_KNOTS.);
#1196 = CARTESIAN_POINT('',(5.773502691896,-1.));
#1197 = CARTESIAN_POINT('',(0.,-1.));
#1198 = ( GEOMETRIC_REPRESENTATION_CONTEXT(2) 
PARAMETRIC_REPRESENTATION_CONTEXT() REPRESENTATION_CONTEXT('2D SPACE',''
  ) );
#1199 = FACE_BOUND('',#1200,.F.);
#1200 = EDGE_LOOP('',(#1201,#1229,#1255,#1281,#1307,#1333));
#1201 = ORIENTED_EDGE('',*,*,#1202,.T.);
#1202 = EDGE_CURVE('',#1203,#1205,#1207,.T.);
#1203 = VERTEX_POINT('',#1204);
#1204 = CARTESIAN_POINT('',(0.6,-36.83494717429,37.5));
#1205 = VERTEX_POINT('',#1206);
#1206 = CARTESIAN_POINT('',(0.6,-31.0614444824,37.5));
#1207 = SURFACE_CURVE('',#1208,(#1212,#1218),.PCURVE_S1.);
#1208 = LINE('',#1209,#1210);
#1209 = CARTESIAN_POINT('',(0.6,-15.5307222412,37.5));
#1210 = VECTOR('',#1211,1.);
#1211 = DIRECTION('',(4.615110447321E-16,1.,-0.));
#1212 = PCURVE('',#32,#1213);
#1213 = DEFINITIONAL_REPRESENTATION('',(#1214),#1217);
#1214 = B_SPLINE_CURVE_WITH_KNOTS('',1,(#1215,#1216),.UNSPECIFIED.,.F.,
  .F.,(2,2),(-21.30422493309,-15.5307222412),.PIECEWISE_BEZIER_KNOTS.);
#1215 = CARTESIAN_POINT('',(0.6,-36.83494717429));
#1216 = CARTESIAN_POINT('',(0.6,-31.0614444824));
#1217 = ( GEOMETRIC_REPRESENTATION_CONTEXT(2) 
PARAMETRIC_REPRESENTATION_CONTEXT() REPRESENTATION_CONTEXT('2D SPACE',''
  ) );
#1218 = PCURVE('',#1219,#1224);
#1219 = PLANE('',#1220);
#1220 = AXIS2_PLACEMENT_3D('',#1221,#1222,#1223);
#1221 = CARTESIAN_POINT('',(0.6,-31.0614444824,36.5));
#1222 = DIRECTION('',(1.,-4.615110447321E-16,0.));
#1223 = DIRECTION('',(-4.615110447321E-16,-1.,0.));
#1224 = DEFINITIONAL_REPRESENTATION('',(#1225),#1228);
#1225 = B_SPLINE_CURVE_WITH_KNOTS('',1,(#1226,#1227),.UNSPECIFIED.,.F.,
  .F.,(2,2),(-21.30422493309,-15.5307222412),.PIECEWISE_BEZIER_KNOTS.);
#1226 = CARTESIAN_POINT('',(5.773502691896,-1.));
#1227 = CARTESIAN_POINT('',(0.,-1.));
#1228 = ( GEOMETRIC_REPRESENTATION_CONTEXT(2) 
PARAMETRIC_REPRESENTATION_CONTEXT() REPRESENTATION_CONTEXT('2D SPACE',''
  ) );
#1229 = ORIENTED_EDGE('',*,*,#1230,.T.);
#1230 = EDGE_CURVE('',#1205,#1231,#1233,.T.);
#1231 = VERTEX_POINT('',#1232);
#1232 = CARTESIAN_POINT('',(5.6,-28.17469313645,37.5));
#1233 = SURFACE_CURVE('',#1234,(#1238,#1244),.PCURVE_S1.);
#1234 = LINE('',#1235,#1236);
#1235 = CARTESIAN_POINT('',(9.6,-25.86529205969,37.5));
#1236 = VECTOR('',#1237,1.);
#1237 = DIRECTION('',(0.866025403784,0.5,-0.));
#1238 = PCURVE('',#32,#1239);
#1239 = DEFINITIONAL_REPRESENTATION('',(#1240),#1243);
#1240 = B_SPLINE_CURVE_WITH_KNOTS('',1,(#1241,#1242),.UNSPECIFIED.,.F.,
  .F.,(2,2),(-10.39230484541,-4.618802153517),.PIECEWISE_BEZIER_KNOTS.);
#1241 = CARTESIAN_POINT('',(0.6,-31.0614444824));
#1242 = CARTESIAN_POINT('',(5.6,-28.17469313645));
#1243 = ( GEOMETRIC_REPRESENTATION_CONTEXT(2) 
PARAMETRIC_REPRESENTATION_CONTEXT() REPRESENTATION_CONTEXT('2D SPACE',''
  ) );
#1244 = PCURVE('',#1245,#1250);
#1245 = PLANE('',#1246);
#1246 = AXIS2_PLACEMENT_3D('',#1247,#1248,#1249);
#1247 = CARTESIAN_POINT('',(5.6,-28.17469313645,36.5));
#1248 = DIRECTION('',(0.5,-0.866025403784,0.));
#1249 = DIRECTION('',(-0.866025403784,-0.5,0.));
#1250 = DEFINITIONAL_REPRESENTATION('',(#1251),#1254);
#1251 = B_SPLINE_CURVE_WITH_KNOTS('',1,(#1252,#1253),.UNSPECIFIED.,.F.,
  .F.,(2,2),(-10.39230484541,-4.618802153517),.PIECEWISE_BEZIER_KNOTS.);
#1252 = CARTESIAN_POINT('',(5.773502691896,-1.));
#1253 = CARTESIAN_POINT('',(0.,-1.));
#1254 = ( GEOMETRIC_REPRESENTATION_CONTEXT(2) 
PARAMETRIC_REPRESENTATION_CONTEXT() REPRESENTATION_CONTEXT('2D SPACE',''
  ) );
#1255 = ORIENTED_EDGE('',*,*,#1256,.T.);
#1256 = EDGE_CURVE('',#1231,#1257,#1259,.T.);
#1257 = VERTEX_POINT('',#1258);
#1258 = CARTESIAN_POINT('',(10.6,-31.0614444824,37.5));
#1259 = SURFACE_CURVE('',#1260,(#1264,#1270),.PCURVE_S1.);
#1260 = LINE('',#1261,#1262);
#1261 = CARTESIAN_POINT('',(-0.1,-24.88379660207,37.5));
#1262 = VECTOR('',#1263,1.);
#1263 = DIRECTION('',(0.866025403784,-0.5,0.));
#1264 = PCURVE('',#32,#1265);
#1265 = DEFINITIONAL_REPRESENTATION('',(#1266),#1269);
#1266 = B_SPLINE_CURVE_WITH_KNOTS('',1,(#1267,#1268),.UNSPECIFIED.,.F.,
  .F.,(2,2),(6.581793068762,12.355295760658),.PIECEWISE_BEZIER_KNOTS.);
#1267 = CARTESIAN_POINT('',(5.6,-28.17469313645));
#1268 = CARTESIAN_POINT('',(10.6,-31.0614444824));
#1269 = ( GEOMETRIC_REPRESENTATION_CONTEXT(2) 
PARAMETRIC_REPRESENTATION_CONTEXT() REPRESENTATION_CONTEXT('2D SPACE',''
  ) );
#1270 = PCURVE('',#1271,#1276);
#1271 = PLANE('',#1272);
#1272 = AXIS2_PLACEMENT_3D('',#1273,#1274,#1275);
#1273 = CARTESIAN_POINT('',(10.6,-31.0614444824,36.5));
#1274 = DIRECTION('',(-0.5,-0.866025403784,0.));
#1275 = DIRECTION('',(-0.866025403784,0.5,0.));
#1276 = DEFINITIONAL_REPRESENTATION('',(#1277),#1280);
#1277 = B_SPLINE_CURVE_WITH_KNOTS('',1,(#1278,#1279),.UNSPECIFIED.,.F.,
  .F.,(2,2),(6.581793068762,12.355295760658),.PIECEWISE_BEZIER_KNOTS.);
#1278 = CARTESIAN_POINT('',(5.773502691896,-1.));
#1279 = CARTESIAN_POINT('',(0.,-1.));
#1280 = ( GEOMETRIC_REPRESENTATION_CONTEXT(2) 
PARAMETRIC_REPRESENTATION_CONTEXT() REPRESENTATION_CONTEXT('2D SPACE',''
  ) );
#1281 = ORIENTED_EDGE('',*,*,#1282,.T.);
#1282 = EDGE_CURVE('',#1257,#1283,#1285,.T.);
#1283 = VERTEX_POINT('',#1284);
#1284 = CARTESIAN_POINT('',(10.6,-36.83494717429,37.5));
#1285 = SURFACE_CURVE('',#1286,(#1290,#1296),.PCURVE_S1.);
#1286 = LINE('',#1287,#1288);
#1287 = CARTESIAN_POINT('',(10.6,-18.41747358714,37.5));
#1288 = VECTOR('',#1289,1.);
#1289 = DIRECTION('',(-1.538370149107E-16,-1.,0.));
#1290 = PCURVE('',#32,#1291);
#1291 = DEFINITIONAL_REPRESENTATION('',(#1292),#1295);
#1292 = B_SPLINE_CURVE_WITH_KNOTS('',1,(#1293,#1294),.UNSPECIFIED.,.F.,
  .F.,(2,2),(12.643970895253,18.417473587149),.PIECEWISE_BEZIER_KNOTS.);
#1293 = CARTESIAN_POINT('',(10.6,-31.0614444824));
#1294 = CARTESIAN_POINT('',(10.6,-36.83494717429));
#1295 = ( GEOMETRIC_REPRESENTATION_CONTEXT(2) 
PARAMETRIC_REPRESENTATION_CONTEXT() REPRESENTATION_CONTEXT('2D SPACE',''
  ) );
#1296 = PCURVE('',#1297,#1302);
#1297 = PLANE('',#1298);
#1298 = AXIS2_PLACEMENT_3D('',#1299,#1300,#1301);
#1299 = CARTESIAN_POINT('',(10.6,-36.83494717429,36.5));
#1300 = DIRECTION('',(-1.,1.538370149107E-16,0.));
#1301 = DIRECTION('',(1.538370149107E-16,1.,0.));
#1302 = DEFINITIONAL_REPRESENTATION('',(#1303),#1306);
#1303 = B_SPLINE_CURVE_WITH_KNOTS('',1,(#1304,#1305),.UNSPECIFIED.,.F.,
  .F.,(2,2),(12.643970895253,18.417473587149),.PIECEWISE_BEZIER_KNOTS.);
#1304 = CARTESIAN_POINT('',(5.773502691896,-1.));
#1305 = CARTESIAN_POINT('',(0.,-1.));
#1306 = ( GEOMETRIC_REPRESENTATION_CONTEXT(2) 
PARAMETRIC_REPRESENTATION_CONTEXT() REPRESENTATION_CONTEXT('2D SPACE',''
  ) );
#1307 = ORIENTED_EDGE('',*,*,#1308,.T.);
#1308 = EDGE_CURVE('',#1283,#1309,#1311,.T.);
#1309 = VERTEX_POINT('',#1310);
#1310 = CARTESIAN_POINT('',(5.6,-39.72169852024,37.5));
#1311 = SURFACE_CURVE('',#1312,(#1316,#1322),.PCURVE_S1.);
#1312 = LINE('',#1313,#1314);
#1313 = CARTESIAN_POINT('',(12.1,-35.96892177051,37.5));
#1314 = VECTOR('',#1315,1.);
#1315 = DIRECTION('',(-0.866025403784,-0.5,0.));
#1316 = PCURVE('',#32,#1317);
#1317 = DEFINITIONAL_REPRESENTATION('',(#1318),#1321);
#1318 = B_SPLINE_CURVE_WITH_KNOTS('',1,(#1319,#1320),.UNSPECIFIED.,.F.,
  .F.,(2,2),(1.732050807569,7.505553499465),.PIECEWISE_BEZIER_KNOTS.);
#1319 = CARTESIAN_POINT('',(10.6,-36.83494717429));
#1320 = CARTESIAN_POINT('',(5.6,-39.72169852024));
#1321 = ( GEOMETRIC_REPRESENTATION_CONTEXT(2) 
PARAMETRIC_REPRESENTATION_CONTEXT() REPRESENTATION_CONTEXT('2D SPACE',''
  ) );
#1322 = PCURVE('',#1323,#1328);
#1323 = PLANE('',#1324);
#1324 = AXIS2_PLACEMENT_3D('',#1325,#1326,#1327);
#1325 = CARTESIAN_POINT('',(5.6,-39.72169852024,36.5));
#1326 = DIRECTION('',(-0.5,0.866025403784,0.));
#1327 = DIRECTION('',(0.866025403784,0.5,0.));
#1328 = DEFINITIONAL_REPRESENTATION('',(#1329),#1332);
#1329 = B_SPLINE_CURVE_WITH_KNOTS('',1,(#1330,#1331),.UNSPECIFIED.,.F.,
  .F.,(2,2),(1.732050807569,7.505553499465),.PIECEWISE_BEZIER_KNOTS.);
#1330 = CARTESIAN_POINT('',(5.773502691896,-1.));
#1331 = CARTESIAN_POINT('',(0.,-1.));
#1332 = ( GEOMETRIC_REPRESENTATION_CONTEXT(2) 
PARAMETRIC_REPRESENTATION_CONTEXT() REPRESENTATION_CONTEXT('2D SPACE',''
  ) );
#1333 = ORIENTED_EDGE('',*,*,#1334,.T.);
#1334 = EDGE_CURVE('',#1309,#1203,#1335,.T.);
#1335 = SURFACE_CURVE('',#1336,(#1340,#1346),.PCURVE_S1.);
#1336 = LINE('',#1337,#1338);
#1337 = CARTESIAN_POINT('',(-7.6,-32.10067496694,37.5));
#1338 = VECTOR('',#1339,1.);
#1339 = DIRECTION('',(-0.866025403784,0.5,0.));
#1340 = PCURVE('',#32,#1341);
#1341 = DEFINITIONAL_REPRESENTATION('',(#1342),#1345);
#1342 = B_SPLINE_CURVE_WITH_KNOTS('',1,(#1343,#1344),.UNSPECIFIED.,.F.,
  .F.,(2,2),(-15.2420471066,-9.46854441471),.PIECEWISE_BEZIER_KNOTS.);
#1343 = CARTESIAN_POINT('',(5.6,-39.72169852024));
#1344 = CARTESIAN_POINT('',(0.6,-36.83494717429));
#1345 = ( GEOMETRIC_REPRESENTATION_CONTEXT(2) 
PARAMETRIC_REPRESENTATION_CONTEXT() REPRESENTATION_CONTEXT('2D SPACE',''
  ) );
#1346 = PCURVE('',#1347,#1352);
#1347 = PLANE('',#1348);
#1348 = AXIS2_PLACEMENT_3D('',#1349,#1350,#1351);
#1349 = CARTESIAN_POINT('',(0.6,-36.83494717429,36.5));
#1350 = DIRECTION('',(0.5,0.866025403784,-0.));
#1351 = DIRECTION('',(0.866025403784,-0.5,0.));
#1352 = DEFINITIONAL_REPRESENTATION('',(#1353),#1356);
#1353 = B_SPLINE_CURVE_WITH_KNOTS('',1,(#1354,#1355),.UNSPECIFIED.,.F.,
  .F.,(2,2),(-15.2420471066,-9.46854441471),.PIECEWISE_BEZIER_KNOTS.);
#1354 = CARTESIAN_POINT('',(5.773502691896,-1.));
#1355 = CARTESIAN_POINT('',(0.,-1.));
#1356 = ( GEOMETRIC_REPRESENTATION_CONTEXT(2) 
PARAMETRIC_REPRESENTATION_CONTEXT() REPRESENTATION_CONTEXT('2D SPACE',''
  ) );
#1357 = FACE_BOUND('',#1358,.F.);
#1358 = EDGE_LOOP('',(#1359,#1387,#1413,#1439,#1465,#1491));
#1359 = ORIENTED_EDGE('',*,*,#1360,.T.);
#1360 = EDGE_CURVE('',#1361,#1363,#1365,.T.);
#1361 = VERTEX_POINT('',#1362);
#1362 = CARTESIAN_POINT('',(-5.,-27.13546265191,37.5));
#1363 = VERTEX_POINT('',#1364);
#1364 = CARTESIAN_POINT('',(-5.,-21.36195996001,37.5));
#1365 = SURFACE_CURVE('',#1366,(#1370,#1376),.PCURVE_S1.);
#1366 = LINE('',#1367,#1368);
#1367 = CARTESIAN_POINT('',(-5.,-10.68097998,37.5));
#1368 = VECTOR('',#1369,1.);
#1369 = DIRECTION('',(4.615110447321E-16,1.,-0.));
#1370 = PCURVE('',#32,#1371);
#1371 = DEFINITIONAL_REPRESENTATION('',(#1372),#1375);
#1372 = B_SPLINE_CURVE_WITH_KNOTS('',1,(#1373,#1374),.UNSPECIFIED.,.F.,
  .F.,(2,2),(-16.4544826719,-10.68097998),.PIECEWISE_BEZIER_KNOTS.);
#1373 = CARTESIAN_POINT('',(-5.,-27.13546265191));
#1374 = CARTESIAN_POINT('',(-5.,-21.36195996001));
#1375 = ( GEOMETRIC_REPRESENTATION_CONTEXT(2) 
PARAMETRIC_REPRESENTATION_CONTEXT() REPRESENTATION_CONTEXT('2D SPACE',''
  ) );
#1376 = PCURVE('',#1377,#1382);
#1377 = PLANE('',#1378);
#1378 = AXIS2_PLACEMENT_3D('',#1379,#1380,#1381);
#1379 = CARTESIAN_POINT('',(-5.,-21.36195996001,36.5));
#1380 = DIRECTION('',(1.,-4.615110447321E-16,0.));
#1381 = DIRECTION('',(-4.615110447321E-16,-1.,0.));
#1382 = DEFINITIONAL_REPRESENTATION('',(#1383),#1386);
#1383 = B_SPLINE_CURVE_WITH_KNOTS('',1,(#1384,#1385),.UNSPECIFIED.,.F.,
  .F.,(2,2),(-16.4544826719,-10.68097998),.PIECEWISE_BEZIER_KNOTS.);
#1384 = CARTESIAN_POINT('',(5.773502691896,-1.));
#1385 = CARTESIAN_POINT('',(0.,-1.));
#1386 = ( GEOMETRIC_REPRESENTATION_CONTEXT(2) 
PARAMETRIC_REPRESENTATION_CONTEXT() REPRESENTATION_CONTEXT('2D SPACE',''
  ) );
#1387 = ORIENTED_EDGE('',*,*,#1388,.T.);
#1388 = EDGE_CURVE('',#1363,#1389,#1391,.T.);
#1389 = VERTEX_POINT('',#1390);
#1390 = CARTESIAN_POINT('',(2.129881918975E-15,-18.47520861406,37.5));
#1391 = SURFACE_CURVE('',#1392,(#1396,#1402),.PCURVE_S1.);
#1392 = LINE('',#1393,#1394);
#1393 = CARTESIAN_POINT('',(4.,-16.16580753731,37.5));
#1394 = VECTOR('',#1395,1.);
#1395 = DIRECTION('',(0.866025403784,0.5,-0.));
#1396 = PCURVE('',#32,#1397);
#1397 = DEFINITIONAL_REPRESENTATION('',(#1398),#1401);
#1398 = B_SPLINE_CURVE_WITH_KNOTS('',1,(#1399,#1400),.UNSPECIFIED.,.F.,
  .F.,(2,2),(-10.39230484541,-4.618802153517),.PIECEWISE_BEZIER_KNOTS.);
#1399 = CARTESIAN_POINT('',(-5.,-21.36195996001));
#1400 = CARTESIAN_POINT('',(3.402839304653E-15,-18.47520861406));
#1401 = ( GEOMETRIC_REPRESENTATION_CONTEXT(2) 
PARAMETRIC_REPRESENTATION_CONTEXT() REPRESENTATION_CONTEXT('2D SPACE',''
  ) );
#1402 = PCURVE('',#1403,#1408);
#1403 = PLANE('',#1404);
#1404 = AXIS2_PLACEMENT_3D('',#1405,#1406,#1407);
#1405 = CARTESIAN_POINT('',(2.129881918975E-15,-18.47520861406,36.5));
#1406 = DIRECTION('',(0.5,-0.866025403784,0.));
#1407 = DIRECTION('',(-0.866025403784,-0.5,0.));
#1408 = DEFINITIONAL_REPRESENTATION('',(#1409),#1412);
#1409 = B_SPLINE_CURVE_WITH_KNOTS('',1,(#1410,#1411),.UNSPECIFIED.,.F.,
  .F.,(2,2),(-10.39230484541,-4.618802153517),.PIECEWISE_BEZIER_KNOTS.);
#1410 = CARTESIAN_POINT('',(5.773502691896,-1.));
#1411 = CARTESIAN_POINT('',(0.,-1.));
#1412 = ( GEOMETRIC_REPRESENTATION_CONTEXT(2) 
PARAMETRIC_REPRESENTATION_CONTEXT() REPRESENTATION_CONTEXT('2D SPACE',''
  ) );
#1413 = ORIENTED_EDGE('',*,*,#1414,.T.);
#1414 = EDGE_CURVE('',#1389,#1415,#1417,.T.);
#1415 = VERTEX_POINT('',#1416);
#1416 = CARTESIAN_POINT('',(5.,-21.36195996001,37.5));
#1417 = SURFACE_CURVE('',#1418,(#1422,#1428),.PCURVE_S1.);
#1418 = LINE('',#1419,#1420);
#1419 = CARTESIAN_POINT('',(-1.5,-17.60918321028,37.5));
#1420 = VECTOR('',#1421,1.);
#1421 = DIRECTION('',(0.866025403784,-0.5,0.));
#1422 = PCURVE('',#32,#1423);
#1423 = DEFINITIONAL_REPRESENTATION('',(#1424),#1427);
#1424 = B_SPLINE_CURVE_WITH_KNOTS('',1,(#1425,#1426),.UNSPECIFIED.,.F.,
  .F.,(2,2),(1.732050807569,7.505553499465),.PIECEWISE_BEZIER_KNOTS.);
#1425 = CARTESIAN_POINT('',(2.060439542865E-15,-18.47520861406));
#1426 = CARTESIAN_POINT('',(5.,-21.36195996001));
#1427 = ( GEOMETRIC_REPRESENTATION_CONTEXT(2) 
PARAMETRIC_REPRESENTATION_CONTEXT() REPRESENTATION_CONTEXT('2D SPACE',''
  ) );
#1428 = PCURVE('',#1429,#1434);
#1429 = PLANE('',#1430);
#1430 = AXIS2_PLACEMENT_3D('',#1431,#1432,#1433);
#1431 = CARTESIAN_POINT('',(5.,-21.36195996001,36.5));
#1432 = DIRECTION('',(-0.5,-0.866025403784,0.));
#1433 = DIRECTION('',(-0.866025403784,0.5,0.));
#1434 = DEFINITIONAL_REPRESENTATION('',(#1435),#1438);
#1435 = B_SPLINE_CURVE_WITH_KNOTS('',1,(#1436,#1437),.UNSPECIFIED.,.F.,
  .F.,(2,2),(1.732050807569,7.505553499465),.PIECEWISE_BEZIER_KNOTS.);
#1436 = CARTESIAN_POINT('',(5.773502691896,-1.));
#1437 = CARTESIAN_POINT('',(0.,-1.));
#1438 = ( GEOMETRIC_REPRESENTATION_CONTEXT(2) 
PARAMETRIC_REPRESENTATION_CONTEXT() REPRESENTATION_CONTEXT('2D SPACE',''
  ) );
#1439 = ORIENTED_EDGE('',*,*,#1440,.T.);
#1440 = EDGE_CURVE('',#1415,#1441,#1443,.T.);
#1441 = VERTEX_POINT('',#1442);
#1442 = CARTESIAN_POINT('',(5.,-27.13546265191,37.5));
#1443 = SURFACE_CURVE('',#1444,(#1448,#1454),.PCURVE_S1.);
#1444 = LINE('',#1445,#1446);
#1445 = CARTESIAN_POINT('',(5.,-13.56773132595,37.5));
#1446 = VECTOR('',#1447,1.);
#1447 = DIRECTION('',(-1.538370149107E-16,-1.,0.));
#1448 = PCURVE('',#32,#1449);
#1449 = DEFINITIONAL_REPRESENTATION('',(#1450),#1453);
#1450 = B_SPLINE_CURVE_WITH_KNOTS('',1,(#1451,#1452),.UNSPECIFIED.,.F.,
  .F.,(2,2),(7.79422863406,13.567731325956),.PIECEWISE_BEZIER_KNOTS.);
#1451 = CARTESIAN_POINT('',(5.,-21.36195996001));
#1452 = CARTESIAN_POINT('',(5.,-27.13546265191));
#1453 = ( GEOMETRIC_REPRESENTATION_CONTEXT(2) 
PARAMETRIC_REPRESENTATION_CONTEXT() REPRESENTATION_CONTEXT('2D SPACE',''
  ) );
#1454 = PCURVE('',#1455,#1460);
#1455 = PLANE('',#1456);
#1456 = AXIS2_PLACEMENT_3D('',#1457,#1458,#1459);
#1457 = CARTESIAN_POINT('',(5.,-27.13546265191,36.5));
#1458 = DIRECTION('',(-1.,1.538370149107E-16,0.));
#1459 = DIRECTION('',(1.538370149107E-16,1.,0.));
#1460 = DEFINITIONAL_REPRESENTATION('',(#1461),#1464);
#1461 = B_SPLINE_CURVE_WITH_KNOTS('',1,(#1462,#1463),.UNSPECIFIED.,.F.,
  .F.,(2,2),(7.79422863406,13.567731325956),.PIECEWISE_BEZIER_KNOTS.);
#1462 = CARTESIAN_POINT('',(5.773502691896,-1.));
#1463 = CARTESIAN_POINT('',(0.,-1.));
#1464 = ( GEOMETRIC_REPRESENTATION_CONTEXT(2) 
PARAMETRIC_REPRESENTATION_CONTEXT() REPRESENTATION_CONTEXT('2D SPACE',''
  ) );
#1465 = ORIENTED_EDGE('',*,*,#1466,.T.);
#1466 = EDGE_CURVE('',#1441,#1467,#1469,.T.);
#1467 = VERTEX_POINT('',#1468);
#1468 = CARTESIAN_POINT('',(7.157816006753E-16,-30.02221399786,37.5));
#1469 = SURFACE_CURVE('',#1470,(#1474,#1480),.PCURVE_S1.);
#1470 = LINE('',#1471,#1472);
#1471 = CARTESIAN_POINT('',(6.5,-26.26943724812,37.5));
#1472 = VECTOR('',#1473,1.);
#1473 = DIRECTION('',(-0.866025403784,-0.5,0.));
#1474 = PCURVE('',#32,#1475);
#1475 = DEFINITIONAL_REPRESENTATION('',(#1476),#1479);
#1476 = B_SPLINE_CURVE_WITH_KNOTS('',1,(#1477,#1478),.UNSPECIFIED.,.F.,
  .F.,(2,2),(1.732050807569,7.505553499465),.PIECEWISE_BEZIER_KNOTS.);
#1477 = CARTESIAN_POINT('',(5.,-27.13546265191));
#1478 = CARTESIAN_POINT('',(1.302795333802E-15,-30.02221399786));
#1479 = ( GEOMETRIC_REPRESENTATION_CONTEXT(2) 
PARAMETRIC_REPRESENTATION_CONTEXT() REPRESENTATION_CONTEXT('2D SPACE',''
  ) );
#1480 = PCURVE('',#1481,#1486);
#1481 = PLANE('',#1482);
#1482 = AXIS2_PLACEMENT_3D('',#1483,#1484,#1485);
#1483 = CARTESIAN_POINT('',(7.157816006753E-16,-30.02221399786,36.5));
#1484 = DIRECTION('',(-0.5,0.866025403784,0.));
#1485 = DIRECTION('',(0.866025403784,0.5,0.));
#1486 = DEFINITIONAL_REPRESENTATION('',(#1487),#1490);
#1487 = B_SPLINE_CURVE_WITH_KNOTS('',1,(#1488,#1489),.UNSPECIFIED.,.F.,
  .F.,(2,2),(1.732050807569,7.505553499465),.PIECEWISE_BEZIER_KNOTS.);
#1488 = CARTESIAN_POINT('',(5.773502691896,-1.));
#1489 = CARTESIAN_POINT('',(0.,-1.));
#1490 = ( GEOMETRIC_REPRESENTATION_CONTEXT(2) 
PARAMETRIC_REPRESENTATION_CONTEXT() REPRESENTATION_CONTEXT('2D SPACE',''
  ) );
#1491 = ORIENTED_EDGE('',*,*,#1492,.T.);
#1492 = EDGE_CURVE('',#1467,#1361,#1493,.T.);
#1493 = SURFACE_CURVE('',#1494,(#1498,#1504),.PCURVE_S1.);
#1494 = LINE('',#1495,#1496);
#1495 = CARTESIAN_POINT('',(-9.,-24.82606157515,37.5));
#1496 = VECTOR('',#1497,1.);
#1497 = DIRECTION('',(-0.866025403784,0.5,0.));
#1498 = PCURVE('',#32,#1499);
#1499 = DEFINITIONAL_REPRESENTATION('',(#1500),#1503);
#1500 = B_SPLINE_CURVE_WITH_KNOTS('',1,(#1501,#1502),.UNSPECIFIED.,.F.,
  .F.,(2,2),(-10.39230484541,-4.618802153517),.PIECEWISE_BEZIER_KNOTS.);
#1501 = CARTESIAN_POINT('',(2.803048828943E-15,-30.02221399786));
#1502 = CARTESIAN_POINT('',(-5.,-27.13546265191));
#1503 = ( GEOMETRIC_REPRESENTATION_CONTEXT(2) 
PARAMETRIC_REPRESENTATION_CONTEXT() REPRESENTATION_CONTEXT('2D SPACE',''
  ) );
#1504 = PCURVE('',#1505,#1510);
#1505 = PLANE('',#1506);
#1506 = AXIS2_PLACEMENT_3D('',#1507,#1508,#1509);
#1507 = CARTESIAN_POINT('',(-5.,-27.13546265191,36.5));
#1508 = DIRECTION('',(0.5,0.866025403784,-0.));
#1509 = DIRECTION('',(0.866025403784,-0.5,0.));
#1510 = DEFINITIONAL_REPRESENTATION('',(#1511),#1514);
#1511 = B_SPLINE_CURVE_WITH_KNOTS('',1,(#1512,#1513),.UNSPECIFIED.,.F.,
  .F.,(2,2),(-10.39230484541,-4.618802153517),.PIECEWISE_BEZIER_KNOTS.);
#1512 = CARTESIAN_POINT('',(5.773502691896,-1.));
#1513 = CARTESIAN_POINT('',(0.,-1.));
#1514 = ( GEOMETRIC_REPRESENTATION_CONTEXT(2) 
PARAMETRIC_REPRESENTATION_CONTEXT() REPRESENTATION_CONTEXT('2D SPACE',''
  ) );
#1515 = FACE_BOUND('',#1516,.F.);
#1516 = EDGE_LOOP('',(#1517,#1545,#1571,#1597,#1623,#1649));
#1517 = ORIENTED_EDGE('',*,*,#1518,.T.);
#1518 = EDGE_CURVE('',#1519,#1521,#1523,.T.);
#1519 = VERTEX_POINT('',#1520);
#1520 = CARTESIAN_POINT('',(6.2,-27.13546265191,37.5));
#1521 = VERTEX_POINT('',#1522);
#1522 = CARTESIAN_POINT('',(6.2,-21.36195996001,37.5));
#1523 = SURFACE_CURVE('',#1524,(#1528,#1534),.PCURVE_S1.);
#1524 = LINE('',#1525,#1526);
#1525 = CARTESIAN_POINT('',(6.2,-10.68097998,37.5));
#1526 = VECTOR('',#1527,1.);
#1527 = DIRECTION('',(4.615110447321E-16,1.,-0.));
#1528 = PCURVE('',#32,#1529);
#1529 = DEFINITIONAL_REPRESENTATION('',(#1530),#1533);
#1530 = B_SPLINE_CURVE_WITH_KNOTS('',1,(#1531,#1532),.UNSPECIFIED.,.F.,
  .F.,(2,2),(-16.4544826719,-10.68097998),.PIECEWISE_BEZIER_KNOTS.);
#1531 = CARTESIAN_POINT('',(6.2,-27.13546265191));
#1532 = CARTESIAN_POINT('',(6.2,-21.36195996001));
#1533 = ( GEOMETRIC_REPRESENTATION_CONTEXT(2) 
PARAMETRIC_REPRESENTATION_CONTEXT() REPRESENTATION_CONTEXT('2D SPACE',''
  ) );
#1534 = PCURVE('',#1535,#1540);
#1535 = PLANE('',#1536);
#1536 = AXIS2_PLACEMENT_3D('',#1537,#1538,#1539);
#1537 = CARTESIAN_POINT('',(6.2,-21.36195996001,36.5));
#1538 = DIRECTION('',(1.,-4.615110447321E-16,0.));
#1539 = DIRECTION('',(-4.615110447321E-16,-1.,0.));
#1540 = DEFINITIONAL_REPRESENTATION('',(#1541),#1544);
#1541 = B_SPLINE_CURVE_WITH_KNOTS('',1,(#1542,#1543),.UNSPECIFIED.,.F.,
  .F.,(2,2),(-16.4544826719,-10.68097998),.PIECEWISE_BEZIER_KNOTS.);
#1542 = CARTESIAN_POINT('',(5.773502691896,-1.));
#1543 = CARTESIAN_POINT('',(0.,-1.));
#1544 = ( GEOMETRIC_REPRESENTATION_CONTEXT(2) 
PARAMETRIC_REPRESENTATION_CONTEXT() REPRESENTATION_CONTEXT('2D SPACE',''
  ) );
#1545 = ORIENTED_EDGE('',*,*,#1546,.T.);
#1546 = EDGE_CURVE('',#1521,#1547,#1549,.T.);
#1547 = VERTEX_POINT('',#1548);
#1548 = CARTESIAN_POINT('',(11.2,-18.47520861406,37.5));
#1549 = SURFACE_CURVE('',#1550,(#1554,#1560),.PCURVE_S1.);
#1550 = LINE('',#1551,#1552);
#1551 = CARTESIAN_POINT('',(11.,-18.5906786679,37.5));
#1552 = VECTOR('',#1553,1.);
#1553 = DIRECTION('',(0.866025403784,0.5,-0.));
#1554 = PCURVE('',#32,#1555);
#1555 = DEFINITIONAL_REPRESENTATION('',(#1556),#1559);
#1556 = B_SPLINE_CURVE_WITH_KNOTS('',1,(#1557,#1558),.UNSPECIFIED.,.F.,
  .F.,(2,2),(-5.54256258422,0.230940107676),.PIECEWISE_BEZIER_KNOTS.);
#1557 = CARTESIAN_POINT('',(6.2,-21.36195996001));
#1558 = CARTESIAN_POINT('',(11.2,-18.47520861406));
#1559 = ( GEOMETRIC_REPRESENTATION_CONTEXT(2) 
PARAMETRIC_REPRESENTATION_CONTEXT() REPRESENTATION_CONTEXT('2D SPACE',''
  ) );
#1560 = PCURVE('',#1561,#1566);
#1561 = PLANE('',#1562);
#1562 = AXIS2_PLACEMENT_3D('',#1563,#1564,#1565);
#1563 = CARTESIAN_POINT('',(11.2,-18.47520861406,36.5));
#1564 = DIRECTION('',(0.5,-0.866025403784,0.));
#1565 = DIRECTION('',(-0.866025403784,-0.5,0.));
#1566 = DEFINITIONAL_REPRESENTATION('',(#1567),#1570);
#1567 = B_SPLINE_CURVE_WITH_KNOTS('',1,(#1568,#1569),.UNSPECIFIED.,.F.,
  .F.,(2,2),(-5.54256258422,0.230940107676),.PIECEWISE_BEZIER_KNOTS.);
#1568 = CARTESIAN_POINT('',(5.773502691896,-1.));
#1569 = CARTESIAN_POINT('',(0.,-1.));
#1570 = ( GEOMETRIC_REPRESENTATION_CONTEXT(2) 
PARAMETRIC_REPRESENTATION_CONTEXT() REPRESENTATION_CONTEXT('2D SPACE',''
  ) );
#1571 = ORIENTED_EDGE('',*,*,#1572,.T.);
#1572 = EDGE_CURVE('',#1547,#1573,#1575,.T.);
#1573 = VERTEX_POINT('',#1574);
#1574 = CARTESIAN_POINT('',(16.2,-21.36195996001,37.5));
#1575 = SURFACE_CURVE('',#1576,(#1580,#1586),.PCURVE_S1.);
#1576 = LINE('',#1577,#1578);
#1577 = CARTESIAN_POINT('',(5.5,-15.18431207968,37.5));
#1578 = VECTOR('',#1579,1.);
#1579 = DIRECTION('',(0.866025403784,-0.5,0.));
#1580 = PCURVE('',#32,#1581);
#1581 = DEFINITIONAL_REPRESENTATION('',(#1582),#1585);
#1582 = B_SPLINE_CURVE_WITH_KNOTS('',1,(#1583,#1584),.UNSPECIFIED.,.F.,
  .F.,(2,2),(6.581793068762,12.355295760658),.PIECEWISE_BEZIER_KNOTS.);
#1583 = CARTESIAN_POINT('',(11.2,-18.47520861406));
#1584 = CARTESIAN_POINT('',(16.2,-21.36195996001));
#1585 = ( GEOMETRIC_REPRESENTATION_CONTEXT(2) 
PARAMETRIC_REPRESENTATION_CONTEXT() REPRESENTATION_CONTEXT('2D SPACE',''
  ) );
#1586 = PCURVE('',#1587,#1592);
#1587 = PLANE('',#1588);
#1588 = AXIS2_PLACEMENT_3D('',#1589,#1590,#1591);
#1589 = CARTESIAN_POINT('',(16.2,-21.36195996001,36.5));
#1590 = DIRECTION('',(-0.5,-0.866025403784,0.));
#1591 = DIRECTION('',(-0.866025403784,0.5,0.));
#1592 = DEFINITIONAL_REPRESENTATION('',(#1593),#1596);
#1593 = B_SPLINE_CURVE_WITH_KNOTS('',1,(#1594,#1595),.UNSPECIFIED.,.F.,
  .F.,(2,2),(6.581793068762,12.355295760658),.PIECEWISE_BEZIER_KNOTS.);
#1594 = CARTESIAN_POINT('',(5.773502691896,-1.));
#1595 = CARTESIAN_POINT('',(0.,-1.));
#1596 = ( GEOMETRIC_REPRESENTATION_CONTEXT(2) 
PARAMETRIC_REPRESENTATION_CONTEXT() REPRESENTATION_CONTEXT('2D SPACE',''
  ) );
#1597 = ORIENTED_EDGE('',*,*,#1598,.T.);
#1598 = EDGE_CURVE('',#1573,#1599,#1601,.T.);
#1599 = VERTEX_POINT('',#1600);
#1600 = CARTESIAN_POINT('',(16.2,-27.13546265191,37.5));
#1601 = SURFACE_CURVE('',#1602,(#1606,#1612),.PCURVE_S1.);
#1602 = LINE('',#1603,#1604);
#1603 = CARTESIAN_POINT('',(16.2,-13.56773132595,37.5));
#1604 = VECTOR('',#1605,1.);
#1605 = DIRECTION('',(-1.538370149107E-16,-1.,0.));
#1606 = PCURVE('',#32,#1607);
#1607 = DEFINITIONAL_REPRESENTATION('',(#1608),#1611);
#1608 = B_SPLINE_CURVE_WITH_KNOTS('',1,(#1609,#1610),.UNSPECIFIED.,.F.,
  .F.,(2,2),(7.79422863406,13.567731325956),.PIECEWISE_BEZIER_KNOTS.);
#1609 = CARTESIAN_POINT('',(16.2,-21.36195996001));
#1610 = CARTESIAN_POINT('',(16.2,-27.13546265191));
#1611 = ( GEOMETRIC_REPRESENTATION_CONTEXT(2) 
PARAMETRIC_REPRESENTATION_CONTEXT() REPRESENTATION_CONTEXT('2D SPACE',''
  ) );
#1612 = PCURVE('',#1613,#1618);
#1613 = PLANE('',#1614);
#1614 = AXIS2_PLACEMENT_3D('',#1615,#1616,#1617);
#1615 = CARTESIAN_POINT('',(16.2,-27.13546265191,36.5));
#1616 = DIRECTION('',(-1.,1.538370149107E-16,0.));
#1617 = DIRECTION('',(1.538370149107E-16,1.,0.));
#1618 = DEFINITIONAL_REPRESENTATION('',(#1619),#1622);
#1619 = B_SPLINE_CURVE_WITH_KNOTS('',1,(#1620,#1621),.UNSPECIFIED.,.F.,
  .F.,(2,2),(7.79422863406,13.567731325956),.PIECEWISE_BEZIER_KNOTS.);
#1620 = CARTESIAN_POINT('',(5.773502691896,-1.));
#1621 = CARTESIAN_POINT('',(0.,-1.));
#1622 = ( GEOMETRIC_REPRESENTATION_CONTEXT(2) 
PARAMETRIC_REPRESENTATION_CONTEXT() REPRESENTATION_CONTEXT('2D SPACE',''
  ) );
#1623 = ORIENTED_EDGE('',*,*,#1624,.T.);
#1624 = EDGE_CURVE('',#1599,#1625,#1627,.T.);
#1625 = VERTEX_POINT('',#1626);
#1626 = CARTESIAN_POINT('',(11.2,-30.02221399786,37.5));
#1627 = SURFACE_CURVE('',#1628,(#1632,#1638),.PCURVE_S1.);
#1628 = LINE('',#1629,#1630);
#1629 = CARTESIAN_POINT('',(13.5,-28.69430837872,37.5));
#1630 = VECTOR('',#1631,1.);
#1631 = DIRECTION('',(-0.866025403784,-0.5,0.));
#1632 = PCURVE('',#32,#1633);
#1633 = DEFINITIONAL_REPRESENTATION('',(#1634),#1637);
#1634 = B_SPLINE_CURVE_WITH_KNOTS('',1,(#1635,#1636),.UNSPECIFIED.,.F.,
  .F.,(2,2),(-3.117691453624,2.655811238272),.PIECEWISE_BEZIER_KNOTS.);
#1635 = CARTESIAN_POINT('',(16.2,-27.13546265191));
#1636 = CARTESIAN_POINT('',(11.2,-30.02221399786));
#1637 = ( GEOMETRIC_REPRESENTATION_CONTEXT(2) 
PARAMETRIC_REPRESENTATION_CONTEXT() REPRESENTATION_CONTEXT('2D SPACE',''
  ) );
#1638 = PCURVE('',#1639,#1644);
#1639 = PLANE('',#1640);
#1640 = AXIS2_PLACEMENT_3D('',#1641,#1642,#1643);
#1641 = CARTESIAN_POINT('',(11.2,-30.02221399786,36.5));
#1642 = DIRECTION('',(-0.5,0.866025403784,0.));
#1643 = DIRECTION('',(0.866025403784,0.5,0.));
#1644 = DEFINITIONAL_REPRESENTATION('',(#1645),#1648);
#1645 = B_SPLINE_CURVE_WITH_KNOTS('',1,(#1646,#1647),.UNSPECIFIED.,.F.,
  .F.,(2,2),(-3.117691453624,2.655811238272),.PIECEWISE_BEZIER_KNOTS.);
#1646 = CARTESIAN_POINT('',(5.773502691896,-1.));
#1647 = CARTESIAN_POINT('',(0.,-1.));
#1648 = ( GEOMETRIC_REPRESENTATION_CONTEXT(2) 
PARAMETRIC_REPRESENTATION_CONTEXT() REPRESENTATION_CONTEXT('2D SPACE',''
  ) );
#1649 = ORIENTED_EDGE('',*,*,#1650,.T.);
#1650 = EDGE_CURVE('',#1625,#1519,#1651,.T.);
#1651 = SURFACE_CURVE('',#1652,(#1656,#1662),.PCURVE_S1.);
#1652 = LINE('',#1653,#1654);
#1653 = CARTESIAN_POINT('',(-2.,-22.40119044455,37.5));
#1654 = VECTOR('',#1655,1.);
#1655 = DIRECTION('',(-0.866025403784,0.5,0.));
#1656 = PCURVE('',#32,#1657);
#1657 = DEFINITIONAL_REPRESENTATION('',(#1658),#1661);
#1658 = B_SPLINE_CURVE_WITH_KNOTS('',1,(#1659,#1660),.UNSPECIFIED.,.F.,
  .F.,(2,2),(-15.2420471066,-9.46854441471),.PIECEWISE_BEZIER_KNOTS.);
#1659 = CARTESIAN_POINT('',(11.2,-30.02221399786));
#1660 = CARTESIAN_POINT('',(6.2,-27.13546265191));
#1661 = ( GEOMETRIC_REPRESENTATION_CONTEXT(2) 
PARAMETRIC_REPRESENTATION_CONTEXT() REPRESENTATION_CONTEXT('2D SPACE',''
  ) );
#1662 = PCURVE('',#1663,#1668);
#1663 = PLANE('',#1664);
#1664 = AXIS2_PLACEMENT_3D('',#1665,#1666,#1667);
#1665 = CARTESIAN_POINT('',(6.2,-27.13546265191,36.5));
#1666 = DIRECTION('',(0.5,0.866025403784,-0.));
#1667 = DIRECTION('',(0.866025403784,-0.5,0.));
#1668 = DEFINITIONAL_REPRESENTATION('',(#1669),#1672);
#1669 = B_SPLINE_CURVE_WITH_KNOTS('',1,(#1670,#1671),.UNSPECIFIED.,.F.,
  .F.,(2,2),(-15.2420471066,-9.46854441471),.PIECEWISE_BEZIER_KNOTS.);
#1670 = CARTESIAN_POINT('',(5.773502691896,-1.));
#1671 = CARTESIAN_POINT('',(0.,-1.));
#1672 = ( GEOMETRIC_REPRESENTATION_CONTEXT(2) 
PARAMETRIC_REPRESENTATION_CONTEXT() REPRESENTATION_CONTEXT('2D SPACE',''
  ) );
#1673 = FACE_BOUND('',#1674,.F.);
#1674 = EDGE_LOOP('',(#1675,#1703,#1729,#1755,#1781,#1807));
#1675 = ORIENTED_EDGE('',*,*,#1676,.T.);
#1676 = EDGE_CURVE('',#1677,#1679,#1681,.T.);
#1677 = VERTEX_POINT('',#1678);
#1678 = CARTESIAN_POINT('',(11.8,-36.83494717429,37.5));
#1679 = VERTEX_POINT('',#1680);
#1680 = CARTESIAN_POINT('',(11.8,-31.0614444824,37.5));
#1681 = SURFACE_CURVE('',#1682,(#1686,#1692),.PCURVE_S1.);
#1682 = LINE('',#1683,#1684);
#1683 = CARTESIAN_POINT('',(11.8,-15.5307222412,37.5));
#1684 = VECTOR('',#1685,1.);
#1685 = DIRECTION('',(4.615110447321E-16,1.,-0.));
#1686 = PCURVE('',#32,#1687);
#1687 = DEFINITIONAL_REPRESENTATION('',(#1688),#1691);
#1688 = B_SPLINE_CURVE_WITH_KNOTS('',1,(#1689,#1690),.UNSPECIFIED.,.F.,
  .F.,(2,2),(-21.30422493309,-15.5307222412),.PIECEWISE_BEZIER_KNOTS.);
#1689 = CARTESIAN_POINT('',(11.8,-36.83494717429));
#1690 = CARTESIAN_POINT('',(11.8,-31.0614444824));
#1691 = ( GEOMETRIC_REPRESENTATION_CONTEXT(2) 
PARAMETRIC_REPRESENTATION_CONTEXT() REPRESENTATION_CONTEXT('2D SPACE',''
  ) );
#1692 = PCURVE('',#1693,#1698);
#1693 = PLANE('',#1694);
#1694 = AXIS2_PLACEMENT_3D('',#1695,#1696,#1697);
#1695 = CARTESIAN_POINT('',(11.8,-31.0614444824,36.5));
#1696 = DIRECTION('',(1.,-4.615110447321E-16,0.));
#1697 = DIRECTION('',(-4.615110447321E-16,-1.,0.));
#1698 = DEFINITIONAL_REPRESENTATION('',(#1699),#1702);
#1699 = B_SPLINE_CURVE_WITH_KNOTS('',1,(#1700,#1701),.UNSPECIFIED.,.F.,
  .F.,(2,2),(-21.30422493309,-15.5307222412),.PIECEWISE_BEZIER_KNOTS.);
#1700 = CARTESIAN_POINT('',(5.773502691896,-1.));
#1701 = CARTESIAN_POINT('',(0.,-1.));
#1702 = ( GEOMETRIC_REPRESENTATION_CONTEXT(2) 
PARAMETRIC_REPRESENTATION_CONTEXT() REPRESENTATION_CONTEXT('2D SPACE',''
  ) );
#1703 = ORIENTED_EDGE('',*,*,#1704,.T.);
#1704 = EDGE_CURVE('',#1679,#1705,#1707,.T.);
#1705 = VERTEX_POINT('',#1706);
#1706 = CARTESIAN_POINT('',(16.8,-28.17469313645,37.5));
#1707 = SURFACE_CURVE('',#1708,(#1712,#1718),.PCURVE_S1.);
#1708 = LINE('',#1709,#1710);
#1709 = CARTESIAN_POINT('',(16.6,-28.29016319029,37.5));
#1710 = VECTOR('',#1711,1.);
#1711 = DIRECTION('',(0.866025403784,0.5,-0.));
#1712 = PCURVE('',#32,#1713);
#1713 = DEFINITIONAL_REPRESENTATION('',(#1714),#1717);
#1714 = B_SPLINE_CURVE_WITH_KNOTS('',1,(#1715,#1716),.UNSPECIFIED.,.F.,
  .F.,(2,2),(-5.54256258422,0.230940107676),.PIECEWISE_BEZIER_KNOTS.);
#1715 = CARTESIAN_POINT('',(11.8,-31.0614444824));
#1716 = CARTESIAN_POINT('',(16.8,-28.17469313645));
#1717 = ( GEOMETRIC_REPRESENTATION_CONTEXT(2) 
PARAMETRIC_REPRESENTATION_CONTEXT() REPRESENTATION_CONTEXT('2D SPACE',''
  ) );
#1718 = PCURVE('',#1719,#1724);
#1719 = PLANE('',#1720);
#1720 = AXIS2_PLACEMENT_3D('',#1721,#1722,#1723);
#1721 = CARTESIAN_POINT('',(16.8,-28.17469313645,36.5));
#1722 = DIRECTION('',(0.5,-0.866025403784,0.));
#1723 = DIRECTION('',(-0.866025403784,-0.5,0.));
#1724 = DEFINITIONAL_REPRESENTATION('',(#1725),#1728);
#1725 = B_SPLINE_CURVE_WITH_KNOTS('',1,(#1726,#1727),.UNSPECIFIED.,.F.,
  .F.,(2,2),(-5.54256258422,0.230940107676),.PIECEWISE_BEZIER_KNOTS.);
#1726 = CARTESIAN_POINT('',(5.773502691896,-1.));
#1727 = CARTESIAN_POINT('',(0.,-1.));
#1728 = ( GEOMETRIC_REPRESENTATION_CONTEXT(2) 
PARAMETRIC_REPRESENTATION_CONTEXT() REPRESENTATION_CONTEXT('2D SPACE',''
  ) );
#1729 = ORIENTED_EDGE('',*,*,#1730,.T.);
#1730 = EDGE_CURVE('',#1705,#1731,#1733,.T.);
#1731 = VERTEX_POINT('',#1732);
#1732 = CARTESIAN_POINT('',(21.8,-31.0614444824,37.5));
#1733 = SURFACE_CURVE('',#1734,(#1738,#1744),.PCURVE_S1.);
#1734 = LINE('',#1735,#1736);
#1735 = CARTESIAN_POINT('',(6.9,-22.45892547147,37.5));
#1736 = VECTOR('',#1737,1.);
#1737 = DIRECTION('',(0.866025403784,-0.5,0.));
#1738 = PCURVE('',#32,#1739);
#1739 = DEFINITIONAL_REPRESENTATION('',(#1740),#1743);
#1740 = B_SPLINE_CURVE_WITH_KNOTS('',1,(#1741,#1742),.UNSPECIFIED.,.F.,
  .F.,(2,2),(11.431535329955,17.205038021851),.PIECEWISE_BEZIER_KNOTS.);
#1741 = CARTESIAN_POINT('',(16.8,-28.17469313645));
#1742 = CARTESIAN_POINT('',(21.8,-31.0614444824));
#1743 = ( GEOMETRIC_REPRESENTATION_CONTEXT(2) 
PARAMETRIC_REPRESENTATION_CONTEXT() REPRESENTATION_CONTEXT('2D SPACE',''
  ) );
#1744 = PCURVE('',#1745,#1750);
#1745 = PLANE('',#1746);
#1746 = AXIS2_PLACEMENT_3D('',#1747,#1748,#1749);
#1747 = CARTESIAN_POINT('',(21.8,-31.0614444824,36.5));
#1748 = DIRECTION('',(-0.5,-0.866025403784,0.));
#1749 = DIRECTION('',(-0.866025403784,0.5,0.));
#1750 = DEFINITIONAL_REPRESENTATION('',(#1751),#1754);
#1751 = B_SPLINE_CURVE_WITH_KNOTS('',1,(#1752,#1753),.UNSPECIFIED.,.F.,
  .F.,(2,2),(11.431535329955,17.205038021851),.PIECEWISE_BEZIER_KNOTS.);
#1752 = CARTESIAN_POINT('',(5.773502691896,-1.));
#1753 = CARTESIAN_POINT('',(0.,-1.));
#1754 = ( GEOMETRIC_REPRESENTATION_CONTEXT(2) 
PARAMETRIC_REPRESENTATION_CONTEXT() REPRESENTATION_CONTEXT('2D SPACE',''
  ) );
#1755 = ORIENTED_EDGE('',*,*,#1756,.T.);
#1756 = EDGE_CURVE('',#1731,#1757,#1759,.T.);
#1757 = VERTEX_POINT('',#1758);
#1758 = CARTESIAN_POINT('',(21.8,-36.83494717429,37.5));
#1759 = SURFACE_CURVE('',#1760,(#1764,#1770),.PCURVE_S1.);
#1760 = LINE('',#1761,#1762);
#1761 = CARTESIAN_POINT('',(21.8,-18.41747358714,37.5));
#1762 = VECTOR('',#1763,1.);
#1763 = DIRECTION('',(-1.538370149107E-16,-1.,0.));
#1764 = PCURVE('',#32,#1765);
#1765 = DEFINITIONAL_REPRESENTATION('',(#1766),#1769);
#1766 = B_SPLINE_CURVE_WITH_KNOTS('',1,(#1767,#1768),.UNSPECIFIED.,.F.,
  .F.,(2,2),(12.643970895253,18.417473587149),.PIECEWISE_BEZIER_KNOTS.);
#1767 = CARTESIAN_POINT('',(21.8,-31.0614444824));
#1768 = CARTESIAN_POINT('',(21.8,-36.83494717429));
#1769 = ( GEOMETRIC_REPRESENTATION_CONTEXT(2) 
PARAMETRIC_REPRESENTATION_CONTEXT() REPRESENTATION_CONTEXT('2D SPACE',''
  ) );
#1770 = PCURVE('',#1771,#1776);
#1771 = PLANE('',#1772);
#1772 = AXIS2_PLACEMENT_3D('',#1773,#1774,#1775);
#1773 = CARTESIAN_POINT('',(21.8,-36.83494717429,36.5));
#1774 = DIRECTION('',(-1.,1.538370149107E-16,0.));
#1775 = DIRECTION('',(1.538370149107E-16,1.,0.));
#1776 = DEFINITIONAL_REPRESENTATION('',(#1777),#1780);
#1777 = B_SPLINE_CURVE_WITH_KNOTS('',1,(#1778,#1779),.UNSPECIFIED.,.F.,
  .F.,(2,2),(12.643970895253,18.417473587149),.PIECEWISE_BEZIER_KNOTS.);
#1778 = CARTESIAN_POINT('',(5.773502691896,-1.));
#1779 = CARTESIAN_POINT('',(0.,-1.));
#1780 = ( GEOMETRIC_REPRESENTATION_CONTEXT(2) 
PARAMETRIC_REPRESENTATION_CONTEXT() REPRESENTATION_CONTEXT('2D SPACE',''
  ) );
#1781 = ORIENTED_EDGE('',*,*,#1782,.T.);
#1782 = EDGE_CURVE('',#1757,#1783,#1785,.T.);
#1783 = VERTEX_POINT('',#1784);
#1784 = CARTESIAN_POINT('',(16.8,-39.72169852024,37.5));
#1785 = SURFACE_CURVE('',#1786,(#1790,#1796),.PCURVE_S1.);
#1786 = LINE('',#1787,#1788);
#1787 = CARTESIAN_POINT('',(19.1,-38.39379290111,37.5));
#1788 = VECTOR('',#1789,1.);
#1789 = DIRECTION('',(-0.866025403784,-0.5,0.));
#1790 = PCURVE('',#32,#1791);
#1791 = DEFINITIONAL_REPRESENTATION('',(#1792),#1795);
#1792 = B_SPLINE_CURVE_WITH_KNOTS('',1,(#1793,#1794),.UNSPECIFIED.,.F.,
  .F.,(2,2),(-3.117691453624,2.655811238272),.PIECEWISE_BEZIER_KNOTS.);
#1793 = CARTESIAN_POINT('',(21.8,-36.83494717429));
#1794 = CARTESIAN_POINT('',(16.8,-39.72169852024));
#1795 = ( GEOMETRIC_REPRESENTATION_CONTEXT(2) 
PARAMETRIC_REPRESENTATION_CONTEXT() REPRESENTATION_CONTEXT('2D SPACE',''
  ) );
#1796 = PCURVE('',#1797,#1802);
#1797 = PLANE('',#1798);
#1798 = AXIS2_PLACEMENT_3D('',#1799,#1800,#1801);
#1799 = CARTESIAN_POINT('',(16.8,-39.72169852024,36.5));
#1800 = DIRECTION('',(-0.5,0.866025403784,0.));
#1801 = DIRECTION('',(0.866025403784,0.5,0.));
#1802 = DEFINITIONAL_REPRESENTATION('',(#1803),#1806);
#1803 = B_SPLINE_CURVE_WITH_KNOTS('',1,(#1804,#1805),.UNSPECIFIED.,.F.,
  .F.,(2,2),(-3.117691453624,2.655811238272),.PIECEWISE_BEZIER_KNOTS.);
#1804 = CARTESIAN_POINT('',(5.773502691896,-1.));
#1805 = CARTESIAN_POINT('',(0.,-1.));
#1806 = ( GEOMETRIC_REPRESENTATION_CONTEXT(2) 
PARAMETRIC_REPRESENTATION_CONTEXT() REPRESENTATION_CONTEXT('2D SPACE',''
  ) );
#1807 = ORIENTED_EDGE('',*,*,#1808,.T.);
#1808 = EDGE_CURVE('',#1783,#1677,#1809,.T.);
#1809 = SURFACE_CURVE('',#1810,(#1814,#1820),.PCURVE_S1.);
#1810 = LINE('',#1811,#1812);
#1811 = CARTESIAN_POINT('',(-0.6,-29.67580383634,37.5));
#1812 = VECTOR('',#1813,1.);
#1813 = DIRECTION('',(-0.866025403784,0.5,0.));
#1814 = PCURVE('',#32,#1815);
#1815 = DEFINITIONAL_REPRESENTATION('',(#1816),#1819);
#1816 = B_SPLINE_CURVE_WITH_KNOTS('',1,(#1817,#1818),.UNSPECIFIED.,.F.,
  .F.,(2,2),(-20.09178936779,-14.3182866759),.PIECEWISE_BEZIER_KNOTS.);
#1817 = CARTESIAN_POINT('',(16.8,-39.72169852024));
#1818 = CARTESIAN_POINT('',(11.8,-36.83494717429));
#1819 = ( GEOMETRIC_REPRESENTATION_CONTEXT(2) 
PARAMETRIC_REPRESENTATION_CONTEXT() REPRESENTATION_CONTEXT('2D SPACE',''
  ) );
#1820 = PCURVE('',#1821,#1826);
#1821 = PLANE('',#1822);
#1822 = AXIS2_PLACEMENT_3D('',#1823,#1824,#1825);
#1823 = CARTESIAN_POINT('',(11.8,-36.83494717429,36.5));
#1824 = DIRECTION('',(0.5,0.866025403784,-0.));
#1825 = DIRECTION('',(0.866025403784,-0.5,0.));
#1826 = DEFINITIONAL_REPRESENTATION('',(#1827),#1830);
#1827 = B_SPLINE_CURVE_WITH_KNOTS('',1,(#1828,#1829),.UNSPECIFIED.,.F.,
  .F.,(2,2),(-20.09178936779,-14.3182866759),.PIECEWISE_BEZIER_KNOTS.);
#1828 = CARTESIAN_POINT('',(5.773502691896,-1.));
#1829 = CARTESIAN_POINT('',(0.,-1.));
#1830 = ( GEOMETRIC_REPRESENTATION_CONTEXT(2) 
PARAMETRIC_REPRESENTATION_CONTEXT() REPRESENTATION_CONTEXT('2D SPACE',''
  ) );
#1831 = FACE_BOUND('',#1832,.F.);
#1832 = EDGE_LOOP('',(#1833,#1861,#1887,#1913,#1939,#1965));
#1833 = ORIENTED_EDGE('',*,*,#1834,.T.);
#1834 = EDGE_CURVE('',#1835,#1837,#1839,.T.);
#1835 = VERTEX_POINT('',#1836);
#1836 = CARTESIAN_POINT('',(0.6,-17.43597812952,37.5));
#1837 = VERTEX_POINT('',#1838);
#1838 = CARTESIAN_POINT('',(0.6,-11.66247543763,37.5));
#1839 = SURFACE_CURVE('',#1840,(#1844,#1850),.PCURVE_S1.);
#1840 = LINE('',#1841,#1842);
#1841 = CARTESIAN_POINT('',(0.6,-5.831237718815,37.5));
#1842 = VECTOR('',#1843,1.);
#1843 = DIRECTION('',(4.615110447321E-16,1.,-0.));
#1844 = PCURVE('',#32,#1845);
#1845 = DEFINITIONAL_REPRESENTATION('',(#1846),#1849);
#1846 = B_SPLINE_CURVE_WITH_KNOTS('',1,(#1847,#1848),.UNSPECIFIED.,.F.,
  .F.,(2,2),(-11.60474041071,-5.831237718815),.PIECEWISE_BEZIER_KNOTS.);
#1847 = CARTESIAN_POINT('',(0.6,-17.43597812952));
#1848 = CARTESIAN_POINT('',(0.6,-11.66247543763));
#1849 = ( GEOMETRIC_REPRESENTATION_CONTEXT(2) 
PARAMETRIC_REPRESENTATION_CONTEXT() REPRESENTATION_CONTEXT('2D SPACE',''
  ) );
#1850 = PCURVE('',#1851,#1856);
#1851 = PLANE('',#1852);
#1852 = AXIS2_PLACEMENT_3D('',#1853,#1854,#1855);
#1853 = CARTESIAN_POINT('',(0.6,-11.66247543763,36.5));
#1854 = DIRECTION('',(1.,-4.615110447321E-16,0.));
#1855 = DIRECTION('',(-4.615110447321E-16,-1.,0.));
#1856 = DEFINITIONAL_REPRESENTATION('',(#1857),#1860);
#1857 = B_SPLINE_CURVE_WITH_KNOTS('',1,(#1858,#1859),.UNSPECIFIED.,.F.,
  .F.,(2,2),(-11.60474041071,-5.831237718815),.PIECEWISE_BEZIER_KNOTS.);
#1858 = CARTESIAN_POINT('',(5.773502691896,-1.));
#1859 = CARTESIAN_POINT('',(0.,-1.));
#1860 = ( GEOMETRIC_REPRESENTATION_CONTEXT(2) 
PARAMETRIC_REPRESENTATION_CONTEXT() REPRESENTATION_CONTEXT('2D SPACE',''
  ) );
#1861 = ORIENTED_EDGE('',*,*,#1862,.T.);
#1862 = EDGE_CURVE('',#1837,#1863,#1865,.T.);
#1863 = VERTEX_POINT('',#1864);
#1864 = CARTESIAN_POINT('',(5.6,-8.775724091682,37.5));
#1865 = SURFACE_CURVE('',#1866,(#1870,#1876),.PCURVE_S1.);
#1866 = LINE('',#1867,#1868);
#1867 = CARTESIAN_POINT('',(5.4,-8.89119414552,37.5));
#1868 = VECTOR('',#1869,1.);
#1869 = DIRECTION('',(0.866025403784,0.5,-0.));
#1870 = PCURVE('',#32,#1871);
#1871 = DEFINITIONAL_REPRESENTATION('',(#1872),#1875);
#1872 = B_SPLINE_CURVE_WITH_KNOTS('',1,(#1873,#1874),.UNSPECIFIED.,.F.,
  .F.,(2,2),(-5.54256258422,0.230940107676),.PIECEWISE_BEZIER_KNOTS.);
#1873 = CARTESIAN_POINT('',(0.6,-11.66247543763));
#1874 = CARTESIAN_POINT('',(5.6,-8.775724091682));
#1875 = ( GEOMETRIC_REPRESENTATION_CONTEXT(2) 
PARAMETRIC_REPRESENTATION_CONTEXT() REPRESENTATION_CONTEXT('2D SPACE',''
  ) );
#1876 = PCURVE('',#1877,#1882);
#1877 = PLANE('',#1878);
#1878 = AXIS2_PLACEMENT_3D('',#1879,#1880,#1881);
#1879 = CARTESIAN_POINT('',(5.6,-8.775724091682,36.5));
#1880 = DIRECTION('',(0.5,-0.866025403784,0.));
#1881 = DIRECTION('',(-0.866025403784,-0.5,0.));
#1882 = DEFINITIONAL_REPRESENTATION('',(#1883),#1886);
#1883 = B_SPLINE_CURVE_WITH_KNOTS('',1,(#1884,#1885),.UNSPECIFIED.,.F.,
  .F.,(2,2),(-5.54256258422,0.230940107676),.PIECEWISE_BEZIER_KNOTS.);
#1884 = CARTESIAN_POINT('',(5.773502691896,-1.));
#1885 = CARTESIAN_POINT('',(0.,-1.));
#1886 = ( GEOMETRIC_REPRESENTATION_CONTEXT(2) 
PARAMETRIC_REPRESENTATION_CONTEXT() REPRESENTATION_CONTEXT('2D SPACE',''
  ) );
#1887 = ORIENTED_EDGE('',*,*,#1888,.T.);
#1888 = EDGE_CURVE('',#1863,#1889,#1891,.T.);
#1889 = VERTEX_POINT('',#1890);
#1890 = CARTESIAN_POINT('',(10.6,-11.66247543763,37.5));
#1891 = SURFACE_CURVE('',#1892,(#1896,#1902),.PCURVE_S1.);
#1892 = LINE('',#1893,#1894);
#1893 = CARTESIAN_POINT('',(4.1,-7.909698687898,37.5));
#1894 = VECTOR('',#1895,1.);
#1895 = DIRECTION('',(0.866025403784,-0.5,0.));
#1896 = PCURVE('',#32,#1897);
#1897 = DEFINITIONAL_REPRESENTATION('',(#1898),#1901);
#1898 = B_SPLINE_CURVE_WITH_KNOTS('',1,(#1899,#1900),.UNSPECIFIED.,.F.,
  .F.,(2,2),(1.732050807569,7.505553499465),.PIECEWISE_BEZIER_KNOTS.);
#1899 = CARTESIAN_POINT('',(5.6,-8.775724091682));
#1900 = CARTESIAN_POINT('',(10.6,-11.66247543763));
#1901 = ( GEOMETRIC_REPRESENTATION_CONTEXT(2) 
PARAMETRIC_REPRESENTATION_CONTEXT() REPRESENTATION_CONTEXT('2D SPACE',''
  ) );
#1902 = PCURVE('',#1903,#1908);
#1903 = PLANE('',#1904);
#1904 = AXIS2_PLACEMENT_3D('',#1905,#1906,#1907);
#1905 = CARTESIAN_POINT('',(10.6,-11.66247543763,36.5));
#1906 = DIRECTION('',(-0.5,-0.866025403784,0.));
#1907 = DIRECTION('',(-0.866025403784,0.5,0.));
#1908 = DEFINITIONAL_REPRESENTATION('',(#1909),#1912);
#1909 = B_SPLINE_CURVE_WITH_KNOTS('',1,(#1910,#1911),.UNSPECIFIED.,.F.,
  .F.,(2,2),(1.732050807569,7.505553499465),.PIECEWISE_BEZIER_KNOTS.);
#1910 = CARTESIAN_POINT('',(5.773502691896,-1.));
#1911 = CARTESIAN_POINT('',(0.,-1.));
#1912 = ( GEOMETRIC_REPRESENTATION_CONTEXT(2) 
PARAMETRIC_REPRESENTATION_CONTEXT() REPRESENTATION_CONTEXT('2D SPACE',''
  ) );
#1913 = ORIENTED_EDGE('',*,*,#1914,.T.);
#1914 = EDGE_CURVE('',#1889,#1915,#1917,.T.);
#1915 = VERTEX_POINT('',#1916);
#1916 = CARTESIAN_POINT('',(10.6,-17.43597812952,37.5));
#1917 = SURFACE_CURVE('',#1918,(#1922,#1928),.PCURVE_S1.);
#1918 = LINE('',#1919,#1920);
#1919 = CARTESIAN_POINT('',(10.6,-8.717989064763,37.5));
#1920 = VECTOR('',#1921,1.);
#1921 = DIRECTION('',(-1.538370149107E-16,-1.,0.));
#1922 = PCURVE('',#32,#1923);
#1923 = DEFINITIONAL_REPRESENTATION('',(#1924),#1927);
#1924 = B_SPLINE_CURVE_WITH_KNOTS('',1,(#1925,#1926),.UNSPECIFIED.,.F.,
  .F.,(2,2),(2.944486372867,8.717989064763),.PIECEWISE_BEZIER_KNOTS.);
#1925 = CARTESIAN_POINT('',(10.6,-11.66247543763));
#1926 = CARTESIAN_POINT('',(10.6,-17.43597812952));
#1927 = ( GEOMETRIC_REPRESENTATION_CONTEXT(2) 
PARAMETRIC_REPRESENTATION_CONTEXT() REPRESENTATION_CONTEXT('2D SPACE',''
  ) );
#1928 = PCURVE('',#1929,#1934);
#1929 = PLANE('',#1930);
#1930 = AXIS2_PLACEMENT_3D('',#1931,#1932,#1933);
#1931 = CARTESIAN_POINT('',(10.6,-17.43597812952,36.5));
#1932 = DIRECTION('',(-1.,1.538370149107E-16,0.));
#1933 = DIRECTION('',(1.538370149107E-16,1.,0.));
#1934 = DEFINITIONAL_REPRESENTATION('',(#1935),#1938);
#1935 = B_SPLINE_CURVE_WITH_KNOTS('',1,(#1936,#1937),.UNSPECIFIED.,.F.,
  .F.,(2,2),(2.944486372867,8.717989064763),.PIECEWISE_BEZIER_KNOTS.);
#1936 = CARTESIAN_POINT('',(5.773502691896,-1.));
#1937 = CARTESIAN_POINT('',(0.,-1.));
#1938 = ( GEOMETRIC_REPRESENTATION_CONTEXT(2) 
PARAMETRIC_REPRESENTATION_CONTEXT() REPRESENTATION_CONTEXT('2D SPACE',''
  ) );
#1939 = ORIENTED_EDGE('',*,*,#1940,.T.);
#1940 = EDGE_CURVE('',#1915,#1941,#1943,.T.);
#1941 = VERTEX_POINT('',#1942);
#1942 = CARTESIAN_POINT('',(5.6,-20.32272947547,37.5));
#1943 = SURFACE_CURVE('',#1944,(#1948,#1954),.PCURVE_S1.);
#1944 = LINE('',#1945,#1946);
#1945 = CARTESIAN_POINT('',(7.9,-18.99482385633,37.5));
#1946 = VECTOR('',#1947,1.);
#1947 = DIRECTION('',(-0.866025403784,-0.5,0.));
#1948 = PCURVE('',#32,#1949);
#1949 = DEFINITIONAL_REPRESENTATION('',(#1950),#1953);
#1950 = B_SPLINE_CURVE_WITH_KNOTS('',1,(#1951,#1952),.UNSPECIFIED.,.F.,
  .F.,(2,2),(-3.117691453624,2.655811238272),.PIECEWISE_BEZIER_KNOTS.);
#1951 = CARTESIAN_POINT('',(10.6,-17.43597812952));
#1952 = CARTESIAN_POINT('',(5.6,-20.32272947547));
#1953 = ( GEOMETRIC_REPRESENTATION_CONTEXT(2) 
PARAMETRIC_REPRESENTATION_CONTEXT() REPRESENTATION_CONTEXT('2D SPACE',''
  ) );
#1954 = PCURVE('',#1955,#1960);
#1955 = PLANE('',#1956);
#1956 = AXIS2_PLACEMENT_3D('',#1957,#1958,#1959);
#1957 = CARTESIAN_POINT('',(5.6,-20.32272947547,36.5));
#1958 = DIRECTION('',(-0.5,0.866025403784,0.));
#1959 = DIRECTION('',(0.866025403784,0.5,0.));
#1960 = DEFINITIONAL_REPRESENTATION('',(#1961),#1964);
#1961 = B_SPLINE_CURVE_WITH_KNOTS('',1,(#1962,#1963),.UNSPECIFIED.,.F.,
  .F.,(2,2),(-3.117691453624,2.655811238272),.PIECEWISE_BEZIER_KNOTS.);
#1962 = CARTESIAN_POINT('',(5.773502691896,-1.));
#1963 = CARTESIAN_POINT('',(0.,-1.));
#1964 = ( GEOMETRIC_REPRESENTATION_CONTEXT(2) 
PARAMETRIC_REPRESENTATION_CONTEXT() REPRESENTATION_CONTEXT('2D SPACE',''
  ) );
#1965 = ORIENTED_EDGE('',*,*,#1966,.T.);
#1966 = EDGE_CURVE('',#1941,#1835,#1967,.T.);
#1967 = SURFACE_CURVE('',#1968,(#1972,#1978),.PCURVE_S1.);
#1968 = LINE('',#1969,#1970);
#1969 = CARTESIAN_POINT('',(-3.4,-15.12657705276,37.5));
#1970 = VECTOR('',#1971,1.);
#1971 = DIRECTION('',(-0.866025403784,0.5,0.));
#1972 = PCURVE('',#32,#1973);
#1973 = DEFINITIONAL_REPRESENTATION('',(#1974),#1977);
#1974 = B_SPLINE_CURVE_WITH_KNOTS('',1,(#1975,#1976),.UNSPECIFIED.,.F.,
  .F.,(2,2),(-10.39230484541,-4.618802153517),.PIECEWISE_BEZIER_KNOTS.);
#1975 = CARTESIAN_POINT('',(5.6,-20.32272947547));
#1976 = CARTESIAN_POINT('',(0.6,-17.43597812952));
#1977 = ( GEOMETRIC_REPRESENTATION_CONTEXT(2) 
PARAMETRIC_REPRESENTATION_CONTEXT() REPRESENTATION_CONTEXT('2D SPACE',''
  ) );
#1978 = PCURVE('',#1979,#1984);
#1979 = PLANE('',#1980);
#1980 = AXIS2_PLACEMENT_3D('',#1981,#1982,#1983);
#1981 = CARTESIAN_POINT('',(0.6,-17.43597812952,36.5));
#1982 = DIRECTION('',(0.5,0.866025403784,-0.));
#1983 = DIRECTION('',(0.866025403784,-0.5,0.));
#1984 = DEFINITIONAL_REPRESENTATION('',(#1985),#1988);
#1985 = B_SPLINE_CURVE_WITH_KNOTS('',1,(#1986,#1987),.UNSPECIFIED.,.F.,
  .F.,(2,2),(-10.39230484541,-4.618802153517),.PIECEWISE_BEZIER_KNOTS.);
#1986 = CARTESIAN_POINT('',(5.773502691896,-1.));
#1987 = CARTESIAN_POINT('',(0.,-1.));
#1988 = ( GEOMETRIC_REPRESENTATION_CONTEXT(2) 
PARAMETRIC_REPRESENTATION_CONTEXT() REPRESENTATION_CONTEXT('2D SPACE',''
  ) );
#1989 = FACE_BOUND('',#1990,.F.);
#1990 = EDGE_LOOP('',(#1991,#2019,#2045,#2071,#2097,#2123));
#1991 = ORIENTED_EDGE('',*,*,#1992,.T.);
#1992 = EDGE_CURVE('',#1993,#1995,#1997,.T.);
#1993 = VERTEX_POINT('',#1994);
#1994 = CARTESIAN_POINT('',(-5.,-7.736493607141,37.5));
#1995 = VERTEX_POINT('',#1996);
#1996 = CARTESIAN_POINT('',(-5.,-1.962990915245,37.5));
#1997 = SURFACE_CURVE('',#1998,(#2002,#2008),.PCURVE_S1.);
#1998 = LINE('',#1999,#2000);
#1999 = CARTESIAN_POINT('',(-5.,-0.981495457622,37.5));
#2000 = VECTOR('',#2001,1.);
#2001 = DIRECTION('',(4.615110447321E-16,1.,-0.));
#2002 = PCURVE('',#32,#2003);
#2003 = DEFINITIONAL_REPRESENTATION('',(#2004),#2007);
#2004 = B_SPLINE_CURVE_WITH_KNOTS('',1,(#2005,#2006),.UNSPECIFIED.,.F.,
  .F.,(2,2),(-6.754998149519,-0.981495457622),.PIECEWISE_BEZIER_KNOTS.);
#2005 = CARTESIAN_POINT('',(-5.,-7.736493607141));
#2006 = CARTESIAN_POINT('',(-5.,-1.962990915245));
#2007 = ( GEOMETRIC_REPRESENTATION_CONTEXT(2) 
PARAMETRIC_REPRESENTATION_CONTEXT() REPRESENTATION_CONTEXT('2D SPACE',''
  ) );
#2008 = PCURVE('',#2009,#2014);
#2009 = PLANE('',#2010);
#2010 = AXIS2_PLACEMENT_3D('',#2011,#2012,#2013);
#2011 = CARTESIAN_POINT('',(-5.,-1.962990915245,36.5));
#2012 = DIRECTION('',(1.,-4.615110447321E-16,0.));
#2013 = DIRECTION('',(-4.615110447321E-16,-1.,0.));
#2014 = DEFINITIONAL_REPRESENTATION('',(#2015),#2018);
#2015 = B_SPLINE_CURVE_WITH_KNOTS('',1,(#2016,#2017),.UNSPECIFIED.,.F.,
  .F.,(2,2),(-6.754998149519,-0.981495457622),.PIECEWISE_BEZIER_KNOTS.);
#2016 = CARTESIAN_POINT('',(5.773502691896,-1.));
#2017 = CARTESIAN_POINT('',(0.,-1.));
#2018 = ( GEOMETRIC_REPRESENTATION_CONTEXT(2) 
PARAMETRIC_REPRESENTATION_CONTEXT() REPRESENTATION_CONTEXT('2D SPACE',''
  ) );
#2019 = ORIENTED_EDGE('',*,*,#2020,.T.);
#2020 = EDGE_CURVE('',#1995,#2021,#2023,.T.);
#2021 = VERTEX_POINT('',#2022);
#2022 = CARTESIAN_POINT('',(2.129881918975E-15,0.923760430703,37.5));
#2023 = SURFACE_CURVE('',#2024,(#2028,#2034),.PCURVE_S1.);
#2024 = LINE('',#2025,#2026);
#2025 = CARTESIAN_POINT('',(-0.2,0.808290376865,37.5));
#2026 = VECTOR('',#2027,1.);
#2027 = DIRECTION('',(0.866025403784,0.5,-0.));
#2028 = PCURVE('',#32,#2029);
#2029 = DEFINITIONAL_REPRESENTATION('',(#2030),#2033);
#2030 = B_SPLINE_CURVE_WITH_KNOTS('',1,(#2031,#2032),.UNSPECIFIED.,.F.,
  .F.,(2,2),(-5.54256258422,0.230940107676),.PIECEWISE_BEZIER_KNOTS.);
#2031 = CARTESIAN_POINT('',(-5.,-1.962990915245));
#2032 = CARTESIAN_POINT('',(2.139594821438E-15,0.923760430703));
#2033 = ( GEOMETRIC_REPRESENTATION_CONTEXT(2) 
PARAMETRIC_REPRESENTATION_CONTEXT() REPRESENTATION_CONTEXT('2D SPACE',''
  ) );
#2034 = PCURVE('',#2035,#2040);
#2035 = PLANE('',#2036);
#2036 = AXIS2_PLACEMENT_3D('',#2037,#2038,#2039);
#2037 = CARTESIAN_POINT('',(2.129881918975E-15,0.923760430703,36.5));
#2038 = DIRECTION('',(0.5,-0.866025403784,0.));
#2039 = DIRECTION('',(-0.866025403784,-0.5,0.));
#2040 = DEFINITIONAL_REPRESENTATION('',(#2041),#2044);
#2041 = B_SPLINE_CURVE_WITH_KNOTS('',1,(#2042,#2043),.UNSPECIFIED.,.F.,
  .F.,(2,2),(-5.54256258422,0.230940107676),.PIECEWISE_BEZIER_KNOTS.);
#2042 = CARTESIAN_POINT('',(5.773502691896,-1.));
#2043 = CARTESIAN_POINT('',(0.,-1.));
#2044 = ( GEOMETRIC_REPRESENTATION_CONTEXT(2) 
PARAMETRIC_REPRESENTATION_CONTEXT() REPRESENTATION_CONTEXT('2D SPACE',''
  ) );
#2045 = ORIENTED_EDGE('',*,*,#2046,.T.);
#2046 = EDGE_CURVE('',#2021,#2047,#2049,.T.);
#2047 = VERTEX_POINT('',#2048);
#2048 = CARTESIAN_POINT('',(5.,-1.962990915245,37.5));
#2049 = SURFACE_CURVE('',#2050,(#2054,#2060),.PCURVE_S1.);
#2050 = LINE('',#2051,#2052);
#2051 = CARTESIAN_POINT('',(2.7,-0.635085296109,37.5));
#2052 = VECTOR('',#2053,1.);
#2053 = DIRECTION('',(0.866025403784,-0.5,0.));
#2054 = PCURVE('',#32,#2055);
#2055 = DEFINITIONAL_REPRESENTATION('',(#2056),#2059);
#2056 = B_SPLINE_CURVE_WITH_KNOTS('',1,(#2057,#2058),.UNSPECIFIED.,.F.,
  .F.,(2,2),(-3.117691453624,2.655811238272),.PIECEWISE_BEZIER_KNOTS.);
#2057 = CARTESIAN_POINT('',(1.399714485633E-15,0.923760430703));
#2058 = CARTESIAN_POINT('',(5.,-1.962990915245));
#2059 = ( GEOMETRIC_REPRESENTATION_CONTEXT(2) 
PARAMETRIC_REPRESENTATION_CONTEXT() REPRESENTATION_CONTEXT('2D SPACE',''
  ) );
#2060 = PCURVE('',#2061,#2066);
#2061 = PLANE('',#2062);
#2062 = AXIS2_PLACEMENT_3D('',#2063,#2064,#2065);
#2063 = CARTESIAN_POINT('',(5.,-1.962990915245,36.5));
#2064 = DIRECTION('',(-0.5,-0.866025403784,0.));
#2065 = DIRECTION('',(-0.866025403784,0.5,0.));
#2066 = DEFINITIONAL_REPRESENTATION('',(#2067),#2070);
#2067 = B_SPLINE_CURVE_WITH_KNOTS('',1,(#2068,#2069),.UNSPECIFIED.,.F.,
  .F.,(2,2),(-3.117691453624,2.655811238272),.PIECEWISE_BEZIER_KNOTS.);
#2068 = CARTESIAN_POINT('',(5.773502691896,-1.));
#2069 = CARTESIAN_POINT('',(0.,-1.));
#2070 = ( GEOMETRIC_REPRESENTATION_CONTEXT(2) 
PARAMETRIC_REPRESENTATION_CONTEXT() REPRESENTATION_CONTEXT('2D SPACE',''
  ) );
#2071 = ORIENTED_EDGE('',*,*,#2072,.T.);
#2072 = EDGE_CURVE('',#2047,#2073,#2075,.T.);
#2073 = VERTEX_POINT('',#2074);
#2074 = CARTESIAN_POINT('',(5.,-7.736493607141,37.5));
#2075 = SURFACE_CURVE('',#2076,(#2080,#2086),.PCURVE_S1.);
#2076 = LINE('',#2077,#2078);
#2077 = CARTESIAN_POINT('',(5.,-3.86824680357,37.5));
#2078 = VECTOR('',#2079,1.);
#2079 = DIRECTION('',(-1.538370149107E-16,-1.,0.));
#2080 = PCURVE('',#32,#2081);
#2081 = DEFINITIONAL_REPRESENTATION('',(#2082),#2085);
#2082 = B_SPLINE_CURVE_WITH_KNOTS('',1,(#2083,#2084),.UNSPECIFIED.,.F.,
  .F.,(2,2),(-1.905255888326,3.86824680357),.PIECEWISE_BEZIER_KNOTS.);
#2083 = CARTESIAN_POINT('',(5.,-1.962990915245));
#2084 = CARTESIAN_POINT('',(5.,-7.736493607141));
#2085 = ( GEOMETRIC_REPRESENTATION_CONTEXT(2) 
PARAMETRIC_REPRESENTATION_CONTEXT() REPRESENTATION_CONTEXT('2D SPACE',''
  ) );
#2086 = PCURVE('',#2087,#2092);
#2087 = PLANE('',#2088);
#2088 = AXIS2_PLACEMENT_3D('',#2089,#2090,#2091);
#2089 = CARTESIAN_POINT('',(5.,-7.736493607141,36.5));
#2090 = DIRECTION('',(-1.,1.538370149107E-16,0.));
#2091 = DIRECTION('',(1.538370149107E-16,1.,0.));
#2092 = DEFINITIONAL_REPRESENTATION('',(#2093),#2096);
#2093 = B_SPLINE_CURVE_WITH_KNOTS('',1,(#2094,#2095),.UNSPECIFIED.,.F.,
  .F.,(2,2),(-1.905255888326,3.86824680357),.PIECEWISE_BEZIER_KNOTS.);
#2094 = CARTESIAN_POINT('',(5.773502691896,-1.));
#2095 = CARTESIAN_POINT('',(0.,-1.));
#2096 = ( GEOMETRIC_REPRESENTATION_CONTEXT(2) 
PARAMETRIC_REPRESENTATION_CONTEXT() REPRESENTATION_CONTEXT('2D SPACE',''
  ) );
#2097 = ORIENTED_EDGE('',*,*,#2098,.T.);
#2098 = EDGE_CURVE('',#2073,#2099,#2101,.T.);
#2099 = VERTEX_POINT('',#2100);
#2100 = CARTESIAN_POINT('',(7.157816006753E-16,-10.62324495308,37.5));
#2101 = SURFACE_CURVE('',#2102,(#2106,#2112),.PCURVE_S1.);
#2102 = LINE('',#2103,#2104);
#2103 = CARTESIAN_POINT('',(2.3,-9.295339333953,37.5));
#2104 = VECTOR('',#2105,1.);
#2105 = DIRECTION('',(-0.866025403784,-0.5,0.));
#2106 = PCURVE('',#32,#2107);
#2107 = DEFINITIONAL_REPRESENTATION('',(#2108),#2111);
#2108 = B_SPLINE_CURVE_WITH_KNOTS('',1,(#2109,#2110),.UNSPECIFIED.,.F.,
  .F.,(2,2),(-3.117691453624,2.655811238272),.PIECEWISE_BEZIER_KNOTS.);
#2109 = CARTESIAN_POINT('',(5.,-7.736493607141));
#2110 = CARTESIAN_POINT('',(1.054960637424E-15,-10.62324495308));
#2111 = ( GEOMETRIC_REPRESENTATION_CONTEXT(2) 
PARAMETRIC_REPRESENTATION_CONTEXT() REPRESENTATION_CONTEXT('2D SPACE',''
  ) );
#2112 = PCURVE('',#2113,#2118);
#2113 = PLANE('',#2114);
#2114 = AXIS2_PLACEMENT_3D('',#2115,#2116,#2117);
#2115 = CARTESIAN_POINT('',(7.157816006753E-16,-10.62324495308,36.5));
#2116 = DIRECTION('',(-0.5,0.866025403784,0.));
#2117 = DIRECTION('',(0.866025403784,0.5,0.));
#2118 = DEFINITIONAL_REPRESENTATION('',(#2119),#2122);
#2119 = B_SPLINE_CURVE_WITH_KNOTS('',1,(#2120,#2121),.UNSPECIFIED.,.F.,
  .F.,(2,2),(-3.117691453624,2.655811238272),.PIECEWISE_BEZIER_KNOTS.);
#2120 = CARTESIAN_POINT('',(5.773502691896,-1.));
#2121 = CARTESIAN_POINT('',(0.,-1.));
#2122 = ( GEOMETRIC_REPRESENTATION_CONTEXT(2) 
PARAMETRIC_REPRESENTATION_CONTEXT() REPRESENTATION_CONTEXT('2D SPACE',''
  ) );
#2123 = ORIENTED_EDGE('',*,*,#2124,.T.);
#2124 = EDGE_CURVE('',#2099,#1993,#2125,.T.);
#2125 = SURFACE_CURVE('',#2126,(#2130,#2136),.PCURVE_S1.);
#2126 = LINE('',#2127,#2128);
#2127 = CARTESIAN_POINT('',(-4.8,-7.851963660979,37.5));
#2128 = VECTOR('',#2129,1.);
#2129 = DIRECTION('',(-0.866025403784,0.5,0.));
#2130 = PCURVE('',#32,#2131);
#2131 = DEFINITIONAL_REPRESENTATION('',(#2132),#2135);
#2132 = B_SPLINE_CURVE_WITH_KNOTS('',1,(#2133,#2134),.UNSPECIFIED.,.F.,
  .F.,(2,2),(-5.54256258422,0.230940107676),.PIECEWISE_BEZIER_KNOTS.);
#2133 = CARTESIAN_POINT('',(1.467479039495E-15,-10.62324495308));
#2134 = CARTESIAN_POINT('',(-5.,-7.736493607141));
#2135 = ( GEOMETRIC_REPRESENTATION_CONTEXT(2) 
PARAMETRIC_REPRESENTATION_CONTEXT() REPRESENTATION_CONTEXT('2D SPACE',''
  ) );
#2136 = PCURVE('',#2137,#2142);
#2137 = PLANE('',#2138);
#2138 = AXIS2_PLACEMENT_3D('',#2139,#2140,#2141);
#2139 = CARTESIAN_POINT('',(-5.,-7.736493607141,36.5));
#2140 = DIRECTION('',(0.5,0.866025403784,-0.));
#2141 = DIRECTION('',(0.866025403784,-0.5,0.));
#2142 = DEFINITIONAL_REPRESENTATION('',(#2143),#2146);
#2143 = B_SPLINE_CURVE_WITH_KNOTS('',1,(#2144,#2145),.UNSPECIFIED.,.F.,
  .F.,(2,2),(-5.54256258422,0.230940107676),.PIECEWISE_BEZIER_KNOTS.);
#2144 = CARTESIAN_POINT('',(5.773502691896,-1.));
#2145 = CARTESIAN_POINT('',(0.,-1.));
#2146 = ( GEOMETRIC_REPRESENTATION_CONTEXT(2) 
PARAMETRIC_REPRESENTATION_CONTEXT() REPRESENTATION_CONTEXT('2D SPACE',''
  ) );
#2147 = FACE_BOUND('',#2148,.F.);
#2148 = EDGE_LOOP('',(#2149,#2177,#2203,#2229,#2255,#2281));
#2149 = ORIENTED_EDGE('',*,*,#2150,.T.);
#2150 = EDGE_CURVE('',#2151,#2153,#2155,.T.);
#2151 = VERTEX_POINT('',#2152);
#2152 = CARTESIAN_POINT('',(6.2,-7.736493607141,37.5));
#2153 = VERTEX_POINT('',#2154);
#2154 = CARTESIAN_POINT('',(6.2,-1.962990915245,37.5));
#2155 = SURFACE_CURVE('',#2156,(#2160,#2166),.PCURVE_S1.);
#2156 = LINE('',#2157,#2158);
#2157 = CARTESIAN_POINT('',(6.2,-0.981495457622,37.5));
#2158 = VECTOR('',#2159,1.);
#2159 = DIRECTION('',(4.615110447321E-16,1.,-0.));
#2160 = PCURVE('',#32,#2161);
#2161 = DEFINITIONAL_REPRESENTATION('',(#2162),#2165);
#2162 = B_SPLINE_CURVE_WITH_KNOTS('',1,(#2163,#2164),.UNSPECIFIED.,.F.,
  .F.,(2,2),(-6.754998149519,-0.981495457622),.PIECEWISE_BEZIER_KNOTS.);
#2163 = CARTESIAN_POINT('',(6.2,-7.736493607141));
#2164 = CARTESIAN_POINT('',(6.2,-1.962990915245));
#2165 = ( GEOMETRIC_REPRESENTATION_CONTEXT(2) 
PARAMETRIC_REPRESENTATION_CONTEXT() REPRESENTATION_CONTEXT('2D SPACE',''
  ) );
#2166 = PCURVE('',#2167,#2172);
#2167 = PLANE('',#2168);
#2168 = AXIS2_PLACEMENT_3D('',#2169,#2170,#2171);
#2169 = CARTESIAN_POINT('',(6.2,-1.962990915245,36.5));
#2170 = DIRECTION('',(1.,-4.615110447321E-16,0.));
#2171 = DIRECTION('',(-4.615110447321E-16,-1.,0.));
#2172 = DEFINITIONAL_REPRESENTATION('',(#2173),#2176);
#2173 = B_SPLINE_CURVE_WITH_KNOTS('',1,(#2174,#2175),.UNSPECIFIED.,.F.,
  .F.,(2,2),(-6.754998149519,-0.981495457622),.PIECEWISE_BEZIER_KNOTS.);
#2174 = CARTESIAN_POINT('',(5.773502691896,-1.));
#2175 = CARTESIAN_POINT('',(0.,-1.));
#2176 = ( GEOMETRIC_REPRESENTATION_CONTEXT(2) 
PARAMETRIC_REPRESENTATION_CONTEXT() REPRESENTATION_CONTEXT('2D SPACE',''
  ) );
#2177 = ORIENTED_EDGE('',*,*,#2178,.T.);
#2178 = EDGE_CURVE('',#2153,#2179,#2181,.T.);
#2179 = VERTEX_POINT('',#2180);
#2180 = CARTESIAN_POINT('',(11.2,0.923760430703,37.5));
#2181 = SURFACE_CURVE('',#2182,(#2186,#2192),.PCURVE_S1.);
#2182 = LINE('',#2183,#2184);
#2183 = CARTESIAN_POINT('',(6.8,-1.616580753731,37.5));
#2184 = VECTOR('',#2185,1.);
#2185 = DIRECTION('',(0.866025403784,0.5,-0.));
#2186 = PCURVE('',#32,#2187);
#2187 = DEFINITIONAL_REPRESENTATION('',(#2188),#2191);
#2188 = B_SPLINE_CURVE_WITH_KNOTS('',1,(#2189,#2190),.UNSPECIFIED.,.F.,
  .F.,(2,2),(-0.692820323028,5.080682368869),.PIECEWISE_BEZIER_KNOTS.);
#2189 = CARTESIAN_POINT('',(6.2,-1.962990915245));
#2190 = CARTESIAN_POINT('',(11.2,0.923760430703));
#2191 = ( GEOMETRIC_REPRESENTATION_CONTEXT(2) 
PARAMETRIC_REPRESENTATION_CONTEXT() REPRESENTATION_CONTEXT('2D SPACE',''
  ) );
#2192 = PCURVE('',#2193,#2198);
#2193 = PLANE('',#2194);
#2194 = AXIS2_PLACEMENT_3D('',#2195,#2196,#2197);
#2195 = CARTESIAN_POINT('',(11.2,0.923760430703,36.5));
#2196 = DIRECTION('',(0.5,-0.866025403784,0.));
#2197 = DIRECTION('',(-0.866025403784,-0.5,0.));
#2198 = DEFINITIONAL_REPRESENTATION('',(#2199),#2202);
#2199 = B_SPLINE_CURVE_WITH_KNOTS('',1,(#2200,#2201),.UNSPECIFIED.,.F.,
  .F.,(2,2),(-0.692820323028,5.080682368869),.PIECEWISE_BEZIER_KNOTS.);
#2200 = CARTESIAN_POINT('',(5.773502691896,-1.));
#2201 = CARTESIAN_POINT('',(0.,-1.));
#2202 = ( GEOMETRIC_REPRESENTATION_CONTEXT(2) 
PARAMETRIC_REPRESENTATION_CONTEXT() REPRESENTATION_CONTEXT('2D SPACE',''
  ) );
#2203 = ORIENTED_EDGE('',*,*,#2204,.T.);
#2204 = EDGE_CURVE('',#2179,#2205,#2207,.T.);
#2205 = VERTEX_POINT('',#2206);
#2206 = CARTESIAN_POINT('',(16.2,-1.962990915245,37.5));
#2207 = SURFACE_CURVE('',#2208,(#2212,#2218),.PCURVE_S1.);
#2208 = LINE('',#2209,#2210);
#2209 = CARTESIAN_POINT('',(9.7,1.789785834488,37.5));
#2210 = VECTOR('',#2211,1.);
#2211 = DIRECTION('',(0.866025403784,-0.5,0.));
#2212 = PCURVE('',#32,#2213);
#2213 = DEFINITIONAL_REPRESENTATION('',(#2214),#2217);
#2214 = B_SPLINE_CURVE_WITH_KNOTS('',1,(#2215,#2216),.UNSPECIFIED.,.F.,
  .F.,(2,2),(1.732050807569,7.505553499465),.PIECEWISE_BEZIER_KNOTS.);
#2215 = CARTESIAN_POINT('',(11.2,0.923760430703));
#2216 = CARTESIAN_POINT('',(16.2,-1.962990915245));
#2217 = ( GEOMETRIC_REPRESENTATION_CONTEXT(2) 
PARAMETRIC_REPRESENTATION_CONTEXT() REPRESENTATION_CONTEXT('2D SPACE',''
  ) );
#2218 = PCURVE('',#2219,#2224);
#2219 = PLANE('',#2220);
#2220 = AXIS2_PLACEMENT_3D('',#2221,#2222,#2223);
#2221 = CARTESIAN_POINT('',(16.2,-1.962990915245,36.5));
#2222 = DIRECTION('',(-0.5,-0.866025403784,0.));
#2223 = DIRECTION('',(-0.866025403784,0.5,0.));
#2224 = DEFINITIONAL_REPRESENTATION('',(#2225),#2228);
#2225 = B_SPLINE_CURVE_WITH_KNOTS('',1,(#2226,#2227),.UNSPECIFIED.,.F.,
  .F.,(2,2),(1.732050807569,7.505553499465),.PIECEWISE_BEZIER_KNOTS.);
#2226 = CARTESIAN_POINT('',(5.773502691896,-1.));
#2227 = CARTESIAN_POINT('',(0.,-1.));
#2228 = ( GEOMETRIC_REPRESENTATION_CONTEXT(2) 
PARAMETRIC_REPRESENTATION_CONTEXT() REPRESENTATION_CONTEXT('2D SPACE',''
  ) );
#2229 = ORIENTED_EDGE('',*,*,#2230,.T.);
#2230 = EDGE_CURVE('',#2205,#2231,#2233,.T.);
#2231 = VERTEX_POINT('',#2232);
#2232 = CARTESIAN_POINT('',(16.2,-7.736493607141,37.5));
#2233 = SURFACE_CURVE('',#2234,(#2238,#2244),.PCURVE_S1.);
#2234 = LINE('',#2235,#2236);
#2235 = CARTESIAN_POINT('',(16.2,-3.86824680357,37.5));
#2236 = VECTOR('',#2237,1.);
#2237 = DIRECTION('',(-1.538370149107E-16,-1.,0.));
#2238 = PCURVE('',#32,#2239);
#2239 = DEFINITIONAL_REPRESENTATION('',(#2240),#2243);
#2240 = B_SPLINE_CURVE_WITH_KNOTS('',1,(#2241,#2242),.UNSPECIFIED.,.F.,
  .F.,(2,2),(-1.905255888326,3.86824680357),.PIECEWISE_BEZIER_KNOTS.);
#2241 = CARTESIAN_POINT('',(16.2,-1.962990915245));
#2242 = CARTESIAN_POINT('',(16.2,-7.736493607141));
#2243 = ( GEOMETRIC_REPRESENTATION_CONTEXT(2) 
PARAMETRIC_REPRESENTATION_CONTEXT() REPRESENTATION_CONTEXT('2D SPACE',''
  ) );
#2244 = PCURVE('',#2245,#2250);
#2245 = PLANE('',#2246);
#2246 = AXIS2_PLACEMENT_3D('',#2247,#2248,#2249);
#2247 = CARTESIAN_POINT('',(16.2,-7.736493607141,36.5));
#2248 = DIRECTION('',(-1.,1.538370149107E-16,0.));
#2249 = DIRECTION('',(1.538370149107E-16,1.,0.));
#2250 = DEFINITIONAL_REPRESENTATION('',(#2251),#2254);
#2251 = B_SPLINE_CURVE_WITH_KNOTS('',1,(#2252,#2253),.UNSPECIFIED.,.F.,
  .F.,(2,2),(-1.905255888326,3.86824680357),.PIECEWISE_BEZIER_KNOTS.);
#2252 = CARTESIAN_POINT('',(5.773502691896,-1.));
#2253 = CARTESIAN_POINT('',(0.,-1.));
#2254 = ( GEOMETRIC_REPRESENTATION_CONTEXT(2) 
PARAMETRIC_REPRESENTATION_CONTEXT() REPRESENTATION_CONTEXT('2D SPACE',''
  ) );
#2255 = ORIENTED_EDGE('',*,*,#2256,.T.);
#2256 = EDGE_CURVE('',#2231,#2257,#2259,.T.);
#2257 = VERTEX_POINT('',#2258);
#2258 = CARTESIAN_POINT('',(11.2,-10.62324495308,37.5));
#2259 = SURFACE_CURVE('',#2260,(#2264,#2270),.PCURVE_S1.);
#2260 = LINE('',#2261,#2262);
#2261 = CARTESIAN_POINT('',(9.3,-11.72021046454,37.5));
#2262 = VECTOR('',#2263,1.);
#2263 = DIRECTION('',(-0.866025403784,-0.5,0.));
#2264 = PCURVE('',#32,#2265);
#2265 = DEFINITIONAL_REPRESENTATION('',(#2266),#2269);
#2266 = B_SPLINE_CURVE_WITH_KNOTS('',1,(#2267,#2268),.UNSPECIFIED.,.F.,
  .F.,(2,2),(-7.967433714817,-2.193931022921),.PIECEWISE_BEZIER_KNOTS.);
#2267 = CARTESIAN_POINT('',(16.2,-7.736493607141));
#2268 = CARTESIAN_POINT('',(11.2,-10.62324495308));
#2269 = ( GEOMETRIC_REPRESENTATION_CONTEXT(2) 
PARAMETRIC_REPRESENTATION_CONTEXT() REPRESENTATION_CONTEXT('2D SPACE',''
  ) );
#2270 = PCURVE('',#2271,#2276);
#2271 = PLANE('',#2272);
#2272 = AXIS2_PLACEMENT_3D('',#2273,#2274,#2275);
#2273 = CARTESIAN_POINT('',(11.2,-10.62324495308,36.5));
#2274 = DIRECTION('',(-0.5,0.866025403784,0.));
#2275 = DIRECTION('',(0.866025403784,0.5,0.));
#2276 = DEFINITIONAL_REPRESENTATION('',(#2277),#2280);
#2277 = B_SPLINE_CURVE_WITH_KNOTS('',1,(#2278,#2279),.UNSPECIFIED.,.F.,
  .F.,(2,2),(-7.967433714817,-2.193931022921),.PIECEWISE_BEZIER_KNOTS.);
#2278 = CARTESIAN_POINT('',(5.773502691896,-1.));
#2279 = CARTESIAN_POINT('',(0.,-1.));
#2280 = ( GEOMETRIC_REPRESENTATION_CONTEXT(2) 
PARAMETRIC_REPRESENTATION_CONTEXT() REPRESENTATION_CONTEXT('2D SPACE',''
  ) );
#2281 = ORIENTED_EDGE('',*,*,#2282,.T.);
#2282 = EDGE_CURVE('',#2257,#2151,#2283,.T.);
#2283 = SURFACE_CURVE('',#2284,(#2288,#2294),.PCURVE_S1.);
#2284 = LINE('',#2285,#2286);
#2285 = CARTESIAN_POINT('',(2.2,-5.427092530382,37.5));
#2286 = VECTOR('',#2287,1.);
#2287 = DIRECTION('',(-0.866025403784,0.5,0.));
#2288 = PCURVE('',#32,#2289);
#2289 = DEFINITIONAL_REPRESENTATION('',(#2290),#2293);
#2290 = B_SPLINE_CURVE_WITH_KNOTS('',1,(#2291,#2292),.UNSPECIFIED.,.F.,
  .F.,(2,2),(-10.39230484541,-4.618802153517),.PIECEWISE_BEZIER_KNOTS.);
#2291 = CARTESIAN_POINT('',(11.2,-10.62324495308));
#2292 = CARTESIAN_POINT('',(6.2,-7.736493607141));
#2293 = ( GEOMETRIC_REPRESENTATION_CONTEXT(2) 
PARAMETRIC_REPRESENTATION_CONTEXT() REPRESENTATION_CONTEXT('2D SPACE',''
  ) );
#2294 = PCURVE('',#2295,#2300);
#2295 = PLANE('',#2296);
#2296 = AXIS2_PLACEMENT_3D('',#2297,#2298,#2299);
#2297 = CARTESIAN_POINT('',(6.2,-7.736493607141,36.5));
#2298 = DIRECTION('',(0.5,0.866025403784,-0.));
#2299 = DIRECTION('',(0.866025403784,-0.5,0.));
#2300 = DEFINITIONAL_REPRESENTATION('',(#2301),#2304);
#2301 = B_SPLINE_CURVE_WITH_KNOTS('',1,(#2302,#2303),.UNSPECIFIED.,.F.,
  .F.,(2,2),(-10.39230484541,-4.618802153517),.PIECEWISE_BEZIER_KNOTS.);
#2302 = CARTESIAN_POINT('',(5.773502691896,-1.));
#2303 = CARTESIAN_POINT('',(0.,-1.));
#2304 = ( GEOMETRIC_REPRESENTATION_CONTEXT(2) 
PARAMETRIC_REPRESENTATION_CONTEXT() REPRESENTATION_CONTEXT('2D SPACE',''
  ) );
#2305 = FACE_BOUND('',#2306,.F.);
#2306 = EDGE_LOOP('',(#2307,#2335,#2361,#2387,#2413,#2439));
#2307 = ORIENTED_EDGE('',*,*,#2308,.T.);
#2308 = EDGE_CURVE('',#2309,#2311,#2313,.T.);
#2309 = VERTEX_POINT('',#2310);
#2310 = CARTESIAN_POINT('',(11.8,-17.43597812952,37.5));
#2311 = VERTEX_POINT('',#2312);
#2312 = CARTESIAN_POINT('',(11.8,-11.66247543763,37.5));
#2313 = SURFACE_CURVE('',#2314,(#2318,#2324),.PCURVE_S1.);
#2314 = LINE('',#2315,#2316);
#2315 = CARTESIAN_POINT('',(11.8,-5.831237718815,37.5));
#2316 = VECTOR('',#2317,1.);
#2317 = DIRECTION('',(4.615110447321E-16,1.,-0.));
#2318 = PCURVE('',#32,#2319);
#2319 = DEFINITIONAL_REPRESENTATION('',(#2320),#2323);
#2320 = B_SPLINE_CURVE_WITH_KNOTS('',1,(#2321,#2322),.UNSPECIFIED.,.F.,
  .F.,(2,2),(-11.60474041071,-5.831237718815),.PIECEWISE_BEZIER_KNOTS.);
#2321 = CARTESIAN_POINT('',(11.8,-17.43597812952));
#2322 = CARTESIAN_POINT('',(11.8,-11.66247543763));
#2323 = ( GEOMETRIC_REPRESENTATION_CONTEXT(2) 
PARAMETRIC_REPRESENTATION_CONTEXT() REPRESENTATION_CONTEXT('2D SPACE',''
  ) );
#2324 = PCURVE('',#2325,#2330);
#2325 = PLANE('',#2326);
#2326 = AXIS2_PLACEMENT_3D('',#2327,#2328,#2329);
#2327 = CARTESIAN_POINT('',(11.8,-11.66247543763,36.5));
#2328 = DIRECTION('',(1.,-4.615110447321E-16,0.));
#2329 = DIRECTION('',(-4.615110447321E-16,-1.,0.));
#2330 = DEFINITIONAL_REPRESENTATION('',(#2331),#2334);
#2331 = B_SPLINE_CURVE_WITH_KNOTS('',1,(#2332,#2333),.UNSPECIFIED.,.F.,
  .F.,(2,2),(-11.60474041071,-5.831237718815),.PIECEWISE_BEZIER_KNOTS.);
#2332 = CARTESIAN_POINT('',(5.773502691896,-1.));
#2333 = CARTESIAN_POINT('',(0.,-1.));
#2334 = ( GEOMETRIC_REPRESENTATION_CONTEXT(2) 
PARAMETRIC_REPRESENTATION_CONTEXT() REPRESENTATION_CONTEXT('2D SPACE',''
  ) );
#2335 = ORIENTED_EDGE('',*,*,#2336,.T.);
#2336 = EDGE_CURVE('',#2311,#2337,#2339,.T.);
#2337 = VERTEX_POINT('',#2338);
#2338 = CARTESIAN_POINT('',(16.8,-8.775724091682,37.5));
#2339 = SURFACE_CURVE('',#2340,(#2344,#2350),.PCURVE_S1.);
#2340 = LINE('',#2341,#2342);
#2341 = CARTESIAN_POINT('',(12.4,-11.31606527611,37.5));
#2342 = VECTOR('',#2343,1.);
#2343 = DIRECTION('',(0.866025403784,0.5,-0.));
#2344 = PCURVE('',#32,#2345);
#2345 = DEFINITIONAL_REPRESENTATION('',(#2346),#2349);
#2346 = B_SPLINE_CURVE_WITH_KNOTS('',1,(#2347,#2348),.UNSPECIFIED.,.F.,
  .F.,(2,2),(-0.692820323028,5.080682368869),.PIECEWISE_BEZIER_KNOTS.);
#2347 = CARTESIAN_POINT('',(11.8,-11.66247543763));
#2348 = CARTESIAN_POINT('',(16.8,-8.775724091682));
#2349 = ( GEOMETRIC_REPRESENTATION_CONTEXT(2) 
PARAMETRIC_REPRESENTATION_CONTEXT() REPRESENTATION_CONTEXT('2D SPACE',''
  ) );
#2350 = PCURVE('',#2351,#2356);
#2351 = PLANE('',#2352);
#2352 = AXIS2_PLACEMENT_3D('',#2353,#2354,#2355);
#2353 = CARTESIAN_POINT('',(16.8,-8.775724091682,36.5));
#2354 = DIRECTION('',(0.5,-0.866025403784,0.));
#2355 = DIRECTION('',(-0.866025403784,-0.5,0.));
#2356 = DEFINITIONAL_REPRESENTATION('',(#2357),#2360);
#2357 = B_SPLINE_CURVE_WITH_KNOTS('',1,(#2358,#2359),.UNSPECIFIED.,.F.,
  .F.,(2,2),(-0.692820323028,5.080682368869),.PIECEWISE_BEZIER_KNOTS.);
#2358 = CARTESIAN_POINT('',(5.773502691896,-1.));
#2359 = CARTESIAN_POINT('',(0.,-1.));
#2360 = ( GEOMETRIC_REPRESENTATION_CONTEXT(2) 
PARAMETRIC_REPRESENTATION_CONTEXT() REPRESENTATION_CONTEXT('2D SPACE',''
  ) );
#2361 = ORIENTED_EDGE('',*,*,#2362,.T.);
#2362 = EDGE_CURVE('',#2337,#2363,#2365,.T.);
#2363 = VERTEX_POINT('',#2364);
#2364 = CARTESIAN_POINT('',(21.8,-11.66247543763,37.5));
#2365 = SURFACE_CURVE('',#2366,(#2370,#2376),.PCURVE_S1.);
#2366 = LINE('',#2367,#2368);
#2367 = CARTESIAN_POINT('',(11.1,-5.484827557301,37.5));
#2368 = VECTOR('',#2369,1.);
#2369 = DIRECTION('',(0.866025403784,-0.5,0.));
#2370 = PCURVE('',#32,#2371);
#2371 = DEFINITIONAL_REPRESENTATION('',(#2372),#2375);
#2372 = B_SPLINE_CURVE_WITH_KNOTS('',1,(#2373,#2374),.UNSPECIFIED.,.F.,
  .F.,(2,2),(6.581793068762,12.355295760658),.PIECEWISE_BEZIER_KNOTS.);
#2373 = CARTESIAN_POINT('',(16.8,-8.775724091682));
#2374 = CARTESIAN_POINT('',(21.8,-11.66247543763));
#2375 = ( GEOMETRIC_REPRESENTATION_CONTEXT(2) 
PARAMETRIC_REPRESENTATION_CONTEXT() REPRESENTATION_CONTEXT('2D SPACE',''
  ) );
#2376 = PCURVE('',#2377,#2382);
#2377 = PLANE('',#2378);
#2378 = AXIS2_PLACEMENT_3D('',#2379,#2380,#2381);
#2379 = CARTESIAN_POINT('',(21.8,-11.66247543763,36.5));
#2380 = DIRECTION('',(-0.5,-0.866025403784,0.));
#2381 = DIRECTION('',(-0.866025403784,0.5,0.));
#2382 = DEFINITIONAL_REPRESENTATION('',(#2383),#2386);
#2383 = B_SPLINE_CURVE_WITH_KNOTS('',1,(#2384,#2385),.UNSPECIFIED.,.F.,
  .F.,(2,2),(6.581793068762,12.355295760658),.PIECEWISE_BEZIER_KNOTS.);
#2384 = CARTESIAN_POINT('',(5.773502691896,-1.));
#2385 = CARTESIAN_POINT('',(0.,-1.));
#2386 = ( GEOMETRIC_REPRESENTATION_CONTEXT(2) 
PARAMETRIC_REPRESENTATION_CONTEXT() REPRESENTATION_CONTEXT('2D SPACE',''
  ) );
#2387 = ORIENTED_EDGE('',*,*,#2388,.T.);
#2388 = EDGE_CURVE('',#2363,#2389,#2391,.T.);
#2389 = VERTEX_POINT('',#2390);
#2390 = CARTESIAN_POINT('',(21.8,-17.43597812952,37.5));
#2391 = SURFACE_CURVE('',#2392,(#2396,#2402),.PCURVE_S1.);
#2392 = LINE('',#2393,#2394);
#2393 = CARTESIAN_POINT('',(21.8,-8.717989064763,37.5));
#2394 = VECTOR('',#2395,1.);
#2395 = DIRECTION('',(-1.538370149107E-16,-1.,0.));
#2396 = PCURVE('',#32,#2397);
#2397 = DEFINITIONAL_REPRESENTATION('',(#2398),#2401);
#2398 = B_SPLINE_CURVE_WITH_KNOTS('',1,(#2399,#2400),.UNSPECIFIED.,.F.,
  .F.,(2,2),(2.944486372867,8.717989064763),.PIECEWISE_BEZIER_KNOTS.);
#2399 = CARTESIAN_POINT('',(21.8,-11.66247543763));
#2400 = CARTESIAN_POINT('',(21.8,-17.43597812952));
#2401 = ( GEOMETRIC_REPRESENTATION_CONTEXT(2) 
PARAMETRIC_REPRESENTATION_CONTEXT() REPRESENTATION_CONTEXT('2D SPACE',''
  ) );
#2402 = PCURVE('',#2403,#2408);
#2403 = PLANE('',#2404);
#2404 = AXIS2_PLACEMENT_3D('',#2405,#2406,#2407);
#2405 = CARTESIAN_POINT('',(21.8,-17.43597812952,36.5));
#2406 = DIRECTION('',(-1.,1.538370149107E-16,0.));
#2407 = DIRECTION('',(1.538370149107E-16,1.,0.));
#2408 = DEFINITIONAL_REPRESENTATION('',(#2409),#2412);
#2409 = B_SPLINE_CURVE_WITH_KNOTS('',1,(#2410,#2411),.UNSPECIFIED.,.F.,
  .F.,(2,2),(2.944486372867,8.717989064763),.PIECEWISE_BEZIER_KNOTS.);
#2410 = CARTESIAN_POINT('',(5.773502691896,-1.));
#2411 = CARTESIAN_POINT('',(0.,-1.));
#2412 = ( GEOMETRIC_REPRESENTATION_CONTEXT(2) 
PARAMETRIC_REPRESENTATION_CONTEXT() REPRESENTATION_CONTEXT('2D SPACE',''
  ) );
#2413 = ORIENTED_EDGE('',*,*,#2414,.T.);
#2414 = EDGE_CURVE('',#2389,#2415,#2417,.T.);
#2415 = VERTEX_POINT('',#2416);
#2416 = CARTESIAN_POINT('',(16.8,-20.32272947547,37.5));
#2417 = SURFACE_CURVE('',#2418,(#2422,#2428),.PCURVE_S1.);
#2418 = LINE('',#2419,#2420);
#2419 = CARTESIAN_POINT('',(14.9,-21.41969498693,37.5));
#2420 = VECTOR('',#2421,1.);
#2421 = DIRECTION('',(-0.866025403784,-0.5,0.));
#2422 = PCURVE('',#32,#2423);
#2423 = DEFINITIONAL_REPRESENTATION('',(#2424),#2427);
#2424 = B_SPLINE_CURVE_WITH_KNOTS('',1,(#2425,#2426),.UNSPECIFIED.,.F.,
  .F.,(2,2),(-7.967433714817,-2.193931022921),.PIECEWISE_BEZIER_KNOTS.);
#2425 = CARTESIAN_POINT('',(21.8,-17.43597812952));
#2426 = CARTESIAN_POINT('',(16.8,-20.32272947547));
#2427 = ( GEOMETRIC_REPRESENTATION_CONTEXT(2) 
PARAMETRIC_REPRESENTATION_CONTEXT() REPRESENTATION_CONTEXT('2D SPACE',''
  ) );
#2428 = PCURVE('',#2429,#2434);
#2429 = PLANE('',#2430);
#2430 = AXIS2_PLACEMENT_3D('',#2431,#2432,#2433);
#2431 = CARTESIAN_POINT('',(16.8,-20.32272947547,36.5));
#2432 = DIRECTION('',(-0.5,0.866025403784,0.));
#2433 = DIRECTION('',(0.866025403784,0.5,0.));
#2434 = DEFINITIONAL_REPRESENTATION('',(#2435),#2438);
#2435 = B_SPLINE_CURVE_WITH_KNOTS('',1,(#2436,#2437),.UNSPECIFIED.,.F.,
  .F.,(2,2),(-7.967433714817,-2.193931022921),.PIECEWISE_BEZIER_KNOTS.);
#2436 = CARTESIAN_POINT('',(5.773502691896,-1.));
#2437 = CARTESIAN_POINT('',(0.,-1.));
#2438 = ( GEOMETRIC_REPRESENTATION_CONTEXT(2) 
PARAMETRIC_REPRESENTATION_CONTEXT() REPRESENTATION_CONTEXT('2D SPACE',''
  ) );
#2439 = ORIENTED_EDGE('',*,*,#2440,.T.);
#2440 = EDGE_CURVE('',#2415,#2309,#2441,.T.);
#2441 = SURFACE_CURVE('',#2442,(#2446,#2452),.PCURVE_S1.);
#2442 = LINE('',#2443,#2444);
#2443 = CARTESIAN_POINT('',(3.6,-12.70170592217,37.5));
#2444 = VECTOR('',#2445,1.);
#2445 = DIRECTION('',(-0.866025403784,0.5,0.));
#2446 = PCURVE('',#32,#2447);
#2447 = DEFINITIONAL_REPRESENTATION('',(#2448),#2451);
#2448 = B_SPLINE_CURVE_WITH_KNOTS('',1,(#2449,#2450),.UNSPECIFIED.,.F.,
  .F.,(2,2),(-15.2420471066,-9.46854441471),.PIECEWISE_BEZIER_KNOTS.);
#2449 = CARTESIAN_POINT('',(16.8,-20.32272947547));
#2450 = CARTESIAN_POINT('',(11.8,-17.43597812952));
#2451 = ( GEOMETRIC_REPRESENTATION_CONTEXT(2) 
PARAMETRIC_REPRESENTATION_CONTEXT() REPRESENTATION_CONTEXT('2D SPACE',''
  ) );
#2452 = PCURVE('',#2453,#2458);
#2453 = PLANE('',#2454);
#2454 = AXIS2_PLACEMENT_3D('',#2455,#2456,#2457);
#2455 = CARTESIAN_POINT('',(11.8,-17.43597812952,36.5));
#2456 = DIRECTION('',(0.5,0.866025403784,-0.));
#2457 = DIRECTION('',(0.866025403784,-0.5,0.));
#2458 = DEFINITIONAL_REPRESENTATION('',(#2459),#2462);
#2459 = B_SPLINE_CURVE_WITH_KNOTS('',1,(#2460,#2461),.UNSPECIFIED.,.F.,
  .F.,(2,2),(-15.2420471066,-9.46854441471),.PIECEWISE_BEZIER_KNOTS.);
#2460 = CARTESIAN_POINT('',(5.773502691896,-1.));
#2461 = CARTESIAN_POINT('',(0.,-1.));
#2462 = ( GEOMETRIC_REPRESENTATION_CONTEXT(2) 
PARAMETRIC_REPRESENTATION_CONTEXT() REPRESENTATION_CONTEXT('2D SPACE',''
  ) );
#2463 = FACE_BOUND('',#2464,.F.);
#2464 = EDGE_LOOP('',(#2465,#2493,#2519,#2545,#2571,#2597));
#2465 = ORIENTED_EDGE('',*,*,#2466,.T.);
#2466 = EDGE_CURVE('',#2467,#2469,#2471,.T.);
#2467 = VERTEX_POINT('',#2468);
#2468 = CARTESIAN_POINT('',(-21.8,1.962990915245,37.5));
#2469 = VERTEX_POINT('',#2470);
#2470 = CARTESIAN_POINT('',(-21.8,7.736493607141,37.5));
#2471 = SURFACE_CURVE('',#2472,(#2476,#2482),.PCURVE_S1.);
#2472 = LINE('',#2473,#2474);
#2473 = CARTESIAN_POINT('',(-21.8,3.86824680357,37.5));
#2474 = VECTOR('',#2475,1.);
#2475 = DIRECTION('',(4.615110447321E-16,1.,-0.));
#2476 = PCURVE('',#32,#2477);
#2477 = DEFINITIONAL_REPRESENTATION('',(#2478),#2481);
#2478 = B_SPLINE_CURVE_WITH_KNOTS('',1,(#2479,#2480),.UNSPECIFIED.,.F.,
  .F.,(2,2),(-1.905255888326,3.86824680357),.PIECEWISE_BEZIER_KNOTS.);
#2479 = CARTESIAN_POINT('',(-21.8,1.962990915245));
#2480 = CARTESIAN_POINT('',(-21.8,7.736493607141));
#2481 = ( GEOMETRIC_REPRESENTATION_CONTEXT(2) 
PARAMETRIC_REPRESENTATION_CONTEXT() REPRESENTATION_CONTEXT('2D SPACE',''
  ) );
#2482 = PCURVE('',#2483,#2488);
#2483 = PLANE('',#2484);
#2484 = AXIS2_PLACEMENT_3D('',#2485,#2486,#2487);
#2485 = CARTESIAN_POINT('',(-21.8,7.736493607141,36.5));
#2486 = DIRECTION('',(1.,-4.615110447321E-16,0.));
#2487 = DIRECTION('',(-4.615110447321E-16,-1.,0.));
#2488 = DEFINITIONAL_REPRESENTATION('',(#2489),#2492);
#2489 = B_SPLINE_CURVE_WITH_KNOTS('',1,(#2490,#2491),.UNSPECIFIED.,.F.,
  .F.,(2,2),(-1.905255888326,3.86824680357),.PIECEWISE_BEZIER_KNOTS.);
#2490 = CARTESIAN_POINT('',(5.773502691896,-1.));
#2491 = CARTESIAN_POINT('',(0.,-1.));
#2492 = ( GEOMETRIC_REPRESENTATION_CONTEXT(2) 
PARAMETRIC_REPRESENTATION_CONTEXT() REPRESENTATION_CONTEXT('2D SPACE',''
  ) );
#2493 = ORIENTED_EDGE('',*,*,#2494,.T.);
#2494 = EDGE_CURVE('',#2469,#2495,#2497,.T.);
#2495 = VERTEX_POINT('',#2496);
#2496 = CARTESIAN_POINT('',(-16.8,10.623244953089,37.5));
#2497 = SURFACE_CURVE('',#2498,(#2502,#2508),.PCURVE_S1.);
#2498 = LINE('',#2499,#2500);
#2499 = CARTESIAN_POINT('',(-12.8,12.932646029848,37.5));
#2500 = VECTOR('',#2501,1.);
#2501 = DIRECTION('',(0.866025403784,0.5,-0.));
#2502 = PCURVE('',#32,#2503);
#2503 = DEFINITIONAL_REPRESENTATION('',(#2504),#2507);
#2504 = B_SPLINE_CURVE_WITH_KNOTS('',1,(#2505,#2506),.UNSPECIFIED.,.F.,
  .F.,(2,2),(-10.39230484541,-4.618802153517),.PIECEWISE_BEZIER_KNOTS.);
#2505 = CARTESIAN_POINT('',(-21.8,7.736493607141));
#2506 = CARTESIAN_POINT('',(-16.8,10.623244953089));
#2507 = ( GEOMETRIC_REPRESENTATION_CONTEXT(2) 
PARAMETRIC_REPRESENTATION_CONTEXT() REPRESENTATION_CONTEXT('2D SPACE',''
  ) );
#2508 = PCURVE('',#2509,#2514);
#2509 = PLANE('',#2510);
#2510 = AXIS2_PLACEMENT_3D('',#2511,#2512,#2513);
#2511 = CARTESIAN_POINT('',(-16.8,10.623244953089,36.5));
#2512 = DIRECTION('',(0.5,-0.866025403784,0.));
#2513 = DIRECTION('',(-0.866025403784,-0.5,0.));
#2514 = DEFINITIONAL_REPRESENTATION('',(#2515),#2518);
#2515 = B_SPLINE_CURVE_WITH_KNOTS('',1,(#2516,#2517),.UNSPECIFIED.,.F.,
  .F.,(2,2),(-10.39230484541,-4.618802153517),.PIECEWISE_BEZIER_KNOTS.);
#2516 = CARTESIAN_POINT('',(5.773502691896,-1.));
#2517 = CARTESIAN_POINT('',(0.,-1.));
#2518 = ( GEOMETRIC_REPRESENTATION_CONTEXT(2) 
PARAMETRIC_REPRESENTATION_CONTEXT() REPRESENTATION_CONTEXT('2D SPACE',''
  ) );
#2519 = ORIENTED_EDGE('',*,*,#2520,.T.);
#2520 = EDGE_CURVE('',#2495,#2521,#2523,.T.);
#2521 = VERTEX_POINT('',#2522);
#2522 = CARTESIAN_POINT('',(-11.8,7.736493607141,37.5));
#2523 = SURFACE_CURVE('',#2524,(#2528,#2534),.PCURVE_S1.);
#2524 = LINE('',#2525,#2526);
#2525 = CARTESIAN_POINT('',(-5.7,4.214656965084,37.5));
#2526 = VECTOR('',#2527,1.);
#2527 = DIRECTION('',(0.866025403784,-0.5,0.));
#2528 = PCURVE('',#32,#2529);
#2529 = DEFINITIONAL_REPRESENTATION('',(#2530),#2533);
#2530 = B_SPLINE_CURVE_WITH_KNOTS('',1,(#2531,#2532),.UNSPECIFIED.,.F.,
  .F.,(2,2),(-12.81717597601,-7.043673284113),.PIECEWISE_BEZIER_KNOTS.);
#2531 = CARTESIAN_POINT('',(-16.8,10.623244953089));
#2532 = CARTESIAN_POINT('',(-11.8,7.736493607141));
#2533 = ( GEOMETRIC_REPRESENTATION_CONTEXT(2) 
PARAMETRIC_REPRESENTATION_CONTEXT() REPRESENTATION_CONTEXT('2D SPACE',''
  ) );
#2534 = PCURVE('',#2535,#2540);
#2535 = PLANE('',#2536);
#2536 = AXIS2_PLACEMENT_3D('',#2537,#2538,#2539);
#2537 = CARTESIAN_POINT('',(-11.8,7.736493607141,36.5));
#2538 = DIRECTION('',(-0.5,-0.866025403784,0.));
#2539 = DIRECTION('',(-0.866025403784,0.5,0.));
#2540 = DEFINITIONAL_REPRESENTATION('',(#2541),#2544);
#2541 = B_SPLINE_CURVE_WITH_KNOTS('',1,(#2542,#2543),.UNSPECIFIED.,.F.,
  .F.,(2,2),(-12.81717597601,-7.043673284113),.PIECEWISE_BEZIER_KNOTS.);
#2542 = CARTESIAN_POINT('',(5.773502691896,-1.));
#2543 = CARTESIAN_POINT('',(0.,-1.));
#2544 = ( GEOMETRIC_REPRESENTATION_CONTEXT(2) 
PARAMETRIC_REPRESENTATION_CONTEXT() REPRESENTATION_CONTEXT('2D SPACE',''
  ) );
#2545 = ORIENTED_EDGE('',*,*,#2546,.T.);
#2546 = EDGE_CURVE('',#2521,#2547,#2549,.T.);
#2547 = VERTEX_POINT('',#2548);
#2548 = CARTESIAN_POINT('',(-11.8,1.962990915245,37.5));
#2549 = SURFACE_CURVE('',#2550,(#2554,#2560),.PCURVE_S1.);
#2550 = LINE('',#2551,#2552);
#2551 = CARTESIAN_POINT('',(-11.8,0.981495457622,37.5));
#2552 = VECTOR('',#2553,1.);
#2553 = DIRECTION('',(-1.538370149107E-16,-1.,0.));
#2554 = PCURVE('',#32,#2555);
#2555 = DEFINITIONAL_REPRESENTATION('',(#2556),#2559);
#2556 = B_SPLINE_CURVE_WITH_KNOTS('',1,(#2557,#2558),.UNSPECIFIED.,.F.,
  .F.,(2,2),(-6.754998149519,-0.981495457622),.PIECEWISE_BEZIER_KNOTS.);
#2557 = CARTESIAN_POINT('',(-11.8,7.736493607141));
#2558 = CARTESIAN_POINT('',(-11.8,1.962990915245));
#2559 = ( GEOMETRIC_REPRESENTATION_CONTEXT(2) 
PARAMETRIC_REPRESENTATION_CONTEXT() REPRESENTATION_CONTEXT('2D SPACE',''
  ) );
#2560 = PCURVE('',#2561,#2566);
#2561 = PLANE('',#2562);
#2562 = AXIS2_PLACEMENT_3D('',#2563,#2564,#2565);
#2563 = CARTESIAN_POINT('',(-11.8,1.962990915245,36.5));
#2564 = DIRECTION('',(-1.,1.538370149107E-16,0.));
#2565 = DIRECTION('',(1.538370149107E-16,1.,0.));
#2566 = DEFINITIONAL_REPRESENTATION('',(#2567),#2570);
#2567 = B_SPLINE_CURVE_WITH_KNOTS('',1,(#2568,#2569),.UNSPECIFIED.,.F.,
  .F.,(2,2),(-6.754998149519,-0.981495457622),.PIECEWISE_BEZIER_KNOTS.);
#2568 = CARTESIAN_POINT('',(5.773502691896,-1.));
#2569 = CARTESIAN_POINT('',(0.,-1.));
#2570 = ( GEOMETRIC_REPRESENTATION_CONTEXT(2) 
PARAMETRIC_REPRESENTATION_CONTEXT() REPRESENTATION_CONTEXT('2D SPACE',''
  ) );
#2571 = ORIENTED_EDGE('',*,*,#2572,.T.);
#2572 = EDGE_CURVE('',#2547,#2573,#2575,.T.);
#2573 = VERTEX_POINT('',#2574);
#2574 = CARTESIAN_POINT('',(-16.8,-0.923760430703,37.5));
#2575 = SURFACE_CURVE('',#2576,(#2580,#2586),.PCURVE_S1.);
#2576 = LINE('',#2577,#2578);
#2577 = CARTESIAN_POINT('',(-10.3,2.829016319029,37.5));
#2578 = VECTOR('',#2579,1.);
#2579 = DIRECTION('',(-0.866025403784,-0.5,0.));
#2580 = PCURVE('',#32,#2581);
#2581 = DEFINITIONAL_REPRESENTATION('',(#2582),#2585);
#2582 = B_SPLINE_CURVE_WITH_KNOTS('',1,(#2583,#2584),.UNSPECIFIED.,.F.,
  .F.,(2,2),(1.732050807569,7.505553499465),.PIECEWISE_BEZIER_KNOTS.);
#2583 = CARTESIAN_POINT('',(-11.8,1.962990915245));
#2584 = CARTESIAN_POINT('',(-16.8,-0.923760430703));
#2585 = ( GEOMETRIC_REPRESENTATION_CONTEXT(2) 
PARAMETRIC_REPRESENTATION_CONTEXT() REPRESENTATION_CONTEXT('2D SPACE',''
  ) );
#2586 = PCURVE('',#2587,#2592);
#2587 = PLANE('',#2588);
#2588 = AXIS2_PLACEMENT_3D('',#2589,#2590,#2591);
#2589 = CARTESIAN_POINT('',(-16.8,-0.923760430703,36.5));
#2590 = DIRECTION('',(-0.5,0.866025403784,0.));
#2591 = DIRECTION('',(0.866025403784,0.5,0.));
#2592 = DEFINITIONAL_REPRESENTATION('',(#2593),#2596);
#2593 = B_SPLINE_CURVE_WITH_KNOTS('',1,(#2594,#2595),.UNSPECIFIED.,.F.,
  .F.,(2,2),(1.732050807569,7.505553499465),.PIECEWISE_BEZIER_KNOTS.);
#2594 = CARTESIAN_POINT('',(5.773502691896,-1.));
#2595 = CARTESIAN_POINT('',(0.,-1.));
#2596 = ( GEOMETRIC_REPRESENTATION_CONTEXT(2) 
PARAMETRIC_REPRESENTATION_CONTEXT() REPRESENTATION_CONTEXT('2D SPACE',''
  ) );
#2597 = ORIENTED_EDGE('',*,*,#2598,.T.);
#2598 = EDGE_CURVE('',#2573,#2467,#2599,.T.);
#2599 = SURFACE_CURVE('',#2600,(#2604,#2610),.PCURVE_S1.);
#2600 = LINE('',#2601,#2602);
#2601 = CARTESIAN_POINT('',(-13.2,-3.002221399786,37.5));
#2602 = VECTOR('',#2603,1.);
#2603 = DIRECTION('',(-0.866025403784,0.5,0.));
#2604 = PCURVE('',#32,#2605);
#2605 = DEFINITIONAL_REPRESENTATION('',(#2606),#2609);
#2606 = B_SPLINE_CURVE_WITH_KNOTS('',1,(#2607,#2608),.UNSPECIFIED.,.F.,
  .F.,(2,2),(4.156921938165,9.930424630062),.PIECEWISE_BEZIER_KNOTS.);
#2607 = CARTESIAN_POINT('',(-16.8,-0.923760430703));
#2608 = CARTESIAN_POINT('',(-21.8,1.962990915245));
#2609 = ( GEOMETRIC_REPRESENTATION_CONTEXT(2) 
PARAMETRIC_REPRESENTATION_CONTEXT() REPRESENTATION_CONTEXT('2D SPACE',''
  ) );
#2610 = PCURVE('',#2611,#2616);
#2611 = PLANE('',#2612);
#2612 = AXIS2_PLACEMENT_3D('',#2613,#2614,#2615);
#2613 = CARTESIAN_POINT('',(-21.8,1.962990915245,36.5));
#2614 = DIRECTION('',(0.5,0.866025403784,-0.));
#2615 = DIRECTION('',(0.866025403784,-0.5,0.));
#2616 = DEFINITIONAL_REPRESENTATION('',(#2617),#2620);
#2617 = B_SPLINE_CURVE_WITH_KNOTS('',1,(#2618,#2619),.UNSPECIFIED.,.F.,
  .F.,(2,2),(4.156921938165,9.930424630062),.PIECEWISE_BEZIER_KNOTS.);
#2618 = CARTESIAN_POINT('',(5.773502691896,-1.));
#2619 = CARTESIAN_POINT('',(0.,-1.));
#2620 = ( GEOMETRIC_REPRESENTATION_CONTEXT(2) 
PARAMETRIC_REPRESENTATION_CONTEXT() REPRESENTATION_CONTEXT('2D SPACE',''
  ) );
#2621 = FACE_BOUND('',#2622,.F.);
#2622 = EDGE_LOOP('',(#2623,#2651,#2677,#2703,#2729,#2755));
#2623 = ORIENTED_EDGE('',*,*,#2624,.T.);
#2624 = EDGE_CURVE('',#2625,#2627,#2629,.T.);
#2625 = VERTEX_POINT('',#2626);
#2626 = CARTESIAN_POINT('',(-10.6,1.962990915245,37.5));
#2627 = VERTEX_POINT('',#2628);
#2628 = CARTESIAN_POINT('',(-10.6,7.736493607141,37.5));
#2629 = SURFACE_CURVE('',#2630,(#2634,#2640),.PCURVE_S1.);
#2630 = LINE('',#2631,#2632);
#2631 = CARTESIAN_POINT('',(-10.6,3.86824680357,37.5));
#2632 = VECTOR('',#2633,1.);
#2633 = DIRECTION('',(4.615110447321E-16,1.,-0.));
#2634 = PCURVE('',#32,#2635);
#2635 = DEFINITIONAL_REPRESENTATION('',(#2636),#2639);
#2636 = B_SPLINE_CURVE_WITH_KNOTS('',1,(#2637,#2638),.UNSPECIFIED.,.F.,
  .F.,(2,2),(-1.905255888326,3.86824680357),.PIECEWISE_BEZIER_KNOTS.);
#2637 = CARTESIAN_POINT('',(-10.6,1.962990915245));
#2638 = CARTESIAN_POINT('',(-10.6,7.736493607141));
#2639 = ( GEOMETRIC_REPRESENTATION_CONTEXT(2) 
PARAMETRIC_REPRESENTATION_CONTEXT() REPRESENTATION_CONTEXT('2D SPACE',''
  ) );
#2640 = PCURVE('',#2641,#2646);
#2641 = PLANE('',#2642);
#2642 = AXIS2_PLACEMENT_3D('',#2643,#2644,#2645);
#2643 = CARTESIAN_POINT('',(-10.6,7.736493607141,36.5));
#2644 = DIRECTION('',(1.,-4.615110447321E-16,0.));
#2645 = DIRECTION('',(-4.615110447321E-16,-1.,0.));
#2646 = DEFINITIONAL_REPRESENTATION('',(#2647),#2650);
#2647 = B_SPLINE_CURVE_WITH_KNOTS('',1,(#2648,#2649),.UNSPECIFIED.,.F.,
  .F.,(2,2),(-1.905255888326,3.86824680357),.PIECEWISE_BEZIER_KNOTS.);
#2648 = CARTESIAN_POINT('',(5.773502691896,-1.));
#2649 = CARTESIAN_POINT('',(0.,-1.));
#2650 = ( GEOMETRIC_REPRESENTATION_CONTEXT(2) 
PARAMETRIC_REPRESENTATION_CONTEXT() REPRESENTATION_CONTEXT('2D SPACE',''
  ) );
#2651 = ORIENTED_EDGE('',*,*,#2652,.T.);
#2652 = EDGE_CURVE('',#2627,#2653,#2655,.T.);
#2653 = VERTEX_POINT('',#2654);
#2654 = CARTESIAN_POINT('',(-5.6,10.623244953089,37.5));
#2655 = SURFACE_CURVE('',#2656,(#2660,#2666),.PCURVE_S1.);
#2656 = LINE('',#2657,#2658);
#2657 = CARTESIAN_POINT('',(-5.8,10.507774899251,37.5));
#2658 = VECTOR('',#2659,1.);
#2659 = DIRECTION('',(0.866025403784,0.5,-0.));
#2660 = PCURVE('',#32,#2661);
#2661 = DEFINITIONAL_REPRESENTATION('',(#2662),#2665);
#2662 = B_SPLINE_CURVE_WITH_KNOTS('',1,(#2663,#2664),.UNSPECIFIED.,.F.,
  .F.,(2,2),(-5.54256258422,0.230940107676),.PIECEWISE_BEZIER_KNOTS.);
#2663 = CARTESIAN_POINT('',(-10.6,7.736493607141));
#2664 = CARTESIAN_POINT('',(-5.6,10.623244953089));
#2665 = ( GEOMETRIC_REPRESENTATION_CONTEXT(2) 
PARAMETRIC_REPRESENTATION_CONTEXT() REPRESENTATION_CONTEXT('2D SPACE',''
  ) );
#2666 = PCURVE('',#2667,#2672);
#2667 = PLANE('',#2668);
#2668 = AXIS2_PLACEMENT_3D('',#2669,#2670,#2671);
#2669 = CARTESIAN_POINT('',(-5.6,10.623244953089,36.5));
#2670 = DIRECTION('',(0.5,-0.866025403784,0.));
#2671 = DIRECTION('',(-0.866025403784,-0.5,0.));
#2672 = DEFINITIONAL_REPRESENTATION('',(#2673),#2676);
#2673 = B_SPLINE_CURVE_WITH_KNOTS('',1,(#2674,#2675),.UNSPECIFIED.,.F.,
  .F.,(2,2),(-5.54256258422,0.230940107676),.PIECEWISE_BEZIER_KNOTS.);
#2674 = CARTESIAN_POINT('',(5.773502691896,-1.));
#2675 = CARTESIAN_POINT('',(0.,-1.));
#2676 = ( GEOMETRIC_REPRESENTATION_CONTEXT(2) 
PARAMETRIC_REPRESENTATION_CONTEXT() REPRESENTATION_CONTEXT('2D SPACE',''
  ) );
#2677 = ORIENTED_EDGE('',*,*,#2678,.T.);
#2678 = EDGE_CURVE('',#2653,#2679,#2681,.T.);
#2679 = VERTEX_POINT('',#2680);
#2680 = CARTESIAN_POINT('',(-0.6,7.736493607141,37.5));
#2681 = SURFACE_CURVE('',#2682,(#2686,#2692),.PCURVE_S1.);
#2682 = LINE('',#2683,#2684);
#2683 = CARTESIAN_POINT('',(1.3,6.639528095681,37.5));
#2684 = VECTOR('',#2685,1.);
#2685 = DIRECTION('',(0.866025403784,-0.5,0.));
#2686 = PCURVE('',#32,#2687);
#2687 = DEFINITIONAL_REPRESENTATION('',(#2688),#2691);
#2688 = B_SPLINE_CURVE_WITH_KNOTS('',1,(#2689,#2690),.UNSPECIFIED.,.F.,
  .F.,(2,2),(-7.967433714817,-2.193931022921),.PIECEWISE_BEZIER_KNOTS.);
#2689 = CARTESIAN_POINT('',(-5.6,10.623244953089));
#2690 = CARTESIAN_POINT('',(-0.6,7.736493607141));
#2691 = ( GEOMETRIC_REPRESENTATION_CONTEXT(2) 
PARAMETRIC_REPRESENTATION_CONTEXT() REPRESENTATION_CONTEXT('2D SPACE',''
  ) );
#2692 = PCURVE('',#2693,#2698);
#2693 = PLANE('',#2694);
#2694 = AXIS2_PLACEMENT_3D('',#2695,#2696,#2697);
#2695 = CARTESIAN_POINT('',(-0.6,7.736493607141,36.5));
#2696 = DIRECTION('',(-0.5,-0.866025403784,0.));
#2697 = DIRECTION('',(-0.866025403784,0.5,0.));
#2698 = DEFINITIONAL_REPRESENTATION('',(#2699),#2702);
#2699 = B_SPLINE_CURVE_WITH_KNOTS('',1,(#2700,#2701),.UNSPECIFIED.,.F.,
  .F.,(2,2),(-7.967433714817,-2.193931022921),.PIECEWISE_BEZIER_KNOTS.);
#2700 = CARTESIAN_POINT('',(5.773502691896,-1.));
#2701 = CARTESIAN_POINT('',(0.,-1.));
#2702 = ( GEOMETRIC_REPRESENTATION_CONTEXT(2) 
PARAMETRIC_REPRESENTATION_CONTEXT() REPRESENTATION_CONTEXT('2D SPACE',''
  ) );
#2703 = ORIENTED_EDGE('',*,*,#2704,.T.);
#2704 = EDGE_CURVE('',#2679,#2705,#2707,.T.);
#2705 = VERTEX_POINT('',#2706);
#2706 = CARTESIAN_POINT('',(-0.6,1.962990915245,37.5));
#2707 = SURFACE_CURVE('',#2708,(#2712,#2718),.PCURVE_S1.);
#2708 = LINE('',#2709,#2710);
#2709 = CARTESIAN_POINT('',(-0.6,0.981495457622,37.5));
#2710 = VECTOR('',#2711,1.);
#2711 = DIRECTION('',(-1.538370149107E-16,-1.,0.));
#2712 = PCURVE('',#32,#2713);
#2713 = DEFINITIONAL_REPRESENTATION('',(#2714),#2717);
#2714 = B_SPLINE_CURVE_WITH_KNOTS('',1,(#2715,#2716),.UNSPECIFIED.,.F.,
  .F.,(2,2),(-6.754998149519,-0.981495457622),.PIECEWISE_BEZIER_KNOTS.);
#2715 = CARTESIAN_POINT('',(-0.6,7.736493607141));
#2716 = CARTESIAN_POINT('',(-0.6,1.962990915245));
#2717 = ( GEOMETRIC_REPRESENTATION_CONTEXT(2) 
PARAMETRIC_REPRESENTATION_CONTEXT() REPRESENTATION_CONTEXT('2D SPACE',''
  ) );
#2718 = PCURVE('',#2719,#2724);
#2719 = PLANE('',#2720);
#2720 = AXIS2_PLACEMENT_3D('',#2721,#2722,#2723);
#2721 = CARTESIAN_POINT('',(-0.6,1.962990915245,36.5));
#2722 = DIRECTION('',(-1.,1.538370149107E-16,0.));
#2723 = DIRECTION('',(1.538370149107E-16,1.,0.));
#2724 = DEFINITIONAL_REPRESENTATION('',(#2725),#2728);
#2725 = B_SPLINE_CURVE_WITH_KNOTS('',1,(#2726,#2727),.UNSPECIFIED.,.F.,
  .F.,(2,2),(-6.754998149519,-0.981495457622),.PIECEWISE_BEZIER_KNOTS.);
#2726 = CARTESIAN_POINT('',(5.773502691896,-1.));
#2727 = CARTESIAN_POINT('',(0.,-1.));
#2728 = ( GEOMETRIC_REPRESENTATION_CONTEXT(2) 
PARAMETRIC_REPRESENTATION_CONTEXT() REPRESENTATION_CONTEXT('2D SPACE',''
  ) );
#2729 = ORIENTED_EDGE('',*,*,#2730,.T.);
#2730 = EDGE_CURVE('',#2705,#2731,#2733,.T.);
#2731 = VERTEX_POINT('',#2732);
#2732 = CARTESIAN_POINT('',(-5.6,-0.923760430703,37.5));
#2733 = SURFACE_CURVE('',#2734,(#2738,#2744),.PCURVE_S1.);
#2734 = LINE('',#2735,#2736);
#2735 = CARTESIAN_POINT('',(-3.3,0.404145188433,37.5));
#2736 = VECTOR('',#2737,1.);
#2737 = DIRECTION('',(-0.866025403784,-0.5,0.));
#2738 = PCURVE('',#32,#2739);
#2739 = DEFINITIONAL_REPRESENTATION('',(#2740),#2743);
#2740 = B_SPLINE_CURVE_WITH_KNOTS('',1,(#2741,#2742),.UNSPECIFIED.,.F.,
  .F.,(2,2),(-3.117691453624,2.655811238272),.PIECEWISE_BEZIER_KNOTS.);
#2741 = CARTESIAN_POINT('',(-0.6,1.962990915245));
#2742 = CARTESIAN_POINT('',(-5.6,-0.923760430703));
#2743 = ( GEOMETRIC_REPRESENTATION_CONTEXT(2) 
PARAMETRIC_REPRESENTATION_CONTEXT() REPRESENTATION_CONTEXT('2D SPACE',''
  ) );
#2744 = PCURVE('',#2745,#2750);
#2745 = PLANE('',#2746);
#2746 = AXIS2_PLACEMENT_3D('',#2747,#2748,#2749);
#2747 = CARTESIAN_POINT('',(-5.6,-0.923760430703,36.5));
#2748 = DIRECTION('',(-0.5,0.866025403784,0.));
#2749 = DIRECTION('',(0.866025403784,0.5,0.));
#2750 = DEFINITIONAL_REPRESENTATION('',(#2751),#2754);
#2751 = B_SPLINE_CURVE_WITH_KNOTS('',1,(#2752,#2753),.UNSPECIFIED.,.F.,
  .F.,(2,2),(-3.117691453624,2.655811238272),.PIECEWISE_BEZIER_KNOTS.);
#2752 = CARTESIAN_POINT('',(5.773502691896,-1.));
#2753 = CARTESIAN_POINT('',(0.,-1.));
#2754 = ( GEOMETRIC_REPRESENTATION_CONTEXT(2) 
PARAMETRIC_REPRESENTATION_CONTEXT() REPRESENTATION_CONTEXT('2D SPACE',''
  ) );
#2755 = ORIENTED_EDGE('',*,*,#2756,.T.);
#2756 = EDGE_CURVE('',#2731,#2625,#2757,.T.);
#2757 = SURFACE_CURVE('',#2758,(#2762,#2768),.PCURVE_S1.);
#2758 = LINE('',#2759,#2760);
#2759 = CARTESIAN_POINT('',(-6.2,-0.57735026919,37.5));
#2760 = VECTOR('',#2761,1.);
#2761 = DIRECTION('',(-0.866025403784,0.5,0.));
#2762 = PCURVE('',#32,#2763);
#2763 = DEFINITIONAL_REPRESENTATION('',(#2764),#2767);
#2764 = B_SPLINE_CURVE_WITH_KNOTS('',1,(#2765,#2766),.UNSPECIFIED.,.F.,
  .F.,(2,2),(-0.692820323028,5.080682368869),.PIECEWISE_BEZIER_KNOTS.);
#2765 = CARTESIAN_POINT('',(-5.6,-0.923760430703));
#2766 = CARTESIAN_POINT('',(-10.6,1.962990915245));
#2767 = ( GEOMETRIC_REPRESENTATION_CONTEXT(2) 
PARAMETRIC_REPRESENTATION_CONTEXT() REPRESENTATION_CONTEXT('2D SPACE',''
  ) );
#2768 = PCURVE('',#2769,#2774);
#2769 = PLANE('',#2770);
#2770 = AXIS2_PLACEMENT_3D('',#2771,#2772,#2773);
#2771 = CARTESIAN_POINT('',(-10.6,1.962990915245,36.5));
#2772 = DIRECTION('',(0.5,0.866025403784,-0.));
#2773 = DIRECTION('',(0.866025403784,-0.5,0.));
#2774 = DEFINITIONAL_REPRESENTATION('',(#2775),#2778);
#2775 = B_SPLINE_CURVE_WITH_KNOTS('',1,(#2776,#2777),.UNSPECIFIED.,.F.,
  .F.,(2,2),(-0.692820323028,5.080682368869),.PIECEWISE_BEZIER_KNOTS.);
#2776 = CARTESIAN_POINT('',(5.773502691896,-1.));
#2777 = CARTESIAN_POINT('',(0.,-1.));
#2778 = ( GEOMETRIC_REPRESENTATION_CONTEXT(2) 
PARAMETRIC_REPRESENTATION_CONTEXT() REPRESENTATION_CONTEXT('2D SPACE',''
  ) );
#2779 = FACE_BOUND('',#2780,.F.);
#2780 = EDGE_LOOP('',(#2781,#2809,#2835,#2861,#2887,#2913));
#2781 = ORIENTED_EDGE('',*,*,#2782,.T.);
#2782 = EDGE_CURVE('',#2783,#2785,#2787,.T.);
#2783 = VERTEX_POINT('',#2784);
#2784 = CARTESIAN_POINT('',(-16.2,11.66247543763,37.5));
#2785 = VERTEX_POINT('',#2786);
#2786 = CARTESIAN_POINT('',(-16.2,17.435978129527,37.5));
#2787 = SURFACE_CURVE('',#2788,(#2792,#2798),.PCURVE_S1.);
#2788 = LINE('',#2789,#2790);
#2789 = CARTESIAN_POINT('',(-16.2,8.717989064763,37.5));
#2790 = VECTOR('',#2791,1.);
#2791 = DIRECTION('',(4.615110447321E-16,1.,-0.));
#2792 = PCURVE('',#32,#2793);
#2793 = DEFINITIONAL_REPRESENTATION('',(#2794),#2797);
#2794 = B_SPLINE_CURVE_WITH_KNOTS('',1,(#2795,#2796),.UNSPECIFIED.,.F.,
  .F.,(2,2),(2.944486372867,8.717989064763),.PIECEWISE_BEZIER_KNOTS.);
#2795 = CARTESIAN_POINT('',(-16.2,11.66247543763));
#2796 = CARTESIAN_POINT('',(-16.2,17.435978129527));
#2797 = ( GEOMETRIC_REPRESENTATION_CONTEXT(2) 
PARAMETRIC_REPRESENTATION_CONTEXT() REPRESENTATION_CONTEXT('2D SPACE',''
  ) );
#2798 = PCURVE('',#2799,#2804);
#2799 = PLANE('',#2800);
#2800 = AXIS2_PLACEMENT_3D('',#2801,#2802,#2803);
#2801 = CARTESIAN_POINT('',(-16.2,17.435978129527,36.5));
#2802 = DIRECTION('',(1.,-4.615110447321E-16,0.));
#2803 = DIRECTION('',(-4.615110447321E-16,-1.,0.));
#2804 = DEFINITIONAL_REPRESENTATION('',(#2805),#2808);
#2805 = B_SPLINE_CURVE_WITH_KNOTS('',1,(#2806,#2807),.UNSPECIFIED.,.F.,
  .F.,(2,2),(2.944486372867,8.717989064763),.PIECEWISE_BEZIER_KNOTS.);
#2806 = CARTESIAN_POINT('',(5.773502691896,-1.));
#2807 = CARTESIAN_POINT('',(0.,-1.));
#2808 = ( GEOMETRIC_REPRESENTATION_CONTEXT(2) 
PARAMETRIC_REPRESENTATION_CONTEXT() REPRESENTATION_CONTEXT('2D SPACE',''
  ) );
#2809 = ORIENTED_EDGE('',*,*,#2810,.T.);
#2810 = EDGE_CURVE('',#2785,#2811,#2813,.T.);
#2811 = VERTEX_POINT('',#2812);
#2812 = CARTESIAN_POINT('',(-11.2,20.322729475475,37.5));
#2813 = SURFACE_CURVE('',#2814,(#2818,#2824),.PCURVE_S1.);
#2814 = LINE('',#2815,#2816);
#2815 = CARTESIAN_POINT('',(-11.4,20.207259421637,37.5));
#2816 = VECTOR('',#2817,1.);
#2817 = DIRECTION('',(0.866025403784,0.5,-0.));
#2818 = PCURVE('',#32,#2819);
#2819 = DEFINITIONAL_REPRESENTATION('',(#2820),#2823);
#2820 = B_SPLINE_CURVE_WITH_KNOTS('',1,(#2821,#2822),.UNSPECIFIED.,.F.,
  .F.,(2,2),(-5.54256258422,0.230940107676),.PIECEWISE_BEZIER_KNOTS.);
#2821 = CARTESIAN_POINT('',(-16.2,17.435978129527));
#2822 = CARTESIAN_POINT('',(-11.2,20.322729475475));
#2823 = ( GEOMETRIC_REPRESENTATION_CONTEXT(2) 
PARAMETRIC_REPRESENTATION_CONTEXT() REPRESENTATION_CONTEXT('2D SPACE',''
  ) );
#2824 = PCURVE('',#2825,#2830);
#2825 = PLANE('',#2826);
#2826 = AXIS2_PLACEMENT_3D('',#2827,#2828,#2829);
#2827 = CARTESIAN_POINT('',(-11.2,20.322729475475,36.5));
#2828 = DIRECTION('',(0.5,-0.866025403784,0.));
#2829 = DIRECTION('',(-0.866025403784,-0.5,0.));
#2830 = DEFINITIONAL_REPRESENTATION('',(#2831),#2834);
#2831 = B_SPLINE_CURVE_WITH_KNOTS('',1,(#2832,#2833),.UNSPECIFIED.,.F.,
  .F.,(2,2),(-5.54256258422,0.230940107676),.PIECEWISE_BEZIER_KNOTS.);
#2832 = CARTESIAN_POINT('',(5.773502691896,-1.));
#2833 = CARTESIAN_POINT('',(0.,-1.));
#2834 = ( GEOMETRIC_REPRESENTATION_CONTEXT(2) 
PARAMETRIC_REPRESENTATION_CONTEXT() REPRESENTATION_CONTEXT('2D SPACE',''
  ) );
#2835 = ORIENTED_EDGE('',*,*,#2836,.T.);
#2836 = EDGE_CURVE('',#2811,#2837,#2839,.T.);
#2837 = VERTEX_POINT('',#2838);
#2838 = CARTESIAN_POINT('',(-6.2,17.435978129527,37.5));
#2839 = SURFACE_CURVE('',#2840,(#2844,#2850),.PCURVE_S1.);
#2840 = LINE('',#2841,#2842);
#2841 = CARTESIAN_POINT('',(-1.E-01,13.91414148747,37.5));
#2842 = VECTOR('',#2843,1.);
#2843 = DIRECTION('',(0.866025403784,-0.5,0.));
#2844 = PCURVE('',#32,#2845);
#2845 = DEFINITIONAL_REPRESENTATION('',(#2846),#2849);
#2846 = B_SPLINE_CURVE_WITH_KNOTS('',1,(#2847,#2848),.UNSPECIFIED.,.F.,
  .F.,(2,2),(-12.81717597601,-7.043673284113),.PIECEWISE_BEZIER_KNOTS.);
#2847 = CARTESIAN_POINT('',(-11.2,20.322729475475));
#2848 = CARTESIAN_POINT('',(-6.2,17.435978129527));
#2849 = ( GEOMETRIC_REPRESENTATION_CONTEXT(2) 
PARAMETRIC_REPRESENTATION_CONTEXT() REPRESENTATION_CONTEXT('2D SPACE',''
  ) );
#2850 = PCURVE('',#2851,#2856);
#2851 = PLANE('',#2852);
#2852 = AXIS2_PLACEMENT_3D('',#2853,#2854,#2855);
#2853 = CARTESIAN_POINT('',(-6.2,17.435978129527,36.5));
#2854 = DIRECTION('',(-0.5,-0.866025403784,0.));
#2855 = DIRECTION('',(-0.866025403784,0.5,0.));
#2856 = DEFINITIONAL_REPRESENTATION('',(#2857),#2860);
#2857 = B_SPLINE_CURVE_WITH_KNOTS('',1,(#2858,#2859),.UNSPECIFIED.,.F.,
  .F.,(2,2),(-12.81717597601,-7.043673284113),.PIECEWISE_BEZIER_KNOTS.);
#2858 = CARTESIAN_POINT('',(5.773502691896,-1.));
#2859 = CARTESIAN_POINT('',(0.,-1.));
#2860 = ( GEOMETRIC_REPRESENTATION_CONTEXT(2) 
PARAMETRIC_REPRESENTATION_CONTEXT() REPRESENTATION_CONTEXT('2D SPACE',''
  ) );
#2861 = ORIENTED_EDGE('',*,*,#2862,.T.);
#2862 = EDGE_CURVE('',#2837,#2863,#2865,.T.);
#2863 = VERTEX_POINT('',#2864);
#2864 = CARTESIAN_POINT('',(-6.2,11.66247543763,37.5));
#2865 = SURFACE_CURVE('',#2866,(#2870,#2876),.PCURVE_S1.);
#2866 = LINE('',#2867,#2868);
#2867 = CARTESIAN_POINT('',(-6.2,5.831237718815,37.5));
#2868 = VECTOR('',#2869,1.);
#2869 = DIRECTION('',(-1.538370149107E-16,-1.,0.));
#2870 = PCURVE('',#32,#2871);
#2871 = DEFINITIONAL_REPRESENTATION('',(#2872),#2875);
#2872 = B_SPLINE_CURVE_WITH_KNOTS('',1,(#2873,#2874),.UNSPECIFIED.,.F.,
  .F.,(2,2),(-11.60474041071,-5.831237718815),.PIECEWISE_BEZIER_KNOTS.);
#2873 = CARTESIAN_POINT('',(-6.2,17.435978129527));
#2874 = CARTESIAN_POINT('',(-6.2,11.66247543763));
#2875 = ( GEOMETRIC_REPRESENTATION_CONTEXT(2) 
PARAMETRIC_REPRESENTATION_CONTEXT() REPRESENTATION_CONTEXT('2D SPACE',''
  ) );
#2876 = PCURVE('',#2877,#2882);
#2877 = PLANE('',#2878);
#2878 = AXIS2_PLACEMENT_3D('',#2879,#2880,#2881);
#2879 = CARTESIAN_POINT('',(-6.2,11.66247543763,36.5));
#2880 = DIRECTION('',(-1.,1.538370149107E-16,0.));
#2881 = DIRECTION('',(1.538370149107E-16,1.,0.));
#2882 = DEFINITIONAL_REPRESENTATION('',(#2883),#2886);
#2883 = B_SPLINE_CURVE_WITH_KNOTS('',1,(#2884,#2885),.UNSPECIFIED.,.F.,
  .F.,(2,2),(-11.60474041071,-5.831237718815),.PIECEWISE_BEZIER_KNOTS.);
#2884 = CARTESIAN_POINT('',(5.773502691896,-1.));
#2885 = CARTESIAN_POINT('',(0.,-1.));
#2886 = ( GEOMETRIC_REPRESENTATION_CONTEXT(2) 
PARAMETRIC_REPRESENTATION_CONTEXT() REPRESENTATION_CONTEXT('2D SPACE',''
  ) );
#2887 = ORIENTED_EDGE('',*,*,#2888,.T.);
#2888 = EDGE_CURVE('',#2863,#2889,#2891,.T.);
#2889 = VERTEX_POINT('',#2890);
#2890 = CARTESIAN_POINT('',(-11.2,8.775724091682,37.5));
#2891 = SURFACE_CURVE('',#2892,(#2896,#2902),.PCURVE_S1.);
#2892 = LINE('',#2893,#2894);
#2893 = CARTESIAN_POINT('',(-8.9,10.103629710818,37.5));
#2894 = VECTOR('',#2895,1.);
#2895 = DIRECTION('',(-0.866025403784,-0.5,0.));
#2896 = PCURVE('',#32,#2897);
#2897 = DEFINITIONAL_REPRESENTATION('',(#2898),#2901);
#2898 = B_SPLINE_CURVE_WITH_KNOTS('',1,(#2899,#2900),.UNSPECIFIED.,.F.,
  .F.,(2,2),(-3.117691453624,2.655811238272),.PIECEWISE_BEZIER_KNOTS.);
#2899 = CARTESIAN_POINT('',(-6.2,11.66247543763));
#2900 = CARTESIAN_POINT('',(-11.2,8.775724091682));
#2901 = ( GEOMETRIC_REPRESENTATION_CONTEXT(2) 
PARAMETRIC_REPRESENTATION_CONTEXT() REPRESENTATION_CONTEXT('2D SPACE',''
  ) );
#2902 = PCURVE('',#2903,#2908);
#2903 = PLANE('',#2904);
#2904 = AXIS2_PLACEMENT_3D('',#2905,#2906,#2907);
#2905 = CARTESIAN_POINT('',(-11.2,8.775724091682,36.5));
#2906 = DIRECTION('',(-0.5,0.866025403784,0.));
#2907 = DIRECTION('',(0.866025403784,0.5,0.));
#2908 = DEFINITIONAL_REPRESENTATION('',(#2909),#2912);
#2909 = B_SPLINE_CURVE_WITH_KNOTS('',1,(#2910,#2911),.UNSPECIFIED.,.F.,
  .F.,(2,2),(-3.117691453624,2.655811238272),.PIECEWISE_BEZIER_KNOTS.);
#2910 = CARTESIAN_POINT('',(5.773502691896,-1.));
#2911 = CARTESIAN_POINT('',(0.,-1.));
#2912 = ( GEOMETRIC_REPRESENTATION_CONTEXT(2) 
PARAMETRIC_REPRESENTATION_CONTEXT() REPRESENTATION_CONTEXT('2D SPACE',''
  ) );
#2913 = ORIENTED_EDGE('',*,*,#2914,.T.);
#2914 = EDGE_CURVE('',#2889,#2783,#2915,.T.);
#2915 = SURFACE_CURVE('',#2916,(#2920,#2926),.PCURVE_S1.);
#2916 = LINE('',#2917,#2918);
#2917 = CARTESIAN_POINT('',(-7.6,6.6972631226,37.5));
#2918 = VECTOR('',#2919,1.);
#2919 = DIRECTION('',(-0.866025403784,0.5,0.));
#2920 = PCURVE('',#32,#2921);
#2921 = DEFINITIONAL_REPRESENTATION('',(#2922),#2925);
#2922 = B_SPLINE_CURVE_WITH_KNOTS('',1,(#2923,#2924),.UNSPECIFIED.,.F.,
  .F.,(2,2),(4.156921938165,9.930424630062),.PIECEWISE_BEZIER_KNOTS.);
#2923 = CARTESIAN_POINT('',(-11.2,8.775724091682));
#2924 = CARTESIAN_POINT('',(-16.2,11.66247543763));
#2925 = ( GEOMETRIC_REPRESENTATION_CONTEXT(2) 
PARAMETRIC_REPRESENTATION_CONTEXT() REPRESENTATION_CONTEXT('2D SPACE',''
  ) );
#2926 = PCURVE('',#2927,#2932);
#2927 = PLANE('',#2928);
#2928 = AXIS2_PLACEMENT_3D('',#2929,#2930,#2931);
#2929 = CARTESIAN_POINT('',(-16.2,11.66247543763,36.5));
#2930 = DIRECTION('',(0.5,0.866025403784,-0.));
#2931 = DIRECTION('',(0.866025403784,-0.5,0.));
#2932 = DEFINITIONAL_REPRESENTATION('',(#2933),#2936);
#2933 = B_SPLINE_CURVE_WITH_KNOTS('',1,(#2934,#2935),.UNSPECIFIED.,.F.,
  .F.,(2,2),(4.156921938165,9.930424630062),.PIECEWISE_BEZIER_KNOTS.);
#2934 = CARTESIAN_POINT('',(5.773502691896,-1.));
#2935 = CARTESIAN_POINT('',(0.,-1.));
#2936 = ( GEOMETRIC_REPRESENTATION_CONTEXT(2) 
PARAMETRIC_REPRESENTATION_CONTEXT() REPRESENTATION_CONTEXT('2D SPACE',''
  ) );
#2937 = FACE_BOUND('',#2938,.F.);
#2938 = EDGE_LOOP('',(#2939,#2967,#2993,#3019,#3045,#3071));
#2939 = ORIENTED_EDGE('',*,*,#2940,.T.);
#2940 = EDGE_CURVE('',#2941,#2943,#2945,.T.);
#2941 = VERTEX_POINT('',#2942);
#2942 = CARTESIAN_POINT('',(-21.8,21.361959960016,37.5));
#2943 = VERTEX_POINT('',#2944);
#2944 = CARTESIAN_POINT('',(-21.8,27.135462651912,37.5));
#2945 = SURFACE_CURVE('',#2946,(#2950,#2956),.PCURVE_S1.);
#2946 = LINE('',#2947,#2948);
#2947 = CARTESIAN_POINT('',(-21.8,13.567731325956,37.5));
#2948 = VECTOR('',#2949,1.);
#2949 = DIRECTION('',(4.615110447321E-16,1.,-0.));
#2950 = PCURVE('',#32,#2951);
#2951 = DEFINITIONAL_REPRESENTATION('',(#2952),#2955);
#2952 = B_SPLINE_CURVE_WITH_KNOTS('',1,(#2953,#2954),.UNSPECIFIED.,.F.,
  .F.,(2,2),(7.79422863406,13.567731325956),.PIECEWISE_BEZIER_KNOTS.);
#2953 = CARTESIAN_POINT('',(-21.8,21.361959960016));
#2954 = CARTESIAN_POINT('',(-21.8,27.135462651912));
#2955 = ( GEOMETRIC_REPRESENTATION_CONTEXT(2) 
PARAMETRIC_REPRESENTATION_CONTEXT() REPRESENTATION_CONTEXT('2D SPACE',''
  ) );
#2956 = PCURVE('',#2957,#2962);
#2957 = PLANE('',#2958);
#2958 = AXIS2_PLACEMENT_3D('',#2959,#2960,#2961);
#2959 = CARTESIAN_POINT('',(-21.8,27.135462651912,36.5));
#2960 = DIRECTION('',(1.,-4.615110447321E-16,0.));
#2961 = DIRECTION('',(-4.615110447321E-16,-1.,0.));
#2962 = DEFINITIONAL_REPRESENTATION('',(#2963),#2966);
#2963 = B_SPLINE_CURVE_WITH_KNOTS('',1,(#2964,#2965),.UNSPECIFIED.,.F.,
  .F.,(2,2),(7.79422863406,13.567731325956),.PIECEWISE_BEZIER_KNOTS.);
#2964 = CARTESIAN_POINT('',(5.773502691896,-1.));
#2965 = CARTESIAN_POINT('',(0.,-1.));
#2966 = ( GEOMETRIC_REPRESENTATION_CONTEXT(2) 
PARAMETRIC_REPRESENTATION_CONTEXT() REPRESENTATION_CONTEXT('2D SPACE',''
  ) );
#2967 = ORIENTED_EDGE('',*,*,#2968,.T.);
#2968 = EDGE_CURVE('',#2943,#2969,#2971,.T.);
#2969 = VERTEX_POINT('',#2970);
#2970 = CARTESIAN_POINT('',(-16.8,30.022213997861,37.5));
#2971 = SURFACE_CURVE('',#2972,(#2976,#2982),.PCURVE_S1.);
#2972 = LINE('',#2973,#2974);
#2973 = CARTESIAN_POINT('',(-17.,29.906743944023,37.5));
#2974 = VECTOR('',#2975,1.);
#2975 = DIRECTION('',(0.866025403784,0.5,-0.));
#2976 = PCURVE('',#32,#2977);
#2977 = DEFINITIONAL_REPRESENTATION('',(#2978),#2981);
#2978 = B_SPLINE_CURVE_WITH_KNOTS('',1,(#2979,#2980),.UNSPECIFIED.,.F.,
  .F.,(2,2),(-5.54256258422,0.230940107676),.PIECEWISE_BEZIER_KNOTS.);
#2979 = CARTESIAN_POINT('',(-21.8,27.135462651912));
#2980 = CARTESIAN_POINT('',(-16.8,30.022213997861));
#2981 = ( GEOMETRIC_REPRESENTATION_CONTEXT(2) 
PARAMETRIC_REPRESENTATION_CONTEXT() REPRESENTATION_CONTEXT('2D SPACE',''
  ) );
#2982 = PCURVE('',#2983,#2988);
#2983 = PLANE('',#2984);
#2984 = AXIS2_PLACEMENT_3D('',#2985,#2986,#2987);
#2985 = CARTESIAN_POINT('',(-16.8,30.022213997861,36.5));
#2986 = DIRECTION('',(0.5,-0.866025403784,0.));
#2987 = DIRECTION('',(-0.866025403784,-0.5,0.));
#2988 = DEFINITIONAL_REPRESENTATION('',(#2989),#2992);
#2989 = B_SPLINE_CURVE_WITH_KNOTS('',1,(#2990,#2991),.UNSPECIFIED.,.F.,
  .F.,(2,2),(-5.54256258422,0.230940107676),.PIECEWISE_BEZIER_KNOTS.);
#2990 = CARTESIAN_POINT('',(5.773502691896,-1.));
#2991 = CARTESIAN_POINT('',(0.,-1.));
#2992 = ( GEOMETRIC_REPRESENTATION_CONTEXT(2) 
PARAMETRIC_REPRESENTATION_CONTEXT() REPRESENTATION_CONTEXT('2D SPACE',''
  ) );
#2993 = ORIENTED_EDGE('',*,*,#2994,.T.);
#2994 = EDGE_CURVE('',#2969,#2995,#2997,.T.);
#2995 = VERTEX_POINT('',#2996);
#2996 = CARTESIAN_POINT('',(-11.8,27.135462651912,37.5));
#2997 = SURFACE_CURVE('',#2998,(#3002,#3008),.PCURVE_S1.);
#2998 = LINE('',#2999,#3000);
#2999 = CARTESIAN_POINT('',(-1.5,21.188754879259,37.5));
#3000 = VECTOR('',#3001,1.);
#3001 = DIRECTION('',(0.866025403784,-0.5,0.));
#3002 = PCURVE('',#32,#3003);
#3003 = DEFINITIONAL_REPRESENTATION('',(#3004),#3007);
#3004 = B_SPLINE_CURVE_WITH_KNOTS('',1,(#3005,#3006),.UNSPECIFIED.,.F.,
  .F.,(2,2),(-17.6669182372,-11.8934155453),.PIECEWISE_BEZIER_KNOTS.);
#3005 = CARTESIAN_POINT('',(-16.8,30.022213997861));
#3006 = CARTESIAN_POINT('',(-11.8,27.135462651912));
#3007 = ( GEOMETRIC_REPRESENTATION_CONTEXT(2) 
PARAMETRIC_REPRESENTATION_CONTEXT() REPRESENTATION_CONTEXT('2D SPACE',''
  ) );
#3008 = PCURVE('',#3009,#3014);
#3009 = PLANE('',#3010);
#3010 = AXIS2_PLACEMENT_3D('',#3011,#3012,#3013);
#3011 = CARTESIAN_POINT('',(-11.8,27.135462651912,36.5));
#3012 = DIRECTION('',(-0.5,-0.866025403784,0.));
#3013 = DIRECTION('',(-0.866025403784,0.5,0.));
#3014 = DEFINITIONAL_REPRESENTATION('',(#3015),#3018);
#3015 = B_SPLINE_CURVE_WITH_KNOTS('',1,(#3016,#3017),.UNSPECIFIED.,.F.,
  .F.,(2,2),(-17.6669182372,-11.8934155453),.PIECEWISE_BEZIER_KNOTS.);
#3016 = CARTESIAN_POINT('',(5.773502691896,-1.));
#3017 = CARTESIAN_POINT('',(0.,-1.));
#3018 = ( GEOMETRIC_REPRESENTATION_CONTEXT(2) 
PARAMETRIC_REPRESENTATION_CONTEXT() REPRESENTATION_CONTEXT('2D SPACE',''
  ) );
#3019 = ORIENTED_EDGE('',*,*,#3020,.T.);
#3020 = EDGE_CURVE('',#2995,#3021,#3023,.T.);
#3021 = VERTEX_POINT('',#3022);
#3022 = CARTESIAN_POINT('',(-11.8,21.361959960016,37.5));
#3023 = SURFACE_CURVE('',#3024,(#3028,#3034),.PCURVE_S1.);
#3024 = LINE('',#3025,#3026);
#3025 = CARTESIAN_POINT('',(-11.8,10.680979980008,37.5));
#3026 = VECTOR('',#3027,1.);
#3027 = DIRECTION('',(-1.538370149107E-16,-1.,0.));
#3028 = PCURVE('',#32,#3029);
#3029 = DEFINITIONAL_REPRESENTATION('',(#3030),#3033);
#3030 = B_SPLINE_CURVE_WITH_KNOTS('',1,(#3031,#3032),.UNSPECIFIED.,.F.,
  .F.,(2,2),(-16.4544826719,-10.68097998),.PIECEWISE_BEZIER_KNOTS.);
#3031 = CARTESIAN_POINT('',(-11.8,27.135462651912));
#3032 = CARTESIAN_POINT('',(-11.8,21.361959960016));
#3033 = ( GEOMETRIC_REPRESENTATION_CONTEXT(2) 
PARAMETRIC_REPRESENTATION_CONTEXT() REPRESENTATION_CONTEXT('2D SPACE',''
  ) );
#3034 = PCURVE('',#3035,#3040);
#3035 = PLANE('',#3036);
#3036 = AXIS2_PLACEMENT_3D('',#3037,#3038,#3039);
#3037 = CARTESIAN_POINT('',(-11.8,21.361959960016,36.5));
#3038 = DIRECTION('',(-1.,1.538370149107E-16,0.));
#3039 = DIRECTION('',(1.538370149107E-16,1.,0.));
#3040 = DEFINITIONAL_REPRESENTATION('',(#3041),#3044);
#3041 = B_SPLINE_CURVE_WITH_KNOTS('',1,(#3042,#3043),.UNSPECIFIED.,.F.,
  .F.,(2,2),(-16.4544826719,-10.68097998),.PIECEWISE_BEZIER_KNOTS.);
#3042 = CARTESIAN_POINT('',(5.773502691896,-1.));
#3043 = CARTESIAN_POINT('',(0.,-1.));
#3044 = ( GEOMETRIC_REPRESENTATION_CONTEXT(2) 
PARAMETRIC_REPRESENTATION_CONTEXT() REPRESENTATION_CONTEXT('2D SPACE',''
  ) );
#3045 = ORIENTED_EDGE('',*,*,#3046,.T.);
#3046 = EDGE_CURVE('',#3021,#3047,#3049,.T.);
#3047 = VERTEX_POINT('',#3048);
#3048 = CARTESIAN_POINT('',(-16.8,18.475208614068,37.5));
#3049 = SURFACE_CURVE('',#3050,(#3054,#3060),.PCURVE_S1.);
#3050 = LINE('',#3051,#3052);
#3051 = CARTESIAN_POINT('',(-14.5,19.803114233204,37.5));
#3052 = VECTOR('',#3053,1.);
#3053 = DIRECTION('',(-0.866025403784,-0.5,0.));
#3054 = PCURVE('',#32,#3055);
#3055 = DEFINITIONAL_REPRESENTATION('',(#3056),#3059);
#3056 = B_SPLINE_CURVE_WITH_KNOTS('',1,(#3057,#3058),.UNSPECIFIED.,.F.,
  .F.,(2,2),(-3.117691453624,2.655811238272),.PIECEWISE_BEZIER_KNOTS.);
#3057 = CARTESIAN_POINT('',(-11.8,21.361959960016));
#3058 = CARTESIAN_POINT('',(-16.8,18.475208614068));
#3059 = ( GEOMETRIC_REPRESENTATION_CONTEXT(2) 
PARAMETRIC_REPRESENTATION_CONTEXT() REPRESENTATION_CONTEXT('2D SPACE',''
  ) );
#3060 = PCURVE('',#3061,#3066);
#3061 = PLANE('',#3062);
#3062 = AXIS2_PLACEMENT_3D('',#3063,#3064,#3065);
#3063 = CARTESIAN_POINT('',(-16.8,18.475208614068,36.5));
#3064 = DIRECTION('',(-0.5,0.866025403784,0.));
#3065 = DIRECTION('',(0.866025403784,0.5,0.));
#3066 = DEFINITIONAL_REPRESENTATION('',(#3067),#3070);
#3067 = B_SPLINE_CURVE_WITH_KNOTS('',1,(#3068,#3069),.UNSPECIFIED.,.F.,
  .F.,(2,2),(-3.117691453624,2.655811238272),.PIECEWISE_BEZIER_KNOTS.);
#3068 = CARTESIAN_POINT('',(5.773502691896,-1.));
#3069 = CARTESIAN_POINT('',(0.,-1.));
#3070 = ( GEOMETRIC_REPRESENTATION_CONTEXT(2) 
PARAMETRIC_REPRESENTATION_CONTEXT() REPRESENTATION_CONTEXT('2D SPACE',''
  ) );
#3071 = ORIENTED_EDGE('',*,*,#3072,.T.);
#3072 = EDGE_CURVE('',#3047,#2941,#3073,.T.);
#3073 = SURFACE_CURVE('',#3074,(#3078,#3084),.PCURVE_S1.);
#3074 = LINE('',#3075,#3076);
#3075 = CARTESIAN_POINT('',(-9.,13.971876514389,37.5));
#3076 = VECTOR('',#3077,1.);
#3077 = DIRECTION('',(-0.866025403784,0.5,0.));
#3078 = PCURVE('',#32,#3079);
#3079 = DEFINITIONAL_REPRESENTATION('',(#3080),#3083);
#3080 = B_SPLINE_CURVE_WITH_KNOTS('',1,(#3081,#3082),.UNSPECIFIED.,.F.,
  .F.,(2,2),(9.006664199358,14.780166891254),.PIECEWISE_BEZIER_KNOTS.);
#3081 = CARTESIAN_POINT('',(-16.8,18.475208614068));
#3082 = CARTESIAN_POINT('',(-21.8,21.361959960016));
#3083 = ( GEOMETRIC_REPRESENTATION_CONTEXT(2) 
PARAMETRIC_REPRESENTATION_CONTEXT() REPRESENTATION_CONTEXT('2D SPACE',''
  ) );
#3084 = PCURVE('',#3085,#3090);
#3085 = PLANE('',#3086);
#3086 = AXIS2_PLACEMENT_3D('',#3087,#3088,#3089);
#3087 = CARTESIAN_POINT('',(-21.8,21.361959960016,36.5));
#3088 = DIRECTION('',(0.5,0.866025403784,-0.));
#3089 = DIRECTION('',(0.866025403784,-0.5,0.));
#3090 = DEFINITIONAL_REPRESENTATION('',(#3091),#3094);
#3091 = B_SPLINE_CURVE_WITH_KNOTS('',1,(#3092,#3093),.UNSPECIFIED.,.F.,
  .F.,(2,2),(9.006664199358,14.780166891254),.PIECEWISE_BEZIER_KNOTS.);
#3092 = CARTESIAN_POINT('',(5.773502691896,-1.));
#3093 = CARTESIAN_POINT('',(0.,-1.));
#3094 = ( GEOMETRIC_REPRESENTATION_CONTEXT(2) 
PARAMETRIC_REPRESENTATION_CONTEXT() REPRESENTATION_CONTEXT('2D SPACE',''
  ) );
#3095 = FACE_BOUND('',#3096,.F.);
#3096 = EDGE_LOOP('',(#3097,#3125,#3151,#3177,#3203,#3229));
#3097 = ORIENTED_EDGE('',*,*,#3098,.T.);
#3098 = EDGE_CURVE('',#3099,#3101,#3103,.T.);
#3099 = VERTEX_POINT('',#3100);
#3100 = CARTESIAN_POINT('',(-10.6,21.361959960016,37.5));
#3101 = VERTEX_POINT('',#3102);
#3102 = CARTESIAN_POINT('',(-10.6,27.135462651912,37.5));
#3103 = SURFACE_CURVE('',#3104,(#3108,#3114),.PCURVE_S1.);
#3104 = LINE('',#3105,#3106);
#3105 = CARTESIAN_POINT('',(-10.6,13.567731325956,37.5));
#3106 = VECTOR('',#3107,1.);
#3107 = DIRECTION('',(4.615110447321E-16,1.,-0.));
#3108 = PCURVE('',#32,#3109);
#3109 = DEFINITIONAL_REPRESENTATION('',(#3110),#3113);
#3110 = B_SPLINE_CURVE_WITH_KNOTS('',1,(#3111,#3112),.UNSPECIFIED.,.F.,
  .F.,(2,2),(7.79422863406,13.567731325956),.PIECEWISE_BEZIER_KNOTS.);
#3111 = CARTESIAN_POINT('',(-10.6,21.361959960016));
#3112 = CARTESIAN_POINT('',(-10.6,27.135462651912));
#3113 = ( GEOMETRIC_REPRESENTATION_CONTEXT(2) 
PARAMETRIC_REPRESENTATION_CONTEXT() REPRESENTATION_CONTEXT('2D SPACE',''
  ) );
#3114 = PCURVE('',#3115,#3120);
#3115 = PLANE('',#3116);
#3116 = AXIS2_PLACEMENT_3D('',#3117,#3118,#3119);
#3117 = CARTESIAN_POINT('',(-10.6,27.135462651912,36.5));
#3118 = DIRECTION('',(1.,-4.615110447321E-16,0.));
#3119 = DIRECTION('',(-4.615110447321E-16,-1.,0.));
#3120 = DEFINITIONAL_REPRESENTATION('',(#3121),#3124);
#3121 = B_SPLINE_CURVE_WITH_KNOTS('',1,(#3122,#3123),.UNSPECIFIED.,.F.,
  .F.,(2,2),(7.79422863406,13.567731325956),.PIECEWISE_BEZIER_KNOTS.);
#3122 = CARTESIAN_POINT('',(5.773502691896,-1.));
#3123 = CARTESIAN_POINT('',(0.,-1.));
#3124 = ( GEOMETRIC_REPRESENTATION_CONTEXT(2) 
PARAMETRIC_REPRESENTATION_CONTEXT() REPRESENTATION_CONTEXT('2D SPACE',''
  ) );
#3125 = ORIENTED_EDGE('',*,*,#3126,.T.);
#3126 = EDGE_CURVE('',#3101,#3127,#3129,.T.);
#3127 = VERTEX_POINT('',#3128);
#3128 = CARTESIAN_POINT('',(-5.6,30.022213997861,37.5));
#3129 = SURFACE_CURVE('',#3130,(#3134,#3140),.PCURVE_S1.);
#3130 = LINE('',#3131,#3132);
#3131 = CARTESIAN_POINT('',(-10.,27.481872813426,37.5));
#3132 = VECTOR('',#3133,1.);
#3133 = DIRECTION('',(0.866025403784,0.5,-0.));
#3134 = PCURVE('',#32,#3135);
#3135 = DEFINITIONAL_REPRESENTATION('',(#3136),#3139);
#3136 = B_SPLINE_CURVE_WITH_KNOTS('',1,(#3137,#3138),.UNSPECIFIED.,.F.,
  .F.,(2,2),(-0.692820323028,5.080682368869),.PIECEWISE_BEZIER_KNOTS.);
#3137 = CARTESIAN_POINT('',(-10.6,27.135462651912));
#3138 = CARTESIAN_POINT('',(-5.6,30.022213997861));
#3139 = ( GEOMETRIC_REPRESENTATION_CONTEXT(2) 
PARAMETRIC_REPRESENTATION_CONTEXT() REPRESENTATION_CONTEXT('2D SPACE',''
  ) );
#3140 = PCURVE('',#3141,#3146);
#3141 = PLANE('',#3142);
#3142 = AXIS2_PLACEMENT_3D('',#3143,#3144,#3145);
#3143 = CARTESIAN_POINT('',(-5.6,30.022213997861,36.5));
#3144 = DIRECTION('',(0.5,-0.866025403784,0.));
#3145 = DIRECTION('',(-0.866025403784,-0.5,0.));
#3146 = DEFINITIONAL_REPRESENTATION('',(#3147),#3150);
#3147 = B_SPLINE_CURVE_WITH_KNOTS('',1,(#3148,#3149),.UNSPECIFIED.,.F.,
  .F.,(2,2),(-0.692820323028,5.080682368869),.PIECEWISE_BEZIER_KNOTS.);
#3148 = CARTESIAN_POINT('',(5.773502691896,-1.));
#3149 = CARTESIAN_POINT('',(0.,-1.));
#3150 = ( GEOMETRIC_REPRESENTATION_CONTEXT(2) 
PARAMETRIC_REPRESENTATION_CONTEXT() REPRESENTATION_CONTEXT('2D SPACE',''
  ) );
#3151 = ORIENTED_EDGE('',*,*,#3152,.T.);
#3152 = EDGE_CURVE('',#3127,#3153,#3155,.T.);
#3153 = VERTEX_POINT('',#3154);
#3154 = CARTESIAN_POINT('',(-0.6,27.135462651912,37.5));
#3155 = SURFACE_CURVE('',#3156,(#3160,#3166),.PCURVE_S1.);
#3156 = LINE('',#3157,#3158);
#3157 = CARTESIAN_POINT('',(5.5,23.613626009856,37.5));
#3158 = VECTOR('',#3159,1.);
#3159 = DIRECTION('',(0.866025403784,-0.5,0.));
#3160 = PCURVE('',#32,#3161);
#3161 = DEFINITIONAL_REPRESENTATION('',(#3162),#3165);
#3162 = B_SPLINE_CURVE_WITH_KNOTS('',1,(#3163,#3164),.UNSPECIFIED.,.F.,
  .F.,(2,2),(-12.81717597601,-7.043673284113),.PIECEWISE_BEZIER_KNOTS.);
#3163 = CARTESIAN_POINT('',(-5.6,30.022213997861));
#3164 = CARTESIAN_POINT('',(-0.6,27.135462651912));
#3165 = ( GEOMETRIC_REPRESENTATION_CONTEXT(2) 
PARAMETRIC_REPRESENTATION_CONTEXT() REPRESENTATION_CONTEXT('2D SPACE',''
  ) );
#3166 = PCURVE('',#3167,#3172);
#3167 = PLANE('',#3168);
#3168 = AXIS2_PLACEMENT_3D('',#3169,#3170,#3171);
#3169 = CARTESIAN_POINT('',(-0.6,27.135462651912,36.5));
#3170 = DIRECTION('',(-0.5,-0.866025403784,0.));
#3171 = DIRECTION('',(-0.866025403784,0.5,0.));
#3172 = DEFINITIONAL_REPRESENTATION('',(#3173),#3176);
#3173 = B_SPLINE_CURVE_WITH_KNOTS('',1,(#3174,#3175),.UNSPECIFIED.,.F.,
  .F.,(2,2),(-12.81717597601,-7.043673284113),.PIECEWISE_BEZIER_KNOTS.);
#3174 = CARTESIAN_POINT('',(5.773502691896,-1.));
#3175 = CARTESIAN_POINT('',(0.,-1.));
#3176 = ( GEOMETRIC_REPRESENTATION_CONTEXT(2) 
PARAMETRIC_REPRESENTATION_CONTEXT() REPRESENTATION_CONTEXT('2D SPACE',''
  ) );
#3177 = ORIENTED_EDGE('',*,*,#3178,.T.);
#3178 = EDGE_CURVE('',#3153,#3179,#3181,.T.);
#3179 = VERTEX_POINT('',#3180);
#3180 = CARTESIAN_POINT('',(-0.6,21.361959960016,37.5));
#3181 = SURFACE_CURVE('',#3182,(#3186,#3192),.PCURVE_S1.);
#3182 = LINE('',#3183,#3184);
#3183 = CARTESIAN_POINT('',(-0.6,10.680979980008,37.5));
#3184 = VECTOR('',#3185,1.);
#3185 = DIRECTION('',(-1.538370149107E-16,-1.,0.));
#3186 = PCURVE('',#32,#3187);
#3187 = DEFINITIONAL_REPRESENTATION('',(#3188),#3191);
#3188 = B_SPLINE_CURVE_WITH_KNOTS('',1,(#3189,#3190),.UNSPECIFIED.,.F.,
  .F.,(2,2),(-16.4544826719,-10.68097998),.PIECEWISE_BEZIER_KNOTS.);
#3189 = CARTESIAN_POINT('',(-0.6,27.135462651912));
#3190 = CARTESIAN_POINT('',(-0.6,21.361959960016));
#3191 = ( GEOMETRIC_REPRESENTATION_CONTEXT(2) 
PARAMETRIC_REPRESENTATION_CONTEXT() REPRESENTATION_CONTEXT('2D SPACE',''
  ) );
#3192 = PCURVE('',#3193,#3198);
#3193 = PLANE('',#3194);
#3194 = AXIS2_PLACEMENT_3D('',#3195,#3196,#3197);
#3195 = CARTESIAN_POINT('',(-0.6,21.361959960016,36.5));
#3196 = DIRECTION('',(-1.,1.538370149107E-16,0.));
#3197 = DIRECTION('',(1.538370149107E-16,1.,0.));
#3198 = DEFINITIONAL_REPRESENTATION('',(#3199),#3202);
#3199 = B_SPLINE_CURVE_WITH_KNOTS('',1,(#3200,#3201),.UNSPECIFIED.,.F.,
  .F.,(2,2),(-16.4544826719,-10.68097998),.PIECEWISE_BEZIER_KNOTS.);
#3200 = CARTESIAN_POINT('',(5.773502691896,-1.));
#3201 = CARTESIAN_POINT('',(0.,-1.));
#3202 = ( GEOMETRIC_REPRESENTATION_CONTEXT(2) 
PARAMETRIC_REPRESENTATION_CONTEXT() REPRESENTATION_CONTEXT('2D SPACE',''
  ) );
#3203 = ORIENTED_EDGE('',*,*,#3204,.T.);
#3204 = EDGE_CURVE('',#3179,#3205,#3207,.T.);
#3205 = VERTEX_POINT('',#3206);
#3206 = CARTESIAN_POINT('',(-5.6,18.475208614068,37.5));
#3207 = SURFACE_CURVE('',#3208,(#3212,#3218),.PCURVE_S1.);
#3208 = LINE('',#3209,#3210);
#3209 = CARTESIAN_POINT('',(-7.5,17.378243102608,37.5));
#3210 = VECTOR('',#3211,1.);
#3211 = DIRECTION('',(-0.866025403784,-0.5,0.));
#3212 = PCURVE('',#32,#3213);
#3213 = DEFINITIONAL_REPRESENTATION('',(#3214),#3217);
#3214 = B_SPLINE_CURVE_WITH_KNOTS('',1,(#3215,#3216),.UNSPECIFIED.,.F.,
  .F.,(2,2),(-7.967433714817,-2.193931022921),.PIECEWISE_BEZIER_KNOTS.);
#3215 = CARTESIAN_POINT('',(-0.6,21.361959960016));
#3216 = CARTESIAN_POINT('',(-5.6,18.475208614068));
#3217 = ( GEOMETRIC_REPRESENTATION_CONTEXT(2) 
PARAMETRIC_REPRESENTATION_CONTEXT() REPRESENTATION_CONTEXT('2D SPACE',''
  ) );
#3218 = PCURVE('',#3219,#3224);
#3219 = PLANE('',#3220);
#3220 = AXIS2_PLACEMENT_3D('',#3221,#3222,#3223);
#3221 = CARTESIAN_POINT('',(-5.6,18.475208614068,36.5));
#3222 = DIRECTION('',(-0.5,0.866025403784,0.));
#3223 = DIRECTION('',(0.866025403784,0.5,0.));
#3224 = DEFINITIONAL_REPRESENTATION('',(#3225),#3228);
#3225 = B_SPLINE_CURVE_WITH_KNOTS('',1,(#3226,#3227),.UNSPECIFIED.,.F.,
  .F.,(2,2),(-7.967433714817,-2.193931022921),.PIECEWISE_BEZIER_KNOTS.);
#3226 = CARTESIAN_POINT('',(5.773502691896,-1.));
#3227 = CARTESIAN_POINT('',(0.,-1.));
#3228 = ( GEOMETRIC_REPRESENTATION_CONTEXT(2) 
PARAMETRIC_REPRESENTATION_CONTEXT() REPRESENTATION_CONTEXT('2D SPACE',''
  ) );
#3229 = ORIENTED_EDGE('',*,*,#3230,.T.);
#3230 = EDGE_CURVE('',#3205,#3099,#3231,.T.);
#3231 = SURFACE_CURVE('',#3232,(#3236,#3242),.PCURVE_S1.);
#3232 = LINE('',#3233,#3234);
#3233 = CARTESIAN_POINT('',(-2.,16.396747644985,37.5));
#3234 = VECTOR('',#3235,1.);
#3235 = DIRECTION('',(-0.866025403784,0.5,0.));
#3236 = PCURVE('',#32,#3237);
#3237 = DEFINITIONAL_REPRESENTATION('',(#3238),#3241);
#3238 = B_SPLINE_CURVE_WITH_KNOTS('',1,(#3239,#3240),.UNSPECIFIED.,.F.,
  .F.,(2,2),(4.156921938165,9.930424630062),.PIECEWISE_BEZIER_KNOTS.);
#3239 = CARTESIAN_POINT('',(-5.6,18.475208614068));
#3240 = CARTESIAN_POINT('',(-10.6,21.361959960016));
#3241 = ( GEOMETRIC_REPRESENTATION_CONTEXT(2) 
PARAMETRIC_REPRESENTATION_CONTEXT() REPRESENTATION_CONTEXT('2D SPACE',''
  ) );
#3242 = PCURVE('',#3243,#3248);
#3243 = PLANE('',#3244);
#3244 = AXIS2_PLACEMENT_3D('',#3245,#3246,#3247);
#3245 = CARTESIAN_POINT('',(-10.6,21.361959960016,36.5));
#3246 = DIRECTION('',(0.5,0.866025403784,-0.));
#3247 = DIRECTION('',(0.866025403784,-0.5,0.));
#3248 = DEFINITIONAL_REPRESENTATION('',(#3249),#3252);
#3249 = B_SPLINE_CURVE_WITH_KNOTS('',1,(#3250,#3251),.UNSPECIFIED.,.F.,
  .F.,(2,2),(4.156921938165,9.930424630062),.PIECEWISE_BEZIER_KNOTS.);
#3250 = CARTESIAN_POINT('',(5.773502691896,-1.));
#3251 = CARTESIAN_POINT('',(0.,-1.));
#3252 = ( GEOMETRIC_REPRESENTATION_CONTEXT(2) 
PARAMETRIC_REPRESENTATION_CONTEXT() REPRESENTATION_CONTEXT('2D SPACE',''
  ) );
#3253 = FACE_BOUND('',#3254,.F.);
#3254 = EDGE_LOOP('',(#3255,#3283,#3309,#3335,#3361,#3387));
#3255 = ORIENTED_EDGE('',*,*,#3256,.T.);
#3256 = EDGE_CURVE('',#3257,#3259,#3261,.T.);
#3257 = VERTEX_POINT('',#3258);
#3258 = CARTESIAN_POINT('',(-16.2,31.061444482402,37.5));
#3259 = VERTEX_POINT('',#3260);
#3260 = CARTESIAN_POINT('',(-16.2,36.834947174298,37.5));
#3261 = SURFACE_CURVE('',#3262,(#3266,#3272),.PCURVE_S1.);
#3262 = LINE('',#3263,#3264);
#3263 = CARTESIAN_POINT('',(-16.2,18.417473587149,37.5));
#3264 = VECTOR('',#3265,1.);
#3265 = DIRECTION('',(4.615110447321E-16,1.,-0.));
#3266 = PCURVE('',#32,#3267);
#3267 = DEFINITIONAL_REPRESENTATION('',(#3268),#3271);
#3268 = B_SPLINE_CURVE_WITH_KNOTS('',1,(#3269,#3270),.UNSPECIFIED.,.F.,
  .F.,(2,2),(12.643970895253,18.417473587149),.PIECEWISE_BEZIER_KNOTS.);
#3269 = CARTESIAN_POINT('',(-16.2,31.061444482402));
#3270 = CARTESIAN_POINT('',(-16.2,36.834947174298));
#3271 = ( GEOMETRIC_REPRESENTATION_CONTEXT(2) 
PARAMETRIC_REPRESENTATION_CONTEXT() REPRESENTATION_CONTEXT('2D SPACE',''
  ) );
#3272 = PCURVE('',#3273,#3278);
#3273 = PLANE('',#3274);
#3274 = AXIS2_PLACEMENT_3D('',#3275,#3276,#3277);
#3275 = CARTESIAN_POINT('',(-16.2,36.834947174298,36.5));
#3276 = DIRECTION('',(1.,-4.615110447321E-16,0.));
#3277 = DIRECTION('',(-4.615110447321E-16,-1.,0.));
#3278 = DEFINITIONAL_REPRESENTATION('',(#3279),#3282);
#3279 = B_SPLINE_CURVE_WITH_KNOTS('',1,(#3280,#3281),.UNSPECIFIED.,.F.,
  .F.,(2,2),(12.643970895253,18.417473587149),.PIECEWISE_BEZIER_KNOTS.);
#3280 = CARTESIAN_POINT('',(5.773502691896,-1.));
#3281 = CARTESIAN_POINT('',(0.,-1.));
#3282 = ( GEOMETRIC_REPRESENTATION_CONTEXT(2) 
PARAMETRIC_REPRESENTATION_CONTEXT() REPRESENTATION_CONTEXT('2D SPACE',''
  ) );
#3283 = ORIENTED_EDGE('',*,*,#3284,.T.);
#3284 = EDGE_CURVE('',#3259,#3285,#3287,.T.);
#3285 = VERTEX_POINT('',#3286);
#3286 = CARTESIAN_POINT('',(-11.2,39.721698520246,37.5));
#3287 = SURFACE_CURVE('',#3288,(#3292,#3298),.PCURVE_S1.);
#3288 = LINE('',#3289,#3290);
#3289 = CARTESIAN_POINT('',(-15.6,37.181357335812,37.5));
#3290 = VECTOR('',#3291,1.);
#3291 = DIRECTION('',(0.866025403784,0.5,-0.));
#3292 = PCURVE('',#32,#3293);
#3293 = DEFINITIONAL_REPRESENTATION('',(#3294),#3297);
#3294 = B_SPLINE_CURVE_WITH_KNOTS('',1,(#3295,#3296),.UNSPECIFIED.,.F.,
  .F.,(2,2),(-0.692820323028,5.080682368869),.PIECEWISE_BEZIER_KNOTS.);
#3295 = CARTESIAN_POINT('',(-16.2,36.834947174298));
#3296 = CARTESIAN_POINT('',(-11.2,39.721698520246));
#3297 = ( GEOMETRIC_REPRESENTATION_CONTEXT(2) 
PARAMETRIC_REPRESENTATION_CONTEXT() REPRESENTATION_CONTEXT('2D SPACE',''
  ) );
#3298 = PCURVE('',#3299,#3304);
#3299 = PLANE('',#3300);
#3300 = AXIS2_PLACEMENT_3D('',#3301,#3302,#3303);
#3301 = CARTESIAN_POINT('',(-11.2,39.721698520246,36.5));
#3302 = DIRECTION('',(0.5,-0.866025403784,0.));
#3303 = DIRECTION('',(-0.866025403784,-0.5,0.));
#3304 = DEFINITIONAL_REPRESENTATION('',(#3305),#3308);
#3305 = B_SPLINE_CURVE_WITH_KNOTS('',1,(#3306,#3307),.UNSPECIFIED.,.F.,
  .F.,(2,2),(-0.692820323028,5.080682368869),.PIECEWISE_BEZIER_KNOTS.);
#3306 = CARTESIAN_POINT('',(5.773502691896,-1.));
#3307 = CARTESIAN_POINT('',(0.,-1.));
#3308 = ( GEOMETRIC_REPRESENTATION_CONTEXT(2) 
PARAMETRIC_REPRESENTATION_CONTEXT() REPRESENTATION_CONTEXT('2D SPACE',''
  ) );
#3309 = ORIENTED_EDGE('',*,*,#3310,.T.);
#3310 = EDGE_CURVE('',#3285,#3311,#3313,.T.);
#3311 = VERTEX_POINT('',#3312);
#3312 = CARTESIAN_POINT('',(-6.2,36.834947174298,37.5));
#3313 = SURFACE_CURVE('',#3314,(#3318,#3324),.PCURVE_S1.);
#3314 = LINE('',#3315,#3316);
#3315 = CARTESIAN_POINT('',(4.1,30.888239401645,37.5));
#3316 = VECTOR('',#3317,1.);
#3317 = DIRECTION('',(0.866025403784,-0.5,0.));
#3318 = PCURVE('',#32,#3319);
#3319 = DEFINITIONAL_REPRESENTATION('',(#3320),#3323);
#3320 = B_SPLINE_CURVE_WITH_KNOTS('',1,(#3321,#3322),.UNSPECIFIED.,.F.,
  .F.,(2,2),(-17.6669182372,-11.8934155453),.PIECEWISE_BEZIER_KNOTS.);
#3321 = CARTESIAN_POINT('',(-11.2,39.721698520246));
#3322 = CARTESIAN_POINT('',(-6.2,36.834947174298));
#3323 = ( GEOMETRIC_REPRESENTATION_CONTEXT(2) 
PARAMETRIC_REPRESENTATION_CONTEXT() REPRESENTATION_CONTEXT('2D SPACE',''
  ) );
#3324 = PCURVE('',#3325,#3330);
#3325 = PLANE('',#3326);
#3326 = AXIS2_PLACEMENT_3D('',#3327,#3328,#3329);
#3327 = CARTESIAN_POINT('',(-6.2,36.834947174298,36.5));
#3328 = DIRECTION('',(-0.5,-0.866025403784,0.));
#3329 = DIRECTION('',(-0.866025403784,0.5,0.));
#3330 = DEFINITIONAL_REPRESENTATION('',(#3331),#3334);
#3331 = B_SPLINE_CURVE_WITH_KNOTS('',1,(#3332,#3333),.UNSPECIFIED.,.F.,
  .F.,(2,2),(-17.6669182372,-11.8934155453),.PIECEWISE_BEZIER_KNOTS.);
#3332 = CARTESIAN_POINT('',(5.773502691896,-1.));
#3333 = CARTESIAN_POINT('',(0.,-1.));
#3334 = ( GEOMETRIC_REPRESENTATION_CONTEXT(2) 
PARAMETRIC_REPRESENTATION_CONTEXT() REPRESENTATION_CONTEXT('2D SPACE',''
  ) );
#3335 = ORIENTED_EDGE('',*,*,#3336,.T.);
#3336 = EDGE_CURVE('',#3311,#3337,#3339,.T.);
#3337 = VERTEX_POINT('',#3338);
#3338 = CARTESIAN_POINT('',(-6.2,31.061444482402,37.5));
#3339 = SURFACE_CURVE('',#3340,(#3344,#3350),.PCURVE_S1.);
#3340 = LINE('',#3341,#3342);
#3341 = CARTESIAN_POINT('',(-6.2,15.530722241201,37.5));
#3342 = VECTOR('',#3343,1.);
#3343 = DIRECTION('',(-1.538370149107E-16,-1.,0.));
#3344 = PCURVE('',#32,#3345);
#3345 = DEFINITIONAL_REPRESENTATION('',(#3346),#3349);
#3346 = B_SPLINE_CURVE_WITH_KNOTS('',1,(#3347,#3348),.UNSPECIFIED.,.F.,
  .F.,(2,2),(-21.30422493309,-15.5307222412),.PIECEWISE_BEZIER_KNOTS.);
#3347 = CARTESIAN_POINT('',(-6.2,36.834947174298));
#3348 = CARTESIAN_POINT('',(-6.2,31.061444482402));
#3349 = ( GEOMETRIC_REPRESENTATION_CONTEXT(2) 
PARAMETRIC_REPRESENTATION_CONTEXT() REPRESENTATION_CONTEXT('2D SPACE',''
  ) );
#3350 = PCURVE('',#3351,#3356);
#3351 = PLANE('',#3352);
#3352 = AXIS2_PLACEMENT_3D('',#3353,#3354,#3355);
#3353 = CARTESIAN_POINT('',(-6.2,31.061444482402,36.5));
#3354 = DIRECTION('',(-1.,1.538370149107E-16,0.));
#3355 = DIRECTION('',(1.538370149107E-16,1.,0.));
#3356 = DEFINITIONAL_REPRESENTATION('',(#3357),#3360);
#3357 = B_SPLINE_CURVE_WITH_KNOTS('',1,(#3358,#3359),.UNSPECIFIED.,.F.,
  .F.,(2,2),(-21.30422493309,-15.5307222412),.PIECEWISE_BEZIER_KNOTS.);
#3358 = CARTESIAN_POINT('',(5.773502691896,-1.));
#3359 = CARTESIAN_POINT('',(0.,-1.));
#3360 = ( GEOMETRIC_REPRESENTATION_CONTEXT(2) 
PARAMETRIC_REPRESENTATION_CONTEXT() REPRESENTATION_CONTEXT('2D SPACE',''
  ) );
#3361 = ORIENTED_EDGE('',*,*,#3362,.T.);
#3362 = EDGE_CURVE('',#3337,#3363,#3365,.T.);
#3363 = VERTEX_POINT('',#3364);
#3364 = CARTESIAN_POINT('',(-11.2,28.174693136454,37.5));
#3365 = SURFACE_CURVE('',#3366,(#3370,#3376),.PCURVE_S1.);
#3366 = LINE('',#3367,#3368);
#3367 = CARTESIAN_POINT('',(-13.1,27.077727624993,37.5));
#3368 = VECTOR('',#3369,1.);
#3369 = DIRECTION('',(-0.866025403784,-0.5,0.));
#3370 = PCURVE('',#32,#3371);
#3371 = DEFINITIONAL_REPRESENTATION('',(#3372),#3375);
#3372 = B_SPLINE_CURVE_WITH_KNOTS('',1,(#3373,#3374),.UNSPECIFIED.,.F.,
  .F.,(2,2),(-7.967433714817,-2.193931022921),.PIECEWISE_BEZIER_KNOTS.);
#3373 = CARTESIAN_POINT('',(-6.2,31.061444482402));
#3374 = CARTESIAN_POINT('',(-11.2,28.174693136454));
#3375 = ( GEOMETRIC_REPRESENTATION_CONTEXT(2) 
PARAMETRIC_REPRESENTATION_CONTEXT() REPRESENTATION_CONTEXT('2D SPACE',''
  ) );
#3376 = PCURVE('',#3377,#3382);
#3377 = PLANE('',#3378);
#3378 = AXIS2_PLACEMENT_3D('',#3379,#3380,#3381);
#3379 = CARTESIAN_POINT('',(-11.2,28.174693136454,36.5));
#3380 = DIRECTION('',(-0.5,0.866025403784,0.));
#3381 = DIRECTION('',(0.866025403784,0.5,0.));
#3382 = DEFINITIONAL_REPRESENTATION('',(#3383),#3386);
#3383 = B_SPLINE_CURVE_WITH_KNOTS('',1,(#3384,#3385),.UNSPECIFIED.,.F.,
  .F.,(2,2),(-7.967433714817,-2.193931022921),.PIECEWISE_BEZIER_KNOTS.);
#3384 = CARTESIAN_POINT('',(5.773502691896,-1.));
#3385 = CARTESIAN_POINT('',(0.,-1.));
#3386 = ( GEOMETRIC_REPRESENTATION_CONTEXT(2) 
PARAMETRIC_REPRESENTATION_CONTEXT() REPRESENTATION_CONTEXT('2D SPACE',''
  ) );
#3387 = ORIENTED_EDGE('',*,*,#3388,.T.);
#3388 = EDGE_CURVE('',#3363,#3257,#3389,.T.);
#3389 = SURFACE_CURVE('',#3390,(#3394,#3400),.PCURVE_S1.);
#3390 = LINE('',#3391,#3392);
#3391 = CARTESIAN_POINT('',(-3.4,23.671361036775,37.5));
#3392 = VECTOR('',#3393,1.);
#3393 = DIRECTION('',(-0.866025403784,0.5,0.));
#3394 = PCURVE('',#32,#3395);
#3395 = DEFINITIONAL_REPRESENTATION('',(#3396),#3399);
#3396 = B_SPLINE_CURVE_WITH_KNOTS('',1,(#3397,#3398),.UNSPECIFIED.,.F.,
  .F.,(2,2),(9.006664199358,14.780166891254),.PIECEWISE_BEZIER_KNOTS.);
#3397 = CARTESIAN_POINT('',(-11.2,28.174693136454));
#3398 = CARTESIAN_POINT('',(-16.2,31.061444482402));
#3399 = ( GEOMETRIC_REPRESENTATION_CONTEXT(2) 
PARAMETRIC_REPRESENTATION_CONTEXT() REPRESENTATION_CONTEXT('2D SPACE',''
  ) );
#3400 = PCURVE('',#3401,#3406);
#3401 = PLANE('',#3402);
#3402 = AXIS2_PLACEMENT_3D('',#3403,#3404,#3405);
#3403 = CARTESIAN_POINT('',(-16.2,31.061444482402,36.5));
#3404 = DIRECTION('',(0.5,0.866025403784,-0.));
#3405 = DIRECTION('',(0.866025403784,-0.5,0.));
#3406 = DEFINITIONAL_REPRESENTATION('',(#3407),#3410);
#3407 = B_SPLINE_CURVE_WITH_KNOTS('',1,(#3408,#3409),.UNSPECIFIED.,.F.,
  .F.,(2,2),(9.006664199358,14.780166891254),.PIECEWISE_BEZIER_KNOTS.);
#3408 = CARTESIAN_POINT('',(5.773502691896,-1.));
#3409 = CARTESIAN_POINT('',(0.,-1.));
#3410 = ( GEOMETRIC_REPRESENTATION_CONTEXT(2) 
PARAMETRIC_REPRESENTATION_CONTEXT() REPRESENTATION_CONTEXT('2D SPACE',''
  ) );
#3411 = FACE_BOUND('',#3412,.F.);
#3412 = EDGE_LOOP('',(#3413,#3441,#3467,#3493,#3519,#3545));
#3413 = ORIENTED_EDGE('',*,*,#3414,.T.);
#3414 = EDGE_CURVE('',#3415,#3417,#3419,.T.);
#3415 = VERTEX_POINT('',#3416);
#3416 = CARTESIAN_POINT('',(0.6,1.962990915245,37.5));
#3417 = VERTEX_POINT('',#3418);
#3418 = CARTESIAN_POINT('',(0.6,7.736493607141,37.5));
#3419 = SURFACE_CURVE('',#3420,(#3424,#3430),.PCURVE_S1.);
#3420 = LINE('',#3421,#3422);
#3421 = CARTESIAN_POINT('',(0.6,3.86824680357,37.5));
#3422 = VECTOR('',#3423,1.);
#3423 = DIRECTION('',(4.615110447321E-16,1.,-0.));
#3424 = PCURVE('',#32,#3425);
#3425 = DEFINITIONAL_REPRESENTATION('',(#3426),#3429);
#3426 = B_SPLINE_CURVE_WITH_KNOTS('',1,(#3427,#3428),.UNSPECIFIED.,.F.,
  .F.,(2,2),(-1.905255888326,3.86824680357),.PIECEWISE_BEZIER_KNOTS.);
#3427 = CARTESIAN_POINT('',(0.6,1.962990915245));
#3428 = CARTESIAN_POINT('',(0.6,7.736493607141));
#3429 = ( GEOMETRIC_REPRESENTATION_CONTEXT(2) 
PARAMETRIC_REPRESENTATION_CONTEXT() REPRESENTATION_CONTEXT('2D SPACE',''
  ) );
#3430 = PCURVE('',#3431,#3436);
#3431 = PLANE('',#3432);
#3432 = AXIS2_PLACEMENT_3D('',#3433,#3434,#3435);
#3433 = CARTESIAN_POINT('',(0.6,7.736493607141,36.5));
#3434 = DIRECTION('',(1.,-4.615110447321E-16,0.));
#3435 = DIRECTION('',(-4.615110447321E-16,-1.,0.));
#3436 = DEFINITIONAL_REPRESENTATION('',(#3437),#3440);
#3437 = B_SPLINE_CURVE_WITH_KNOTS('',1,(#3438,#3439),.UNSPECIFIED.,.F.,
  .F.,(2,2),(-1.905255888326,3.86824680357),.PIECEWISE_BEZIER_KNOTS.);
#3438 = CARTESIAN_POINT('',(5.773502691896,-1.));
#3439 = CARTESIAN_POINT('',(0.,-1.));
#3440 = ( GEOMETRIC_REPRESENTATION_CONTEXT(2) 
PARAMETRIC_REPRESENTATION_CONTEXT() REPRESENTATION_CONTEXT('2D SPACE',''
  ) );
#3441 = ORIENTED_EDGE('',*,*,#3442,.T.);
#3442 = EDGE_CURVE('',#3417,#3443,#3445,.T.);
#3443 = VERTEX_POINT('',#3444);
#3444 = CARTESIAN_POINT('',(5.6,10.623244953089,37.5));
#3445 = SURFACE_CURVE('',#3446,(#3450,#3456),.PCURVE_S1.);
#3446 = LINE('',#3447,#3448);
#3447 = CARTESIAN_POINT('',(1.2,8.082903768655,37.5));
#3448 = VECTOR('',#3449,1.);
#3449 = DIRECTION('',(0.866025403784,0.5,-0.));
#3450 = PCURVE('',#32,#3451);
#3451 = DEFINITIONAL_REPRESENTATION('',(#3452),#3455);
#3452 = B_SPLINE_CURVE_WITH_KNOTS('',1,(#3453,#3454),.UNSPECIFIED.,.F.,
  .F.,(2,2),(-0.692820323028,5.080682368869),.PIECEWISE_BEZIER_KNOTS.);
#3453 = CARTESIAN_POINT('',(0.6,7.736493607141));
#3454 = CARTESIAN_POINT('',(5.6,10.623244953089));
#3455 = ( GEOMETRIC_REPRESENTATION_CONTEXT(2) 
PARAMETRIC_REPRESENTATION_CONTEXT() REPRESENTATION_CONTEXT('2D SPACE',''
  ) );
#3456 = PCURVE('',#3457,#3462);
#3457 = PLANE('',#3458);
#3458 = AXIS2_PLACEMENT_3D('',#3459,#3460,#3461);
#3459 = CARTESIAN_POINT('',(5.6,10.623244953089,36.5));
#3460 = DIRECTION('',(0.5,-0.866025403784,0.));
#3461 = DIRECTION('',(-0.866025403784,-0.5,0.));
#3462 = DEFINITIONAL_REPRESENTATION('',(#3463),#3466);
#3463 = B_SPLINE_CURVE_WITH_KNOTS('',1,(#3464,#3465),.UNSPECIFIED.,.F.,
  .F.,(2,2),(-0.692820323028,5.080682368869),.PIECEWISE_BEZIER_KNOTS.);
#3464 = CARTESIAN_POINT('',(5.773502691896,-1.));
#3465 = CARTESIAN_POINT('',(0.,-1.));
#3466 = ( GEOMETRIC_REPRESENTATION_CONTEXT(2) 
PARAMETRIC_REPRESENTATION_CONTEXT() REPRESENTATION_CONTEXT('2D SPACE',''
  ) );
#3467 = ORIENTED_EDGE('',*,*,#3468,.T.);
#3468 = EDGE_CURVE('',#3443,#3469,#3471,.T.);
#3469 = VERTEX_POINT('',#3470);
#3470 = CARTESIAN_POINT('',(10.6,7.736493607141,37.5));
#3471 = SURFACE_CURVE('',#3472,(#3476,#3482),.PCURVE_S1.);
#3472 = LINE('',#3473,#3474);
#3473 = CARTESIAN_POINT('',(8.3,9.064399226277,37.5));
#3474 = VECTOR('',#3475,1.);
#3475 = DIRECTION('',(0.866025403784,-0.5,0.));
#3476 = PCURVE('',#32,#3477);
#3477 = DEFINITIONAL_REPRESENTATION('',(#3478),#3481);
#3478 = B_SPLINE_CURVE_WITH_KNOTS('',1,(#3479,#3480),.UNSPECIFIED.,.F.,
  .F.,(2,2),(-3.117691453624,2.655811238272),.PIECEWISE_BEZIER_KNOTS.);
#3479 = CARTESIAN_POINT('',(5.6,10.623244953089));
#3480 = CARTESIAN_POINT('',(10.6,7.736493607141));
#3481 = ( GEOMETRIC_REPRESENTATION_CONTEXT(2) 
PARAMETRIC_REPRESENTATION_CONTEXT() REPRESENTATION_CONTEXT('2D SPACE',''
  ) );
#3482 = PCURVE('',#3483,#3488);
#3483 = PLANE('',#3484);
#3484 = AXIS2_PLACEMENT_3D('',#3485,#3486,#3487);
#3485 = CARTESIAN_POINT('',(10.6,7.736493607141,36.5));
#3486 = DIRECTION('',(-0.5,-0.866025403784,0.));
#3487 = DIRECTION('',(-0.866025403784,0.5,0.));
#3488 = DEFINITIONAL_REPRESENTATION('',(#3489),#3492);
#3489 = B_SPLINE_CURVE_WITH_KNOTS('',1,(#3490,#3491),.UNSPECIFIED.,.F.,
  .F.,(2,2),(-3.117691453624,2.655811238272),.PIECEWISE_BEZIER_KNOTS.);
#3490 = CARTESIAN_POINT('',(5.773502691896,-1.));
#3491 = CARTESIAN_POINT('',(0.,-1.));
#3492 = ( GEOMETRIC_REPRESENTATION_CONTEXT(2) 
PARAMETRIC_REPRESENTATION_CONTEXT() REPRESENTATION_CONTEXT('2D SPACE',''
  ) );
#3493 = ORIENTED_EDGE('',*,*,#3494,.T.);
#3494 = EDGE_CURVE('',#3469,#3495,#3497,.T.);
#3495 = VERTEX_POINT('',#3496);
#3496 = CARTESIAN_POINT('',(10.6,1.962990915245,37.5));
#3497 = SURFACE_CURVE('',#3498,(#3502,#3508),.PCURVE_S1.);
#3498 = LINE('',#3499,#3500);
#3499 = CARTESIAN_POINT('',(10.6,0.981495457622,37.5));
#3500 = VECTOR('',#3501,1.);
#3501 = DIRECTION('',(-1.538370149107E-16,-1.,0.));
#3502 = PCURVE('',#32,#3503);
#3503 = DEFINITIONAL_REPRESENTATION('',(#3504),#3507);
#3504 = B_SPLINE_CURVE_WITH_KNOTS('',1,(#3505,#3506),.UNSPECIFIED.,.F.,
  .F.,(2,2),(-6.754998149519,-0.981495457622),.PIECEWISE_BEZIER_KNOTS.);
#3505 = CARTESIAN_POINT('',(10.6,7.736493607141));
#3506 = CARTESIAN_POINT('',(10.6,1.962990915245));
#3507 = ( GEOMETRIC_REPRESENTATION_CONTEXT(2) 
PARAMETRIC_REPRESENTATION_CONTEXT() REPRESENTATION_CONTEXT('2D SPACE',''
  ) );
#3508 = PCURVE('',#3509,#3514);
#3509 = PLANE('',#3510);
#3510 = AXIS2_PLACEMENT_3D('',#3511,#3512,#3513);
#3511 = CARTESIAN_POINT('',(10.6,1.962990915245,36.5));
#3512 = DIRECTION('',(-1.,1.538370149107E-16,0.));
#3513 = DIRECTION('',(1.538370149107E-16,1.,0.));
#3514 = DEFINITIONAL_REPRESENTATION('',(#3515),#3518);
#3515 = B_SPLINE_CURVE_WITH_KNOTS('',1,(#3516,#3517),.UNSPECIFIED.,.F.,
  .F.,(2,2),(-6.754998149519,-0.981495457622),.PIECEWISE_BEZIER_KNOTS.);
#3516 = CARTESIAN_POINT('',(5.773502691896,-1.));
#3517 = CARTESIAN_POINT('',(0.,-1.));
#3518 = ( GEOMETRIC_REPRESENTATION_CONTEXT(2) 
PARAMETRIC_REPRESENTATION_CONTEXT() REPRESENTATION_CONTEXT('2D SPACE',''
  ) );
#3519 = ORIENTED_EDGE('',*,*,#3520,.T.);
#3520 = EDGE_CURVE('',#3495,#3521,#3523,.T.);
#3521 = VERTEX_POINT('',#3522);
#3522 = CARTESIAN_POINT('',(5.6,-0.923760430703,37.5));
#3523 = SURFACE_CURVE('',#3524,(#3528,#3534),.PCURVE_S1.);
#3524 = LINE('',#3525,#3526);
#3525 = CARTESIAN_POINT('',(3.7,-2.020725942164,37.5));
#3526 = VECTOR('',#3527,1.);
#3527 = DIRECTION('',(-0.866025403784,-0.5,0.));
#3528 = PCURVE('',#32,#3529);
#3529 = DEFINITIONAL_REPRESENTATION('',(#3530),#3533);
#3530 = B_SPLINE_CURVE_WITH_KNOTS('',1,(#3531,#3532),.UNSPECIFIED.,.F.,
  .F.,(2,2),(-7.967433714817,-2.193931022921),.PIECEWISE_BEZIER_KNOTS.);
#3531 = CARTESIAN_POINT('',(10.6,1.962990915245));
#3532 = CARTESIAN_POINT('',(5.6,-0.923760430703));
#3533 = ( GEOMETRIC_REPRESENTATION_CONTEXT(2) 
PARAMETRIC_REPRESENTATION_CONTEXT() REPRESENTATION_CONTEXT('2D SPACE',''
  ) );
#3534 = PCURVE('',#3535,#3540);
#3535 = PLANE('',#3536);
#3536 = AXIS2_PLACEMENT_3D('',#3537,#3538,#3539);
#3537 = CARTESIAN_POINT('',(5.6,-0.923760430703,36.5));
#3538 = DIRECTION('',(-0.5,0.866025403784,0.));
#3539 = DIRECTION('',(0.866025403784,0.5,0.));
#3540 = DEFINITIONAL_REPRESENTATION('',(#3541),#3544);
#3541 = B_SPLINE_CURVE_WITH_KNOTS('',1,(#3542,#3543),.UNSPECIFIED.,.F.,
  .F.,(2,2),(-7.967433714817,-2.193931022921),.PIECEWISE_BEZIER_KNOTS.);
#3542 = CARTESIAN_POINT('',(5.773502691896,-1.));
#3543 = CARTESIAN_POINT('',(0.,-1.));
#3544 = ( GEOMETRIC_REPRESENTATION_CONTEXT(2) 
PARAMETRIC_REPRESENTATION_CONTEXT() REPRESENTATION_CONTEXT('2D SPACE',''
  ) );
#3545 = ORIENTED_EDGE('',*,*,#3546,.T.);
#3546 = EDGE_CURVE('',#3521,#3415,#3547,.T.);
#3547 = SURFACE_CURVE('',#3548,(#3552,#3558),.PCURVE_S1.);
#3548 = LINE('',#3549,#3550);
#3549 = CARTESIAN_POINT('',(0.8,1.847520861407,37.5));
#3550 = VECTOR('',#3551,1.);
#3551 = DIRECTION('',(-0.866025403784,0.5,0.));
#3552 = PCURVE('',#32,#3553);
#3553 = DEFINITIONAL_REPRESENTATION('',(#3554),#3557);
#3554 = B_SPLINE_CURVE_WITH_KNOTS('',1,(#3555,#3556),.UNSPECIFIED.,.F.,
  .F.,(2,2),(-5.54256258422,0.230940107676),.PIECEWISE_BEZIER_KNOTS.);
#3555 = CARTESIAN_POINT('',(5.6,-0.923760430703));
#3556 = CARTESIAN_POINT('',(0.6,1.962990915245));
#3557 = ( GEOMETRIC_REPRESENTATION_CONTEXT(2) 
PARAMETRIC_REPRESENTATION_CONTEXT() REPRESENTATION_CONTEXT('2D SPACE',''
  ) );
#3558 = PCURVE('',#3559,#3564);
#3559 = PLANE('',#3560);
#3560 = AXIS2_PLACEMENT_3D('',#3561,#3562,#3563);
#3561 = CARTESIAN_POINT('',(0.6,1.962990915245,36.5));
#3562 = DIRECTION('',(0.5,0.866025403784,-0.));
#3563 = DIRECTION('',(0.866025403784,-0.5,0.));
#3564 = DEFINITIONAL_REPRESENTATION('',(#3565),#3568);
#3565 = B_SPLINE_CURVE_WITH_KNOTS('',1,(#3566,#3567),.UNSPECIFIED.,.F.,
  .F.,(2,2),(-5.54256258422,0.230940107676),.PIECEWISE_BEZIER_KNOTS.);
#3566 = CARTESIAN_POINT('',(5.773502691896,-1.));
#3567 = CARTESIAN_POINT('',(0.,-1.));
#3568 = ( GEOMETRIC_REPRESENTATION_CONTEXT(2) 
PARAMETRIC_REPRESENTATION_CONTEXT() REPRESENTATION_CONTEXT('2D SPACE',''
  ) );
#3569 = FACE_BOUND('',#3570,.F.);
#3570 = EDGE_LOOP('',(#3571,#3599,#3625,#3651,#3677,#3703));
#3571 = ORIENTED_EDGE('',*,*,#3572,.T.);
#3572 = EDGE_CURVE('',#3573,#3575,#3577,.T.);
#3573 = VERTEX_POINT('',#3574);
#3574 = CARTESIAN_POINT('',(-5.,11.66247543763,37.5));
#3575 = VERTEX_POINT('',#3576);
#3576 = CARTESIAN_POINT('',(-5.,17.435978129527,37.5));
#3577 = SURFACE_CURVE('',#3578,(#3582,#3588),.PCURVE_S1.);
#3578 = LINE('',#3579,#3580);
#3579 = CARTESIAN_POINT('',(-5.,8.717989064763,37.5));
#3580 = VECTOR('',#3581,1.);
#3581 = DIRECTION('',(4.615110447321E-16,1.,-0.));
#3582 = PCURVE('',#32,#3583);
#3583 = DEFINITIONAL_REPRESENTATION('',(#3584),#3587);
#3584 = B_SPLINE_CURVE_WITH_KNOTS('',1,(#3585,#3586),.UNSPECIFIED.,.F.,
  .F.,(2,2),(2.944486372867,8.717989064763),.PIECEWISE_BEZIER_KNOTS.);
#3585 = CARTESIAN_POINT('',(-5.,11.66247543763));
#3586 = CARTESIAN_POINT('',(-5.,17.435978129527));
#3587 = ( GEOMETRIC_REPRESENTATION_CONTEXT(2) 
PARAMETRIC_REPRESENTATION_CONTEXT() REPRESENTATION_CONTEXT('2D SPACE',''
  ) );
#3588 = PCURVE('',#3589,#3594);
#3589 = PLANE('',#3590);
#3590 = AXIS2_PLACEMENT_3D('',#3591,#3592,#3593);
#3591 = CARTESIAN_POINT('',(-5.,17.435978129527,36.5));
#3592 = DIRECTION('',(1.,-4.615110447321E-16,0.));
#3593 = DIRECTION('',(-4.615110447321E-16,-1.,0.));
#3594 = DEFINITIONAL_REPRESENTATION('',(#3595),#3598);
#3595 = B_SPLINE_CURVE_WITH_KNOTS('',1,(#3596,#3597),.UNSPECIFIED.,.F.,
  .F.,(2,2),(2.944486372867,8.717989064763),.PIECEWISE_BEZIER_KNOTS.);
#3596 = CARTESIAN_POINT('',(5.773502691896,-1.));
#3597 = CARTESIAN_POINT('',(0.,-1.));
#3598 = ( GEOMETRIC_REPRESENTATION_CONTEXT(2) 
PARAMETRIC_REPRESENTATION_CONTEXT() REPRESENTATION_CONTEXT('2D SPACE',''
  ) );
#3599 = ORIENTED_EDGE('',*,*,#3600,.T.);
#3600 = EDGE_CURVE('',#3575,#3601,#3603,.T.);
#3601 = VERTEX_POINT('',#3602);
#3602 = CARTESIAN_POINT('',(2.129881918975E-15,20.322729475475,37.5));
#3603 = SURFACE_CURVE('',#3604,(#3608,#3614),.PCURVE_S1.);
#3604 = LINE('',#3605,#3606);
#3605 = CARTESIAN_POINT('',(-4.4,17.78238829104,37.5));
#3606 = VECTOR('',#3607,1.);
#3607 = DIRECTION('',(0.866025403784,0.5,-0.));
#3608 = PCURVE('',#32,#3609);
#3609 = DEFINITIONAL_REPRESENTATION('',(#3610),#3613);
#3610 = B_SPLINE_CURVE_WITH_KNOTS('',1,(#3611,#3612),.UNSPECIFIED.,.F.,
  .F.,(2,2),(-0.692820323028,5.080682368869),.PIECEWISE_BEZIER_KNOTS.);
#3611 = CARTESIAN_POINT('',(-5.,17.435978129527));
#3612 = CARTESIAN_POINT('',(1.186038076171E-15,20.322729475475));
#3613 = ( GEOMETRIC_REPRESENTATION_CONTEXT(2) 
PARAMETRIC_REPRESENTATION_CONTEXT() REPRESENTATION_CONTEXT('2D SPACE',''
  ) );
#3614 = PCURVE('',#3615,#3620);
#3615 = PLANE('',#3616);
#3616 = AXIS2_PLACEMENT_3D('',#3617,#3618,#3619);
#3617 = CARTESIAN_POINT('',(2.129881918975E-15,20.322729475475,36.5));
#3618 = DIRECTION('',(0.5,-0.866025403784,0.));
#3619 = DIRECTION('',(-0.866025403784,-0.5,0.));
#3620 = DEFINITIONAL_REPRESENTATION('',(#3621),#3624);
#3621 = B_SPLINE_CURVE_WITH_KNOTS('',1,(#3622,#3623),.UNSPECIFIED.,.F.,
  .F.,(2,2),(-0.692820323028,5.080682368869),.PIECEWISE_BEZIER_KNOTS.);
#3622 = CARTESIAN_POINT('',(5.773502691896,-1.));
#3623 = CARTESIAN_POINT('',(0.,-1.));
#3624 = ( GEOMETRIC_REPRESENTATION_CONTEXT(2) 
PARAMETRIC_REPRESENTATION_CONTEXT() REPRESENTATION_CONTEXT('2D SPACE',''
  ) );
#3625 = ORIENTED_EDGE('',*,*,#3626,.T.);
#3626 = EDGE_CURVE('',#3601,#3627,#3629,.T.);
#3627 = VERTEX_POINT('',#3628);
#3628 = CARTESIAN_POINT('',(5.,17.435978129527,37.5));
#3629 = SURFACE_CURVE('',#3630,(#3634,#3640),.PCURVE_S1.);
#3630 = LINE('',#3631,#3632);
#3631 = CARTESIAN_POINT('',(6.9,16.339012618066,37.5));
#3632 = VECTOR('',#3633,1.);
#3633 = DIRECTION('',(0.866025403784,-0.5,0.));
#3634 = PCURVE('',#32,#3635);
#3635 = DEFINITIONAL_REPRESENTATION('',(#3636),#3639);
#3636 = B_SPLINE_CURVE_WITH_KNOTS('',1,(#3637,#3638),.UNSPECIFIED.,.F.,
  .F.,(2,2),(-7.967433714817,-2.193931022921),.PIECEWISE_BEZIER_KNOTS.);
#3637 = CARTESIAN_POINT('',(8.879769899482E-17,20.322729475475));
#3638 = CARTESIAN_POINT('',(5.,17.435978129527));
#3639 = ( GEOMETRIC_REPRESENTATION_CONTEXT(2) 
PARAMETRIC_REPRESENTATION_CONTEXT() REPRESENTATION_CONTEXT('2D SPACE',''
  ) );
#3640 = PCURVE('',#3641,#3646);
#3641 = PLANE('',#3642);
#3642 = AXIS2_PLACEMENT_3D('',#3643,#3644,#3645);
#3643 = CARTESIAN_POINT('',(5.,17.435978129527,36.5));
#3644 = DIRECTION('',(-0.5,-0.866025403784,0.));
#3645 = DIRECTION('',(-0.866025403784,0.5,0.));
#3646 = DEFINITIONAL_REPRESENTATION('',(#3647),#3650);
#3647 = B_SPLINE_CURVE_WITH_KNOTS('',1,(#3648,#3649),.UNSPECIFIED.,.F.,
  .F.,(2,2),(-7.967433714817,-2.193931022921),.PIECEWISE_BEZIER_KNOTS.);
#3648 = CARTESIAN_POINT('',(5.773502691896,-1.));
#3649 = CARTESIAN_POINT('',(0.,-1.));
#3650 = ( GEOMETRIC_REPRESENTATION_CONTEXT(2) 
PARAMETRIC_REPRESENTATION_CONTEXT() REPRESENTATION_CONTEXT('2D SPACE',''
  ) );
#3651 = ORIENTED_EDGE('',*,*,#3652,.T.);
#3652 = EDGE_CURVE('',#3627,#3653,#3655,.T.);
#3653 = VERTEX_POINT('',#3654);
#3654 = CARTESIAN_POINT('',(5.,11.66247543763,37.5));
#3655 = SURFACE_CURVE('',#3656,(#3660,#3666),.PCURVE_S1.);
#3656 = LINE('',#3657,#3658);
#3657 = CARTESIAN_POINT('',(5.,5.831237718815,37.5));
#3658 = VECTOR('',#3659,1.);
#3659 = DIRECTION('',(-1.538370149107E-16,-1.,0.));
#3660 = PCURVE('',#32,#3661);
#3661 = DEFINITIONAL_REPRESENTATION('',(#3662),#3665);
#3662 = B_SPLINE_CURVE_WITH_KNOTS('',1,(#3663,#3664),.UNSPECIFIED.,.F.,
  .F.,(2,2),(-11.60474041071,-5.831237718815),.PIECEWISE_BEZIER_KNOTS.);
#3663 = CARTESIAN_POINT('',(5.,17.435978129527));
#3664 = CARTESIAN_POINT('',(5.,11.66247543763));
#3665 = ( GEOMETRIC_REPRESENTATION_CONTEXT(2) 
PARAMETRIC_REPRESENTATION_CONTEXT() REPRESENTATION_CONTEXT('2D SPACE',''
  ) );
#3666 = PCURVE('',#3667,#3672);
#3667 = PLANE('',#3668);
#3668 = AXIS2_PLACEMENT_3D('',#3669,#3670,#3671);
#3669 = CARTESIAN_POINT('',(5.,11.66247543763,36.5));
#3670 = DIRECTION('',(-1.,1.538370149107E-16,0.));
#3671 = DIRECTION('',(1.538370149107E-16,1.,0.));
#3672 = DEFINITIONAL_REPRESENTATION('',(#3673),#3676);
#3673 = B_SPLINE_CURVE_WITH_KNOTS('',1,(#3674,#3675),.UNSPECIFIED.,.F.,
  .F.,(2,2),(-11.60474041071,-5.831237718815),.PIECEWISE_BEZIER_KNOTS.);
#3674 = CARTESIAN_POINT('',(5.773502691896,-1.));
#3675 = CARTESIAN_POINT('',(0.,-1.));
#3676 = ( GEOMETRIC_REPRESENTATION_CONTEXT(2) 
PARAMETRIC_REPRESENTATION_CONTEXT() REPRESENTATION_CONTEXT('2D SPACE',''
  ) );
#3677 = ORIENTED_EDGE('',*,*,#3678,.T.);
#3678 = EDGE_CURVE('',#3653,#3679,#3681,.T.);
#3679 = VERTEX_POINT('',#3680);
#3680 = CARTESIAN_POINT('',(7.157816006753E-16,8.775724091682,37.5));
#3681 = SURFACE_CURVE('',#3682,(#3686,#3692),.PCURVE_S1.);
#3682 = LINE('',#3683,#3684);
#3683 = CARTESIAN_POINT('',(-1.9,7.678758580222,37.5));
#3684 = VECTOR('',#3685,1.);
#3685 = DIRECTION('',(-0.866025403784,-0.5,0.));
#3686 = PCURVE('',#32,#3687);
#3687 = DEFINITIONAL_REPRESENTATION('',(#3688),#3691);
#3688 = B_SPLINE_CURVE_WITH_KNOTS('',1,(#3689,#3690),.UNSPECIFIED.,.F.,
  .F.,(2,2),(-7.967433714817,-2.193931022921),.PIECEWISE_BEZIER_KNOTS.);
#3689 = CARTESIAN_POINT('',(5.,11.66247543763));
#3690 = CARTESIAN_POINT('',(7.316871831045E-16,8.775724091682));
#3691 = ( GEOMETRIC_REPRESENTATION_CONTEXT(2) 
PARAMETRIC_REPRESENTATION_CONTEXT() REPRESENTATION_CONTEXT('2D SPACE',''
  ) );
#3692 = PCURVE('',#3693,#3698);
#3693 = PLANE('',#3694);
#3694 = AXIS2_PLACEMENT_3D('',#3695,#3696,#3697);
#3695 = CARTESIAN_POINT('',(7.157816006753E-16,8.775724091682,36.5));
#3696 = DIRECTION('',(-0.5,0.866025403784,0.));
#3697 = DIRECTION('',(0.866025403784,0.5,0.));
#3698 = DEFINITIONAL_REPRESENTATION('',(#3699),#3702);
#3699 = B_SPLINE_CURVE_WITH_KNOTS('',1,(#3700,#3701),.UNSPECIFIED.,.F.,
  .F.,(2,2),(-7.967433714817,-2.193931022921),.PIECEWISE_BEZIER_KNOTS.);
#3700 = CARTESIAN_POINT('',(5.773502691896,-1.));
#3701 = CARTESIAN_POINT('',(0.,-1.));
#3702 = ( GEOMETRIC_REPRESENTATION_CONTEXT(2) 
PARAMETRIC_REPRESENTATION_CONTEXT() REPRESENTATION_CONTEXT('2D SPACE',''
  ) );
#3703 = ORIENTED_EDGE('',*,*,#3704,.T.);
#3704 = EDGE_CURVE('',#3679,#3573,#3705,.T.);
#3705 = SURFACE_CURVE('',#3706,(#3710,#3716),.PCURVE_S1.);
#3706 = LINE('',#3707,#3708);
#3707 = CARTESIAN_POINT('',(-0.6,9.122134253196,37.5));
#3708 = VECTOR('',#3709,1.);
#3709 = DIRECTION('',(-0.866025403784,0.5,0.));
#3710 = PCURVE('',#32,#3711);
#3711 = DEFINITIONAL_REPRESENTATION('',(#3712),#3715);
#3712 = B_SPLINE_CURVE_WITH_KNOTS('',1,(#3713,#3714),.UNSPECIFIED.,.F.,
  .F.,(2,2),(-0.692820323028,5.080682368869),.PIECEWISE_BEZIER_KNOTS.);
#3713 = CARTESIAN_POINT('',(2.455406559076E-15,8.775724091682));
#3714 = CARTESIAN_POINT('',(-5.,11.66247543763));
#3715 = ( GEOMETRIC_REPRESENTATION_CONTEXT(2) 
PARAMETRIC_REPRESENTATION_CONTEXT() REPRESENTATION_CONTEXT('2D SPACE',''
  ) );
#3716 = PCURVE('',#3717,#3722);
#3717 = PLANE('',#3718);
#3718 = AXIS2_PLACEMENT_3D('',#3719,#3720,#3721);
#3719 = CARTESIAN_POINT('',(-5.,11.66247543763,36.5));
#3720 = DIRECTION('',(0.5,0.866025403784,-0.));
#3721 = DIRECTION('',(0.866025403784,-0.5,0.));
#3722 = DEFINITIONAL_REPRESENTATION('',(#3723),#3726);
#3723 = B_SPLINE_CURVE_WITH_KNOTS('',1,(#3724,#3725),.UNSPECIFIED.,.F.,
  .F.,(2,2),(-0.692820323028,5.080682368869),.PIECEWISE_BEZIER_KNOTS.);
#3724 = CARTESIAN_POINT('',(5.773502691896,-1.));
#3725 = CARTESIAN_POINT('',(0.,-1.));
#3726 = ( GEOMETRIC_REPRESENTATION_CONTEXT(2) 
PARAMETRIC_REPRESENTATION_CONTEXT() REPRESENTATION_CONTEXT('2D SPACE',''
  ) );
#3727 = FACE_BOUND('',#3728,.F.);
#3728 = EDGE_LOOP('',(#3729,#3757,#3783,#3809,#3835,#3861));
#3729 = ORIENTED_EDGE('',*,*,#3730,.T.);
#3730 = EDGE_CURVE('',#3731,#3733,#3735,.T.);
#3731 = VERTEX_POINT('',#3732);
#3732 = CARTESIAN_POINT('',(6.2,11.66247543763,37.5));
#3733 = VERTEX_POINT('',#3734);
#3734 = CARTESIAN_POINT('',(6.2,17.435978129527,37.5));
#3735 = SURFACE_CURVE('',#3736,(#3740,#3746),.PCURVE_S1.);
#3736 = LINE('',#3737,#3738);
#3737 = CARTESIAN_POINT('',(6.2,8.717989064763,37.5));
#3738 = VECTOR('',#3739,1.);
#3739 = DIRECTION('',(4.615110447321E-16,1.,-0.));
#3740 = PCURVE('',#32,#3741);
#3741 = DEFINITIONAL_REPRESENTATION('',(#3742),#3745);
#3742 = B_SPLINE_CURVE_WITH_KNOTS('',1,(#3743,#3744),.UNSPECIFIED.,.F.,
  .F.,(2,2),(2.944486372867,8.717989064763),.PIECEWISE_BEZIER_KNOTS.);
#3743 = CARTESIAN_POINT('',(6.2,11.66247543763));
#3744 = CARTESIAN_POINT('',(6.2,17.435978129527));
#3745 = ( GEOMETRIC_REPRESENTATION_CONTEXT(2) 
PARAMETRIC_REPRESENTATION_CONTEXT() REPRESENTATION_CONTEXT('2D SPACE',''
  ) );
#3746 = PCURVE('',#3747,#3752);
#3747 = PLANE('',#3748);
#3748 = AXIS2_PLACEMENT_3D('',#3749,#3750,#3751);
#3749 = CARTESIAN_POINT('',(6.2,17.435978129527,36.5));
#3750 = DIRECTION('',(1.,-4.615110447321E-16,0.));
#3751 = DIRECTION('',(-4.615110447321E-16,-1.,0.));
#3752 = DEFINITIONAL_REPRESENTATION('',(#3753),#3756);
#3753 = B_SPLINE_CURVE_WITH_KNOTS('',1,(#3754,#3755),.UNSPECIFIED.,.F.,
  .F.,(2,2),(2.944486372867,8.717989064763),.PIECEWISE_BEZIER_KNOTS.);
#3754 = CARTESIAN_POINT('',(5.773502691896,-1.));
#3755 = CARTESIAN_POINT('',(0.,-1.));
#3756 = ( GEOMETRIC_REPRESENTATION_CONTEXT(2) 
PARAMETRIC_REPRESENTATION_CONTEXT() REPRESENTATION_CONTEXT('2D SPACE',''
  ) );
#3757 = ORIENTED_EDGE('',*,*,#3758,.T.);
#3758 = EDGE_CURVE('',#3733,#3759,#3761,.T.);
#3759 = VERTEX_POINT('',#3760);
#3760 = CARTESIAN_POINT('',(11.2,20.322729475475,37.5));
#3761 = SURFACE_CURVE('',#3762,(#3766,#3772),.PCURVE_S1.);
#3762 = LINE('',#3763,#3764);
#3763 = CARTESIAN_POINT('',(2.6,15.357517160444,37.5));
#3764 = VECTOR('',#3765,1.);
#3765 = DIRECTION('',(0.866025403784,0.5,-0.));
#3766 = PCURVE('',#32,#3767);
#3767 = DEFINITIONAL_REPRESENTATION('',(#3768),#3771);
#3768 = B_SPLINE_CURVE_WITH_KNOTS('',1,(#3769,#3770),.UNSPECIFIED.,.F.,
  .F.,(2,2),(4.156921938165,9.930424630062),.PIECEWISE_BEZIER_KNOTS.);
#3769 = CARTESIAN_POINT('',(6.2,17.435978129527));
#3770 = CARTESIAN_POINT('',(11.2,20.322729475475));
#3771 = ( GEOMETRIC_REPRESENTATION_CONTEXT(2) 
PARAMETRIC_REPRESENTATION_CONTEXT() REPRESENTATION_CONTEXT('2D SPACE',''
  ) );
#3772 = PCURVE('',#3773,#3778);
#3773 = PLANE('',#3774);
#3774 = AXIS2_PLACEMENT_3D('',#3775,#3776,#3777);
#3775 = CARTESIAN_POINT('',(11.2,20.322729475475,36.5));
#3776 = DIRECTION('',(0.5,-0.866025403784,0.));
#3777 = DIRECTION('',(-0.866025403784,-0.5,0.));
#3778 = DEFINITIONAL_REPRESENTATION('',(#3779),#3782);
#3779 = B_SPLINE_CURVE_WITH_KNOTS('',1,(#3780,#3781),.UNSPECIFIED.,.F.,
  .F.,(2,2),(4.156921938165,9.930424630062),.PIECEWISE_BEZIER_KNOTS.);
#3780 = CARTESIAN_POINT('',(5.773502691896,-1.));
#3781 = CARTESIAN_POINT('',(0.,-1.));
#3782 = ( GEOMETRIC_REPRESENTATION_CONTEXT(2) 
PARAMETRIC_REPRESENTATION_CONTEXT() REPRESENTATION_CONTEXT('2D SPACE',''
  ) );
#3783 = ORIENTED_EDGE('',*,*,#3784,.T.);
#3784 = EDGE_CURVE('',#3759,#3785,#3787,.T.);
#3785 = VERTEX_POINT('',#3786);
#3786 = CARTESIAN_POINT('',(16.2,17.435978129527,37.5));
#3787 = SURFACE_CURVE('',#3788,(#3792,#3798),.PCURVE_S1.);
#3788 = LINE('',#3789,#3790);
#3789 = CARTESIAN_POINT('',(13.9,18.763883748663,37.5));
#3790 = VECTOR('',#3791,1.);
#3791 = DIRECTION('',(0.866025403784,-0.5,0.));
#3792 = PCURVE('',#32,#3793);
#3793 = DEFINITIONAL_REPRESENTATION('',(#3794),#3797);
#3794 = B_SPLINE_CURVE_WITH_KNOTS('',1,(#3795,#3796),.UNSPECIFIED.,.F.,
  .F.,(2,2),(-3.117691453624,2.655811238272),.PIECEWISE_BEZIER_KNOTS.);
#3795 = CARTESIAN_POINT('',(11.2,20.322729475475));
#3796 = CARTESIAN_POINT('',(16.2,17.435978129527));
#3797 = ( GEOMETRIC_REPRESENTATION_CONTEXT(2) 
PARAMETRIC_REPRESENTATION_CONTEXT() REPRESENTATION_CONTEXT('2D SPACE',''
  ) );
#3798 = PCURVE('',#3799,#3804);
#3799 = PLANE('',#3800);
#3800 = AXIS2_PLACEMENT_3D('',#3801,#3802,#3803);
#3801 = CARTESIAN_POINT('',(16.2,17.435978129527,36.5));
#3802 = DIRECTION('',(-0.5,-0.866025403784,0.));
#3803 = DIRECTION('',(-0.866025403784,0.5,0.));
#3804 = DEFINITIONAL_REPRESENTATION('',(#3805),#3808);
#3805 = B_SPLINE_CURVE_WITH_KNOTS('',1,(#3806,#3807),.UNSPECIFIED.,.F.,
  .F.,(2,2),(-3.117691453624,2.655811238272),.PIECEWISE_BEZIER_KNOTS.);
#3806 = CARTESIAN_POINT('',(5.773502691896,-1.));
#3807 = CARTESIAN_POINT('',(0.,-1.));
#3808 = ( GEOMETRIC_REPRESENTATION_CONTEXT(2) 
PARAMETRIC_REPRESENTATION_CONTEXT() REPRESENTATION_CONTEXT('2D SPACE',''
  ) );
#3809 = ORIENTED_EDGE('',*,*,#3810,.T.);
#3810 = EDGE_CURVE('',#3785,#3811,#3813,.T.);
#3811 = VERTEX_POINT('',#3812);
#3812 = CARTESIAN_POINT('',(16.2,11.66247543763,37.5));
#3813 = SURFACE_CURVE('',#3814,(#3818,#3824),.PCURVE_S1.);
#3814 = LINE('',#3815,#3816);
#3815 = CARTESIAN_POINT('',(16.2,5.831237718815,37.5));
#3816 = VECTOR('',#3817,1.);
#3817 = DIRECTION('',(-1.538370149107E-16,-1.,0.));
#3818 = PCURVE('',#32,#3819);
#3819 = DEFINITIONAL_REPRESENTATION('',(#3820),#3823);
#3820 = B_SPLINE_CURVE_WITH_KNOTS('',1,(#3821,#3822),.UNSPECIFIED.,.F.,
  .F.,(2,2),(-11.60474041071,-5.831237718815),.PIECEWISE_BEZIER_KNOTS.);
#3821 = CARTESIAN_POINT('',(16.2,17.435978129527));
#3822 = CARTESIAN_POINT('',(16.2,11.66247543763));
#3823 = ( GEOMETRIC_REPRESENTATION_CONTEXT(2) 
PARAMETRIC_REPRESENTATION_CONTEXT() REPRESENTATION_CONTEXT('2D SPACE',''
  ) );
#3824 = PCURVE('',#3825,#3830);
#3825 = PLANE('',#3826);
#3826 = AXIS2_PLACEMENT_3D('',#3827,#3828,#3829);
#3827 = CARTESIAN_POINT('',(16.2,11.66247543763,36.5));
#3828 = DIRECTION('',(-1.,1.538370149107E-16,0.));
#3829 = DIRECTION('',(1.538370149107E-16,1.,0.));
#3830 = DEFINITIONAL_REPRESENTATION('',(#3831),#3834);
#3831 = B_SPLINE_CURVE_WITH_KNOTS('',1,(#3832,#3833),.UNSPECIFIED.,.F.,
  .F.,(2,2),(-11.60474041071,-5.831237718815),.PIECEWISE_BEZIER_KNOTS.);
#3832 = CARTESIAN_POINT('',(5.773502691896,-1.));
#3833 = CARTESIAN_POINT('',(0.,-1.));
#3834 = ( GEOMETRIC_REPRESENTATION_CONTEXT(2) 
PARAMETRIC_REPRESENTATION_CONTEXT() REPRESENTATION_CONTEXT('2D SPACE',''
  ) );
#3835 = ORIENTED_EDGE('',*,*,#3836,.T.);
#3836 = EDGE_CURVE('',#3811,#3837,#3839,.T.);
#3837 = VERTEX_POINT('',#3838);
#3838 = CARTESIAN_POINT('',(11.2,8.775724091682,37.5));
#3839 = SURFACE_CURVE('',#3840,(#3844,#3850),.PCURVE_S1.);
#3840 = LINE('',#3841,#3842);
#3841 = CARTESIAN_POINT('',(5.1,5.253887449626,37.5));
#3842 = VECTOR('',#3843,1.);
#3843 = DIRECTION('',(-0.866025403784,-0.5,0.));
#3844 = PCURVE('',#32,#3845);
#3845 = DEFINITIONAL_REPRESENTATION('',(#3846),#3849);
#3846 = B_SPLINE_CURVE_WITH_KNOTS('',1,(#3847,#3848),.UNSPECIFIED.,.F.,
  .F.,(2,2),(-12.81717597601,-7.043673284113),.PIECEWISE_BEZIER_KNOTS.);
#3847 = CARTESIAN_POINT('',(16.2,11.66247543763));
#3848 = CARTESIAN_POINT('',(11.2,8.775724091682));
#3849 = ( GEOMETRIC_REPRESENTATION_CONTEXT(2) 
PARAMETRIC_REPRESENTATION_CONTEXT() REPRESENTATION_CONTEXT('2D SPACE',''
  ) );
#3850 = PCURVE('',#3851,#3856);
#3851 = PLANE('',#3852);
#3852 = AXIS2_PLACEMENT_3D('',#3853,#3854,#3855);
#3853 = CARTESIAN_POINT('',(11.2,8.775724091682,36.5));
#3854 = DIRECTION('',(-0.5,0.866025403784,0.));
#3855 = DIRECTION('',(0.866025403784,0.5,0.));
#3856 = DEFINITIONAL_REPRESENTATION('',(#3857),#3860);
#3857 = B_SPLINE_CURVE_WITH_KNOTS('',1,(#3858,#3859),.UNSPECIFIED.,.F.,
  .F.,(2,2),(-12.81717597601,-7.043673284113),.PIECEWISE_BEZIER_KNOTS.);
#3858 = CARTESIAN_POINT('',(5.773502691896,-1.));
#3859 = CARTESIAN_POINT('',(0.,-1.));
#3860 = ( GEOMETRIC_REPRESENTATION_CONTEXT(2) 
PARAMETRIC_REPRESENTATION_CONTEXT() REPRESENTATION_CONTEXT('2D SPACE',''
  ) );
#3861 = ORIENTED_EDGE('',*,*,#3862,.T.);
#3862 = EDGE_CURVE('',#3837,#3731,#3863,.T.);
#3863 = SURFACE_CURVE('',#3864,(#3868,#3874),.PCURVE_S1.);
#3864 = LINE('',#3865,#3866);
#3865 = CARTESIAN_POINT('',(6.4,11.547005383793,37.5));
#3866 = VECTOR('',#3867,1.);
#3867 = DIRECTION('',(-0.866025403784,0.5,0.));
#3868 = PCURVE('',#32,#3869);
#3869 = DEFINITIONAL_REPRESENTATION('',(#3870),#3873);
#3870 = B_SPLINE_CURVE_WITH_KNOTS('',1,(#3871,#3872),.UNSPECIFIED.,.F.,
  .F.,(2,2),(-5.54256258422,0.230940107676),.PIECEWISE_BEZIER_KNOTS.);
#3871 = CARTESIAN_POINT('',(11.2,8.775724091682));
#3872 = CARTESIAN_POINT('',(6.2,11.66247543763));
#3873 = ( GEOMETRIC_REPRESENTATION_CONTEXT(2) 
PARAMETRIC_REPRESENTATION_CONTEXT() REPRESENTATION_CONTEXT('2D SPACE',''
  ) );
#3874 = PCURVE('',#3875,#3880);
#3875 = PLANE('',#3876);
#3876 = AXIS2_PLACEMENT_3D('',#3877,#3878,#3879);
#3877 = CARTESIAN_POINT('',(6.2,11.66247543763,36.5));
#3878 = DIRECTION('',(0.5,0.866025403784,-0.));
#3879 = DIRECTION('',(0.866025403784,-0.5,0.));
#3880 = DEFINITIONAL_REPRESENTATION('',(#3881),#3884);
#3881 = B_SPLINE_CURVE_WITH_KNOTS('',1,(#3882,#3883),.UNSPECIFIED.,.F.,
  .F.,(2,2),(-5.54256258422,0.230940107676),.PIECEWISE_BEZIER_KNOTS.);
#3882 = CARTESIAN_POINT('',(5.773502691896,-1.));
#3883 = CARTESIAN_POINT('',(0.,-1.));
#3884 = ( GEOMETRIC_REPRESENTATION_CONTEXT(2) 
PARAMETRIC_REPRESENTATION_CONTEXT() REPRESENTATION_CONTEXT('2D SPACE',''
  ) );
#3885 = FACE_BOUND('',#3886,.F.);
#3886 = EDGE_LOOP('',(#3887,#3915,#3941,#3967,#3993,#4019));
#3887 = ORIENTED_EDGE('',*,*,#3888,.T.);
#3888 = EDGE_CURVE('',#3889,#3891,#3893,.T.);
#3889 = VERTEX_POINT('',#3890);
#3890 = CARTESIAN_POINT('',(11.8,1.962990915245,37.5));
#3891 = VERTEX_POINT('',#3892);
#3892 = CARTESIAN_POINT('',(11.8,7.736493607141,37.5));
#3893 = SURFACE_CURVE('',#3894,(#3898,#3904),.PCURVE_S1.);
#3894 = LINE('',#3895,#3896);
#3895 = CARTESIAN_POINT('',(11.8,3.86824680357,37.5));
#3896 = VECTOR('',#3897,1.);
#3897 = DIRECTION('',(4.615110447321E-16,1.,-0.));
#3898 = PCURVE('',#32,#3899);
#3899 = DEFINITIONAL_REPRESENTATION('',(#3900),#3903);
#3900 = B_SPLINE_CURVE_WITH_KNOTS('',1,(#3901,#3902),.UNSPECIFIED.,.F.,
  .F.,(2,2),(-1.905255888326,3.86824680357),.PIECEWISE_BEZIER_KNOTS.);
#3901 = CARTESIAN_POINT('',(11.8,1.962990915245));
#3902 = CARTESIAN_POINT('',(11.8,7.736493607141));
#3903 = ( GEOMETRIC_REPRESENTATION_CONTEXT(2) 
PARAMETRIC_REPRESENTATION_CONTEXT() REPRESENTATION_CONTEXT('2D SPACE',''
  ) );
#3904 = PCURVE('',#3905,#3910);
#3905 = PLANE('',#3906);
#3906 = AXIS2_PLACEMENT_3D('',#3907,#3908,#3909);
#3907 = CARTESIAN_POINT('',(11.8,7.736493607141,36.5));
#3908 = DIRECTION('',(1.,-4.615110447321E-16,0.));
#3909 = DIRECTION('',(-4.615110447321E-16,-1.,0.));
#3910 = DEFINITIONAL_REPRESENTATION('',(#3911),#3914);
#3911 = B_SPLINE_CURVE_WITH_KNOTS('',1,(#3912,#3913),.UNSPECIFIED.,.F.,
  .F.,(2,2),(-1.905255888326,3.86824680357),.PIECEWISE_BEZIER_KNOTS.);
#3912 = CARTESIAN_POINT('',(5.773502691896,-1.));
#3913 = CARTESIAN_POINT('',(0.,-1.));
#3914 = ( GEOMETRIC_REPRESENTATION_CONTEXT(2) 
PARAMETRIC_REPRESENTATION_CONTEXT() REPRESENTATION_CONTEXT('2D SPACE',''
  ) );
#3915 = ORIENTED_EDGE('',*,*,#3916,.T.);
#3916 = EDGE_CURVE('',#3891,#3917,#3919,.T.);
#3917 = VERTEX_POINT('',#3918);
#3918 = CARTESIAN_POINT('',(16.8,10.623244953089,37.5));
#3919 = SURFACE_CURVE('',#3920,(#3924,#3930),.PCURVE_S1.);
#3920 = LINE('',#3921,#3922);
#3921 = CARTESIAN_POINT('',(8.2,5.658032638058,37.5));
#3922 = VECTOR('',#3923,1.);
#3923 = DIRECTION('',(0.866025403784,0.5,-0.));
#3924 = PCURVE('',#32,#3925);
#3925 = DEFINITIONAL_REPRESENTATION('',(#3926),#3929);
#3926 = B_SPLINE_CURVE_WITH_KNOTS('',1,(#3927,#3928),.UNSPECIFIED.,.F.,
  .F.,(2,2),(4.156921938165,9.930424630062),.PIECEWISE_BEZIER_KNOTS.);
#3927 = CARTESIAN_POINT('',(11.8,7.736493607141));
#3928 = CARTESIAN_POINT('',(16.8,10.623244953089));
#3929 = ( GEOMETRIC_REPRESENTATION_CONTEXT(2) 
PARAMETRIC_REPRESENTATION_CONTEXT() REPRESENTATION_CONTEXT('2D SPACE',''
  ) );
#3930 = PCURVE('',#3931,#3936);
#3931 = PLANE('',#3932);
#3932 = AXIS2_PLACEMENT_3D('',#3933,#3934,#3935);
#3933 = CARTESIAN_POINT('',(16.8,10.623244953089,36.5));
#3934 = DIRECTION('',(0.5,-0.866025403784,0.));
#3935 = DIRECTION('',(-0.866025403784,-0.5,0.));
#3936 = DEFINITIONAL_REPRESENTATION('',(#3937),#3940);
#3937 = B_SPLINE_CURVE_WITH_KNOTS('',1,(#3938,#3939),.UNSPECIFIED.,.F.,
  .F.,(2,2),(4.156921938165,9.930424630062),.PIECEWISE_BEZIER_KNOTS.);
#3938 = CARTESIAN_POINT('',(5.773502691896,-1.));
#3939 = CARTESIAN_POINT('',(0.,-1.));
#3940 = ( GEOMETRIC_REPRESENTATION_CONTEXT(2) 
PARAMETRIC_REPRESENTATION_CONTEXT() REPRESENTATION_CONTEXT('2D SPACE',''
  ) );
#3941 = ORIENTED_EDGE('',*,*,#3942,.T.);
#3942 = EDGE_CURVE('',#3917,#3943,#3945,.T.);
#3943 = VERTEX_POINT('',#3944);
#3944 = CARTESIAN_POINT('',(21.8,7.736493607141,37.5));
#3945 = SURFACE_CURVE('',#3946,(#3950,#3956),.PCURVE_S1.);
#3946 = LINE('',#3947,#3948);
#3947 = CARTESIAN_POINT('',(15.3,11.489270356874,37.5));
#3948 = VECTOR('',#3949,1.);
#3949 = DIRECTION('',(0.866025403784,-0.5,0.));
#3950 = PCURVE('',#32,#3951);
#3951 = DEFINITIONAL_REPRESENTATION('',(#3952),#3955);
#3952 = B_SPLINE_CURVE_WITH_KNOTS('',1,(#3953,#3954),.UNSPECIFIED.,.F.,
  .F.,(2,2),(1.732050807569,7.505553499465),.PIECEWISE_BEZIER_KNOTS.);
#3953 = CARTESIAN_POINT('',(16.8,10.623244953089));
#3954 = CARTESIAN_POINT('',(21.8,7.736493607141));
#3955 = ( GEOMETRIC_REPRESENTATION_CONTEXT(2) 
PARAMETRIC_REPRESENTATION_CONTEXT() REPRESENTATION_CONTEXT('2D SPACE',''
  ) );
#3956 = PCURVE('',#3957,#3962);
#3957 = PLANE('',#3958);
#3958 = AXIS2_PLACEMENT_3D('',#3959,#3960,#3961);
#3959 = CARTESIAN_POINT('',(21.8,7.736493607141,36.5));
#3960 = DIRECTION('',(-0.5,-0.866025403784,0.));
#3961 = DIRECTION('',(-0.866025403784,0.5,0.));
#3962 = DEFINITIONAL_REPRESENTATION('',(#3963),#3966);
#3963 = B_SPLINE_CURVE_WITH_KNOTS('',1,(#3964,#3965),.UNSPECIFIED.,.F.,
  .F.,(2,2),(1.732050807569,7.505553499465),.PIECEWISE_BEZIER_KNOTS.);
#3964 = CARTESIAN_POINT('',(5.773502691896,-1.));
#3965 = CARTESIAN_POINT('',(0.,-1.));
#3966 = ( GEOMETRIC_REPRESENTATION_CONTEXT(2) 
PARAMETRIC_REPRESENTATION_CONTEXT() REPRESENTATION_CONTEXT('2D SPACE',''
  ) );
#3967 = ORIENTED_EDGE('',*,*,#3968,.T.);
#3968 = EDGE_CURVE('',#3943,#3969,#3971,.T.);
#3969 = VERTEX_POINT('',#3970);
#3970 = CARTESIAN_POINT('',(21.8,1.962990915245,37.5));
#3971 = SURFACE_CURVE('',#3972,(#3976,#3982),.PCURVE_S1.);
#3972 = LINE('',#3973,#3974);
#3973 = CARTESIAN_POINT('',(21.8,0.981495457622,37.5));
#3974 = VECTOR('',#3975,1.);
#3975 = DIRECTION('',(-1.538370149107E-16,-1.,0.));
#3976 = PCURVE('',#32,#3977);
#3977 = DEFINITIONAL_REPRESENTATION('',(#3978),#3981);
#3978 = B_SPLINE_CURVE_WITH_KNOTS('',1,(#3979,#3980),.UNSPECIFIED.,.F.,
  .F.,(2,2),(-6.754998149519,-0.981495457622),.PIECEWISE_BEZIER_KNOTS.);
#3979 = CARTESIAN_POINT('',(21.8,7.736493607141));
#3980 = CARTESIAN_POINT('',(21.8,1.962990915245));
#3981 = ( GEOMETRIC_REPRESENTATION_CONTEXT(2) 
PARAMETRIC_REPRESENTATION_CONTEXT() REPRESENTATION_CONTEXT('2D SPACE',''
  ) );
#3982 = PCURVE('',#3983,#3988);
#3983 = PLANE('',#3984);
#3984 = AXIS2_PLACEMENT_3D('',#3985,#3986,#3987);
#3985 = CARTESIAN_POINT('',(21.8,1.962990915245,36.5));
#3986 = DIRECTION('',(-1.,1.538370149107E-16,0.));
#3987 = DIRECTION('',(1.538370149107E-16,1.,0.));
#3988 = DEFINITIONAL_REPRESENTATION('',(#3989),#3992);
#3989 = B_SPLINE_CURVE_WITH_KNOTS('',1,(#3990,#3991),.UNSPECIFIED.,.F.,
  .F.,(2,2),(-6.754998149519,-0.981495457622),.PIECEWISE_BEZIER_KNOTS.);
#3990 = CARTESIAN_POINT('',(5.773502691896,-1.));
#3991 = CARTESIAN_POINT('',(0.,-1.));
#3992 = ( GEOMETRIC_REPRESENTATION_CONTEXT(2) 
PARAMETRIC_REPRESENTATION_CONTEXT() REPRESENTATION_CONTEXT('2D SPACE',''
  ) );
#3993 = ORIENTED_EDGE('',*,*,#3994,.T.);
#3994 = EDGE_CURVE('',#3969,#3995,#3997,.T.);
#3995 = VERTEX_POINT('',#3996);
#3996 = CARTESIAN_POINT('',(16.8,-0.923760430703,37.5));
#3997 = SURFACE_CURVE('',#3998,(#4002,#4008),.PCURVE_S1.);
#3998 = LINE('',#3999,#4000);
#3999 = CARTESIAN_POINT('',(10.7,-4.44559707276,37.5));
#4000 = VECTOR('',#4001,1.);
#4001 = DIRECTION('',(-0.866025403784,-0.5,0.));
#4002 = PCURVE('',#32,#4003);
#4003 = DEFINITIONAL_REPRESENTATION('',(#4004),#4007);
#4004 = B_SPLINE_CURVE_WITH_KNOTS('',1,(#4005,#4006),.UNSPECIFIED.,.F.,
  .F.,(2,2),(-12.81717597601,-7.043673284113),.PIECEWISE_BEZIER_KNOTS.);
#4005 = CARTESIAN_POINT('',(21.8,1.962990915245));
#4006 = CARTESIAN_POINT('',(16.8,-0.923760430703));
#4007 = ( GEOMETRIC_REPRESENTATION_CONTEXT(2) 
PARAMETRIC_REPRESENTATION_CONTEXT() REPRESENTATION_CONTEXT('2D SPACE',''
  ) );
#4008 = PCURVE('',#4009,#4014);
#4009 = PLANE('',#4010);
#4010 = AXIS2_PLACEMENT_3D('',#4011,#4012,#4013);
#4011 = CARTESIAN_POINT('',(16.8,-0.923760430703,36.5));
#4012 = DIRECTION('',(-0.5,0.866025403784,0.));
#4013 = DIRECTION('',(0.866025403784,0.5,0.));
#4014 = DEFINITIONAL_REPRESENTATION('',(#4015),#4018);
#4015 = B_SPLINE_CURVE_WITH_KNOTS('',1,(#4016,#4017),.UNSPECIFIED.,.F.,
  .F.,(2,2),(-12.81717597601,-7.043673284113),.PIECEWISE_BEZIER_KNOTS.);
#4016 = CARTESIAN_POINT('',(5.773502691896,-1.));
#4017 = CARTESIAN_POINT('',(0.,-1.));
#4018 = ( GEOMETRIC_REPRESENTATION_CONTEXT(2) 
PARAMETRIC_REPRESENTATION_CONTEXT() REPRESENTATION_CONTEXT('2D SPACE',''
  ) );
#4019 = ORIENTED_EDGE('',*,*,#4020,.T.);
#4020 = EDGE_CURVE('',#3995,#3889,#4021,.T.);
#4021 = SURFACE_CURVE('',#4022,(#4026,#4032),.PCURVE_S1.);
#4022 = LINE('',#4023,#4024);
#4023 = CARTESIAN_POINT('',(7.8,4.272391992003,37.5));
#4024 = VECTOR('',#4025,1.);
#4025 = DIRECTION('',(-0.866025403784,0.5,0.));
#4026 = PCURVE('',#32,#4027);
#4027 = DEFINITIONAL_REPRESENTATION('',(#4028),#4031);
#4028 = B_SPLINE_CURVE_WITH_KNOTS('',1,(#4029,#4030),.UNSPECIFIED.,.F.,
  .F.,(2,2),(-10.39230484541,-4.618802153517),.PIECEWISE_BEZIER_KNOTS.);
#4029 = CARTESIAN_POINT('',(16.8,-0.923760430703));
#4030 = CARTESIAN_POINT('',(11.8,1.962990915245));
#4031 = ( GEOMETRIC_REPRESENTATION_CONTEXT(2) 
PARAMETRIC_REPRESENTATION_CONTEXT() REPRESENTATION_CONTEXT('2D SPACE',''
  ) );
#4032 = PCURVE('',#4033,#4038);
#4033 = PLANE('',#4034);
#4034 = AXIS2_PLACEMENT_3D('',#4035,#4036,#4037);
#4035 = CARTESIAN_POINT('',(11.8,1.962990915245,36.5));
#4036 = DIRECTION('',(0.5,0.866025403784,-0.));
#4037 = DIRECTION('',(0.866025403784,-0.5,0.));
#4038 = DEFINITIONAL_REPRESENTATION('',(#4039),#4042);
#4039 = B_SPLINE_CURVE_WITH_KNOTS('',1,(#4040,#4041),.UNSPECIFIED.,.F.,
  .F.,(2,2),(-10.39230484541,-4.618802153517),.PIECEWISE_BEZIER_KNOTS.);
#4040 = CARTESIAN_POINT('',(5.773502691896,-1.));
#4041 = CARTESIAN_POINT('',(0.,-1.));
#4042 = ( GEOMETRIC_REPRESENTATION_CONTEXT(2) 
PARAMETRIC_REPRESENTATION_CONTEXT() REPRESENTATION_CONTEXT('2D SPACE',''
  ) );
#4043 = FACE_BOUND('',#4044,.F.);
#4044 = EDGE_LOOP('',(#4045,#4073,#4099,#4125,#4151,#4177));
#4045 = ORIENTED_EDGE('',*,*,#4046,.T.);
#4046 = EDGE_CURVE('',#4047,#4049,#4051,.T.);
#4047 = VERTEX_POINT('',#4048);
#4048 = CARTESIAN_POINT('',(0.6,21.361959960016,37.5));
#4049 = VERTEX_POINT('',#4050);
#4050 = CARTESIAN_POINT('',(0.6,27.135462651912,37.5));
#4051 = SURFACE_CURVE('',#4052,(#4056,#4062),.PCURVE_S1.);
#4052 = LINE('',#4053,#4054);
#4053 = CARTESIAN_POINT('',(0.6,13.567731325956,37.5));
#4054 = VECTOR('',#4055,1.);
#4055 = DIRECTION('',(4.615110447321E-16,1.,-0.));
#4056 = PCURVE('',#32,#4057);
#4057 = DEFINITIONAL_REPRESENTATION('',(#4058),#4061);
#4058 = B_SPLINE_CURVE_WITH_KNOTS('',1,(#4059,#4060),.UNSPECIFIED.,.F.,
  .F.,(2,2),(7.79422863406,13.567731325956),.PIECEWISE_BEZIER_KNOTS.);
#4059 = CARTESIAN_POINT('',(0.6,21.361959960016));
#4060 = CARTESIAN_POINT('',(0.6,27.135462651912));
#4061 = ( GEOMETRIC_REPRESENTATION_CONTEXT(2) 
PARAMETRIC_REPRESENTATION_CONTEXT() REPRESENTATION_CONTEXT('2D SPACE',''
  ) );
#4062 = PCURVE('',#4063,#4068);
#4063 = PLANE('',#4064);
#4064 = AXIS2_PLACEMENT_3D('',#4065,#4066,#4067);
#4065 = CARTESIAN_POINT('',(0.6,27.135462651912,36.5));
#4066 = DIRECTION('',(1.,-4.615110447321E-16,0.));
#4067 = DIRECTION('',(-4.615110447321E-16,-1.,0.));
#4068 = DEFINITIONAL_REPRESENTATION('',(#4069),#4072);
#4069 = B_SPLINE_CURVE_WITH_KNOTS('',1,(#4070,#4071),.UNSPECIFIED.,.F.,
  .F.,(2,2),(7.79422863406,13.567731325956),.PIECEWISE_BEZIER_KNOTS.);
#4070 = CARTESIAN_POINT('',(5.773502691896,-1.));
#4071 = CARTESIAN_POINT('',(0.,-1.));
#4072 = ( GEOMETRIC_REPRESENTATION_CONTEXT(2) 
PARAMETRIC_REPRESENTATION_CONTEXT() REPRESENTATION_CONTEXT('2D SPACE',''
  ) );
#4073 = ORIENTED_EDGE('',*,*,#4074,.T.);
#4074 = EDGE_CURVE('',#4049,#4075,#4077,.T.);
#4075 = VERTEX_POINT('',#4076);
#4076 = CARTESIAN_POINT('',(5.6,30.022213997861,37.5));
#4077 = SURFACE_CURVE('',#4078,(#4082,#4088),.PCURVE_S1.);
#4078 = LINE('',#4079,#4080);
#4079 = CARTESIAN_POINT('',(-3.,25.05700168283,37.5));
#4080 = VECTOR('',#4081,1.);
#4081 = DIRECTION('',(0.866025403784,0.5,-0.));
#4082 = PCURVE('',#32,#4083);
#4083 = DEFINITIONAL_REPRESENTATION('',(#4084),#4087);
#4084 = B_SPLINE_CURVE_WITH_KNOTS('',1,(#4085,#4086),.UNSPECIFIED.,.F.,
  .F.,(2,2),(4.156921938165,9.930424630062),.PIECEWISE_BEZIER_KNOTS.);
#4085 = CARTESIAN_POINT('',(0.6,27.135462651912));
#4086 = CARTESIAN_POINT('',(5.6,30.022213997861));
#4087 = ( GEOMETRIC_REPRESENTATION_CONTEXT(2) 
PARAMETRIC_REPRESENTATION_CONTEXT() REPRESENTATION_CONTEXT('2D SPACE',''
  ) );
#4088 = PCURVE('',#4089,#4094);
#4089 = PLANE('',#4090);
#4090 = AXIS2_PLACEMENT_3D('',#4091,#4092,#4093);
#4091 = CARTESIAN_POINT('',(5.6,30.022213997861,36.5));
#4092 = DIRECTION('',(0.5,-0.866025403784,0.));
#4093 = DIRECTION('',(-0.866025403784,-0.5,0.));
#4094 = DEFINITIONAL_REPRESENTATION('',(#4095),#4098);
#4095 = B_SPLINE_CURVE_WITH_KNOTS('',1,(#4096,#4097),.UNSPECIFIED.,.F.,
  .F.,(2,2),(4.156921938165,9.930424630062),.PIECEWISE_BEZIER_KNOTS.);
#4096 = CARTESIAN_POINT('',(5.773502691896,-1.));
#4097 = CARTESIAN_POINT('',(0.,-1.));
#4098 = ( GEOMETRIC_REPRESENTATION_CONTEXT(2) 
PARAMETRIC_REPRESENTATION_CONTEXT() REPRESENTATION_CONTEXT('2D SPACE',''
  ) );
#4099 = ORIENTED_EDGE('',*,*,#4100,.T.);
#4100 = EDGE_CURVE('',#4075,#4101,#4103,.T.);
#4101 = VERTEX_POINT('',#4102);
#4102 = CARTESIAN_POINT('',(10.6,27.135462651912,37.5));
#4103 = SURFACE_CURVE('',#4104,(#4108,#4114),.PCURVE_S1.);
#4104 = LINE('',#4105,#4106);
#4105 = CARTESIAN_POINT('',(12.5,26.038497140452,37.5));
#4106 = VECTOR('',#4107,1.);
#4107 = DIRECTION('',(0.866025403784,-0.5,0.));
#4108 = PCURVE('',#32,#4109);
#4109 = DEFINITIONAL_REPRESENTATION('',(#4110),#4113);
#4110 = B_SPLINE_CURVE_WITH_KNOTS('',1,(#4111,#4112),.UNSPECIFIED.,.F.,
  .F.,(2,2),(-7.967433714817,-2.193931022921),.PIECEWISE_BEZIER_KNOTS.);
#4111 = CARTESIAN_POINT('',(5.6,30.022213997861));
#4112 = CARTESIAN_POINT('',(10.6,27.135462651912));
#4113 = ( GEOMETRIC_REPRESENTATION_CONTEXT(2) 
PARAMETRIC_REPRESENTATION_CONTEXT() REPRESENTATION_CONTEXT('2D SPACE',''
  ) );
#4114 = PCURVE('',#4115,#4120);
#4115 = PLANE('',#4116);
#4116 = AXIS2_PLACEMENT_3D('',#4117,#4118,#4119);
#4117 = CARTESIAN_POINT('',(10.6,27.135462651912,36.5));
#4118 = DIRECTION('',(-0.5,-0.866025403784,0.));
#4119 = DIRECTION('',(-0.866025403784,0.5,0.));
#4120 = DEFINITIONAL_REPRESENTATION('',(#4121),#4124);
#4121 = B_SPLINE_CURVE_WITH_KNOTS('',1,(#4122,#4123),.UNSPECIFIED.,.F.,
  .F.,(2,2),(-7.967433714817,-2.193931022921),.PIECEWISE_BEZIER_KNOTS.);
#4122 = CARTESIAN_POINT('',(5.773502691896,-1.));
#4123 = CARTESIAN_POINT('',(0.,-1.));
#4124 = ( GEOMETRIC_REPRESENTATION_CONTEXT(2) 
PARAMETRIC_REPRESENTATION_CONTEXT() REPRESENTATION_CONTEXT('2D SPACE',''
  ) );
#4125 = ORIENTED_EDGE('',*,*,#4126,.T.);
#4126 = EDGE_CURVE('',#4101,#4127,#4129,.T.);
#4127 = VERTEX_POINT('',#4128);
#4128 = CARTESIAN_POINT('',(10.6,21.361959960016,37.5));
#4129 = SURFACE_CURVE('',#4130,(#4134,#4140),.PCURVE_S1.);
#4130 = LINE('',#4131,#4132);
#4131 = CARTESIAN_POINT('',(10.6,10.680979980008,37.5));
#4132 = VECTOR('',#4133,1.);
#4133 = DIRECTION('',(-1.538370149107E-16,-1.,0.));
#4134 = PCURVE('',#32,#4135);
#4135 = DEFINITIONAL_REPRESENTATION('',(#4136),#4139);
#4136 = B_SPLINE_CURVE_WITH_KNOTS('',1,(#4137,#4138),.UNSPECIFIED.,.F.,
  .F.,(2,2),(-16.4544826719,-10.68097998),.PIECEWISE_BEZIER_KNOTS.);
#4137 = CARTESIAN_POINT('',(10.6,27.135462651912));
#4138 = CARTESIAN_POINT('',(10.6,21.361959960016));
#4139 = ( GEOMETRIC_REPRESENTATION_CONTEXT(2) 
PARAMETRIC_REPRESENTATION_CONTEXT() REPRESENTATION_CONTEXT('2D SPACE',''
  ) );
#4140 = PCURVE('',#4141,#4146);
#4141 = PLANE('',#4142);
#4142 = AXIS2_PLACEMENT_3D('',#4143,#4144,#4145);
#4143 = CARTESIAN_POINT('',(10.6,21.361959960016,36.5));
#4144 = DIRECTION('',(-1.,1.538370149107E-16,0.));
#4145 = DIRECTION('',(1.538370149107E-16,1.,0.));
#4146 = DEFINITIONAL_REPRESENTATION('',(#4147),#4150);
#4147 = B_SPLINE_CURVE_WITH_KNOTS('',1,(#4148,#4149),.UNSPECIFIED.,.F.,
  .F.,(2,2),(-16.4544826719,-10.68097998),.PIECEWISE_BEZIER_KNOTS.);
#4148 = CARTESIAN_POINT('',(5.773502691896,-1.));
#4149 = CARTESIAN_POINT('',(0.,-1.));
#4150 = ( GEOMETRIC_REPRESENTATION_CONTEXT(2) 
PARAMETRIC_REPRESENTATION_CONTEXT() REPRESENTATION_CONTEXT('2D SPACE',''
  ) );
#4151 = ORIENTED_EDGE('',*,*,#4152,.T.);
#4152 = EDGE_CURVE('',#4127,#4153,#4155,.T.);
#4153 = VERTEX_POINT('',#4154);
#4154 = CARTESIAN_POINT('',(5.6,18.475208614068,37.5));
#4155 = SURFACE_CURVE('',#4156,(#4160,#4166),.PCURVE_S1.);
#4156 = LINE('',#4157,#4158);
#4157 = CARTESIAN_POINT('',(-0.5,14.953371972011,37.5));
#4158 = VECTOR('',#4159,1.);
#4159 = DIRECTION('',(-0.866025403784,-0.5,0.));
#4160 = PCURVE('',#32,#4161);
#4161 = DEFINITIONAL_REPRESENTATION('',(#4162),#4165);
#4162 = B_SPLINE_CURVE_WITH_KNOTS('',1,(#4163,#4164),.UNSPECIFIED.,.F.,
  .F.,(2,2),(-12.81717597601,-7.043673284113),.PIECEWISE_BEZIER_KNOTS.);
#4163 = CARTESIAN_POINT('',(10.6,21.361959960016));
#4164 = CARTESIAN_POINT('',(5.6,18.475208614068));
#4165 = ( GEOMETRIC_REPRESENTATION_CONTEXT(2) 
PARAMETRIC_REPRESENTATION_CONTEXT() REPRESENTATION_CONTEXT('2D SPACE',''
  ) );
#4166 = PCURVE('',#4167,#4172);
#4167 = PLANE('',#4168);
#4168 = AXIS2_PLACEMENT_3D('',#4169,#4170,#4171);
#4169 = CARTESIAN_POINT('',(5.6,18.475208614068,36.5));
#4170 = DIRECTION('',(-0.5,0.866025403784,0.));
#4171 = DIRECTION('',(0.866025403784,0.5,0.));
#4172 = DEFINITIONAL_REPRESENTATION('',(#4173),#4176);
#4173 = B_SPLINE_CURVE_WITH_KNOTS('',1,(#4174,#4175),.UNSPECIFIED.,.F.,
  .F.,(2,2),(-12.81717597601,-7.043673284113),.PIECEWISE_BEZIER_KNOTS.);
#4174 = CARTESIAN_POINT('',(5.773502691896,-1.));
#4175 = CARTESIAN_POINT('',(0.,-1.));
#4176 = ( GEOMETRIC_REPRESENTATION_CONTEXT(2) 
PARAMETRIC_REPRESENTATION_CONTEXT() REPRESENTATION_CONTEXT('2D SPACE',''
  ) );
#4177 = ORIENTED_EDGE('',*,*,#4178,.T.);
#4178 = EDGE_CURVE('',#4153,#4047,#4179,.T.);
#4179 = SURFACE_CURVE('',#4180,(#4184,#4190),.PCURVE_S1.);
#4180 = LINE('',#4181,#4182);
#4181 = CARTESIAN_POINT('',(5.,18.821618775582,37.5));
#4182 = VECTOR('',#4183,1.);
#4183 = DIRECTION('',(-0.866025403784,0.5,0.));
#4184 = PCURVE('',#32,#4185);
#4185 = DEFINITIONAL_REPRESENTATION('',(#4186),#4189);
#4186 = B_SPLINE_CURVE_WITH_KNOTS('',1,(#4187,#4188),.UNSPECIFIED.,.F.,
  .F.,(2,2),(-0.692820323028,5.080682368869),.PIECEWISE_BEZIER_KNOTS.);
#4187 = CARTESIAN_POINT('',(5.6,18.475208614068));
#4188 = CARTESIAN_POINT('',(0.6,21.361959960016));
#4189 = ( GEOMETRIC_REPRESENTATION_CONTEXT(2) 
PARAMETRIC_REPRESENTATION_CONTEXT() REPRESENTATION_CONTEXT('2D SPACE',''
  ) );
#4190 = PCURVE('',#4191,#4196);
#4191 = PLANE('',#4192);
#4192 = AXIS2_PLACEMENT_3D('',#4193,#4194,#4195);
#4193 = CARTESIAN_POINT('',(0.6,21.361959960016,36.5));
#4194 = DIRECTION('',(0.5,0.866025403784,-0.));
#4195 = DIRECTION('',(0.866025403784,-0.5,0.));
#4196 = DEFINITIONAL_REPRESENTATION('',(#4197),#4200);
#4197 = B_SPLINE_CURVE_WITH_KNOTS('',1,(#4198,#4199),.UNSPECIFIED.,.F.,
  .F.,(2,2),(-0.692820323028,5.080682368869),.PIECEWISE_BEZIER_KNOTS.);
#4198 = CARTESIAN_POINT('',(5.773502691896,-1.));
#4199 = CARTESIAN_POINT('',(0.,-1.));
#4200 = ( GEOMETRIC_REPRESENTATION_CONTEXT(2) 
PARAMETRIC_REPRESENTATION_CONTEXT() REPRESENTATION_CONTEXT('2D SPACE',''
  ) );
#4201 = FACE_BOUND('',#4202,.F.);
#4202 = EDGE_LOOP('',(#4203,#4231,#4257,#4283,#4309,#4335));
#4203 = ORIENTED_EDGE('',*,*,#4204,.T.);
#4204 = EDGE_CURVE('',#4205,#4207,#4209,.T.);
#4205 = VERTEX_POINT('',#4206);
#4206 = CARTESIAN_POINT('',(-5.,31.061444482402,37.5));
#4207 = VERTEX_POINT('',#4208);
#4208 = CARTESIAN_POINT('',(-5.,36.834947174298,37.5));
#4209 = SURFACE_CURVE('',#4210,(#4214,#4220),.PCURVE_S1.);
#4210 = LINE('',#4211,#4212);
#4211 = CARTESIAN_POINT('',(-5.,18.417473587149,37.5));
#4212 = VECTOR('',#4213,1.);
#4213 = DIRECTION('',(4.615110447321E-16,1.,-0.));
#4214 = PCURVE('',#32,#4215);
#4215 = DEFINITIONAL_REPRESENTATION('',(#4216),#4219);
#4216 = B_SPLINE_CURVE_WITH_KNOTS('',1,(#4217,#4218),.UNSPECIFIED.,.F.,
  .F.,(2,2),(12.643970895253,18.417473587149),.PIECEWISE_BEZIER_KNOTS.);
#4217 = CARTESIAN_POINT('',(-5.,31.061444482402));
#4218 = CARTESIAN_POINT('',(-5.,36.834947174298));
#4219 = ( GEOMETRIC_REPRESENTATION_CONTEXT(2) 
PARAMETRIC_REPRESENTATION_CONTEXT() REPRESENTATION_CONTEXT('2D SPACE',''
  ) );
#4220 = PCURVE('',#4221,#4226);
#4221 = PLANE('',#4222);
#4222 = AXIS2_PLACEMENT_3D('',#4223,#4224,#4225);
#4223 = CARTESIAN_POINT('',(-5.,36.834947174298,36.5));
#4224 = DIRECTION('',(1.,-4.615110447321E-16,0.));
#4225 = DIRECTION('',(-4.615110447321E-16,-1.,0.));
#4226 = DEFINITIONAL_REPRESENTATION('',(#4227),#4230);
#4227 = B_SPLINE_CURVE_WITH_KNOTS('',1,(#4228,#4229),.UNSPECIFIED.,.F.,
  .F.,(2,2),(12.643970895253,18.417473587149),.PIECEWISE_BEZIER_KNOTS.);
#4228 = CARTESIAN_POINT('',(5.773502691896,-1.));
#4229 = CARTESIAN_POINT('',(0.,-1.));
#4230 = ( GEOMETRIC_REPRESENTATION_CONTEXT(2) 
PARAMETRIC_REPRESENTATION_CONTEXT() REPRESENTATION_CONTEXT('2D SPACE',''
  ) );
#4231 = ORIENTED_EDGE('',*,*,#4232,.T.);
#4232 = EDGE_CURVE('',#4207,#4233,#4235,.T.);
#4233 = VERTEX_POINT('',#4234);
#4234 = CARTESIAN_POINT('',(2.129881918975E-15,39.721698520246,37.5));
#4235 = SURFACE_CURVE('',#4236,(#4240,#4246),.PCURVE_S1.);
#4236 = LINE('',#4237,#4238);
#4237 = CARTESIAN_POINT('',(-8.6,34.756486205215,37.5));
#4238 = VECTOR('',#4239,1.);
#4239 = DIRECTION('',(0.866025403784,0.5,-0.));
#4240 = PCURVE('',#32,#4241);
#4241 = DEFINITIONAL_REPRESENTATION('',(#4242),#4245);
#4242 = B_SPLINE_CURVE_WITH_KNOTS('',1,(#4243,#4244),.UNSPECIFIED.,.F.,
  .F.,(2,2),(4.156921938165,9.930424630062),.PIECEWISE_BEZIER_KNOTS.);
#4243 = CARTESIAN_POINT('',(-5.,36.834947174298));
#4244 = CARTESIAN_POINT('',(1.647891781773E-15,39.721698520246));
#4245 = ( GEOMETRIC_REPRESENTATION_CONTEXT(2) 
PARAMETRIC_REPRESENTATION_CONTEXT() REPRESENTATION_CONTEXT('2D SPACE',''
  ) );
#4246 = PCURVE('',#4247,#4252);
#4247 = PLANE('',#4248);
#4248 = AXIS2_PLACEMENT_3D('',#4249,#4250,#4251);
#4249 = CARTESIAN_POINT('',(2.129881918975E-15,39.721698520246,36.5));
#4250 = DIRECTION('',(0.5,-0.866025403784,0.));
#4251 = DIRECTION('',(-0.866025403784,-0.5,0.));
#4252 = DEFINITIONAL_REPRESENTATION('',(#4253),#4256);
#4253 = B_SPLINE_CURVE_WITH_KNOTS('',1,(#4254,#4255),.UNSPECIFIED.,.F.,
  .F.,(2,2),(4.156921938165,9.930424630062),.PIECEWISE_BEZIER_KNOTS.);
#4254 = CARTESIAN_POINT('',(5.773502691896,-1.));
#4255 = CARTESIAN_POINT('',(0.,-1.));
#4256 = ( GEOMETRIC_REPRESENTATION_CONTEXT(2) 
PARAMETRIC_REPRESENTATION_CONTEXT() REPRESENTATION_CONTEXT('2D SPACE',''
  ) );
#4257 = ORIENTED_EDGE('',*,*,#4258,.T.);
#4258 = EDGE_CURVE('',#4233,#4259,#4261,.T.);
#4259 = VERTEX_POINT('',#4260);
#4260 = CARTESIAN_POINT('',(5.,36.834947174298,37.5));
#4261 = SURFACE_CURVE('',#4262,(#4266,#4272),.PCURVE_S1.);
#4262 = LINE('',#4263,#4264);
#4263 = CARTESIAN_POINT('',(11.1,33.313110532241,37.5));
#4264 = VECTOR('',#4265,1.);
#4265 = DIRECTION('',(0.866025403784,-0.5,0.));
#4266 = PCURVE('',#32,#4267);
#4267 = DEFINITIONAL_REPRESENTATION('',(#4268),#4271);
#4268 = B_SPLINE_CURVE_WITH_KNOTS('',1,(#4269,#4270),.UNSPECIFIED.,.F.,
  .F.,(2,2),(-12.81717597601,-7.043673284113),.PIECEWISE_BEZIER_KNOTS.);
#4269 = CARTESIAN_POINT('',(3.067895494974E-15,39.721698520246));
#4270 = CARTESIAN_POINT('',(5.,36.834947174298));
#4271 = ( GEOMETRIC_REPRESENTATION_CONTEXT(2) 
PARAMETRIC_REPRESENTATION_CONTEXT() REPRESENTATION_CONTEXT('2D SPACE',''
  ) );
#4272 = PCURVE('',#4273,#4278);
#4273 = PLANE('',#4274);
#4274 = AXIS2_PLACEMENT_3D('',#4275,#4276,#4277);
#4275 = CARTESIAN_POINT('',(5.,36.834947174298,36.5));
#4276 = DIRECTION('',(-0.5,-0.866025403784,0.));
#4277 = DIRECTION('',(-0.866025403784,0.5,0.));
#4278 = DEFINITIONAL_REPRESENTATION('',(#4279),#4282);
#4279 = B_SPLINE_CURVE_WITH_KNOTS('',1,(#4280,#4281),.UNSPECIFIED.,.F.,
  .F.,(2,2),(-12.81717597601,-7.043673284113),.PIECEWISE_BEZIER_KNOTS.);
#4280 = CARTESIAN_POINT('',(5.773502691896,-1.));
#4281 = CARTESIAN_POINT('',(0.,-1.));
#4282 = ( GEOMETRIC_REPRESENTATION_CONTEXT(2) 
PARAMETRIC_REPRESENTATION_CONTEXT() REPRESENTATION_CONTEXT('2D SPACE',''
  ) );
#4283 = ORIENTED_EDGE('',*,*,#4284,.T.);
#4284 = EDGE_CURVE('',#4259,#4285,#4287,.T.);
#4285 = VERTEX_POINT('',#4286);
#4286 = CARTESIAN_POINT('',(5.,31.061444482402,37.5));
#4287 = SURFACE_CURVE('',#4288,(#4292,#4298),.PCURVE_S1.);
#4288 = LINE('',#4289,#4290);
#4289 = CARTESIAN_POINT('',(5.,15.530722241201,37.5));
#4290 = VECTOR('',#4291,1.);
#4291 = DIRECTION('',(-1.538370149107E-16,-1.,0.));
#4292 = PCURVE('',#32,#4293);
#4293 = DEFINITIONAL_REPRESENTATION('',(#4294),#4297);
#4294 = B_SPLINE_CURVE_WITH_KNOTS('',1,(#4295,#4296),.UNSPECIFIED.,.F.,
  .F.,(2,2),(-21.30422493309,-15.5307222412),.PIECEWISE_BEZIER_KNOTS.);
#4295 = CARTESIAN_POINT('',(5.,36.834947174298));
#4296 = CARTESIAN_POINT('',(5.,31.061444482402));
#4297 = ( GEOMETRIC_REPRESENTATION_CONTEXT(2) 
PARAMETRIC_REPRESENTATION_CONTEXT() REPRESENTATION_CONTEXT('2D SPACE',''
  ) );
#4298 = PCURVE('',#4299,#4304);
#4299 = PLANE('',#4300);
#4300 = AXIS2_PLACEMENT_3D('',#4301,#4302,#4303);
#4301 = CARTESIAN_POINT('',(5.,31.061444482402,36.5));
#4302 = DIRECTION('',(-1.,1.538370149107E-16,0.));
#4303 = DIRECTION('',(1.538370149107E-16,1.,0.));
#4304 = DEFINITIONAL_REPRESENTATION('',(#4305),#4308);
#4305 = B_SPLINE_CURVE_WITH_KNOTS('',1,(#4306,#4307),.UNSPECIFIED.,.F.,
  .F.,(2,2),(-21.30422493309,-15.5307222412),.PIECEWISE_BEZIER_KNOTS.);
#4306 = CARTESIAN_POINT('',(5.773502691896,-1.));
#4307 = CARTESIAN_POINT('',(0.,-1.));
#4308 = ( GEOMETRIC_REPRESENTATION_CONTEXT(2) 
PARAMETRIC_REPRESENTATION_CONTEXT() REPRESENTATION_CONTEXT('2D SPACE',''
  ) );
#4309 = ORIENTED_EDGE('',*,*,#4310,.T.);
#4310 = EDGE_CURVE('',#4285,#4311,#4313,.T.);
#4311 = VERTEX_POINT('',#4312);
#4312 = CARTESIAN_POINT('',(7.157816006753E-16,28.174693136454,37.5));
#4313 = SURFACE_CURVE('',#4314,(#4318,#4324),.PCURVE_S1.);
#4314 = LINE('',#4315,#4316);
#4315 = CARTESIAN_POINT('',(-6.1,24.652856494397,37.5));
#4316 = VECTOR('',#4317,1.);
#4317 = DIRECTION('',(-0.866025403784,-0.5,0.));
#4318 = PCURVE('',#32,#4319);
#4319 = DEFINITIONAL_REPRESENTATION('',(#4320),#4323);
#4320 = B_SPLINE_CURVE_WITH_KNOTS('',1,(#4321,#4322),.UNSPECIFIED.,.F.,
  .F.,(2,2),(-12.81717597601,-7.043673284113),.PIECEWISE_BEZIER_KNOTS.);
#4321 = CARTESIAN_POINT('',(5.,31.061444482402));
#4322 = CARTESIAN_POINT('',(2.618078818016E-16,28.174693136454));
#4323 = ( GEOMETRIC_REPRESENTATION_CONTEXT(2) 
PARAMETRIC_REPRESENTATION_CONTEXT() REPRESENTATION_CONTEXT('2D SPACE',''
  ) );
#4324 = PCURVE('',#4325,#4330);
#4325 = PLANE('',#4326);
#4326 = AXIS2_PLACEMENT_3D('',#4327,#4328,#4329);
#4327 = CARTESIAN_POINT('',(7.157816006753E-16,28.174693136454,36.5));
#4328 = DIRECTION('',(-0.5,0.866025403784,0.));
#4329 = DIRECTION('',(0.866025403784,0.5,0.));
#4330 = DEFINITIONAL_REPRESENTATION('',(#4331),#4334);
#4331 = B_SPLINE_CURVE_WITH_KNOTS('',1,(#4332,#4333),.UNSPECIFIED.,.F.,
  .F.,(2,2),(-12.81717597601,-7.043673284113),.PIECEWISE_BEZIER_KNOTS.);
#4332 = CARTESIAN_POINT('',(5.773502691896,-1.));
#4333 = CARTESIAN_POINT('',(0.,-1.));
#4334 = ( GEOMETRIC_REPRESENTATION_CONTEXT(2) 
PARAMETRIC_REPRESENTATION_CONTEXT() REPRESENTATION_CONTEXT('2D SPACE',''
  ) );
#4335 = ORIENTED_EDGE('',*,*,#4336,.T.);
#4336 = EDGE_CURVE('',#4311,#4205,#4337,.T.);
#4337 = SURFACE_CURVE('',#4338,(#4342,#4348),.PCURVE_S1.);
#4338 = LINE('',#4339,#4340);
#4339 = CARTESIAN_POINT('',(3.6,26.096232167371,37.5));
#4340 = VECTOR('',#4341,1.);
#4341 = DIRECTION('',(-0.866025403784,0.5,0.));
#4342 = PCURVE('',#32,#4343);
#4343 = DEFINITIONAL_REPRESENTATION('',(#4344),#4347);
#4344 = B_SPLINE_CURVE_WITH_KNOTS('',1,(#4345,#4346),.UNSPECIFIED.,.F.,
  .F.,(2,2),(4.156921938165,9.930424630062),.PIECEWISE_BEZIER_KNOTS.);
#4345 = CARTESIAN_POINT('',(1.222888029407E-15,28.174693136454));
#4346 = CARTESIAN_POINT('',(-5.,31.061444482402));
#4347 = ( GEOMETRIC_REPRESENTATION_CONTEXT(2) 
PARAMETRIC_REPRESENTATION_CONTEXT() REPRESENTATION_CONTEXT('2D SPACE',''
  ) );
#4348 = PCURVE('',#4349,#4354);
#4349 = PLANE('',#4350);
#4350 = AXIS2_PLACEMENT_3D('',#4351,#4352,#4353);
#4351 = CARTESIAN_POINT('',(-5.,31.061444482402,36.5));
#4352 = DIRECTION('',(0.5,0.866025403784,-0.));
#4353 = DIRECTION('',(0.866025403784,-0.5,0.));
#4354 = DEFINITIONAL_REPRESENTATION('',(#4355),#4358);
#4355 = B_SPLINE_CURVE_WITH_KNOTS('',1,(#4356,#4357),.UNSPECIFIED.,.F.,
  .F.,(2,2),(4.156921938165,9.930424630062),.PIECEWISE_BEZIER_KNOTS.);
#4356 = CARTESIAN_POINT('',(5.773502691896,-1.));
#4357 = CARTESIAN_POINT('',(0.,-1.));
#4358 = ( GEOMETRIC_REPRESENTATION_CONTEXT(2) 
PARAMETRIC_REPRESENTATION_CONTEXT() REPRESENTATION_CONTEXT('2D SPACE',''
  ) );
#4359 = FACE_BOUND('',#4360,.F.);
#4360 = EDGE_LOOP('',(#4361,#4389,#4415,#4441,#4467,#4493));
#4361 = ORIENTED_EDGE('',*,*,#4362,.T.);
#4362 = EDGE_CURVE('',#4363,#4365,#4367,.T.);
#4363 = VERTEX_POINT('',#4364);
#4364 = CARTESIAN_POINT('',(6.2,31.061444482402,37.5));
#4365 = VERTEX_POINT('',#4366);
#4366 = CARTESIAN_POINT('',(6.2,36.834947174298,37.5));
#4367 = SURFACE_CURVE('',#4368,(#4372,#4378),.PCURVE_S1.);
#4368 = LINE('',#4369,#4370);
#4369 = CARTESIAN_POINT('',(6.2,18.417473587149,37.5));
#4370 = VECTOR('',#4371,1.);
#4371 = DIRECTION('',(4.615110447321E-16,1.,-0.));
#4372 = PCURVE('',#32,#4373);
#4373 = DEFINITIONAL_REPRESENTATION('',(#4374),#4377);
#4374 = B_SPLINE_CURVE_WITH_KNOTS('',1,(#4375,#4376),.UNSPECIFIED.,.F.,
  .F.,(2,2),(12.643970895253,18.417473587149),.PIECEWISE_BEZIER_KNOTS.);
#4375 = CARTESIAN_POINT('',(6.2,31.061444482402));
#4376 = CARTESIAN_POINT('',(6.2,36.834947174298));
#4377 = ( GEOMETRIC_REPRESENTATION_CONTEXT(2) 
PARAMETRIC_REPRESENTATION_CONTEXT() REPRESENTATION_CONTEXT('2D SPACE',''
  ) );
#4378 = PCURVE('',#4379,#4384);
#4379 = PLANE('',#4380);
#4380 = AXIS2_PLACEMENT_3D('',#4381,#4382,#4383);
#4381 = CARTESIAN_POINT('',(6.2,36.834947174298,36.5));
#4382 = DIRECTION('',(1.,-4.615110447321E-16,0.));
#4383 = DIRECTION('',(-4.615110447321E-16,-1.,0.));
#4384 = DEFINITIONAL_REPRESENTATION('',(#4385),#4388);
#4385 = B_SPLINE_CURVE_WITH_KNOTS('',1,(#4386,#4387),.UNSPECIFIED.,.F.,
  .F.,(2,2),(12.643970895253,18.417473587149),.PIECEWISE_BEZIER_KNOTS.);
#4386 = CARTESIAN_POINT('',(5.773502691896,-1.));
#4387 = CARTESIAN_POINT('',(0.,-1.));
#4388 = ( GEOMETRIC_REPRESENTATION_CONTEXT(2) 
PARAMETRIC_REPRESENTATION_CONTEXT() REPRESENTATION_CONTEXT('2D SPACE',''
  ) );
#4389 = ORIENTED_EDGE('',*,*,#4390,.T.);
#4390 = EDGE_CURVE('',#4365,#4391,#4393,.T.);
#4391 = VERTEX_POINT('',#4392);
#4392 = CARTESIAN_POINT('',(11.2,39.721698520246,37.5));
#4393 = SURFACE_CURVE('',#4394,(#4398,#4404),.PCURVE_S1.);
#4394 = LINE('',#4395,#4396);
#4395 = CARTESIAN_POINT('',(-1.6,32.331615074619,37.5));
#4396 = VECTOR('',#4397,1.);
#4397 = DIRECTION('',(0.866025403784,0.5,-0.));
#4398 = PCURVE('',#32,#4399);
#4399 = DEFINITIONAL_REPRESENTATION('',(#4400),#4403);
#4400 = B_SPLINE_CURVE_WITH_KNOTS('',1,(#4401,#4402),.UNSPECIFIED.,.F.,
  .F.,(2,2),(9.006664199358,14.780166891254),.PIECEWISE_BEZIER_KNOTS.);
#4401 = CARTESIAN_POINT('',(6.2,36.834947174298));
#4402 = CARTESIAN_POINT('',(11.2,39.721698520246));
#4403 = ( GEOMETRIC_REPRESENTATION_CONTEXT(2) 
PARAMETRIC_REPRESENTATION_CONTEXT() REPRESENTATION_CONTEXT('2D SPACE',''
  ) );
#4404 = PCURVE('',#4405,#4410);
#4405 = PLANE('',#4406);
#4406 = AXIS2_PLACEMENT_3D('',#4407,#4408,#4409);
#4407 = CARTESIAN_POINT('',(11.2,39.721698520246,36.5));
#4408 = DIRECTION('',(0.5,-0.866025403784,0.));
#4409 = DIRECTION('',(-0.866025403784,-0.5,0.));
#4410 = DEFINITIONAL_REPRESENTATION('',(#4411),#4414);
#4411 = B_SPLINE_CURVE_WITH_KNOTS('',1,(#4412,#4413),.UNSPECIFIED.,.F.,
  .F.,(2,2),(9.006664199358,14.780166891254),.PIECEWISE_BEZIER_KNOTS.);
#4412 = CARTESIAN_POINT('',(5.773502691896,-1.));
#4413 = CARTESIAN_POINT('',(0.,-1.));
#4414 = ( GEOMETRIC_REPRESENTATION_CONTEXT(2) 
PARAMETRIC_REPRESENTATION_CONTEXT() REPRESENTATION_CONTEXT('2D SPACE',''
  ) );
#4415 = ORIENTED_EDGE('',*,*,#4416,.T.);
#4416 = EDGE_CURVE('',#4391,#4417,#4419,.T.);
#4417 = VERTEX_POINT('',#4418);
#4418 = CARTESIAN_POINT('',(16.2,36.834947174298,37.5));
#4419 = SURFACE_CURVE('',#4420,(#4424,#4430),.PCURVE_S1.);
#4420 = LINE('',#4421,#4422);
#4421 = CARTESIAN_POINT('',(18.1,35.737981662838,37.5));
#4422 = VECTOR('',#4423,1.);
#4423 = DIRECTION('',(0.866025403784,-0.5,0.));
#4424 = PCURVE('',#32,#4425);
#4425 = DEFINITIONAL_REPRESENTATION('',(#4426),#4429);
#4426 = B_SPLINE_CURVE_WITH_KNOTS('',1,(#4427,#4428),.UNSPECIFIED.,.F.,
  .F.,(2,2),(-7.967433714817,-2.193931022921),.PIECEWISE_BEZIER_KNOTS.);
#4427 = CARTESIAN_POINT('',(11.2,39.721698520246));
#4428 = CARTESIAN_POINT('',(16.2,36.834947174298));
#4429 = ( GEOMETRIC_REPRESENTATION_CONTEXT(2) 
PARAMETRIC_REPRESENTATION_CONTEXT() REPRESENTATION_CONTEXT('2D SPACE',''
  ) );
#4430 = PCURVE('',#4431,#4436);
#4431 = PLANE('',#4432);
#4432 = AXIS2_PLACEMENT_3D('',#4433,#4434,#4435);
#4433 = CARTESIAN_POINT('',(16.2,36.834947174298,36.5));
#4434 = DIRECTION('',(-0.5,-0.866025403784,0.));
#4435 = DIRECTION('',(-0.866025403784,0.5,0.));
#4436 = DEFINITIONAL_REPRESENTATION('',(#4437),#4440);
#4437 = B_SPLINE_CURVE_WITH_KNOTS('',1,(#4438,#4439),.UNSPECIFIED.,.F.,
  .F.,(2,2),(-7.967433714817,-2.193931022921),.PIECEWISE_BEZIER_KNOTS.);
#4438 = CARTESIAN_POINT('',(5.773502691896,-1.));
#4439 = CARTESIAN_POINT('',(0.,-1.));
#4440 = ( GEOMETRIC_REPRESENTATION_CONTEXT(2) 
PARAMETRIC_REPRESENTATION_CONTEXT() REPRESENTATION_CONTEXT('2D SPACE',''
  ) );
#4441 = ORIENTED_EDGE('',*,*,#4442,.T.);
#4442 = EDGE_CURVE('',#4417,#4443,#4445,.T.);
#4443 = VERTEX_POINT('',#4444);
#4444 = CARTESIAN_POINT('',(16.2,31.061444482402,37.5));
#4445 = SURFACE_CURVE('',#4446,(#4450,#4456),.PCURVE_S1.);
#4446 = LINE('',#4447,#4448);
#4447 = CARTESIAN_POINT('',(16.2,15.530722241201,37.5));
#4448 = VECTOR('',#4449,1.);
#4449 = DIRECTION('',(-1.538370149107E-16,-1.,0.));
#4450 = PCURVE('',#32,#4451);
#4451 = DEFINITIONAL_REPRESENTATION('',(#4452),#4455);
#4452 = B_SPLINE_CURVE_WITH_KNOTS('',1,(#4453,#4454),.UNSPECIFIED.,.F.,
  .F.,(2,2),(-21.30422493309,-15.5307222412),.PIECEWISE_BEZIER_KNOTS.);
#4453 = CARTESIAN_POINT('',(16.2,36.834947174298));
#4454 = CARTESIAN_POINT('',(16.2,31.061444482402));
#4455 = ( GEOMETRIC_REPRESENTATION_CONTEXT(2) 
PARAMETRIC_REPRESENTATION_CONTEXT() REPRESENTATION_CONTEXT('2D SPACE',''
  ) );
#4456 = PCURVE('',#4457,#4462);
#4457 = PLANE('',#4458);
#4458 = AXIS2_PLACEMENT_3D('',#4459,#4460,#4461);
#4459 = CARTESIAN_POINT('',(16.2,31.061444482402,36.5));
#4460 = DIRECTION('',(-1.,1.538370149107E-16,0.));
#4461 = DIRECTION('',(1.538370149107E-16,1.,0.));
#4462 = DEFINITIONAL_REPRESENTATION('',(#4463),#4466);
#4463 = B_SPLINE_CURVE_WITH_KNOTS('',1,(#4464,#4465),.UNSPECIFIED.,.F.,
  .F.,(2,2),(-21.30422493309,-15.5307222412),.PIECEWISE_BEZIER_KNOTS.);
#4464 = CARTESIAN_POINT('',(5.773502691896,-1.));
#4465 = CARTESIAN_POINT('',(0.,-1.));
#4466 = ( GEOMETRIC_REPRESENTATION_CONTEXT(2) 
PARAMETRIC_REPRESENTATION_CONTEXT() REPRESENTATION_CONTEXT('2D SPACE',''
  ) );
#4467 = ORIENTED_EDGE('',*,*,#4468,.T.);
#4468 = EDGE_CURVE('',#4443,#4469,#4471,.T.);
#4469 = VERTEX_POINT('',#4470);
#4470 = CARTESIAN_POINT('',(11.2,28.174693136454,37.5));
#4471 = SURFACE_CURVE('',#4472,(#4476,#4482),.PCURVE_S1.);
#4472 = LINE('',#4473,#4474);
#4473 = CARTESIAN_POINT('',(0.9,22.227985363801,37.5));
#4474 = VECTOR('',#4475,1.);
#4475 = DIRECTION('',(-0.866025403784,-0.5,0.));
#4476 = PCURVE('',#32,#4477);
#4477 = DEFINITIONAL_REPRESENTATION('',(#4478),#4481);
#4478 = B_SPLINE_CURVE_WITH_KNOTS('',1,(#4479,#4480),.UNSPECIFIED.,.F.,
  .F.,(2,2),(-17.6669182372,-11.8934155453),.PIECEWISE_BEZIER_KNOTS.);
#4479 = CARTESIAN_POINT('',(16.2,31.061444482402));
#4480 = CARTESIAN_POINT('',(11.2,28.174693136454));
#4481 = ( GEOMETRIC_REPRESENTATION_CONTEXT(2) 
PARAMETRIC_REPRESENTATION_CONTEXT() REPRESENTATION_CONTEXT('2D SPACE',''
  ) );
#4482 = PCURVE('',#4483,#4488);
#4483 = PLANE('',#4484);
#4484 = AXIS2_PLACEMENT_3D('',#4485,#4486,#4487);
#4485 = CARTESIAN_POINT('',(11.2,28.174693136454,36.5));
#4486 = DIRECTION('',(-0.5,0.866025403784,0.));
#4487 = DIRECTION('',(0.866025403784,0.5,0.));
#4488 = DEFINITIONAL_REPRESENTATION('',(#4489),#4492);
#4489 = B_SPLINE_CURVE_WITH_KNOTS('',1,(#4490,#4491),.UNSPECIFIED.,.F.,
  .F.,(2,2),(-17.6669182372,-11.8934155453),.PIECEWISE_BEZIER_KNOTS.);
#4490 = CARTESIAN_POINT('',(5.773502691896,-1.));
#4491 = CARTESIAN_POINT('',(0.,-1.));
#4492 = ( GEOMETRIC_REPRESENTATION_CONTEXT(2) 
PARAMETRIC_REPRESENTATION_CONTEXT() REPRESENTATION_CONTEXT('2D SPACE',''
  ) );
#4493 = ORIENTED_EDGE('',*,*,#4494,.T.);
#4494 = EDGE_CURVE('',#4469,#4363,#4495,.T.);
#4495 = SURFACE_CURVE('',#4496,(#4500,#4506),.PCURVE_S1.);
#4496 = LINE('',#4497,#4498);
#4497 = CARTESIAN_POINT('',(10.6,28.521103297968,37.5));
#4498 = VECTOR('',#4499,1.);
#4499 = DIRECTION('',(-0.866025403784,0.5,0.));
#4500 = PCURVE('',#32,#4501);
#4501 = DEFINITIONAL_REPRESENTATION('',(#4502),#4505);
#4502 = B_SPLINE_CURVE_WITH_KNOTS('',1,(#4503,#4504),.UNSPECIFIED.,.F.,
  .F.,(2,2),(-0.692820323028,5.080682368869),.PIECEWISE_BEZIER_KNOTS.);
#4503 = CARTESIAN_POINT('',(11.2,28.174693136454));
#4504 = CARTESIAN_POINT('',(6.2,31.061444482402));
#4505 = ( GEOMETRIC_REPRESENTATION_CONTEXT(2) 
PARAMETRIC_REPRESENTATION_CONTEXT() REPRESENTATION_CONTEXT('2D SPACE',''
  ) );
#4506 = PCURVE('',#4507,#4512);
#4507 = PLANE('',#4508);
#4508 = AXIS2_PLACEMENT_3D('',#4509,#4510,#4511);
#4509 = CARTESIAN_POINT('',(6.2,31.061444482402,36.5));
#4510 = DIRECTION('',(0.5,0.866025403784,-0.));
#4511 = DIRECTION('',(0.866025403784,-0.5,0.));
#4512 = DEFINITIONAL_REPRESENTATION('',(#4513),#4516);
#4513 = B_SPLINE_CURVE_WITH_KNOTS('',1,(#4514,#4515),.UNSPECIFIED.,.F.,
  .F.,(2,2),(-0.692820323028,5.080682368869),.PIECEWISE_BEZIER_KNOTS.);
#4514 = CARTESIAN_POINT('',(5.773502691896,-1.));
#4515 = CARTESIAN_POINT('',(0.,-1.));
#4516 = ( GEOMETRIC_REPRESENTATION_CONTEXT(2) 
PARAMETRIC_REPRESENTATION_CONTEXT() REPRESENTATION_CONTEXT('2D SPACE',''
  ) );
#4517 = FACE_BOUND('',#4518,.F.);
#4518 = EDGE_LOOP('',(#4519,#4547,#4573,#4599,#4625,#4651));
#4519 = ORIENTED_EDGE('',*,*,#4520,.T.);
#4520 = EDGE_CURVE('',#4521,#4523,#4525,.T.);
#4521 = VERTEX_POINT('',#4522);
#4522 = CARTESIAN_POINT('',(11.8,21.361959960016,37.5));
#4523 = VERTEX_POINT('',#4524);
#4524 = CARTESIAN_POINT('',(11.8,27.135462651912,37.5));
#4525 = SURFACE_CURVE('',#4526,(#4530,#4536),.PCURVE_S1.);
#4526 = LINE('',#4527,#4528);
#4527 = CARTESIAN_POINT('',(11.8,13.567731325956,37.5));
#4528 = VECTOR('',#4529,1.);
#4529 = DIRECTION('',(4.615110447321E-16,1.,-0.));
#4530 = PCURVE('',#32,#4531);
#4531 = DEFINITIONAL_REPRESENTATION('',(#4532),#4535);
#4532 = B_SPLINE_CURVE_WITH_KNOTS('',1,(#4533,#4534),.UNSPECIFIED.,.F.,
  .F.,(2,2),(7.79422863406,13.567731325956),.PIECEWISE_BEZIER_KNOTS.);
#4533 = CARTESIAN_POINT('',(11.8,21.361959960016));
#4534 = CARTESIAN_POINT('',(11.8,27.135462651912));
#4535 = ( GEOMETRIC_REPRESENTATION_CONTEXT(2) 
PARAMETRIC_REPRESENTATION_CONTEXT() REPRESENTATION_CONTEXT('2D SPACE',''
  ) );
#4536 = PCURVE('',#4537,#4542);
#4537 = PLANE('',#4538);
#4538 = AXIS2_PLACEMENT_3D('',#4539,#4540,#4541);
#4539 = CARTESIAN_POINT('',(11.8,27.135462651912,36.5));
#4540 = DIRECTION('',(1.,-4.615110447321E-16,0.));
#4541 = DIRECTION('',(-4.615110447321E-16,-1.,0.));
#4542 = DEFINITIONAL_REPRESENTATION('',(#4543),#4546);
#4543 = B_SPLINE_CURVE_WITH_KNOTS('',1,(#4544,#4545),.UNSPECIFIED.,.F.,
  .F.,(2,2),(7.79422863406,13.567731325956),.PIECEWISE_BEZIER_KNOTS.);
#4544 = CARTESIAN_POINT('',(5.773502691896,-1.));
#4545 = CARTESIAN_POINT('',(0.,-1.));
#4546 = ( GEOMETRIC_REPRESENTATION_CONTEXT(2) 
PARAMETRIC_REPRESENTATION_CONTEXT() REPRESENTATION_CONTEXT('2D SPACE',''
  ) );
#4547 = ORIENTED_EDGE('',*,*,#4548,.T.);
#4548 = EDGE_CURVE('',#4523,#4549,#4551,.T.);
#4549 = VERTEX_POINT('',#4550);
#4550 = CARTESIAN_POINT('',(16.8,30.022213997861,37.5));
#4551 = SURFACE_CURVE('',#4552,(#4556,#4562),.PCURVE_S1.);
#4552 = LINE('',#4553,#4554);
#4553 = CARTESIAN_POINT('',(4.,22.632130552233,37.5));
#4554 = VECTOR('',#4555,1.);
#4555 = DIRECTION('',(0.866025403784,0.5,-0.));
#4556 = PCURVE('',#32,#4557);
#4557 = DEFINITIONAL_REPRESENTATION('',(#4558),#4561);
#4558 = B_SPLINE_CURVE_WITH_KNOTS('',1,(#4559,#4560),.UNSPECIFIED.,.F.,
  .F.,(2,2),(9.006664199358,14.780166891254),.PIECEWISE_BEZIER_KNOTS.);
#4559 = CARTESIAN_POINT('',(11.8,27.135462651912));
#4560 = CARTESIAN_POINT('',(16.8,30.022213997861));
#4561 = ( GEOMETRIC_REPRESENTATION_CONTEXT(2) 
PARAMETRIC_REPRESENTATION_CONTEXT() REPRESENTATION_CONTEXT('2D SPACE',''
  ) );
#4562 = PCURVE('',#4563,#4568);
#4563 = PLANE('',#4564);
#4564 = AXIS2_PLACEMENT_3D('',#4565,#4566,#4567);
#4565 = CARTESIAN_POINT('',(16.8,30.022213997861,36.5));
#4566 = DIRECTION('',(0.5,-0.866025403784,0.));
#4567 = DIRECTION('',(-0.866025403784,-0.5,0.));
#4568 = DEFINITIONAL_REPRESENTATION('',(#4569),#4572);
#4569 = B_SPLINE_CURVE_WITH_KNOTS('',1,(#4570,#4571),.UNSPECIFIED.,.F.,
  .F.,(2,2),(9.006664199358,14.780166891254),.PIECEWISE_BEZIER_KNOTS.);
#4570 = CARTESIAN_POINT('',(5.773502691896,-1.));
#4571 = CARTESIAN_POINT('',(0.,-1.));
#4572 = ( GEOMETRIC_REPRESENTATION_CONTEXT(2) 
PARAMETRIC_REPRESENTATION_CONTEXT() REPRESENTATION_CONTEXT('2D SPACE',''
  ) );
#4573 = ORIENTED_EDGE('',*,*,#4574,.T.);
#4574 = EDGE_CURVE('',#4549,#4575,#4577,.T.);
#4575 = VERTEX_POINT('',#4576);
#4576 = CARTESIAN_POINT('',(21.8,27.135462651912,37.5));
#4577 = SURFACE_CURVE('',#4578,(#4582,#4588),.PCURVE_S1.);
#4578 = LINE('',#4579,#4580);
#4579 = CARTESIAN_POINT('',(19.5,28.463368271049,37.5));
#4580 = VECTOR('',#4581,1.);
#4581 = DIRECTION('',(0.866025403784,-0.5,0.));
#4582 = PCURVE('',#32,#4583);
#4583 = DEFINITIONAL_REPRESENTATION('',(#4584),#4587);
#4584 = B_SPLINE_CURVE_WITH_KNOTS('',1,(#4585,#4586),.UNSPECIFIED.,.F.,
  .F.,(2,2),(-3.117691453624,2.655811238272),.PIECEWISE_BEZIER_KNOTS.);
#4585 = CARTESIAN_POINT('',(16.8,30.022213997861));
#4586 = CARTESIAN_POINT('',(21.8,27.135462651912));
#4587 = ( GEOMETRIC_REPRESENTATION_CONTEXT(2) 
PARAMETRIC_REPRESENTATION_CONTEXT() REPRESENTATION_CONTEXT('2D SPACE',''
  ) );
#4588 = PCURVE('',#4589,#4594);
#4589 = PLANE('',#4590);
#4590 = AXIS2_PLACEMENT_3D('',#4591,#4592,#4593);
#4591 = CARTESIAN_POINT('',(21.8,27.135462651912,36.5));
#4592 = DIRECTION('',(-0.5,-0.866025403784,0.));
#4593 = DIRECTION('',(-0.866025403784,0.5,0.));
#4594 = DEFINITIONAL_REPRESENTATION('',(#4595),#4598);
#4595 = B_SPLINE_CURVE_WITH_KNOTS('',1,(#4596,#4597),.UNSPECIFIED.,.F.,
  .F.,(2,2),(-3.117691453624,2.655811238272),.PIECEWISE_BEZIER_KNOTS.);
#4596 = CARTESIAN_POINT('',(5.773502691896,-1.));
#4597 = CARTESIAN_POINT('',(0.,-1.));
#4598 = ( GEOMETRIC_REPRESENTATION_CONTEXT(2) 
PARAMETRIC_REPRESENTATION_CONTEXT() REPRESENTATION_CONTEXT('2D SPACE',''
  ) );
#4599 = ORIENTED_EDGE('',*,*,#4600,.T.);
#4600 = EDGE_CURVE('',#4575,#4601,#4603,.T.);
#4601 = VERTEX_POINT('',#4602);
#4602 = CARTESIAN_POINT('',(21.8,21.361959960016,37.5));
#4603 = SURFACE_CURVE('',#4604,(#4608,#4614),.PCURVE_S1.);
#4604 = LINE('',#4605,#4606);
#4605 = CARTESIAN_POINT('',(21.8,10.680979980008,37.5));
#4606 = VECTOR('',#4607,1.);
#4607 = DIRECTION('',(-1.538370149107E-16,-1.,0.));
#4608 = PCURVE('',#32,#4609);
#4609 = DEFINITIONAL_REPRESENTATION('',(#4610),#4613);
#4610 = B_SPLINE_CURVE_WITH_KNOTS('',1,(#4611,#4612),.UNSPECIFIED.,.F.,
  .F.,(2,2),(-16.4544826719,-10.68097998),.PIECEWISE_BEZIER_KNOTS.);
#4611 = CARTESIAN_POINT('',(21.8,27.135462651912));
#4612 = CARTESIAN_POINT('',(21.8,21.361959960016));
#4613 = ( GEOMETRIC_REPRESENTATION_CONTEXT(2) 
PARAMETRIC_REPRESENTATION_CONTEXT() REPRESENTATION_CONTEXT('2D SPACE',''
  ) );
#4614 = PCURVE('',#4615,#4620);
#4615 = PLANE('',#4616);
#4616 = AXIS2_PLACEMENT_3D('',#4617,#4618,#4619);
#4617 = CARTESIAN_POINT('',(21.8,21.361959960016,36.5));
#4618 = DIRECTION('',(-1.,1.538370149107E-16,0.));
#4619 = DIRECTION('',(1.538370149107E-16,1.,0.));
#4620 = DEFINITIONAL_REPRESENTATION('',(#4621),#4624);
#4621 = B_SPLINE_CURVE_WITH_KNOTS('',1,(#4622,#4623),.UNSPECIFIED.,.F.,
  .F.,(2,2),(-16.4544826719,-10.68097998),.PIECEWISE_BEZIER_KNOTS.);
#4622 = CARTESIAN_POINT('',(5.773502691896,-1.));
#4623 = CARTESIAN_POINT('',(0.,-1.));
#4624 = ( GEOMETRIC_REPRESENTATION_CONTEXT(2) 
PARAMETRIC_REPRESENTATION_CONTEXT() REPRESENTATION_CONTEXT('2D SPACE',''
  ) );
#4625 = ORIENTED_EDGE('',*,*,#4626,.T.);
#4626 = EDGE_CURVE('',#4601,#4627,#4629,.T.);
#4627 = VERTEX_POINT('',#4628);
#4628 = CARTESIAN_POINT('',(16.8,18.475208614068,37.5));
#4629 = SURFACE_CURVE('',#4630,(#4634,#4640),.PCURVE_S1.);
#4630 = LINE('',#4631,#4632);
#4631 = CARTESIAN_POINT('',(6.5,12.528500841415,37.5));
#4632 = VECTOR('',#4633,1.);
#4633 = DIRECTION('',(-0.866025403784,-0.5,0.));
#4634 = PCURVE('',#32,#4635);
#4635 = DEFINITIONAL_REPRESENTATION('',(#4636),#4639);
#4636 = B_SPLINE_CURVE_WITH_KNOTS('',1,(#4637,#4638),.UNSPECIFIED.,.F.,
  .F.,(2,2),(-17.6669182372,-11.8934155453),.PIECEWISE_BEZIER_KNOTS.);
#4637 = CARTESIAN_POINT('',(21.8,21.361959960016));
#4638 = CARTESIAN_POINT('',(16.8,18.475208614068));
#4639 = ( GEOMETRIC_REPRESENTATION_CONTEXT(2) 
PARAMETRIC_REPRESENTATION_CONTEXT() REPRESENTATION_CONTEXT('2D SPACE',''
  ) );
#4640 = PCURVE('',#4641,#4646);
#4641 = PLANE('',#4642);
#4642 = AXIS2_PLACEMENT_3D('',#4643,#4644,#4645);
#4643 = CARTESIAN_POINT('',(16.8,18.475208614068,36.5));
#4644 = DIRECTION('',(-0.5,0.866025403784,0.));
#4645 = DIRECTION('',(0.866025403784,0.5,0.));
#4646 = DEFINITIONAL_REPRESENTATION('',(#4647),#4650);
#4647 = B_SPLINE_CURVE_WITH_KNOTS('',1,(#4648,#4649),.UNSPECIFIED.,.F.,
  .F.,(2,2),(-17.6669182372,-11.8934155453),.PIECEWISE_BEZIER_KNOTS.);
#4648 = CARTESIAN_POINT('',(5.773502691896,-1.));
#4649 = CARTESIAN_POINT('',(0.,-1.));
#4650 = ( GEOMETRIC_REPRESENTATION_CONTEXT(2) 
PARAMETRIC_REPRESENTATION_CONTEXT() REPRESENTATION_CONTEXT('2D SPACE',''
  ) );
#4651 = ORIENTED_EDGE('',*,*,#4652,.T.);
#4652 = EDGE_CURVE('',#4627,#4521,#4653,.T.);
#4653 = SURFACE_CURVE('',#4654,(#4658,#4664),.PCURVE_S1.);
#4654 = LINE('',#4655,#4656);
#4655 = CARTESIAN_POINT('',(12.,21.246489906178,37.5));
#4656 = VECTOR('',#4657,1.);
#4657 = DIRECTION('',(-0.866025403784,0.5,0.));
#4658 = PCURVE('',#32,#4659);
#4659 = DEFINITIONAL_REPRESENTATION('',(#4660),#4663);
#4660 = B_SPLINE_CURVE_WITH_KNOTS('',1,(#4661,#4662),.UNSPECIFIED.,.F.,
  .F.,(2,2),(-5.54256258422,0.230940107676),.PIECEWISE_BEZIER_KNOTS.);
#4661 = CARTESIAN_POINT('',(16.8,18.475208614068));
#4662 = CARTESIAN_POINT('',(11.8,21.361959960016));
#4663 = ( GEOMETRIC_REPRESENTATION_CONTEXT(2) 
PARAMETRIC_REPRESENTATION_CONTEXT() REPRESENTATION_CONTEXT('2D SPACE',''
  ) );
#4664 = PCURVE('',#4665,#4670);
#4665 = PLANE('',#4666);
#4666 = AXIS2_PLACEMENT_3D('',#4667,#4668,#4669);
#4667 = CARTESIAN_POINT('',(11.8,21.361959960016,36.5));
#4668 = DIRECTION('',(0.5,0.866025403784,-0.));
#4669 = DIRECTION('',(0.866025403784,-0.5,0.));
#4670 = DEFINITIONAL_REPRESENTATION('',(#4671),#4674);
#4671 = B_SPLINE_CURVE_WITH_KNOTS('',1,(#4672,#4673),.UNSPECIFIED.,.F.,
  .F.,(2,2),(-5.54256258422,0.230940107676),.PIECEWISE_BEZIER_KNOTS.);
#4672 = CARTESIAN_POINT('',(5.773502691896,-1.));
#4673 = CARTESIAN_POINT('',(0.,-1.));
#4674 = ( GEOMETRIC_REPRESENTATION_CONTEXT(2) 
PARAMETRIC_REPRESENTATION_CONTEXT() REPRESENTATION_CONTEXT('2D SPACE',''
  ) );
#4675 = FACE_BOUND('',#4676,.F.);
#4676 = EDGE_LOOP('',(#4677,#4707,#4735,#4763));
#4677 = ORIENTED_EDGE('',*,*,#4678,.F.);
#4678 = EDGE_CURVE('',#4679,#4681,#4683,.T.);
#4679 = VERTEX_POINT('',#4680);
#4680 = CARTESIAN_POINT('',(29.3,-3.5,37.5));
#4681 = VERTEX_POINT('',#4682);
#4682 = CARTESIAN_POINT('',(29.3,3.5,37.5));
#4683 = SURFACE_CURVE('',#4684,(#4688,#4695),.PCURVE_S1.);
#4684 = LINE('',#4685,#4686);
#4685 = CARTESIAN_POINT('',(29.3,-3.,37.5));
#4686 = VECTOR('',#4687,1.);
#4687 = DIRECTION('',(0.,1.,0.));
#4688 = PCURVE('',#32,#4689);
#4689 = DEFINITIONAL_REPRESENTATION('',(#4690),#4694);
#4690 = LINE('',#4691,#4692);
#4691 = CARTESIAN_POINT('',(29.3,-3.));
#4692 = VECTOR('',#4693,1.);
#4693 = DIRECTION('',(0.,1.));
#4694 = ( GEOMETRIC_REPRESENTATION_CONTEXT(2) 
PARAMETRIC_REPRESENTATION_CONTEXT() REPRESENTATION_CONTEXT('2D SPACE',''
  ) );
#4695 = PCURVE('',#4696,#4701);
#4696 = CYLINDRICAL_SURFACE('',#4697,0.5);
#4697 = AXIS2_PLACEMENT_3D('',#4698,#4699,#4700);
#4698 = CARTESIAN_POINT('',(29.3,-3.,37.));
#4699 = DIRECTION('',(0.,1.,0.));
#4700 = DIRECTION('',(0.,-0.,1.));
#4701 = DEFINITIONAL_REPRESENTATION('',(#4702),#4706);
#4702 = LINE('',#4703,#4704);
#4703 = CARTESIAN_POINT('',(-0.,0.));
#4704 = VECTOR('',#4705,1.);
#4705 = DIRECTION('',(-0.,1.));
#4706 = ( GEOMETRIC_REPRESENTATION_CONTEXT(2) 
PARAMETRIC_REPRESENTATION_CONTEXT() REPRESENTATION_CONTEXT('2D SPACE',''
  ) );
#4707 = ORIENTED_EDGE('',*,*,#4708,.F.);
#4708 = EDGE_CURVE('',#4709,#4679,#4711,.T.);
#4709 = VERTEX_POINT('',#4710);
#4710 = CARTESIAN_POINT('',(27.3,-3.5,37.5));
#4711 = SURFACE_CURVE('',#4712,(#4716,#4723),.PCURVE_S1.);
#4712 = LINE('',#4713,#4714);
#4713 = CARTESIAN_POINT('',(27.8,-3.5,37.5));
#4714 = VECTOR('',#4715,1.);
#4715 = DIRECTION('',(1.,0.,0.));
#4716 = PCURVE('',#32,#4717);
#4717 = DEFINITIONAL_REPRESENTATION('',(#4718),#4722);
#4718 = LINE('',#4719,#4720);
#4719 = CARTESIAN_POINT('',(27.8,-3.5));
#4720 = VECTOR('',#4721,1.);
#4721 = DIRECTION('',(1.,0.));
#4722 = ( GEOMETRIC_REPRESENTATION_CONTEXT(2) 
PARAMETRIC_REPRESENTATION_CONTEXT() REPRESENTATION_CONTEXT('2D SPACE',''
  ) );
#4723 = PCURVE('',#4724,#4729);
#4724 = CYLINDRICAL_SURFACE('',#4725,0.5);
#4725 = AXIS2_PLACEMENT_3D('',#4726,#4727,#4728);
#4726 = CARTESIAN_POINT('',(27.8,-3.5,37.));
#4727 = DIRECTION('',(1.,0.,0.));
#4728 = DIRECTION('',(0.,0.,1.));
#4729 = DEFINITIONAL_REPRESENTATION('',(#4730),#4734);
#4730 = LINE('',#4731,#4732);
#4731 = CARTESIAN_POINT('',(-0.,0.));
#4732 = VECTOR('',#4733,1.);
#4733 = DIRECTION('',(-0.,1.));
#4734 = ( GEOMETRIC_REPRESENTATION_CONTEXT(2) 
PARAMETRIC_REPRESENTATION_CONTEXT() REPRESENTATION_CONTEXT('2D SPACE',''
  ) );
#4735 = ORIENTED_EDGE('',*,*,#4736,.T.);
#4736 = EDGE_CURVE('',#4709,#4737,#4739,.T.);
#4737 = VERTEX_POINT('',#4738);
#4738 = CARTESIAN_POINT('',(27.3,3.5,37.5));
#4739 = SURFACE_CURVE('',#4740,(#4744,#4751),.PCURVE_S1.);
#4740 = LINE('',#4741,#4742);
#4741 = CARTESIAN_POINT('',(27.3,-3.,37.5));
#4742 = VECTOR('',#4743,1.);
#4743 = DIRECTION('',(0.,1.,0.));
#4744 = PCURVE('',#32,#4745);
#4745 = DEFINITIONAL_REPRESENTATION('',(#4746),#4750);
#4746 = LINE('',#4747,#4748);
#4747 = CARTESIAN_POINT('',(27.3,-3.));
#4748 = VECTOR('',#4749,1.);
#4749 = DIRECTION('',(0.,1.));
#4750 = ( GEOMETRIC_REPRESENTATION_CONTEXT(2) 
PARAMETRIC_REPRESENTATION_CONTEXT() REPRESENTATION_CONTEXT('2D SPACE',''
  ) );
#4751 = PCURVE('',#4752,#4757);
#4752 = CYLINDRICAL_SURFACE('',#4753,0.5);
#4753 = AXIS2_PLACEMENT_3D('',#4754,#4755,#4756);
#4754 = CARTESIAN_POINT('',(27.3,-3.,37.));
#4755 = DIRECTION('',(0.,1.,0.));
#4756 = DIRECTION('',(0.,-0.,1.));
#4757 = DEFINITIONAL_REPRESENTATION('',(#4758),#4762);
#4758 = LINE('',#4759,#4760);
#4759 = CARTESIAN_POINT('',(0.,0.));
#4760 = VECTOR('',#4761,1.);
#4761 = DIRECTION('',(0.,1.));
#4762 = ( GEOMETRIC_REPRESENTATION_CONTEXT(2) 
PARAMETRIC_REPRESENTATION_CONTEXT() REPRESENTATION_CONTEXT('2D SPACE',''
  ) );
#4763 = ORIENTED_EDGE('',*,*,#4764,.T.);
#4764 = EDGE_CURVE('',#4737,#4681,#4765,.T.);
#4765 = SURFACE_CURVE('',#4766,(#4770,#4777),.PCURVE_S1.);
#4766 = LINE('',#4767,#4768);
#4767 = CARTESIAN_POINT('',(27.8,3.5,37.5));
#4768 = VECTOR('',#4769,1.);
#4769 = DIRECTION('',(1.,0.,0.));
#4770 = PCURVE('',#32,#4771);
#4771 = DEFINITIONAL_REPRESENTATION('',(#4772),#4776);
#4772 = LINE('',#4773,#4774);
#4773 = CARTESIAN_POINT('',(27.8,3.5));
#4774 = VECTOR('',#4775,1.);
#4775 = DIRECTION('',(1.,0.));
#4776 = ( GEOMETRIC_REPRESENTATION_CONTEXT(2) 
PARAMETRIC_REPRESENTATION_CONTEXT() REPRESENTATION_CONTEXT('2D SPACE',''
  ) );
#4777 = PCURVE('',#4778,#4783);
#4778 = CYLINDRICAL_SURFACE('',#4779,0.5);
#4779 = AXIS2_PLACEMENT_3D('',#4780,#4781,#4782);
#4780 = CARTESIAN_POINT('',(27.8,3.5,37.));
#4781 = DIRECTION('',(1.,0.,0.));
#4782 = DIRECTION('',(0.,0.,1.));
#4783 = DEFINITIONAL_REPRESENTATION('',(#4784),#4788);
#4784 = LINE('',#4785,#4786);
#4785 = CARTESIAN_POINT('',(0.,0.));
#4786 = VECTOR('',#4787,1.);
#4787 = DIRECTION('',(0.,1.));
#4788 = ( GEOMETRIC_REPRESENTATION_CONTEXT(2) 
PARAMETRIC_REPRESENTATION_CONTEXT() REPRESENTATION_CONTEXT('2D SPACE',''
  ) );
#4789 = ADVANCED_FACE('',(#4790),#44,.F.);
#4790 = FACE_BOUND('',#4791,.T.);
#4791 = EDGE_LOOP('',(#4792,#4826,#4854,#4886));
#4792 = ORIENTED_EDGE('',*,*,#4793,.T.);
#4793 = EDGE_CURVE('',#22,#4794,#4796,.T.);
#4794 = VERTEX_POINT('',#4795);
#4795 = CARTESIAN_POINT('',(-28.8,3.,37.));
#4796 = SURFACE_CURVE('',#4797,(#4802,#4814),.PCURVE_S1.);
#4797 = ELLIPSE('',#4798,0.707106781187,0.5);
#4798 = AXIS2_PLACEMENT_3D('',#4799,#4800,#4801);
#4799 = CARTESIAN_POINT('',(-29.3,3.5,37.));
#4800 = DIRECTION('',(0.707106781187,0.707106781187,0.));
#4801 = DIRECTION('',(0.707106781187,-0.707106781187,0.));
#4802 = PCURVE('',#44,#4803);
#4803 = DEFINITIONAL_REPRESENTATION('',(#4804),#4813);
#4804 = B_SPLINE_CURVE_WITH_KNOTS('',7,(#4805,#4806,#4807,#4808,#4809,
    #4810,#4811,#4812),.UNSPECIFIED.,.F.,.F.,(8,8),(4.712388980385,
    6.28318530718),.PIECEWISE_BEZIER_KNOTS.);
#4805 = CARTESIAN_POINT('',(0.,-0.5));
#4806 = CARTESIAN_POINT('',(-0.224399475256,-0.387800262372));
#4807 = CARTESIAN_POINT('',(-0.448798950513,-0.27560098034));
#4808 = CARTESIAN_POINT('',(-0.673198425769,-0.172626587113));
#4809 = CARTESIAN_POINT('',(-0.897597901026,-8.81187476874E-02));
#4810 = CARTESIAN_POINT('',(-1.121997376282,-2.9374336305E-02));
#4811 = CARTESIAN_POINT('',(-1.346396851538,0.));
#4812 = CARTESIAN_POINT('',(-1.570796326795,0.));
#4813 = ( GEOMETRIC_REPRESENTATION_CONTEXT(2) 
PARAMETRIC_REPRESENTATION_CONTEXT() REPRESENTATION_CONTEXT('2D SPACE',''
  ) );
#4814 = PCURVE('',#72,#4815);
#4815 = DEFINITIONAL_REPRESENTATION('',(#4816),#4825);
#4816 = B_SPLINE_CURVE_WITH_KNOTS('',7,(#4817,#4818,#4819,#4820,#4821,
    #4822,#4823,#4824),.UNSPECIFIED.,.F.,.F.,(8,8),(4.712388980385,
    6.28318530718),.PIECEWISE_BEZIER_KNOTS.);
#4817 = CARTESIAN_POINT('',(0.,1.5));
#4818 = CARTESIAN_POINT('',(-0.224399475256,1.387800262372));
#4819 = CARTESIAN_POINT('',(-0.448798950513,1.275600980341));
#4820 = CARTESIAN_POINT('',(-0.673198425769,1.172626587113));
#4821 = CARTESIAN_POINT('',(-0.897597901026,1.088118747688));
#4822 = CARTESIAN_POINT('',(-1.121997376282,1.029374336305));
#4823 = CARTESIAN_POINT('',(-1.346396851538,1.));
#4824 = CARTESIAN_POINT('',(-1.570796326795,1.));
#4825 = ( GEOMETRIC_REPRESENTATION_CONTEXT(2) 
PARAMETRIC_REPRESENTATION_CONTEXT() REPRESENTATION_CONTEXT('2D SPACE',''
  ) );
#4826 = ORIENTED_EDGE('',*,*,#4827,.T.);
#4827 = EDGE_CURVE('',#4794,#4828,#4830,.T.);
#4828 = VERTEX_POINT('',#4829);
#4829 = CARTESIAN_POINT('',(-28.8,-3.,37.));
#4830 = SURFACE_CURVE('',#4831,(#4835,#4842),.PCURVE_S1.);
#4831 = LINE('',#4832,#4833);
#4832 = CARTESIAN_POINT('',(-28.8,3.,37.));
#4833 = VECTOR('',#4834,1.);
#4834 = DIRECTION('',(-1.224646799147E-16,-1.,0.));
#4835 = PCURVE('',#44,#4836);
#4836 = DEFINITIONAL_REPRESENTATION('',(#4837),#4841);
#4837 = LINE('',#4838,#4839);
#4838 = CARTESIAN_POINT('',(-1.570796326795,0.));
#4839 = VECTOR('',#4840,1.);
#4840 = DIRECTION('',(-0.,1.));
#4841 = ( GEOMETRIC_REPRESENTATION_CONTEXT(2) 
PARAMETRIC_REPRESENTATION_CONTEXT() REPRESENTATION_CONTEXT('2D SPACE',''
  ) );
#4842 = PCURVE('',#4843,#4848);
#4843 = PLANE('',#4844);
#4844 = AXIS2_PLACEMENT_3D('',#4845,#4846,#4847);
#4845 = CARTESIAN_POINT('',(-28.8,3.,31.5));
#4846 = DIRECTION('',(-1.,1.224646799147E-16,0.));
#4847 = DIRECTION('',(0.,0.,1.));
#4848 = DEFINITIONAL_REPRESENTATION('',(#4849),#4853);
#4849 = LINE('',#4850,#4851);
#4850 = CARTESIAN_POINT('',(5.5,0.));
#4851 = VECTOR('',#4852,1.);
#4852 = DIRECTION('',(0.,-1.));
#4853 = ( GEOMETRIC_REPRESENTATION_CONTEXT(2) 
PARAMETRIC_REPRESENTATION_CONTEXT() REPRESENTATION_CONTEXT('2D SPACE',''
  ) );
#4854 = ORIENTED_EDGE('',*,*,#4855,.F.);
#4855 = EDGE_CURVE('',#24,#4828,#4856,.T.);
#4856 = SURFACE_CURVE('',#4857,(#4862,#4874),.PCURVE_S1.);
#4857 = ELLIPSE('',#4858,0.707106781187,0.5);
#4858 = AXIS2_PLACEMENT_3D('',#4859,#4860,#4861);
#4859 = CARTESIAN_POINT('',(-29.3,-3.5,37.));
#4860 = DIRECTION('',(-0.707106781187,0.707106781187,0.));
#4861 = DIRECTION('',(-0.707106781187,-0.707106781187,0.));
#4862 = PCURVE('',#44,#4863);
#4863 = DEFINITIONAL_REPRESENTATION('',(#4864),#4873);
#4864 = B_SPLINE_CURVE_WITH_KNOTS('',7,(#4865,#4866,#4867,#4868,#4869,
    #4870,#4871,#4872),.UNSPECIFIED.,.F.,.F.,(8,8),(1.570796326795,
    3.14159265359),.PIECEWISE_BEZIER_KNOTS.);
#4865 = CARTESIAN_POINT('',(0.,6.5));
#4866 = CARTESIAN_POINT('',(-0.224399475256,6.387800262372));
#4867 = CARTESIAN_POINT('',(-0.448798950513,6.27560098034));
#4868 = CARTESIAN_POINT('',(-0.673198425769,6.172626587114));
#4869 = CARTESIAN_POINT('',(-0.897597901026,6.088118747688));
#4870 = CARTESIAN_POINT('',(-1.121997376282,6.029374336305));
#4871 = CARTESIAN_POINT('',(-1.346396851538,6.));
#4872 = CARTESIAN_POINT('',(-1.570796326795,6.));
#4873 = ( GEOMETRIC_REPRESENTATION_CONTEXT(2) 
PARAMETRIC_REPRESENTATION_CONTEXT() REPRESENTATION_CONTEXT('2D SPACE',''
  ) );
#4874 = PCURVE('',#126,#4875);
#4875 = DEFINITIONAL_REPRESENTATION('',(#4876),#4885);
#4876 = B_SPLINE_CURVE_WITH_KNOTS('',7,(#4877,#4878,#4879,#4880,#4881,
    #4882,#4883,#4884),.UNSPECIFIED.,.F.,.F.,(8,8),(1.570796326795,
    3.14159265359),.PIECEWISE_BEZIER_KNOTS.);
#4877 = CARTESIAN_POINT('',(0.,1.5));
#4878 = CARTESIAN_POINT('',(0.224399475256,1.387800262372));
#4879 = CARTESIAN_POINT('',(0.448798950513,1.27560098034));
#4880 = CARTESIAN_POINT('',(0.67319842577,1.172626587113));
#4881 = CARTESIAN_POINT('',(0.897597901026,1.088118747688));
#4882 = CARTESIAN_POINT('',(1.121997376282,1.029374336305));
#4883 = CARTESIAN_POINT('',(1.346396851538,1.));
#4884 = CARTESIAN_POINT('',(1.570796326795,1.));
#4885 = ( GEOMETRIC_REPRESENTATION_CONTEXT(2) 
PARAMETRIC_REPRESENTATION_CONTEXT() REPRESENTATION_CONTEXT('2D SPACE',''
  ) );
#4886 = ORIENTED_EDGE('',*,*,#21,.F.);
#4887 = ADVANCED_FACE('',(#4888),#72,.F.);
#4888 = FACE_BOUND('',#4889,.T.);
#4889 = EDGE_LOOP('',(#4890,#4924,#4950,#4951));
#4890 = ORIENTED_EDGE('',*,*,#4891,.T.);
#4891 = EDGE_CURVE('',#57,#4892,#4894,.T.);
#4892 = VERTEX_POINT('',#4893);
#4893 = CARTESIAN_POINT('',(-27.8,3.,37.));
#4894 = SURFACE_CURVE('',#4895,(#4900,#4912),.PCURVE_S1.);
#4895 = ELLIPSE('',#4896,0.707106781187,0.5);
#4896 = AXIS2_PLACEMENT_3D('',#4897,#4898,#4899);
#4897 = CARTESIAN_POINT('',(-27.3,3.5,37.));
#4898 = DIRECTION('',(0.707106781187,-0.707106781187,0.));
#4899 = DIRECTION('',(-0.707106781187,-0.707106781187,0.));
#4900 = PCURVE('',#72,#4901);
#4901 = DEFINITIONAL_REPRESENTATION('',(#4902),#4911);
#4902 = B_SPLINE_CURVE_WITH_KNOTS('',7,(#4903,#4904,#4905,#4906,#4907,
    #4908,#4909,#4910),.UNSPECIFIED.,.F.,.F.,(8,8),(4.712388980385,
    6.28318530718),.PIECEWISE_BEZIER_KNOTS.);
#4903 = CARTESIAN_POINT('',(0.,-0.5));
#4904 = CARTESIAN_POINT('',(-0.224399475256,-0.387800262372));
#4905 = CARTESIAN_POINT('',(-0.448798950513,-0.275600980341));
#4906 = CARTESIAN_POINT('',(-0.67319842577,-0.172626587113));
#4907 = CARTESIAN_POINT('',(-0.897597901025,-8.811874768741E-02));
#4908 = CARTESIAN_POINT('',(-1.121997376282,-2.9374336305E-02));
#4909 = CARTESIAN_POINT('',(-1.346396851538,-2.748100991031E-17));
#4910 = CARTESIAN_POINT('',(-1.570796326795,0.));
#4911 = ( GEOMETRIC_REPRESENTATION_CONTEXT(2) 
PARAMETRIC_REPRESENTATION_CONTEXT() REPRESENTATION_CONTEXT('2D SPACE',''
  ) );
#4912 = PCURVE('',#100,#4913);
#4913 = DEFINITIONAL_REPRESENTATION('',(#4914),#4923);
#4914 = B_SPLINE_CURVE_WITH_KNOTS('',7,(#4915,#4916,#4917,#4918,#4919,
    #4920,#4921,#4922),.UNSPECIFIED.,.F.,.F.,(8,8),(4.712388980385,
    6.28318530718),.PIECEWISE_BEZIER_KNOTS.);
#4915 = CARTESIAN_POINT('',(0.,-0.5));
#4916 = CARTESIAN_POINT('',(0.224399475256,-0.387800262372));
#4917 = CARTESIAN_POINT('',(0.448798950513,-0.275600980341));
#4918 = CARTESIAN_POINT('',(0.673198425769,-0.172626587113));
#4919 = CARTESIAN_POINT('',(0.897597901026,-8.811874768745E-02));
#4920 = CARTESIAN_POINT('',(1.121997376282,-2.937433630498E-02));
#4921 = CARTESIAN_POINT('',(1.346396851538,-2.748100991031E-17));
#4922 = CARTESIAN_POINT('',(1.570796326795,0.));
#4923 = ( GEOMETRIC_REPRESENTATION_CONTEXT(2) 
PARAMETRIC_REPRESENTATION_CONTEXT() REPRESENTATION_CONTEXT('2D SPACE',''
  ) );
#4924 = ORIENTED_EDGE('',*,*,#4925,.T.);
#4925 = EDGE_CURVE('',#4892,#4794,#4926,.T.);
#4926 = SURFACE_CURVE('',#4927,(#4931,#4938),.PCURVE_S1.);
#4927 = LINE('',#4928,#4929);
#4928 = CARTESIAN_POINT('',(-27.8,3.,37.));
#4929 = VECTOR('',#4930,1.);
#4930 = DIRECTION('',(-1.,1.224646799147E-16,0.));
#4931 = PCURVE('',#72,#4932);
#4932 = DEFINITIONAL_REPRESENTATION('',(#4933),#4937);
#4933 = LINE('',#4934,#4935);
#4934 = CARTESIAN_POINT('',(-1.570796326795,0.));
#4935 = VECTOR('',#4936,1.);
#4936 = DIRECTION('',(-0.,1.));
#4937 = ( GEOMETRIC_REPRESENTATION_CONTEXT(2) 
PARAMETRIC_REPRESENTATION_CONTEXT() REPRESENTATION_CONTEXT('2D SPACE',''
  ) );
#4938 = PCURVE('',#4939,#4944);
#4939 = PLANE('',#4940);
#4940 = AXIS2_PLACEMENT_3D('',#4941,#4942,#4943);
#4941 = CARTESIAN_POINT('',(-28.97073848916,3.,32.488353597507));
#4942 = DIRECTION('',(1.224646799147E-16,1.,0.));
#4943 = DIRECTION('',(-1.,1.224646799147E-16,0.));
#4944 = DEFINITIONAL_REPRESENTATION('',(#4945),#4949);
#4945 = LINE('',#4946,#4947);
#4946 = CARTESIAN_POINT('',(-1.170738489166,4.511646402493));
#4947 = VECTOR('',#4948,1.);
#4948 = DIRECTION('',(1.,0.));
#4949 = ( GEOMETRIC_REPRESENTATION_CONTEXT(2) 
PARAMETRIC_REPRESENTATION_CONTEXT() REPRESENTATION_CONTEXT('2D SPACE',''
  ) );
#4950 = ORIENTED_EDGE('',*,*,#4793,.F.);
#4951 = ORIENTED_EDGE('',*,*,#56,.F.);
#4952 = ADVANCED_FACE('',(#4953),#126,.F.);
#4953 = FACE_BOUND('',#4954,.F.);
#4954 = EDGE_LOOP('',(#4955,#4989,#5015,#5016));
#4955 = ORIENTED_EDGE('',*,*,#4956,.T.);
#4956 = EDGE_CURVE('',#85,#4957,#4959,.T.);
#4957 = VERTEX_POINT('',#4958);
#4958 = CARTESIAN_POINT('',(-27.8,-3.,37.));
#4959 = SURFACE_CURVE('',#4960,(#4965,#4977),.PCURVE_S1.);
#4960 = ELLIPSE('',#4961,0.707106781187,0.5);
#4961 = AXIS2_PLACEMENT_3D('',#4962,#4963,#4964);
#4962 = CARTESIAN_POINT('',(-27.3,-3.5,37.));
#4963 = DIRECTION('',(-0.707106781187,-0.707106781187,0.));
#4964 = DIRECTION('',(-0.707106781187,0.707106781187,0.));
#4965 = PCURVE('',#126,#4966);
#4966 = DEFINITIONAL_REPRESENTATION('',(#4967),#4976);
#4967 = B_SPLINE_CURVE_WITH_KNOTS('',7,(#4968,#4969,#4970,#4971,#4972,
    #4973,#4974,#4975),.UNSPECIFIED.,.F.,.F.,(8,8),(4.712388980385,
    6.28318530718),.PIECEWISE_BEZIER_KNOTS.);
#4968 = CARTESIAN_POINT('',(0.,-0.5));
#4969 = CARTESIAN_POINT('',(0.224399475256,-0.387800262372));
#4970 = CARTESIAN_POINT('',(0.448798950513,-0.275600980341));
#4971 = CARTESIAN_POINT('',(0.673198425769,-0.172626587113));
#4972 = CARTESIAN_POINT('',(0.897597901026,-8.811874768741E-02));
#4973 = CARTESIAN_POINT('',(1.121997376282,-2.9374336305E-02));
#4974 = CARTESIAN_POINT('',(1.346396851538,-2.748100991031E-17));
#4975 = CARTESIAN_POINT('',(1.570796326795,0.));
#4976 = ( GEOMETRIC_REPRESENTATION_CONTEXT(2) 
PARAMETRIC_REPRESENTATION_CONTEXT() REPRESENTATION_CONTEXT('2D SPACE',''
  ) );
#4977 = PCURVE('',#100,#4978);
#4978 = DEFINITIONAL_REPRESENTATION('',(#4979),#4988);
#4979 = B_SPLINE_CURVE_WITH_KNOTS('',7,(#4980,#4981,#4982,#4983,#4984,
    #4985,#4986,#4987),.UNSPECIFIED.,.F.,.F.,(8,8),(4.712388980385,
    6.28318530718),.PIECEWISE_BEZIER_KNOTS.);
#4980 = CARTESIAN_POINT('',(0.,6.5));
#4981 = CARTESIAN_POINT('',(0.224399475256,6.387800262372));
#4982 = CARTESIAN_POINT('',(0.448798950513,6.27560098034));
#4983 = CARTESIAN_POINT('',(0.673198425769,6.172626587114));
#4984 = CARTESIAN_POINT('',(0.897597901025,6.088118747686));
#4985 = CARTESIAN_POINT('',(1.121997376282,6.029374336305));
#4986 = CARTESIAN_POINT('',(1.346396851538,6.));
#4987 = CARTESIAN_POINT('',(1.570796326795,6.));
#4988 = ( GEOMETRIC_REPRESENTATION_CONTEXT(2) 
PARAMETRIC_REPRESENTATION_CONTEXT() REPRESENTATION_CONTEXT('2D SPACE',''
  ) );
#4989 = ORIENTED_EDGE('',*,*,#4990,.T.);
#4990 = EDGE_CURVE('',#4957,#4828,#4991,.T.);
#4991 = SURFACE_CURVE('',#4992,(#4996,#5003),.PCURVE_S1.);
#4992 = LINE('',#4993,#4994);
#4993 = CARTESIAN_POINT('',(-27.8,-3.,37.));
#4994 = VECTOR('',#4995,1.);
#4995 = DIRECTION('',(-1.,1.224646799147E-16,0.));
#4996 = PCURVE('',#126,#4997);
#4997 = DEFINITIONAL_REPRESENTATION('',(#4998),#5002);
#4998 = LINE('',#4999,#5000);
#4999 = CARTESIAN_POINT('',(1.570796326795,0.));
#5000 = VECTOR('',#5001,1.);
#5001 = DIRECTION('',(0.,1.));
#5002 = ( GEOMETRIC_REPRESENTATION_CONTEXT(2) 
PARAMETRIC_REPRESENTATION_CONTEXT() REPRESENTATION_CONTEXT('2D SPACE',''
  ) );
#5003 = PCURVE('',#5004,#5009);
#5004 = PLANE('',#5005);
#5005 = AXIS2_PLACEMENT_3D('',#5006,#5007,#5008);
#5006 = CARTESIAN_POINT('',(-27.8,-3.,31.5));
#5007 = DIRECTION('',(-1.224646799147E-16,-1.,0.));
#5008 = DIRECTION('',(0.,0.,1.));
#5009 = DEFINITIONAL_REPRESENTATION('',(#5010),#5014);
#5010 = LINE('',#5011,#5012);
#5011 = CARTESIAN_POINT('',(5.5,0.));
#5012 = VECTOR('',#5013,1.);
#5013 = DIRECTION('',(0.,1.));
#5014 = ( GEOMETRIC_REPRESENTATION_CONTEXT(2) 
PARAMETRIC_REPRESENTATION_CONTEXT() REPRESENTATION_CONTEXT('2D SPACE',''
  ) );
#5015 = ORIENTED_EDGE('',*,*,#4855,.F.);
#5016 = ORIENTED_EDGE('',*,*,#112,.F.);
#5017 = ADVANCED_FACE('',(#5018),#100,.F.);
#5018 = FACE_BOUND('',#5019,.F.);
#5019 = EDGE_LOOP('',(#5020,#5021,#5047,#5048));
#5020 = ORIENTED_EDGE('',*,*,#4891,.T.);
#5021 = ORIENTED_EDGE('',*,*,#5022,.T.);
#5022 = EDGE_CURVE('',#4892,#4957,#5023,.T.);
#5023 = SURFACE_CURVE('',#5024,(#5028,#5035),.PCURVE_S1.);
#5024 = LINE('',#5025,#5026);
#5025 = CARTESIAN_POINT('',(-27.8,3.,37.));
#5026 = VECTOR('',#5027,1.);
#5027 = DIRECTION('',(-1.224646799147E-16,-1.,0.));
#5028 = PCURVE('',#100,#5029);
#5029 = DEFINITIONAL_REPRESENTATION('',(#5030),#5034);
#5030 = LINE('',#5031,#5032);
#5031 = CARTESIAN_POINT('',(1.570796326795,0.));
#5032 = VECTOR('',#5033,1.);
#5033 = DIRECTION('',(0.,1.));
#5034 = ( GEOMETRIC_REPRESENTATION_CONTEXT(2) 
PARAMETRIC_REPRESENTATION_CONTEXT() REPRESENTATION_CONTEXT('2D SPACE',''
  ) );
#5035 = PCURVE('',#5036,#5041);
#5036 = PLANE('',#5037);
#5037 = AXIS2_PLACEMENT_3D('',#5038,#5039,#5040);
#5038 = CARTESIAN_POINT('',(-27.8,3.,31.5));
#5039 = DIRECTION('',(-1.,1.224646799147E-16,0.));
#5040 = DIRECTION('',(0.,0.,1.));
#5041 = DEFINITIONAL_REPRESENTATION('',(#5042),#5046);
#5042 = LINE('',#5043,#5044);
#5043 = CARTESIAN_POINT('',(5.5,0.));
#5044 = VECTOR('',#5045,1.);
#5045 = DIRECTION('',(0.,-1.));
#5046 = ( GEOMETRIC_REPRESENTATION_CONTEXT(2) 
PARAMETRIC_REPRESENTATION_CONTEXT() REPRESENTATION_CONTEXT('2D SPACE',''
  ) );
#5047 = ORIENTED_EDGE('',*,*,#4956,.F.);
#5048 = ORIENTED_EDGE('',*,*,#84,.F.);
#5049 = ADVANCED_FACE('',(#5050),#158,.T.);
#5050 = FACE_BOUND('',#5051,.T.);
#5051 = EDGE_LOOP('',(#5052,#5075,#5103,#5124));
#5052 = ORIENTED_EDGE('',*,*,#5053,.T.);
#5053 = EDGE_CURVE('',#141,#5054,#5056,.T.);
#5054 = VERTEX_POINT('',#5055);
#5055 = CARTESIAN_POINT('',(-29.5,-45.,40.));
#5056 = SURFACE_CURVE('',#5057,(#5061,#5068),.PCURVE_S1.);
#5057 = LINE('',#5058,#5059);
#5058 = CARTESIAN_POINT('',(-29.5,-45.,37.5));
#5059 = VECTOR('',#5060,1.);
#5060 = DIRECTION('',(0.,0.,1.));
#5061 = PCURVE('',#158,#5062);
#5062 = DEFINITIONAL_REPRESENTATION('',(#5063),#5067);
#5063 = LINE('',#5064,#5065);
#5064 = CARTESIAN_POINT('',(0.,0.));
#5065 = VECTOR('',#5066,1.);
#5066 = DIRECTION('',(0.,-1.));
#5067 = ( GEOMETRIC_REPRESENTATION_CONTEXT(2) 
PARAMETRIC_REPRESENTATION_CONTEXT() REPRESENTATION_CONTEXT('2D SPACE',''
  ) );
#5068 = PCURVE('',#186,#5069);
#5069 = DEFINITIONAL_REPRESENTATION('',(#5070),#5074);
#5070 = LINE('',#5071,#5072);
#5071 = CARTESIAN_POINT('',(0.,0.));
#5072 = VECTOR('',#5073,1.);
#5073 = DIRECTION('',(0.,-1.));
#5074 = ( GEOMETRIC_REPRESENTATION_CONTEXT(2) 
PARAMETRIC_REPRESENTATION_CONTEXT() REPRESENTATION_CONTEXT('2D SPACE',''
  ) );
#5075 = ORIENTED_EDGE('',*,*,#5076,.T.);
#5076 = EDGE_CURVE('',#5054,#5077,#5079,.T.);
#5077 = VERTEX_POINT('',#5078);
#5078 = CARTESIAN_POINT('',(-29.5,45.,40.));
#5079 = SURFACE_CURVE('',#5080,(#5084,#5091),.PCURVE_S1.);
#5080 = LINE('',#5081,#5082);
#5081 = CARTESIAN_POINT('',(-29.5,0.,40.));
#5082 = VECTOR('',#5083,1.);
#5083 = DIRECTION('',(0.,1.,0.));
#5084 = PCURVE('',#158,#5085);
#5085 = DEFINITIONAL_REPRESENTATION('',(#5086),#5090);
#5086 = LINE('',#5087,#5088);
#5087 = CARTESIAN_POINT('',(45.,-2.5));
#5088 = VECTOR('',#5089,1.);
#5089 = DIRECTION('',(1.,0.));
#5090 = ( GEOMETRIC_REPRESENTATION_CONTEXT(2) 
PARAMETRIC_REPRESENTATION_CONTEXT() REPRESENTATION_CONTEXT('2D SPACE',''
  ) );
#5091 = PCURVE('',#5092,#5097);
#5092 = PLANE('',#5093);
#5093 = AXIS2_PLACEMENT_3D('',#5094,#5095,#5096);
#5094 = CARTESIAN_POINT('',(0.,0.,40.));
#5095 = DIRECTION('',(0.,0.,1.));
#5096 = DIRECTION('',(1.,0.,0.));
#5097 = DEFINITIONAL_REPRESENTATION('',(#5098),#5102);
#5098 = LINE('',#5099,#5100);
#5099 = CARTESIAN_POINT('',(-29.5,0.));
#5100 = VECTOR('',#5101,1.);
#5101 = DIRECTION('',(0.,1.));
#5102 = ( GEOMETRIC_REPRESENTATION_CONTEXT(2) 
PARAMETRIC_REPRESENTATION_CONTEXT() REPRESENTATION_CONTEXT('2D SPACE',''
  ) );
#5103 = ORIENTED_EDGE('',*,*,#5104,.F.);
#5104 = EDGE_CURVE('',#143,#5077,#5105,.T.);
#5105 = SURFACE_CURVE('',#5106,(#5110,#5117),.PCURVE_S1.);
#5106 = LINE('',#5107,#5108);
#5107 = CARTESIAN_POINT('',(-29.5,45.,37.5));
#5108 = VECTOR('',#5109,1.);
#5109 = DIRECTION('',(0.,0.,1.));
#5110 = PCURVE('',#158,#5111);
#5111 = DEFINITIONAL_REPRESENTATION('',(#5112),#5116);
#5112 = LINE('',#5113,#5114);
#5113 = CARTESIAN_POINT('',(90.,0.));
#5114 = VECTOR('',#5115,1.);
#5115 = DIRECTION('',(0.,-1.));
#5116 = ( GEOMETRIC_REPRESENTATION_CONTEXT(2) 
PARAMETRIC_REPRESENTATION_CONTEXT() REPRESENTATION_CONTEXT('2D SPACE',''
  ) );
#5117 = PCURVE('',#240,#5118);
#5118 = DEFINITIONAL_REPRESENTATION('',(#5119),#5123);
#5119 = LINE('',#5120,#5121);
#5120 = CARTESIAN_POINT('',(0.,0.));
#5121 = VECTOR('',#5122,1.);
#5122 = DIRECTION('',(0.,-1.));
#5123 = ( GEOMETRIC_REPRESENTATION_CONTEXT(2) 
PARAMETRIC_REPRESENTATION_CONTEXT() REPRESENTATION_CONTEXT('2D SPACE',''
  ) );
#5124 = ORIENTED_EDGE('',*,*,#140,.F.);
#5125 = ADVANCED_FACE('',(#5126),#186,.F.);
#5126 = FACE_BOUND('',#5127,.F.);
#5127 = EDGE_LOOP('',(#5128,#5129,#5152,#5173));
#5128 = ORIENTED_EDGE('',*,*,#5053,.T.);
#5129 = ORIENTED_EDGE('',*,*,#5130,.T.);
#5130 = EDGE_CURVE('',#5054,#5131,#5133,.T.);
#5131 = VERTEX_POINT('',#5132);
#5132 = CARTESIAN_POINT('',(29.5,-45.,40.));
#5133 = SURFACE_CURVE('',#5134,(#5138,#5145),.PCURVE_S1.);
#5134 = LINE('',#5135,#5136);
#5135 = CARTESIAN_POINT('',(0.,-45.,40.));
#5136 = VECTOR('',#5137,1.);
#5137 = DIRECTION('',(1.,0.,0.));
#5138 = PCURVE('',#186,#5139);
#5139 = DEFINITIONAL_REPRESENTATION('',(#5140),#5144);
#5140 = LINE('',#5141,#5142);
#5141 = CARTESIAN_POINT('',(29.5,-2.5));
#5142 = VECTOR('',#5143,1.);
#5143 = DIRECTION('',(1.,0.));
#5144 = ( GEOMETRIC_REPRESENTATION_CONTEXT(2) 
PARAMETRIC_REPRESENTATION_CONTEXT() REPRESENTATION_CONTEXT('2D SPACE',''
  ) );
#5145 = PCURVE('',#5092,#5146);
#5146 = DEFINITIONAL_REPRESENTATION('',(#5147),#5151);
#5147 = LINE('',#5148,#5149);
#5148 = CARTESIAN_POINT('',(0.,-45.));
#5149 = VECTOR('',#5150,1.);
#5150 = DIRECTION('',(1.,0.));
#5151 = ( GEOMETRIC_REPRESENTATION_CONTEXT(2) 
PARAMETRIC_REPRESENTATION_CONTEXT() REPRESENTATION_CONTEXT('2D SPACE',''
  ) );
#5152 = ORIENTED_EDGE('',*,*,#5153,.F.);
#5153 = EDGE_CURVE('',#171,#5131,#5154,.T.);
#5154 = SURFACE_CURVE('',#5155,(#5159,#5166),.PCURVE_S1.);
#5155 = LINE('',#5156,#5157);
#5156 = CARTESIAN_POINT('',(29.5,-45.,37.5));
#5157 = VECTOR('',#5158,1.);
#5158 = DIRECTION('',(0.,0.,1.));
#5159 = PCURVE('',#186,#5160);
#5160 = DEFINITIONAL_REPRESENTATION('',(#5161),#5165);
#5161 = LINE('',#5162,#5163);
#5162 = CARTESIAN_POINT('',(59.,0.));
#5163 = VECTOR('',#5164,1.);
#5164 = DIRECTION('',(0.,-1.));
#5165 = ( GEOMETRIC_REPRESENTATION_CONTEXT(2) 
PARAMETRIC_REPRESENTATION_CONTEXT() REPRESENTATION_CONTEXT('2D SPACE',''
  ) );
#5166 = PCURVE('',#214,#5167);
#5167 = DEFINITIONAL_REPRESENTATION('',(#5168),#5172);
#5168 = LINE('',#5169,#5170);
#5169 = CARTESIAN_POINT('',(0.,0.));
#5170 = VECTOR('',#5171,1.);
#5171 = DIRECTION('',(0.,-1.));
#5172 = ( GEOMETRIC_REPRESENTATION_CONTEXT(2) 
PARAMETRIC_REPRESENTATION_CONTEXT() REPRESENTATION_CONTEXT('2D SPACE',''
  ) );
#5173 = ORIENTED_EDGE('',*,*,#170,.F.);
#5174 = ADVANCED_FACE('',(#5175),#240,.T.);
#5175 = FACE_BOUND('',#5176,.T.);
#5176 = EDGE_LOOP('',(#5177,#5178,#5201,#5222));
#5177 = ORIENTED_EDGE('',*,*,#5104,.T.);
#5178 = ORIENTED_EDGE('',*,*,#5179,.T.);
#5179 = EDGE_CURVE('',#5077,#5180,#5182,.T.);
#5180 = VERTEX_POINT('',#5181);
#5181 = CARTESIAN_POINT('',(29.5,45.,40.));
#5182 = SURFACE_CURVE('',#5183,(#5187,#5194),.PCURVE_S1.);
#5183 = LINE('',#5184,#5185);
#5184 = CARTESIAN_POINT('',(0.,45.,40.));
#5185 = VECTOR('',#5186,1.);
#5186 = DIRECTION('',(1.,0.,0.));
#5187 = PCURVE('',#240,#5188);
#5188 = DEFINITIONAL_REPRESENTATION('',(#5189),#5193);
#5189 = LINE('',#5190,#5191);
#5190 = CARTESIAN_POINT('',(29.5,-2.5));
#5191 = VECTOR('',#5192,1.);
#5192 = DIRECTION('',(1.,0.));
#5193 = ( GEOMETRIC_REPRESENTATION_CONTEXT(2) 
PARAMETRIC_REPRESENTATION_CONTEXT() REPRESENTATION_CONTEXT('2D SPACE',''
  ) );
#5194 = PCURVE('',#5092,#5195);
#5195 = DEFINITIONAL_REPRESENTATION('',(#5196),#5200);
#5196 = LINE('',#5197,#5198);
#5197 = CARTESIAN_POINT('',(0.,45.));
#5198 = VECTOR('',#5199,1.);
#5199 = DIRECTION('',(1.,0.));
#5200 = ( GEOMETRIC_REPRESENTATION_CONTEXT(2) 
PARAMETRIC_REPRESENTATION_CONTEXT() REPRESENTATION_CONTEXT('2D SPACE',''
  ) );
#5201 = ORIENTED_EDGE('',*,*,#5202,.F.);
#5202 = EDGE_CURVE('',#199,#5180,#5203,.T.);
#5203 = SURFACE_CURVE('',#5204,(#5208,#5215),.PCURVE_S1.);
#5204 = LINE('',#5205,#5206);
#5205 = CARTESIAN_POINT('',(29.5,45.,37.5));
#5206 = VECTOR('',#5207,1.);
#5207 = DIRECTION('',(0.,0.,1.));
#5208 = PCURVE('',#240,#5209);
#5209 = DEFINITIONAL_REPRESENTATION('',(#5210),#5214);
#5210 = LINE('',#5211,#5212);
#5211 = CARTESIAN_POINT('',(59.,0.));
#5212 = VECTOR('',#5213,1.);
#5213 = DIRECTION('',(0.,-1.));
#5214 = ( GEOMETRIC_REPRESENTATION_CONTEXT(2) 
PARAMETRIC_REPRESENTATION_CONTEXT() REPRESENTATION_CONTEXT('2D SPACE',''
  ) );
#5215 = PCURVE('',#214,#5216);
#5216 = DEFINITIONAL_REPRESENTATION('',(#5217),#5221);
#5217 = LINE('',#5218,#5219);
#5218 = CARTESIAN_POINT('',(90.,0.));
#5219 = VECTOR('',#5220,1.);
#5220 = DIRECTION('',(0.,-1.));
#5221 = ( GEOMETRIC_REPRESENTATION_CONTEXT(2) 
PARAMETRIC_REPRESENTATION_CONTEXT() REPRESENTATION_CONTEXT('2D SPACE',''
  ) );
#5222 = ORIENTED_EDGE('',*,*,#226,.F.);
#5223 = ADVANCED_FACE('',(#5224),#214,.F.);
#5224 = FACE_BOUND('',#5225,.F.);
#5225 = EDGE_LOOP('',(#5226,#5227,#5248,#5249));
#5226 = ORIENTED_EDGE('',*,*,#5153,.T.);
#5227 = ORIENTED_EDGE('',*,*,#5228,.T.);
#5228 = EDGE_CURVE('',#5131,#5180,#5229,.T.);
#5229 = SURFACE_CURVE('',#5230,(#5234,#5241),.PCURVE_S1.);
#5230 = LINE('',#5231,#5232);
#5231 = CARTESIAN_POINT('',(29.5,0.,40.));
#5232 = VECTOR('',#5233,1.);
#5233 = DIRECTION('',(0.,1.,0.));
#5234 = PCURVE('',#214,#5235);
#5235 = DEFINITIONAL_REPRESENTATION('',(#5236),#5240);
#5236 = LINE('',#5237,#5238);
#5237 = CARTESIAN_POINT('',(45.,-2.5));
#5238 = VECTOR('',#5239,1.);
#5239 = DIRECTION('',(1.,0.));
#5240 = ( GEOMETRIC_REPRESENTATION_CONTEXT(2) 
PARAMETRIC_REPRESENTATION_CONTEXT() REPRESENTATION_CONTEXT('2D SPACE',''
  ) );
#5241 = PCURVE('',#5092,#5242);
#5242 = DEFINITIONAL_REPRESENTATION('',(#5243),#5247);
#5243 = LINE('',#5244,#5245);
#5244 = CARTESIAN_POINT('',(29.5,0.));
#5245 = VECTOR('',#5246,1.);
#5246 = DIRECTION('',(0.,1.));
#5247 = ( GEOMETRIC_REPRESENTATION_CONTEXT(2) 
PARAMETRIC_REPRESENTATION_CONTEXT() REPRESENTATION_CONTEXT('2D SPACE',''
  ) );
#5248 = ORIENTED_EDGE('',*,*,#5202,.F.);
#5249 = ORIENTED_EDGE('',*,*,#198,.F.);
#5250 = ADVANCED_FACE('',(#5251),#271,.T.);
#5251 = FACE_BOUND('',#5252,.T.);
#5252 = EDGE_LOOP('',(#5253,#5254,#5277,#5298));
#5253 = ORIENTED_EDGE('',*,*,#254,.T.);
#5254 = ORIENTED_EDGE('',*,*,#5255,.T.);
#5255 = EDGE_CURVE('',#257,#5256,#5258,.T.);
#5256 = VERTEX_POINT('',#5257);
#5257 = CARTESIAN_POINT('',(-21.8,-31.0614444824,40.));
#5258 = SURFACE_CURVE('',#5259,(#5263,#5270),.PCURVE_S1.);
#5259 = LINE('',#5260,#5261);
#5260 = CARTESIAN_POINT('',(-21.8,-31.0614444824,36.5));
#5261 = VECTOR('',#5262,1.);
#5262 = DIRECTION('',(0.,0.,1.));
#5263 = PCURVE('',#271,#5264);
#5264 = DEFINITIONAL_REPRESENTATION('',(#5265),#5269);
#5265 = LINE('',#5266,#5267);
#5266 = CARTESIAN_POINT('',(0.,0.));
#5267 = VECTOR('',#5268,1.);
#5268 = DIRECTION('',(0.,-1.));
#5269 = ( GEOMETRIC_REPRESENTATION_CONTEXT(2) 
PARAMETRIC_REPRESENTATION_CONTEXT() REPRESENTATION_CONTEXT('2D SPACE',''
  ) );
#5270 = PCURVE('',#297,#5271);
#5271 = DEFINITIONAL_REPRESENTATION('',(#5272),#5276);
#5272 = LINE('',#5273,#5274);
#5273 = CARTESIAN_POINT('',(5.773502691896,0.));
#5274 = VECTOR('',#5275,1.);
#5275 = DIRECTION('',(0.,-1.));
#5276 = ( GEOMETRIC_REPRESENTATION_CONTEXT(2) 
PARAMETRIC_REPRESENTATION_CONTEXT() REPRESENTATION_CONTEXT('2D SPACE',''
  ) );
#5277 = ORIENTED_EDGE('',*,*,#5278,.F.);
#5278 = EDGE_CURVE('',#5279,#5256,#5281,.T.);
#5279 = VERTEX_POINT('',#5280);
#5280 = CARTESIAN_POINT('',(-21.8,-36.83494717429,40.));
#5281 = SURFACE_CURVE('',#5282,(#5286,#5292),.PCURVE_S1.);
#5282 = LINE('',#5283,#5284);
#5283 = CARTESIAN_POINT('',(-21.8,-15.5307222412,40.));
#5284 = VECTOR('',#5285,1.);
#5285 = DIRECTION('',(4.615110447321E-16,1.,-0.));
#5286 = PCURVE('',#271,#5287);
#5287 = DEFINITIONAL_REPRESENTATION('',(#5288),#5291);
#5288 = B_SPLINE_CURVE_WITH_KNOTS('',1,(#5289,#5290),.UNSPECIFIED.,.F.,
  .F.,(2,2),(-21.30422493309,-15.5307222412),.PIECEWISE_BEZIER_KNOTS.);
#5289 = CARTESIAN_POINT('',(5.773502691896,-3.5));
#5290 = CARTESIAN_POINT('',(0.,-3.5));
#5291 = ( GEOMETRIC_REPRESENTATION_CONTEXT(2) 
PARAMETRIC_REPRESENTATION_CONTEXT() REPRESENTATION_CONTEXT('2D SPACE',''
  ) );
#5292 = PCURVE('',#5092,#5293);
#5293 = DEFINITIONAL_REPRESENTATION('',(#5294),#5297);
#5294 = B_SPLINE_CURVE_WITH_KNOTS('',1,(#5295,#5296),.UNSPECIFIED.,.F.,
  .F.,(2,2),(-21.30422493309,-15.5307222412),.PIECEWISE_BEZIER_KNOTS.);
#5295 = CARTESIAN_POINT('',(-21.8,-36.83494717429));
#5296 = CARTESIAN_POINT('',(-21.8,-31.0614444824));
#5297 = ( GEOMETRIC_REPRESENTATION_CONTEXT(2) 
PARAMETRIC_REPRESENTATION_CONTEXT() REPRESENTATION_CONTEXT('2D SPACE',''
  ) );
#5298 = ORIENTED_EDGE('',*,*,#5299,.F.);
#5299 = EDGE_CURVE('',#255,#5279,#5300,.T.);
#5300 = SURFACE_CURVE('',#5301,(#5305,#5312),.PCURVE_S1.);
#5301 = LINE('',#5302,#5303);
#5302 = CARTESIAN_POINT('',(-21.8,-36.83494717429,36.5));
#5303 = VECTOR('',#5304,1.);
#5304 = DIRECTION('',(0.,0.,1.));
#5305 = PCURVE('',#271,#5306);
#5306 = DEFINITIONAL_REPRESENTATION('',(#5307),#5311);
#5307 = LINE('',#5308,#5309);
#5308 = CARTESIAN_POINT('',(5.773502691896,0.));
#5309 = VECTOR('',#5310,1.);
#5310 = DIRECTION('',(0.,-1.));
#5311 = ( GEOMETRIC_REPRESENTATION_CONTEXT(2) 
PARAMETRIC_REPRESENTATION_CONTEXT() REPRESENTATION_CONTEXT('2D SPACE',''
  ) );
#5312 = PCURVE('',#399,#5313);
#5313 = DEFINITIONAL_REPRESENTATION('',(#5314),#5318);
#5314 = LINE('',#5315,#5316);
#5315 = CARTESIAN_POINT('',(0.,0.));
#5316 = VECTOR('',#5317,1.);
#5317 = DIRECTION('',(0.,-1.));
#5318 = ( GEOMETRIC_REPRESENTATION_CONTEXT(2) 
PARAMETRIC_REPRESENTATION_CONTEXT() REPRESENTATION_CONTEXT('2D SPACE',''
  ) );
#5319 = ADVANCED_FACE('',(#5320),#399,.T.);
#5320 = FACE_BOUND('',#5321,.T.);
#5321 = EDGE_LOOP('',(#5322,#5323,#5324,#5345));
#5322 = ORIENTED_EDGE('',*,*,#386,.T.);
#5323 = ORIENTED_EDGE('',*,*,#5299,.T.);
#5324 = ORIENTED_EDGE('',*,*,#5325,.F.);
#5325 = EDGE_CURVE('',#5326,#5279,#5328,.T.);
#5326 = VERTEX_POINT('',#5327);
#5327 = CARTESIAN_POINT('',(-16.8,-39.72169852024,40.));
#5328 = SURFACE_CURVE('',#5329,(#5333,#5339),.PCURVE_S1.);
#5329 = LINE('',#5330,#5331);
#5330 = CARTESIAN_POINT('',(-21.6,-36.95041722813,40.));
#5331 = VECTOR('',#5332,1.);
#5332 = DIRECTION('',(-0.866025403784,0.5,0.));
#5333 = PCURVE('',#399,#5334);
#5334 = DEFINITIONAL_REPRESENTATION('',(#5335),#5338);
#5335 = B_SPLINE_CURVE_WITH_KNOTS('',1,(#5336,#5337),.UNSPECIFIED.,.F.,
  .F.,(2,2),(-5.54256258422,0.230940107676),.PIECEWISE_BEZIER_KNOTS.);
#5336 = CARTESIAN_POINT('',(5.773502691896,-3.5));
#5337 = CARTESIAN_POINT('',(0.,-3.5));
#5338 = ( GEOMETRIC_REPRESENTATION_CONTEXT(2) 
PARAMETRIC_REPRESENTATION_CONTEXT() REPRESENTATION_CONTEXT('2D SPACE',''
  ) );
#5339 = PCURVE('',#5092,#5340);
#5340 = DEFINITIONAL_REPRESENTATION('',(#5341),#5344);
#5341 = B_SPLINE_CURVE_WITH_KNOTS('',1,(#5342,#5343),.UNSPECIFIED.,.F.,
  .F.,(2,2),(-5.54256258422,0.230940107676),.PIECEWISE_BEZIER_KNOTS.);
#5342 = CARTESIAN_POINT('',(-16.8,-39.72169852024));
#5343 = CARTESIAN_POINT('',(-21.8,-36.83494717429));
#5344 = ( GEOMETRIC_REPRESENTATION_CONTEXT(2) 
PARAMETRIC_REPRESENTATION_CONTEXT() REPRESENTATION_CONTEXT('2D SPACE',''
  ) );
#5345 = ORIENTED_EDGE('',*,*,#5346,.F.);
#5346 = EDGE_CURVE('',#361,#5326,#5347,.T.);
#5347 = SURFACE_CURVE('',#5348,(#5352,#5359),.PCURVE_S1.);
#5348 = LINE('',#5349,#5350);
#5349 = CARTESIAN_POINT('',(-16.8,-39.72169852024,36.5));
#5350 = VECTOR('',#5351,1.);
#5351 = DIRECTION('',(0.,0.,1.));
#5352 = PCURVE('',#399,#5353);
#5353 = DEFINITIONAL_REPRESENTATION('',(#5354),#5358);
#5354 = LINE('',#5355,#5356);
#5355 = CARTESIAN_POINT('',(5.773502691896,0.));
#5356 = VECTOR('',#5357,1.);
#5357 = DIRECTION('',(0.,-1.));
#5358 = ( GEOMETRIC_REPRESENTATION_CONTEXT(2) 
PARAMETRIC_REPRESENTATION_CONTEXT() REPRESENTATION_CONTEXT('2D SPACE',''
  ) );
#5359 = PCURVE('',#375,#5360);
#5360 = DEFINITIONAL_REPRESENTATION('',(#5361),#5365);
#5361 = LINE('',#5362,#5363);
#5362 = CARTESIAN_POINT('',(0.,0.));
#5363 = VECTOR('',#5364,1.);
#5364 = DIRECTION('',(0.,-1.));
#5365 = ( GEOMETRIC_REPRESENTATION_CONTEXT(2) 
PARAMETRIC_REPRESENTATION_CONTEXT() REPRESENTATION_CONTEXT('2D SPACE',''
  ) );
#5366 = ADVANCED_FACE('',(#5367),#297,.T.);
#5367 = FACE_BOUND('',#5368,.T.);
#5368 = EDGE_LOOP('',(#5369,#5370,#5393,#5412));
#5369 = ORIENTED_EDGE('',*,*,#282,.T.);
#5370 = ORIENTED_EDGE('',*,*,#5371,.T.);
#5371 = EDGE_CURVE('',#283,#5372,#5374,.T.);
#5372 = VERTEX_POINT('',#5373);
#5373 = CARTESIAN_POINT('',(-16.8,-28.17469313645,40.));
#5374 = SURFACE_CURVE('',#5375,(#5379,#5386),.PCURVE_S1.);
#5375 = LINE('',#5376,#5377);
#5376 = CARTESIAN_POINT('',(-16.8,-28.17469313645,36.5));
#5377 = VECTOR('',#5378,1.);
#5378 = DIRECTION('',(0.,0.,1.));
#5379 = PCURVE('',#297,#5380);
#5380 = DEFINITIONAL_REPRESENTATION('',(#5381),#5385);
#5381 = LINE('',#5382,#5383);
#5382 = CARTESIAN_POINT('',(0.,0.));
#5383 = VECTOR('',#5384,1.);
#5384 = DIRECTION('',(0.,-1.));
#5385 = ( GEOMETRIC_REPRESENTATION_CONTEXT(2) 
PARAMETRIC_REPRESENTATION_CONTEXT() REPRESENTATION_CONTEXT('2D SPACE',''
  ) );
#5386 = PCURVE('',#323,#5387);
#5387 = DEFINITIONAL_REPRESENTATION('',(#5388),#5392);
#5388 = LINE('',#5389,#5390);
#5389 = CARTESIAN_POINT('',(5.773502691896,0.));
#5390 = VECTOR('',#5391,1.);
#5391 = DIRECTION('',(0.,-1.));
#5392 = ( GEOMETRIC_REPRESENTATION_CONTEXT(2) 
PARAMETRIC_REPRESENTATION_CONTEXT() REPRESENTATION_CONTEXT('2D SPACE',''
  ) );
#5393 = ORIENTED_EDGE('',*,*,#5394,.F.);
#5394 = EDGE_CURVE('',#5256,#5372,#5395,.T.);
#5395 = SURFACE_CURVE('',#5396,(#5400,#5406),.PCURVE_S1.);
#5396 = LINE('',#5397,#5398);
#5397 = CARTESIAN_POINT('',(-4.4,-21.0155497985,40.));
#5398 = VECTOR('',#5399,1.);
#5399 = DIRECTION('',(0.866025403784,0.5,-0.));
#5400 = PCURVE('',#297,#5401);
#5401 = DEFINITIONAL_REPRESENTATION('',(#5402),#5405);
#5402 = B_SPLINE_CURVE_WITH_KNOTS('',1,(#5403,#5404),.UNSPECIFIED.,.F.,
  .F.,(2,2),(-20.09178936779,-14.3182866759),.PIECEWISE_BEZIER_KNOTS.);
#5403 = CARTESIAN_POINT('',(5.773502691896,-3.5));
#5404 = CARTESIAN_POINT('',(0.,-3.5));
#5405 = ( GEOMETRIC_REPRESENTATION_CONTEXT(2) 
PARAMETRIC_REPRESENTATION_CONTEXT() REPRESENTATION_CONTEXT('2D SPACE',''
  ) );
#5406 = PCURVE('',#5092,#5407);
#5407 = DEFINITIONAL_REPRESENTATION('',(#5408),#5411);
#5408 = B_SPLINE_CURVE_WITH_KNOTS('',1,(#5409,#5410),.UNSPECIFIED.,.F.,
  .F.,(2,2),(-20.09178936779,-14.3182866759),.PIECEWISE_BEZIER_KNOTS.);
#5409 = CARTESIAN_POINT('',(-21.8,-31.0614444824));
#5410 = CARTESIAN_POINT('',(-16.8,-28.17469313645));
#5411 = ( GEOMETRIC_REPRESENTATION_CONTEXT(2) 
PARAMETRIC_REPRESENTATION_CONTEXT() REPRESENTATION_CONTEXT('2D SPACE',''
  ) );
#5412 = ORIENTED_EDGE('',*,*,#5255,.F.);
#5413 = ADVANCED_FACE('',(#5414),#375,.T.);
#5414 = FACE_BOUND('',#5415,.T.);
#5415 = EDGE_LOOP('',(#5416,#5417,#5418,#5439));
#5416 = ORIENTED_EDGE('',*,*,#360,.T.);
#5417 = ORIENTED_EDGE('',*,*,#5346,.T.);
#5418 = ORIENTED_EDGE('',*,*,#5419,.F.);
#5419 = EDGE_CURVE('',#5420,#5326,#5422,.T.);
#5420 = VERTEX_POINT('',#5421);
#5421 = CARTESIAN_POINT('',(-11.8,-36.83494717429,40.));
#5422 = SURFACE_CURVE('',#5423,(#5427,#5433),.PCURVE_S1.);
#5423 = LINE('',#5424,#5425);
#5424 = CARTESIAN_POINT('',(-1.9,-31.11917950932,40.));
#5425 = VECTOR('',#5426,1.);
#5426 = DIRECTION('',(-0.866025403784,-0.5,0.));
#5427 = PCURVE('',#375,#5428);
#5428 = DEFINITIONAL_REPRESENTATION('',(#5429),#5432);
#5429 = B_SPLINE_CURVE_WITH_KNOTS('',1,(#5430,#5431),.UNSPECIFIED.,.F.,
  .F.,(2,2),(11.431535329955,17.205038021851),.PIECEWISE_BEZIER_KNOTS.);
#5430 = CARTESIAN_POINT('',(5.773502691896,-3.5));
#5431 = CARTESIAN_POINT('',(0.,-3.5));
#5432 = ( GEOMETRIC_REPRESENTATION_CONTEXT(2) 
PARAMETRIC_REPRESENTATION_CONTEXT() REPRESENTATION_CONTEXT('2D SPACE',''
  ) );
#5433 = PCURVE('',#5092,#5434);
#5434 = DEFINITIONAL_REPRESENTATION('',(#5435),#5438);
#5435 = B_SPLINE_CURVE_WITH_KNOTS('',1,(#5436,#5437),.UNSPECIFIED.,.F.,
  .F.,(2,2),(11.431535329955,17.205038021851),.PIECEWISE_BEZIER_KNOTS.);
#5436 = CARTESIAN_POINT('',(-11.8,-36.83494717429));
#5437 = CARTESIAN_POINT('',(-16.8,-39.72169852024));
#5438 = ( GEOMETRIC_REPRESENTATION_CONTEXT(2) 
PARAMETRIC_REPRESENTATION_CONTEXT() REPRESENTATION_CONTEXT('2D SPACE',''
  ) );
#5439 = ORIENTED_EDGE('',*,*,#5440,.F.);
#5440 = EDGE_CURVE('',#335,#5420,#5441,.T.);
#5441 = SURFACE_CURVE('',#5442,(#5446,#5453),.PCURVE_S1.);
#5442 = LINE('',#5443,#5444);
#5443 = CARTESIAN_POINT('',(-11.8,-36.83494717429,36.5));
#5444 = VECTOR('',#5445,1.);
#5445 = DIRECTION('',(0.,0.,1.));
#5446 = PCURVE('',#375,#5447);
#5447 = DEFINITIONAL_REPRESENTATION('',(#5448),#5452);
#5448 = LINE('',#5449,#5450);
#5449 = CARTESIAN_POINT('',(5.773502691896,0.));
#5450 = VECTOR('',#5451,1.);
#5451 = DIRECTION('',(0.,-1.));
#5452 = ( GEOMETRIC_REPRESENTATION_CONTEXT(2) 
PARAMETRIC_REPRESENTATION_CONTEXT() REPRESENTATION_CONTEXT('2D SPACE',''
  ) );
#5453 = PCURVE('',#349,#5454);
#5454 = DEFINITIONAL_REPRESENTATION('',(#5455),#5459);
#5455 = LINE('',#5456,#5457);
#5456 = CARTESIAN_POINT('',(0.,0.));
#5457 = VECTOR('',#5458,1.);
#5458 = DIRECTION('',(0.,-1.));
#5459 = ( GEOMETRIC_REPRESENTATION_CONTEXT(2) 
PARAMETRIC_REPRESENTATION_CONTEXT() REPRESENTATION_CONTEXT('2D SPACE',''
  ) );
#5460 = ADVANCED_FACE('',(#5461),#323,.T.);
#5461 = FACE_BOUND('',#5462,.T.);
#5462 = EDGE_LOOP('',(#5463,#5464,#5487,#5506));
#5463 = ORIENTED_EDGE('',*,*,#308,.T.);
#5464 = ORIENTED_EDGE('',*,*,#5465,.T.);
#5465 = EDGE_CURVE('',#309,#5466,#5468,.T.);
#5466 = VERTEX_POINT('',#5467);
#5467 = CARTESIAN_POINT('',(-11.8,-31.0614444824,40.));
#5468 = SURFACE_CURVE('',#5469,(#5473,#5480),.PCURVE_S1.);
#5469 = LINE('',#5470,#5471);
#5470 = CARTESIAN_POINT('',(-11.8,-31.0614444824,36.5));
#5471 = VECTOR('',#5472,1.);
#5472 = DIRECTION('',(0.,0.,1.));
#5473 = PCURVE('',#323,#5474);
#5474 = DEFINITIONAL_REPRESENTATION('',(#5475),#5479);
#5475 = LINE('',#5476,#5477);
#5476 = CARTESIAN_POINT('',(0.,0.));
#5477 = VECTOR('',#5478,1.);
#5478 = DIRECTION('',(0.,-1.));
#5479 = ( GEOMETRIC_REPRESENTATION_CONTEXT(2) 
PARAMETRIC_REPRESENTATION_CONTEXT() REPRESENTATION_CONTEXT('2D SPACE',''
  ) );
#5480 = PCURVE('',#349,#5481);
#5481 = DEFINITIONAL_REPRESENTATION('',(#5482),#5486);
#5482 = LINE('',#5483,#5484);
#5483 = CARTESIAN_POINT('',(5.773502691896,0.));
#5484 = VECTOR('',#5485,1.);
#5485 = DIRECTION('',(0.,-1.));
#5486 = ( GEOMETRIC_REPRESENTATION_CONTEXT(2) 
PARAMETRIC_REPRESENTATION_CONTEXT() REPRESENTATION_CONTEXT('2D SPACE',''
  ) );
#5487 = ORIENTED_EDGE('',*,*,#5488,.F.);
#5488 = EDGE_CURVE('',#5372,#5466,#5489,.T.);
#5489 = SURFACE_CURVE('',#5490,(#5494,#5500),.PCURVE_S1.);
#5490 = LINE('',#5491,#5492);
#5491 = CARTESIAN_POINT('',(-14.1,-29.73353886326,40.));
#5492 = VECTOR('',#5493,1.);
#5493 = DIRECTION('',(0.866025403784,-0.5,0.));
#5494 = PCURVE('',#323,#5495);
#5495 = DEFINITIONAL_REPRESENTATION('',(#5496),#5499);
#5496 = B_SPLINE_CURVE_WITH_KNOTS('',1,(#5497,#5498),.UNSPECIFIED.,.F.,
  .F.,(2,2),(-3.117691453624,2.655811238272),.PIECEWISE_BEZIER_KNOTS.);
#5497 = CARTESIAN_POINT('',(5.773502691896,-3.5));
#5498 = CARTESIAN_POINT('',(0.,-3.5));
#5499 = ( GEOMETRIC_REPRESENTATION_CONTEXT(2) 
PARAMETRIC_REPRESENTATION_CONTEXT() REPRESENTATION_CONTEXT('2D SPACE',''
  ) );
#5500 = PCURVE('',#5092,#5501);
#5501 = DEFINITIONAL_REPRESENTATION('',(#5502),#5505);
#5502 = B_SPLINE_CURVE_WITH_KNOTS('',1,(#5503,#5504),.UNSPECIFIED.,.F.,
  .F.,(2,2),(-3.117691453624,2.655811238272),.PIECEWISE_BEZIER_KNOTS.);
#5503 = CARTESIAN_POINT('',(-16.8,-28.17469313645));
#5504 = CARTESIAN_POINT('',(-11.8,-31.0614444824));
#5505 = ( GEOMETRIC_REPRESENTATION_CONTEXT(2) 
PARAMETRIC_REPRESENTATION_CONTEXT() REPRESENTATION_CONTEXT('2D SPACE',''
  ) );
#5506 = ORIENTED_EDGE('',*,*,#5371,.F.);
#5507 = ADVANCED_FACE('',(#5508),#349,.T.);
#5508 = FACE_BOUND('',#5509,.T.);
#5509 = EDGE_LOOP('',(#5510,#5511,#5512,#5531));
#5510 = ORIENTED_EDGE('',*,*,#334,.T.);
#5511 = ORIENTED_EDGE('',*,*,#5440,.T.);
#5512 = ORIENTED_EDGE('',*,*,#5513,.F.);
#5513 = EDGE_CURVE('',#5466,#5420,#5514,.T.);
#5514 = SURFACE_CURVE('',#5515,(#5519,#5525),.PCURVE_S1.);
#5515 = LINE('',#5516,#5517);
#5516 = CARTESIAN_POINT('',(-11.8,-18.41747358714,40.));
#5517 = VECTOR('',#5518,1.);
#5518 = DIRECTION('',(-1.538370149107E-16,-1.,0.));
#5519 = PCURVE('',#349,#5520);
#5520 = DEFINITIONAL_REPRESENTATION('',(#5521),#5524);
#5521 = B_SPLINE_CURVE_WITH_KNOTS('',1,(#5522,#5523),.UNSPECIFIED.,.F.,
  .F.,(2,2),(12.643970895253,18.417473587149),.PIECEWISE_BEZIER_KNOTS.);
#5522 = CARTESIAN_POINT('',(5.773502691896,-3.5));
#5523 = CARTESIAN_POINT('',(0.,-3.5));
#5524 = ( GEOMETRIC_REPRESENTATION_CONTEXT(2) 
PARAMETRIC_REPRESENTATION_CONTEXT() REPRESENTATION_CONTEXT('2D SPACE',''
  ) );
#5525 = PCURVE('',#5092,#5526);
#5526 = DEFINITIONAL_REPRESENTATION('',(#5527),#5530);
#5527 = B_SPLINE_CURVE_WITH_KNOTS('',1,(#5528,#5529),.UNSPECIFIED.,.F.,
  .F.,(2,2),(12.643970895253,18.417473587149),.PIECEWISE_BEZIER_KNOTS.);
#5528 = CARTESIAN_POINT('',(-11.8,-31.0614444824));
#5529 = CARTESIAN_POINT('',(-11.8,-36.83494717429));
#5530 = ( GEOMETRIC_REPRESENTATION_CONTEXT(2) 
PARAMETRIC_REPRESENTATION_CONTEXT() REPRESENTATION_CONTEXT('2D SPACE',''
  ) );
#5531 = ORIENTED_EDGE('',*,*,#5465,.F.);
#5532 = ADVANCED_FACE('',(#5533),#429,.T.);
#5533 = FACE_BOUND('',#5534,.T.);
#5534 = EDGE_LOOP('',(#5535,#5536,#5559,#5580));
#5535 = ORIENTED_EDGE('',*,*,#412,.T.);
#5536 = ORIENTED_EDGE('',*,*,#5537,.T.);
#5537 = EDGE_CURVE('',#415,#5538,#5540,.T.);
#5538 = VERTEX_POINT('',#5539);
#5539 = CARTESIAN_POINT('',(-10.6,-31.0614444824,40.));
#5540 = SURFACE_CURVE('',#5541,(#5545,#5552),.PCURVE_S1.);
#5541 = LINE('',#5542,#5543);
#5542 = CARTESIAN_POINT('',(-10.6,-31.0614444824,36.5));
#5543 = VECTOR('',#5544,1.);
#5544 = DIRECTION('',(0.,0.,1.));
#5545 = PCURVE('',#429,#5546);
#5546 = DEFINITIONAL_REPRESENTATION('',(#5547),#5551);
#5547 = LINE('',#5548,#5549);
#5548 = CARTESIAN_POINT('',(0.,0.));
#5549 = VECTOR('',#5550,1.);
#5550 = DIRECTION('',(0.,-1.));
#5551 = ( GEOMETRIC_REPRESENTATION_CONTEXT(2) 
PARAMETRIC_REPRESENTATION_CONTEXT() REPRESENTATION_CONTEXT('2D SPACE',''
  ) );
#5552 = PCURVE('',#455,#5553);
#5553 = DEFINITIONAL_REPRESENTATION('',(#5554),#5558);
#5554 = LINE('',#5555,#5556);
#5555 = CARTESIAN_POINT('',(5.773502691896,0.));
#5556 = VECTOR('',#5557,1.);
#5557 = DIRECTION('',(0.,-1.));
#5558 = ( GEOMETRIC_REPRESENTATION_CONTEXT(2) 
PARAMETRIC_REPRESENTATION_CONTEXT() REPRESENTATION_CONTEXT('2D SPACE',''
  ) );
#5559 = ORIENTED_EDGE('',*,*,#5560,.F.);
#5560 = EDGE_CURVE('',#5561,#5538,#5563,.T.);
#5561 = VERTEX_POINT('',#5562);
#5562 = CARTESIAN_POINT('',(-10.6,-36.83494717429,40.));
#5563 = SURFACE_CURVE('',#5564,(#5568,#5574),.PCURVE_S1.);
#5564 = LINE('',#5565,#5566);
#5565 = CARTESIAN_POINT('',(-10.6,-15.5307222412,40.));
#5566 = VECTOR('',#5567,1.);
#5567 = DIRECTION('',(4.615110447321E-16,1.,-0.));
#5568 = PCURVE('',#429,#5569);
#5569 = DEFINITIONAL_REPRESENTATION('',(#5570),#5573);
#5570 = B_SPLINE_CURVE_WITH_KNOTS('',1,(#5571,#5572),.UNSPECIFIED.,.F.,
  .F.,(2,2),(-21.30422493309,-15.5307222412),.PIECEWISE_BEZIER_KNOTS.);
#5571 = CARTESIAN_POINT('',(5.773502691896,-3.5));
#5572 = CARTESIAN_POINT('',(0.,-3.5));
#5573 = ( GEOMETRIC_REPRESENTATION_CONTEXT(2) 
PARAMETRIC_REPRESENTATION_CONTEXT() REPRESENTATION_CONTEXT('2D SPACE',''
  ) );
#5574 = PCURVE('',#5092,#5575);
#5575 = DEFINITIONAL_REPRESENTATION('',(#5576),#5579);
#5576 = B_SPLINE_CURVE_WITH_KNOTS('',1,(#5577,#5578),.UNSPECIFIED.,.F.,
  .F.,(2,2),(-21.30422493309,-15.5307222412),.PIECEWISE_BEZIER_KNOTS.);
#5577 = CARTESIAN_POINT('',(-10.6,-36.83494717429));
#5578 = CARTESIAN_POINT('',(-10.6,-31.0614444824));
#5579 = ( GEOMETRIC_REPRESENTATION_CONTEXT(2) 
PARAMETRIC_REPRESENTATION_CONTEXT() REPRESENTATION_CONTEXT('2D SPACE',''
  ) );
#5580 = ORIENTED_EDGE('',*,*,#5581,.F.);
#5581 = EDGE_CURVE('',#413,#5561,#5582,.T.);
#5582 = SURFACE_CURVE('',#5583,(#5587,#5594),.PCURVE_S1.);
#5583 = LINE('',#5584,#5585);
#5584 = CARTESIAN_POINT('',(-10.6,-36.83494717429,36.5));
#5585 = VECTOR('',#5586,1.);
#5586 = DIRECTION('',(0.,0.,1.));
#5587 = PCURVE('',#429,#5588);
#5588 = DEFINITIONAL_REPRESENTATION('',(#5589),#5593);
#5589 = LINE('',#5590,#5591);
#5590 = CARTESIAN_POINT('',(5.773502691896,0.));
#5591 = VECTOR('',#5592,1.);
#5592 = DIRECTION('',(0.,-1.));
#5593 = ( GEOMETRIC_REPRESENTATION_CONTEXT(2) 
PARAMETRIC_REPRESENTATION_CONTEXT() REPRESENTATION_CONTEXT('2D SPACE',''
  ) );
#5594 = PCURVE('',#557,#5595);
#5595 = DEFINITIONAL_REPRESENTATION('',(#5596),#5600);
#5596 = LINE('',#5597,#5598);
#5597 = CARTESIAN_POINT('',(0.,0.));
#5598 = VECTOR('',#5599,1.);
#5599 = DIRECTION('',(0.,-1.));
#5600 = ( GEOMETRIC_REPRESENTATION_CONTEXT(2) 
PARAMETRIC_REPRESENTATION_CONTEXT() REPRESENTATION_CONTEXT('2D SPACE',''
  ) );
#5601 = ADVANCED_FACE('',(#5602),#557,.T.);
#5602 = FACE_BOUND('',#5603,.T.);
#5603 = EDGE_LOOP('',(#5604,#5605,#5606,#5627));
#5604 = ORIENTED_EDGE('',*,*,#544,.T.);
#5605 = ORIENTED_EDGE('',*,*,#5581,.T.);
#5606 = ORIENTED_EDGE('',*,*,#5607,.F.);
#5607 = EDGE_CURVE('',#5608,#5561,#5610,.T.);
#5608 = VERTEX_POINT('',#5609);
#5609 = CARTESIAN_POINT('',(-5.6,-39.72169852024,40.));
#5610 = SURFACE_CURVE('',#5611,(#5615,#5621),.PCURVE_S1.);
#5611 = LINE('',#5612,#5613);
#5612 = CARTESIAN_POINT('',(-14.6,-34.52554609754,40.));
#5613 = VECTOR('',#5614,1.);
#5614 = DIRECTION('',(-0.866025403784,0.5,0.));
#5615 = PCURVE('',#557,#5616);
#5616 = DEFINITIONAL_REPRESENTATION('',(#5617),#5620);
#5617 = B_SPLINE_CURVE_WITH_KNOTS('',1,(#5618,#5619),.UNSPECIFIED.,.F.,
  .F.,(2,2),(-10.39230484541,-4.618802153517),.PIECEWISE_BEZIER_KNOTS.);
#5618 = CARTESIAN_POINT('',(5.773502691896,-3.5));
#5619 = CARTESIAN_POINT('',(0.,-3.5));
#5620 = ( GEOMETRIC_REPRESENTATION_CONTEXT(2) 
PARAMETRIC_REPRESENTATION_CONTEXT() REPRESENTATION_CONTEXT('2D SPACE',''
  ) );
#5621 = PCURVE('',#5092,#5622);
#5622 = DEFINITIONAL_REPRESENTATION('',(#5623),#5626);
#5623 = B_SPLINE_CURVE_WITH_KNOTS('',1,(#5624,#5625),.UNSPECIFIED.,.F.,
  .F.,(2,2),(-10.39230484541,-4.618802153517),.PIECEWISE_BEZIER_KNOTS.);
#5624 = CARTESIAN_POINT('',(-5.6,-39.72169852024));
#5625 = CARTESIAN_POINT('',(-10.6,-36.83494717429));
#5626 = ( GEOMETRIC_REPRESENTATION_CONTEXT(2) 
PARAMETRIC_REPRESENTATION_CONTEXT() REPRESENTATION_CONTEXT('2D SPACE',''
  ) );
#5627 = ORIENTED_EDGE('',*,*,#5628,.F.);
#5628 = EDGE_CURVE('',#519,#5608,#5629,.T.);
#5629 = SURFACE_CURVE('',#5630,(#5634,#5641),.PCURVE_S1.);
#5630 = LINE('',#5631,#5632);
#5631 = CARTESIAN_POINT('',(-5.6,-39.72169852024,36.5));
#5632 = VECTOR('',#5633,1.);
#5633 = DIRECTION('',(0.,0.,1.));
#5634 = PCURVE('',#557,#5635);
#5635 = DEFINITIONAL_REPRESENTATION('',(#5636),#5640);
#5636 = LINE('',#5637,#5638);
#5637 = CARTESIAN_POINT('',(5.773502691896,0.));
#5638 = VECTOR('',#5639,1.);
#5639 = DIRECTION('',(0.,-1.));
#5640 = ( GEOMETRIC_REPRESENTATION_CONTEXT(2) 
PARAMETRIC_REPRESENTATION_CONTEXT() REPRESENTATION_CONTEXT('2D SPACE',''
  ) );
#5641 = PCURVE('',#533,#5642);
#5642 = DEFINITIONAL_REPRESENTATION('',(#5643),#5647);
#5643 = LINE('',#5644,#5645);
#5644 = CARTESIAN_POINT('',(0.,0.));
#5645 = VECTOR('',#5646,1.);
#5646 = DIRECTION('',(0.,-1.));
#5647 = ( GEOMETRIC_REPRESENTATION_CONTEXT(2) 
PARAMETRIC_REPRESENTATION_CONTEXT() REPRESENTATION_CONTEXT('2D SPACE',''
  ) );
#5648 = ADVANCED_FACE('',(#5649),#455,.T.);
#5649 = FACE_BOUND('',#5650,.T.);
#5650 = EDGE_LOOP('',(#5651,#5652,#5675,#5694));
#5651 = ORIENTED_EDGE('',*,*,#440,.T.);
#5652 = ORIENTED_EDGE('',*,*,#5653,.T.);
#5653 = EDGE_CURVE('',#441,#5654,#5656,.T.);
#5654 = VERTEX_POINT('',#5655);
#5655 = CARTESIAN_POINT('',(-5.6,-28.17469313645,40.));
#5656 = SURFACE_CURVE('',#5657,(#5661,#5668),.PCURVE_S1.);
#5657 = LINE('',#5658,#5659);
#5658 = CARTESIAN_POINT('',(-5.6,-28.17469313645,36.5));
#5659 = VECTOR('',#5660,1.);
#5660 = DIRECTION('',(0.,0.,1.));
#5661 = PCURVE('',#455,#5662);
#5662 = DEFINITIONAL_REPRESENTATION('',(#5663),#5667);
#5663 = LINE('',#5664,#5665);
#5664 = CARTESIAN_POINT('',(0.,0.));
#5665 = VECTOR('',#5666,1.);
#5666 = DIRECTION('',(0.,-1.));
#5667 = ( GEOMETRIC_REPRESENTATION_CONTEXT(2) 
PARAMETRIC_REPRESENTATION_CONTEXT() REPRESENTATION_CONTEXT('2D SPACE',''
  ) );
#5668 = PCURVE('',#481,#5669);
#5669 = DEFINITIONAL_REPRESENTATION('',(#5670),#5674);
#5670 = LINE('',#5671,#5672);
#5671 = CARTESIAN_POINT('',(5.773502691896,0.));
#5672 = VECTOR('',#5673,1.);
#5673 = DIRECTION('',(0.,-1.));
#5674 = ( GEOMETRIC_REPRESENTATION_CONTEXT(2) 
PARAMETRIC_REPRESENTATION_CONTEXT() REPRESENTATION_CONTEXT('2D SPACE',''
  ) );
#5675 = ORIENTED_EDGE('',*,*,#5676,.F.);
#5676 = EDGE_CURVE('',#5538,#5654,#5677,.T.);
#5677 = SURFACE_CURVE('',#5678,(#5682,#5688),.PCURVE_S1.);
#5678 = LINE('',#5679,#5680);
#5679 = CARTESIAN_POINT('',(2.6,-23.44042092909,40.));
#5680 = VECTOR('',#5681,1.);
#5681 = DIRECTION('',(0.866025403784,0.5,-0.));
#5682 = PCURVE('',#455,#5683);
#5683 = DEFINITIONAL_REPRESENTATION('',(#5684),#5687);
#5684 = B_SPLINE_CURVE_WITH_KNOTS('',1,(#5685,#5686),.UNSPECIFIED.,.F.,
  .F.,(2,2),(-15.2420471066,-9.46854441471),.PIECEWISE_BEZIER_KNOTS.);
#5685 = CARTESIAN_POINT('',(5.773502691896,-3.5));
#5686 = CARTESIAN_POINT('',(0.,-3.5));
#5687 = ( GEOMETRIC_REPRESENTATION_CONTEXT(2) 
PARAMETRIC_REPRESENTATION_CONTEXT() REPRESENTATION_CONTEXT('2D SPACE',''
  ) );
#5688 = PCURVE('',#5092,#5689);
#5689 = DEFINITIONAL_REPRESENTATION('',(#5690),#5693);
#5690 = B_SPLINE_CURVE_WITH_KNOTS('',1,(#5691,#5692),.UNSPECIFIED.,.F.,
  .F.,(2,2),(-15.2420471066,-9.46854441471),.PIECEWISE_BEZIER_KNOTS.);
#5691 = CARTESIAN_POINT('',(-10.6,-31.0614444824));
#5692 = CARTESIAN_POINT('',(-5.6,-28.17469313645));
#5693 = ( GEOMETRIC_REPRESENTATION_CONTEXT(2) 
PARAMETRIC_REPRESENTATION_CONTEXT() REPRESENTATION_CONTEXT('2D SPACE',''
  ) );
#5694 = ORIENTED_EDGE('',*,*,#5537,.F.);
#5695 = ADVANCED_FACE('',(#5696),#533,.T.);
#5696 = FACE_BOUND('',#5697,.T.);
#5697 = EDGE_LOOP('',(#5698,#5699,#5700,#5721));
#5698 = ORIENTED_EDGE('',*,*,#518,.T.);
#5699 = ORIENTED_EDGE('',*,*,#5628,.T.);
#5700 = ORIENTED_EDGE('',*,*,#5701,.F.);
#5701 = EDGE_CURVE('',#5702,#5608,#5704,.T.);
#5702 = VERTEX_POINT('',#5703);
#5703 = CARTESIAN_POINT('',(-0.6,-36.83494717429,40.));
#5704 = SURFACE_CURVE('',#5705,(#5709,#5715),.PCURVE_S1.);
#5705 = LINE('',#5706,#5707);
#5706 = CARTESIAN_POINT('',(5.1,-33.54405063991,40.));
#5707 = VECTOR('',#5708,1.);
#5708 = DIRECTION('',(-0.866025403784,-0.5,0.));
#5709 = PCURVE('',#533,#5710);
#5710 = DEFINITIONAL_REPRESENTATION('',(#5711),#5714);
#5711 = B_SPLINE_CURVE_WITH_KNOTS('',1,(#5712,#5713),.UNSPECIFIED.,.F.,
  .F.,(2,2),(6.581793068762,12.355295760658),.PIECEWISE_BEZIER_KNOTS.);
#5712 = CARTESIAN_POINT('',(5.773502691896,-3.5));
#5713 = CARTESIAN_POINT('',(0.,-3.5));
#5714 = ( GEOMETRIC_REPRESENTATION_CONTEXT(2) 
PARAMETRIC_REPRESENTATION_CONTEXT() REPRESENTATION_CONTEXT('2D SPACE',''
  ) );
#5715 = PCURVE('',#5092,#5716);
#5716 = DEFINITIONAL_REPRESENTATION('',(#5717),#5720);
#5717 = B_SPLINE_CURVE_WITH_KNOTS('',1,(#5718,#5719),.UNSPECIFIED.,.F.,
  .F.,(2,2),(6.581793068762,12.355295760658),.PIECEWISE_BEZIER_KNOTS.);
#5718 = CARTESIAN_POINT('',(-0.6,-36.83494717429));
#5719 = CARTESIAN_POINT('',(-5.6,-39.72169852024));
#5720 = ( GEOMETRIC_REPRESENTATION_CONTEXT(2) 
PARAMETRIC_REPRESENTATION_CONTEXT() REPRESENTATION_CONTEXT('2D SPACE',''
  ) );
#5721 = ORIENTED_EDGE('',*,*,#5722,.F.);
#5722 = EDGE_CURVE('',#493,#5702,#5723,.T.);
#5723 = SURFACE_CURVE('',#5724,(#5728,#5735),.PCURVE_S1.);
#5724 = LINE('',#5725,#5726);
#5725 = CARTESIAN_POINT('',(-0.6,-36.83494717429,36.5));
#5726 = VECTOR('',#5727,1.);
#5727 = DIRECTION('',(0.,0.,1.));
#5728 = PCURVE('',#533,#5729);
#5729 = DEFINITIONAL_REPRESENTATION('',(#5730),#5734);
#5730 = LINE('',#5731,#5732);
#5731 = CARTESIAN_POINT('',(5.773502691896,0.));
#5732 = VECTOR('',#5733,1.);
#5733 = DIRECTION('',(0.,-1.));
#5734 = ( GEOMETRIC_REPRESENTATION_CONTEXT(2) 
PARAMETRIC_REPRESENTATION_CONTEXT() REPRESENTATION_CONTEXT('2D SPACE',''
  ) );
#5735 = PCURVE('',#507,#5736);
#5736 = DEFINITIONAL_REPRESENTATION('',(#5737),#5741);
#5737 = LINE('',#5738,#5739);
#5738 = CARTESIAN_POINT('',(0.,0.));
#5739 = VECTOR('',#5740,1.);
#5740 = DIRECTION('',(0.,-1.));
#5741 = ( GEOMETRIC_REPRESENTATION_CONTEXT(2) 
PARAMETRIC_REPRESENTATION_CONTEXT() REPRESENTATION_CONTEXT('2D SPACE',''
  ) );
#5742 = ADVANCED_FACE('',(#5743),#481,.T.);
#5743 = FACE_BOUND('',#5744,.T.);
#5744 = EDGE_LOOP('',(#5745,#5746,#5769,#5788));
#5745 = ORIENTED_EDGE('',*,*,#466,.T.);
#5746 = ORIENTED_EDGE('',*,*,#5747,.T.);
#5747 = EDGE_CURVE('',#467,#5748,#5750,.T.);
#5748 = VERTEX_POINT('',#5749);
#5749 = CARTESIAN_POINT('',(-0.6,-31.0614444824,40.));
#5750 = SURFACE_CURVE('',#5751,(#5755,#5762),.PCURVE_S1.);
#5751 = LINE('',#5752,#5753);
#5752 = CARTESIAN_POINT('',(-0.6,-31.0614444824,36.5));
#5753 = VECTOR('',#5754,1.);
#5754 = DIRECTION('',(0.,0.,1.));
#5755 = PCURVE('',#481,#5756);
#5756 = DEFINITIONAL_REPRESENTATION('',(#5757),#5761);
#5757 = LINE('',#5758,#5759);
#5758 = CARTESIAN_POINT('',(0.,0.));
#5759 = VECTOR('',#5760,1.);
#5760 = DIRECTION('',(0.,-1.));
#5761 = ( GEOMETRIC_REPRESENTATION_CONTEXT(2) 
PARAMETRIC_REPRESENTATION_CONTEXT() REPRESENTATION_CONTEXT('2D SPACE',''
  ) );
#5762 = PCURVE('',#507,#5763);
#5763 = DEFINITIONAL_REPRESENTATION('',(#5764),#5768);
#5764 = LINE('',#5765,#5766);
#5765 = CARTESIAN_POINT('',(5.773502691896,0.));
#5766 = VECTOR('',#5767,1.);
#5767 = DIRECTION('',(0.,-1.));
#5768 = ( GEOMETRIC_REPRESENTATION_CONTEXT(2) 
PARAMETRIC_REPRESENTATION_CONTEXT() REPRESENTATION_CONTEXT('2D SPACE',''
  ) );
#5769 = ORIENTED_EDGE('',*,*,#5770,.F.);
#5770 = EDGE_CURVE('',#5654,#5748,#5771,.T.);
#5771 = SURFACE_CURVE('',#5772,(#5776,#5782),.PCURVE_S1.);
#5772 = LINE('',#5773,#5774);
#5773 = CARTESIAN_POINT('',(-7.1,-27.30866773266,40.));
#5774 = VECTOR('',#5775,1.);
#5775 = DIRECTION('',(0.866025403784,-0.5,0.));
#5776 = PCURVE('',#481,#5777);
#5777 = DEFINITIONAL_REPRESENTATION('',(#5778),#5781);
#5778 = B_SPLINE_CURVE_WITH_KNOTS('',1,(#5779,#5780),.UNSPECIFIED.,.F.,
  .F.,(2,2),(1.732050807569,7.505553499465),.PIECEWISE_BEZIER_KNOTS.);
#5779 = CARTESIAN_POINT('',(5.773502691896,-3.5));
#5780 = CARTESIAN_POINT('',(0.,-3.5));
#5781 = ( GEOMETRIC_REPRESENTATION_CONTEXT(2) 
PARAMETRIC_REPRESENTATION_CONTEXT() REPRESENTATION_CONTEXT('2D SPACE',''
  ) );
#5782 = PCURVE('',#5092,#5783);
#5783 = DEFINITIONAL_REPRESENTATION('',(#5784),#5787);
#5784 = B_SPLINE_CURVE_WITH_KNOTS('',1,(#5785,#5786),.UNSPECIFIED.,.F.,
  .F.,(2,2),(1.732050807569,7.505553499465),.PIECEWISE_BEZIER_KNOTS.);
#5785 = CARTESIAN_POINT('',(-5.6,-28.17469313645));
#5786 = CARTESIAN_POINT('',(-0.6,-31.0614444824));
#5787 = ( GEOMETRIC_REPRESENTATION_CONTEXT(2) 
PARAMETRIC_REPRESENTATION_CONTEXT() REPRESENTATION_CONTEXT('2D SPACE',''
  ) );
#5788 = ORIENTED_EDGE('',*,*,#5653,.F.);
#5789 = ADVANCED_FACE('',(#5790),#507,.T.);
#5790 = FACE_BOUND('',#5791,.T.);
#5791 = EDGE_LOOP('',(#5792,#5793,#5794,#5813));
#5792 = ORIENTED_EDGE('',*,*,#492,.T.);
#5793 = ORIENTED_EDGE('',*,*,#5722,.T.);
#5794 = ORIENTED_EDGE('',*,*,#5795,.F.);
#5795 = EDGE_CURVE('',#5748,#5702,#5796,.T.);
#5796 = SURFACE_CURVE('',#5797,(#5801,#5807),.PCURVE_S1.);
#5797 = LINE('',#5798,#5799);
#5798 = CARTESIAN_POINT('',(-0.6,-18.41747358714,40.));
#5799 = VECTOR('',#5800,1.);
#5800 = DIRECTION('',(-1.538370149107E-16,-1.,0.));
#5801 = PCURVE('',#507,#5802);
#5802 = DEFINITIONAL_REPRESENTATION('',(#5803),#5806);
#5803 = B_SPLINE_CURVE_WITH_KNOTS('',1,(#5804,#5805),.UNSPECIFIED.,.F.,
  .F.,(2,2),(12.643970895253,18.417473587149),.PIECEWISE_BEZIER_KNOTS.);
#5804 = CARTESIAN_POINT('',(5.773502691896,-3.5));
#5805 = CARTESIAN_POINT('',(0.,-3.5));
#5806 = ( GEOMETRIC_REPRESENTATION_CONTEXT(2) 
PARAMETRIC_REPRESENTATION_CONTEXT() REPRESENTATION_CONTEXT('2D SPACE',''
  ) );
#5807 = PCURVE('',#5092,#5808);
#5808 = DEFINITIONAL_REPRESENTATION('',(#5809),#5812);
#5809 = B_SPLINE_CURVE_WITH_KNOTS('',1,(#5810,#5811),.UNSPECIFIED.,.F.,
  .F.,(2,2),(12.643970895253,18.417473587149),.PIECEWISE_BEZIER_KNOTS.);
#5810 = CARTESIAN_POINT('',(-0.6,-31.0614444824));
#5811 = CARTESIAN_POINT('',(-0.6,-36.83494717429));
#5812 = ( GEOMETRIC_REPRESENTATION_CONTEXT(2) 
PARAMETRIC_REPRESENTATION_CONTEXT() REPRESENTATION_CONTEXT('2D SPACE',''
  ) );
#5813 = ORIENTED_EDGE('',*,*,#5747,.F.);
#5814 = ADVANCED_FACE('',(#5815),#587,.T.);
#5815 = FACE_BOUND('',#5816,.T.);
#5816 = EDGE_LOOP('',(#5817,#5818,#5841,#5862));
#5817 = ORIENTED_EDGE('',*,*,#570,.T.);
#5818 = ORIENTED_EDGE('',*,*,#5819,.T.);
#5819 = EDGE_CURVE('',#573,#5820,#5822,.T.);
#5820 = VERTEX_POINT('',#5821);
#5821 = CARTESIAN_POINT('',(-16.2,-21.36195996001,40.));
#5822 = SURFACE_CURVE('',#5823,(#5827,#5834),.PCURVE_S1.);
#5823 = LINE('',#5824,#5825);
#5824 = CARTESIAN_POINT('',(-16.2,-21.36195996001,36.5));
#5825 = VECTOR('',#5826,1.);
#5826 = DIRECTION('',(0.,0.,1.));
#5827 = PCURVE('',#587,#5828);
#5828 = DEFINITIONAL_REPRESENTATION('',(#5829),#5833);
#5829 = LINE('',#5830,#5831);
#5830 = CARTESIAN_POINT('',(0.,0.));
#5831 = VECTOR('',#5832,1.);
#5832 = DIRECTION('',(0.,-1.));
#5833 = ( GEOMETRIC_REPRESENTATION_CONTEXT(2) 
PARAMETRIC_REPRESENTATION_CONTEXT() REPRESENTATION_CONTEXT('2D SPACE',''
  ) );
#5834 = PCURVE('',#613,#5835);
#5835 = DEFINITIONAL_REPRESENTATION('',(#5836),#5840);
#5836 = LINE('',#5837,#5838);
#5837 = CARTESIAN_POINT('',(5.773502691896,0.));
#5838 = VECTOR('',#5839,1.);
#5839 = DIRECTION('',(0.,-1.));
#5840 = ( GEOMETRIC_REPRESENTATION_CONTEXT(2) 
PARAMETRIC_REPRESENTATION_CONTEXT() REPRESENTATION_CONTEXT('2D SPACE',''
  ) );
#5841 = ORIENTED_EDGE('',*,*,#5842,.F.);
#5842 = EDGE_CURVE('',#5843,#5820,#5845,.T.);
#5843 = VERTEX_POINT('',#5844);
#5844 = CARTESIAN_POINT('',(-16.2,-27.13546265191,40.));
#5845 = SURFACE_CURVE('',#5846,(#5850,#5856),.PCURVE_S1.);
#5846 = LINE('',#5847,#5848);
#5847 = CARTESIAN_POINT('',(-16.2,-10.68097998,40.));
#5848 = VECTOR('',#5849,1.);
#5849 = DIRECTION('',(4.615110447321E-16,1.,-0.));
#5850 = PCURVE('',#587,#5851);
#5851 = DEFINITIONAL_REPRESENTATION('',(#5852),#5855);
#5852 = B_SPLINE_CURVE_WITH_KNOTS('',1,(#5853,#5854),.UNSPECIFIED.,.F.,
  .F.,(2,2),(-16.4544826719,-10.68097998),.PIECEWISE_BEZIER_KNOTS.);
#5853 = CARTESIAN_POINT('',(5.773502691896,-3.5));
#5854 = CARTESIAN_POINT('',(0.,-3.5));
#5855 = ( GEOMETRIC_REPRESENTATION_CONTEXT(2) 
PARAMETRIC_REPRESENTATION_CONTEXT() REPRESENTATION_CONTEXT('2D SPACE',''
  ) );
#5856 = PCURVE('',#5092,#5857);
#5857 = DEFINITIONAL_REPRESENTATION('',(#5858),#5861);
#5858 = B_SPLINE_CURVE_WITH_KNOTS('',1,(#5859,#5860),.UNSPECIFIED.,.F.,
  .F.,(2,2),(-16.4544826719,-10.68097998),.PIECEWISE_BEZIER_KNOTS.);
#5859 = CARTESIAN_POINT('',(-16.2,-27.13546265191));
#5860 = CARTESIAN_POINT('',(-16.2,-21.36195996001));
#5861 = ( GEOMETRIC_REPRESENTATION_CONTEXT(2) 
PARAMETRIC_REPRESENTATION_CONTEXT() REPRESENTATION_CONTEXT('2D SPACE',''
  ) );
#5862 = ORIENTED_EDGE('',*,*,#5863,.F.);
#5863 = EDGE_CURVE('',#571,#5843,#5864,.T.);
#5864 = SURFACE_CURVE('',#5865,(#5869,#5876),.PCURVE_S1.);
#5865 = LINE('',#5866,#5867);
#5866 = CARTESIAN_POINT('',(-16.2,-27.13546265191,36.5));
#5867 = VECTOR('',#5868,1.);
#5868 = DIRECTION('',(0.,0.,1.));
#5869 = PCURVE('',#587,#5870);
#5870 = DEFINITIONAL_REPRESENTATION('',(#5871),#5875);
#5871 = LINE('',#5872,#5873);
#5872 = CARTESIAN_POINT('',(5.773502691896,0.));
#5873 = VECTOR('',#5874,1.);
#5874 = DIRECTION('',(0.,-1.));
#5875 = ( GEOMETRIC_REPRESENTATION_CONTEXT(2) 
PARAMETRIC_REPRESENTATION_CONTEXT() REPRESENTATION_CONTEXT('2D SPACE',''
  ) );
#5876 = PCURVE('',#715,#5877);
#5877 = DEFINITIONAL_REPRESENTATION('',(#5878),#5882);
#5878 = LINE('',#5879,#5880);
#5879 = CARTESIAN_POINT('',(0.,0.));
#5880 = VECTOR('',#5881,1.);
#5881 = DIRECTION('',(0.,-1.));
#5882 = ( GEOMETRIC_REPRESENTATION_CONTEXT(2) 
PARAMETRIC_REPRESENTATION_CONTEXT() REPRESENTATION_CONTEXT('2D SPACE',''
  ) );
#5883 = ADVANCED_FACE('',(#5884),#715,.T.);
#5884 = FACE_BOUND('',#5885,.T.);
#5885 = EDGE_LOOP('',(#5886,#5887,#5888,#5909));
#5886 = ORIENTED_EDGE('',*,*,#702,.T.);
#5887 = ORIENTED_EDGE('',*,*,#5863,.T.);
#5888 = ORIENTED_EDGE('',*,*,#5889,.F.);
#5889 = EDGE_CURVE('',#5890,#5843,#5892,.T.);
#5890 = VERTEX_POINT('',#5891);
#5891 = CARTESIAN_POINT('',(-11.2,-30.02221399786,40.));
#5892 = SURFACE_CURVE('',#5893,(#5897,#5903),.PCURVE_S1.);
#5893 = LINE('',#5894,#5895);
#5894 = CARTESIAN_POINT('',(-16.,-27.25093270575,40.));
#5895 = VECTOR('',#5896,1.);
#5896 = DIRECTION('',(-0.866025403784,0.5,0.));
#5897 = PCURVE('',#715,#5898);
#5898 = DEFINITIONAL_REPRESENTATION('',(#5899),#5902);
#5899 = B_SPLINE_CURVE_WITH_KNOTS('',1,(#5900,#5901),.UNSPECIFIED.,.F.,
  .F.,(2,2),(-5.54256258422,0.230940107676),.PIECEWISE_BEZIER_KNOTS.);
#5900 = CARTESIAN_POINT('',(5.773502691896,-3.5));
#5901 = CARTESIAN_POINT('',(0.,-3.5));
#5902 = ( GEOMETRIC_REPRESENTATION_CONTEXT(2) 
PARAMETRIC_REPRESENTATION_CONTEXT() REPRESENTATION_CONTEXT('2D SPACE',''
  ) );
#5903 = PCURVE('',#5092,#5904);
#5904 = DEFINITIONAL_REPRESENTATION('',(#5905),#5908);
#5905 = B_SPLINE_CURVE_WITH_KNOTS('',1,(#5906,#5907),.UNSPECIFIED.,.F.,
  .F.,(2,2),(-5.54256258422,0.230940107676),.PIECEWISE_BEZIER_KNOTS.);
#5906 = CARTESIAN_POINT('',(-11.2,-30.02221399786));
#5907 = CARTESIAN_POINT('',(-16.2,-27.13546265191));
#5908 = ( GEOMETRIC_REPRESENTATION_CONTEXT(2) 
PARAMETRIC_REPRESENTATION_CONTEXT() REPRESENTATION_CONTEXT('2D SPACE',''
  ) );
#5909 = ORIENTED_EDGE('',*,*,#5910,.F.);
#5910 = EDGE_CURVE('',#677,#5890,#5911,.T.);
#5911 = SURFACE_CURVE('',#5912,(#5916,#5923),.PCURVE_S1.);
#5912 = LINE('',#5913,#5914);
#5913 = CARTESIAN_POINT('',(-11.2,-30.02221399786,36.5));
#5914 = VECTOR('',#5915,1.);
#5915 = DIRECTION('',(0.,0.,1.));
#5916 = PCURVE('',#715,#5917);
#5917 = DEFINITIONAL_REPRESENTATION('',(#5918),#5922);
#5918 = LINE('',#5919,#5920);
#5919 = CARTESIAN_POINT('',(5.773502691896,0.));
#5920 = VECTOR('',#5921,1.);
#5921 = DIRECTION('',(0.,-1.));
#5922 = ( GEOMETRIC_REPRESENTATION_CONTEXT(2) 
PARAMETRIC_REPRESENTATION_CONTEXT() REPRESENTATION_CONTEXT('2D SPACE',''
  ) );
#5923 = PCURVE('',#691,#5924);
#5924 = DEFINITIONAL_REPRESENTATION('',(#5925),#5929);
#5925 = LINE('',#5926,#5927);
#5926 = CARTESIAN_POINT('',(0.,0.));
#5927 = VECTOR('',#5928,1.);
#5928 = DIRECTION('',(0.,-1.));
#5929 = ( GEOMETRIC_REPRESENTATION_CONTEXT(2) 
PARAMETRIC_REPRESENTATION_CONTEXT() REPRESENTATION_CONTEXT('2D SPACE',''
  ) );
#5930 = ADVANCED_FACE('',(#5931),#613,.T.);
#5931 = FACE_BOUND('',#5932,.T.);
#5932 = EDGE_LOOP('',(#5933,#5934,#5957,#5976));
#5933 = ORIENTED_EDGE('',*,*,#598,.T.);
#5934 = ORIENTED_EDGE('',*,*,#5935,.T.);
#5935 = EDGE_CURVE('',#599,#5936,#5938,.T.);
#5936 = VERTEX_POINT('',#5937);
#5937 = CARTESIAN_POINT('',(-11.2,-18.47520861406,40.));
#5938 = SURFACE_CURVE('',#5939,(#5943,#5950),.PCURVE_S1.);
#5939 = LINE('',#5940,#5941);
#5940 = CARTESIAN_POINT('',(-11.2,-18.47520861406,36.5));
#5941 = VECTOR('',#5942,1.);
#5942 = DIRECTION('',(0.,0.,1.));
#5943 = PCURVE('',#613,#5944);
#5944 = DEFINITIONAL_REPRESENTATION('',(#5945),#5949);
#5945 = LINE('',#5946,#5947);
#5946 = CARTESIAN_POINT('',(0.,0.));
#5947 = VECTOR('',#5948,1.);
#5948 = DIRECTION('',(0.,-1.));
#5949 = ( GEOMETRIC_REPRESENTATION_CONTEXT(2) 
PARAMETRIC_REPRESENTATION_CONTEXT() REPRESENTATION_CONTEXT('2D SPACE',''
  ) );
#5950 = PCURVE('',#639,#5951);
#5951 = DEFINITIONAL_REPRESENTATION('',(#5952),#5956);
#5952 = LINE('',#5953,#5954);
#5953 = CARTESIAN_POINT('',(5.773502691896,0.));
#5954 = VECTOR('',#5955,1.);
#5955 = DIRECTION('',(0.,-1.));
#5956 = ( GEOMETRIC_REPRESENTATION_CONTEXT(2) 
PARAMETRIC_REPRESENTATION_CONTEXT() REPRESENTATION_CONTEXT('2D SPACE',''
  ) );
#5957 = ORIENTED_EDGE('',*,*,#5958,.F.);
#5958 = EDGE_CURVE('',#5820,#5936,#5959,.T.);
#5959 = SURFACE_CURVE('',#5960,(#5964,#5970),.PCURVE_S1.);
#5960 = LINE('',#5961,#5962);
#5961 = CARTESIAN_POINT('',(-3.,-13.74093640671,40.));
#5962 = VECTOR('',#5963,1.);
#5963 = DIRECTION('',(0.866025403784,0.5,-0.));
#5964 = PCURVE('',#613,#5965);
#5965 = DEFINITIONAL_REPRESENTATION('',(#5966),#5969);
#5966 = B_SPLINE_CURVE_WITH_KNOTS('',1,(#5967,#5968),.UNSPECIFIED.,.F.,
  .F.,(2,2),(-15.2420471066,-9.46854441471),.PIECEWISE_BEZIER_KNOTS.);
#5967 = CARTESIAN_POINT('',(5.773502691896,-3.5));
#5968 = CARTESIAN_POINT('',(0.,-3.5));
#5969 = ( GEOMETRIC_REPRESENTATION_CONTEXT(2) 
PARAMETRIC_REPRESENTATION_CONTEXT() REPRESENTATION_CONTEXT('2D SPACE',''
  ) );
#5970 = PCURVE('',#5092,#5971);
#5971 = DEFINITIONAL_REPRESENTATION('',(#5972),#5975);
#5972 = B_SPLINE_CURVE_WITH_KNOTS('',1,(#5973,#5974),.UNSPECIFIED.,.F.,
  .F.,(2,2),(-15.2420471066,-9.46854441471),.PIECEWISE_BEZIER_KNOTS.);
#5973 = CARTESIAN_POINT('',(-16.2,-21.36195996001));
#5974 = CARTESIAN_POINT('',(-11.2,-18.47520861406));
#5975 = ( GEOMETRIC_REPRESENTATION_CONTEXT(2) 
PARAMETRIC_REPRESENTATION_CONTEXT() REPRESENTATION_CONTEXT('2D SPACE',''
  ) );
#5976 = ORIENTED_EDGE('',*,*,#5819,.F.);
#5977 = ADVANCED_FACE('',(#5978),#691,.T.);
#5978 = FACE_BOUND('',#5979,.T.);
#5979 = EDGE_LOOP('',(#5980,#5981,#5982,#6003));
#5980 = ORIENTED_EDGE('',*,*,#676,.T.);
#5981 = ORIENTED_EDGE('',*,*,#5910,.T.);
#5982 = ORIENTED_EDGE('',*,*,#5983,.F.);
#5983 = EDGE_CURVE('',#5984,#5890,#5986,.T.);
#5984 = VERTEX_POINT('',#5985);
#5985 = CARTESIAN_POINT('',(-6.2,-27.13546265191,40.));
#5986 = SURFACE_CURVE('',#5987,(#5991,#5997),.PCURVE_S1.);
#5987 = LINE('',#5988,#5989);
#5988 = CARTESIAN_POINT('',(-0.5,-23.84456611753,40.));
#5989 = VECTOR('',#5990,1.);
#5990 = DIRECTION('',(-0.866025403784,-0.5,0.));
#5991 = PCURVE('',#691,#5992);
#5992 = DEFINITIONAL_REPRESENTATION('',(#5993),#5996);
#5993 = B_SPLINE_CURVE_WITH_KNOTS('',1,(#5994,#5995),.UNSPECIFIED.,.F.,
  .F.,(2,2),(6.581793068762,12.355295760658),.PIECEWISE_BEZIER_KNOTS.);
#5994 = CARTESIAN_POINT('',(5.773502691896,-3.5));
#5995 = CARTESIAN_POINT('',(0.,-3.5));
#5996 = ( GEOMETRIC_REPRESENTATION_CONTEXT(2) 
PARAMETRIC_REPRESENTATION_CONTEXT() REPRESENTATION_CONTEXT('2D SPACE',''
  ) );
#5997 = PCURVE('',#5092,#5998);
#5998 = DEFINITIONAL_REPRESENTATION('',(#5999),#6002);
#5999 = B_SPLINE_CURVE_WITH_KNOTS('',1,(#6000,#6001),.UNSPECIFIED.,.F.,
  .F.,(2,2),(6.581793068762,12.355295760658),.PIECEWISE_BEZIER_KNOTS.);
#6000 = CARTESIAN_POINT('',(-6.2,-27.13546265191));
#6001 = CARTESIAN_POINT('',(-11.2,-30.02221399786));
#6002 = ( GEOMETRIC_REPRESENTATION_CONTEXT(2) 
PARAMETRIC_REPRESENTATION_CONTEXT() REPRESENTATION_CONTEXT('2D SPACE',''
  ) );
#6003 = ORIENTED_EDGE('',*,*,#6004,.F.);
#6004 = EDGE_CURVE('',#651,#5984,#6005,.T.);
#6005 = SURFACE_CURVE('',#6006,(#6010,#6017),.PCURVE_S1.);
#6006 = LINE('',#6007,#6008);
#6007 = CARTESIAN_POINT('',(-6.2,-27.13546265191,36.5));
#6008 = VECTOR('',#6009,1.);
#6009 = DIRECTION('',(0.,0.,1.));
#6010 = PCURVE('',#691,#6011);
#6011 = DEFINITIONAL_REPRESENTATION('',(#6012),#6016);
#6012 = LINE('',#6013,#6014);
#6013 = CARTESIAN_POINT('',(5.773502691896,0.));
#6014 = VECTOR('',#6015,1.);
#6015 = DIRECTION('',(0.,-1.));
#6016 = ( GEOMETRIC_REPRESENTATION_CONTEXT(2) 
PARAMETRIC_REPRESENTATION_CONTEXT() REPRESENTATION_CONTEXT('2D SPACE',''
  ) );
#6017 = PCURVE('',#665,#6018);
#6018 = DEFINITIONAL_REPRESENTATION('',(#6019),#6023);
#6019 = LINE('',#6020,#6021);
#6020 = CARTESIAN_POINT('',(0.,0.));
#6021 = VECTOR('',#6022,1.);
#6022 = DIRECTION('',(0.,-1.));
#6023 = ( GEOMETRIC_REPRESENTATION_CONTEXT(2) 
PARAMETRIC_REPRESENTATION_CONTEXT() REPRESENTATION_CONTEXT('2D SPACE',''
  ) );
#6024 = ADVANCED_FACE('',(#6025),#639,.T.);
#6025 = FACE_BOUND('',#6026,.T.);
#6026 = EDGE_LOOP('',(#6027,#6028,#6051,#6070));
#6027 = ORIENTED_EDGE('',*,*,#624,.T.);
#6028 = ORIENTED_EDGE('',*,*,#6029,.T.);
#6029 = EDGE_CURVE('',#625,#6030,#6032,.T.);
#6030 = VERTEX_POINT('',#6031);
#6031 = CARTESIAN_POINT('',(-6.2,-21.36195996001,40.));
#6032 = SURFACE_CURVE('',#6033,(#6037,#6044),.PCURVE_S1.);
#6033 = LINE('',#6034,#6035);
#6034 = CARTESIAN_POINT('',(-6.2,-21.36195996001,36.5));
#6035 = VECTOR('',#6036,1.);
#6036 = DIRECTION('',(0.,0.,1.));
#6037 = PCURVE('',#639,#6038);
#6038 = DEFINITIONAL_REPRESENTATION('',(#6039),#6043);
#6039 = LINE('',#6040,#6041);
#6040 = CARTESIAN_POINT('',(0.,0.));
#6041 = VECTOR('',#6042,1.);
#6042 = DIRECTION('',(0.,-1.));
#6043 = ( GEOMETRIC_REPRESENTATION_CONTEXT(2) 
PARAMETRIC_REPRESENTATION_CONTEXT() REPRESENTATION_CONTEXT('2D SPACE',''
  ) );
#6044 = PCURVE('',#665,#6045);
#6045 = DEFINITIONAL_REPRESENTATION('',(#6046),#6050);
#6046 = LINE('',#6047,#6048);
#6047 = CARTESIAN_POINT('',(5.773502691896,0.));
#6048 = VECTOR('',#6049,1.);
#6049 = DIRECTION('',(0.,-1.));
#6050 = ( GEOMETRIC_REPRESENTATION_CONTEXT(2) 
PARAMETRIC_REPRESENTATION_CONTEXT() REPRESENTATION_CONTEXT('2D SPACE',''
  ) );
#6051 = ORIENTED_EDGE('',*,*,#6052,.F.);
#6052 = EDGE_CURVE('',#5936,#6030,#6053,.T.);
#6053 = SURFACE_CURVE('',#6054,(#6058,#6064),.PCURVE_S1.);
#6054 = LINE('',#6055,#6056);
#6055 = CARTESIAN_POINT('',(-8.5,-20.03405434088,40.));
#6056 = VECTOR('',#6057,1.);
#6057 = DIRECTION('',(0.866025403784,-0.5,0.));
#6058 = PCURVE('',#639,#6059);
#6059 = DEFINITIONAL_REPRESENTATION('',(#6060),#6063);
#6060 = B_SPLINE_CURVE_WITH_KNOTS('',1,(#6061,#6062),.UNSPECIFIED.,.F.,
  .F.,(2,2),(-3.117691453624,2.655811238272),.PIECEWISE_BEZIER_KNOTS.);
#6061 = CARTESIAN_POINT('',(5.773502691896,-3.5));
#6062 = CARTESIAN_POINT('',(0.,-3.5));
#6063 = ( GEOMETRIC_REPRESENTATION_CONTEXT(2) 
PARAMETRIC_REPRESENTATION_CONTEXT() REPRESENTATION_CONTEXT('2D SPACE',''
  ) );
#6064 = PCURVE('',#5092,#6065);
#6065 = DEFINITIONAL_REPRESENTATION('',(#6066),#6069);
#6066 = B_SPLINE_CURVE_WITH_KNOTS('',1,(#6067,#6068),.UNSPECIFIED.,.F.,
  .F.,(2,2),(-3.117691453624,2.655811238272),.PIECEWISE_BEZIER_KNOTS.);
#6067 = CARTESIAN_POINT('',(-11.2,-18.47520861406));
#6068 = CARTESIAN_POINT('',(-6.2,-21.36195996001));
#6069 = ( GEOMETRIC_REPRESENTATION_CONTEXT(2) 
PARAMETRIC_REPRESENTATION_CONTEXT() REPRESENTATION_CONTEXT('2D SPACE',''
  ) );
#6070 = ORIENTED_EDGE('',*,*,#5935,.F.);
#6071 = ADVANCED_FACE('',(#6072),#665,.T.);
#6072 = FACE_BOUND('',#6073,.T.);
#6073 = EDGE_LOOP('',(#6074,#6075,#6076,#6095));
#6074 = ORIENTED_EDGE('',*,*,#650,.T.);
#6075 = ORIENTED_EDGE('',*,*,#6004,.T.);
#6076 = ORIENTED_EDGE('',*,*,#6077,.F.);
#6077 = EDGE_CURVE('',#6030,#5984,#6078,.T.);
#6078 = SURFACE_CURVE('',#6079,(#6083,#6089),.PCURVE_S1.);
#6079 = LINE('',#6080,#6081);
#6080 = CARTESIAN_POINT('',(-6.2,-13.56773132595,40.));
#6081 = VECTOR('',#6082,1.);
#6082 = DIRECTION('',(-1.538370149107E-16,-1.,0.));
#6083 = PCURVE('',#665,#6084);
#6084 = DEFINITIONAL_REPRESENTATION('',(#6085),#6088);
#6085 = B_SPLINE_CURVE_WITH_KNOTS('',1,(#6086,#6087),.UNSPECIFIED.,.F.,
  .F.,(2,2),(7.79422863406,13.567731325956),.PIECEWISE_BEZIER_KNOTS.);
#6086 = CARTESIAN_POINT('',(5.773502691896,-3.5));
#6087 = CARTESIAN_POINT('',(0.,-3.5));
#6088 = ( GEOMETRIC_REPRESENTATION_CONTEXT(2) 
PARAMETRIC_REPRESENTATION_CONTEXT() REPRESENTATION_CONTEXT('2D SPACE',''
  ) );
#6089 = PCURVE('',#5092,#6090);
#6090 = DEFINITIONAL_REPRESENTATION('',(#6091),#6094);
#6091 = B_SPLINE_CURVE_WITH_KNOTS('',1,(#6092,#6093),.UNSPECIFIED.,.F.,
  .F.,(2,2),(7.79422863406,13.567731325956),.PIECEWISE_BEZIER_KNOTS.);
#6092 = CARTESIAN_POINT('',(-6.2,-21.36195996001));
#6093 = CARTESIAN_POINT('',(-6.2,-27.13546265191));
#6094 = ( GEOMETRIC_REPRESENTATION_CONTEXT(2) 
PARAMETRIC_REPRESENTATION_CONTEXT() REPRESENTATION_CONTEXT('2D SPACE',''
  ) );
#6095 = ORIENTED_EDGE('',*,*,#6029,.F.);
#6096 = ADVANCED_FACE('',(#6097),#745,.T.);
#6097 = FACE_BOUND('',#6098,.T.);
#6098 = EDGE_LOOP('',(#6099,#6100,#6123,#6144));
#6099 = ORIENTED_EDGE('',*,*,#728,.T.);
#6100 = ORIENTED_EDGE('',*,*,#6101,.T.);
#6101 = EDGE_CURVE('',#731,#6102,#6104,.T.);
#6102 = VERTEX_POINT('',#6103);
#6103 = CARTESIAN_POINT('',(-21.8,-11.66247543763,40.));
#6104 = SURFACE_CURVE('',#6105,(#6109,#6116),.PCURVE_S1.);
#6105 = LINE('',#6106,#6107);
#6106 = CARTESIAN_POINT('',(-21.8,-11.66247543763,36.5));
#6107 = VECTOR('',#6108,1.);
#6108 = DIRECTION('',(0.,0.,1.));
#6109 = PCURVE('',#745,#6110);
#6110 = DEFINITIONAL_REPRESENTATION('',(#6111),#6115);
#6111 = LINE('',#6112,#6113);
#6112 = CARTESIAN_POINT('',(0.,0.));
#6113 = VECTOR('',#6114,1.);
#6114 = DIRECTION('',(0.,-1.));
#6115 = ( GEOMETRIC_REPRESENTATION_CONTEXT(2) 
PARAMETRIC_REPRESENTATION_CONTEXT() REPRESENTATION_CONTEXT('2D SPACE',''
  ) );
#6116 = PCURVE('',#771,#6117);
#6117 = DEFINITIONAL_REPRESENTATION('',(#6118),#6122);
#6118 = LINE('',#6119,#6120);
#6119 = CARTESIAN_POINT('',(5.773502691896,0.));
#6120 = VECTOR('',#6121,1.);
#6121 = DIRECTION('',(0.,-1.));
#6122 = ( GEOMETRIC_REPRESENTATION_CONTEXT(2) 
PARAMETRIC_REPRESENTATION_CONTEXT() REPRESENTATION_CONTEXT('2D SPACE',''
  ) );
#6123 = ORIENTED_EDGE('',*,*,#6124,.F.);
#6124 = EDGE_CURVE('',#6125,#6102,#6127,.T.);
#6125 = VERTEX_POINT('',#6126);
#6126 = CARTESIAN_POINT('',(-21.8,-17.43597812952,40.));
#6127 = SURFACE_CURVE('',#6128,(#6132,#6138),.PCURVE_S1.);
#6128 = LINE('',#6129,#6130);
#6129 = CARTESIAN_POINT('',(-21.8,-5.831237718815,40.));
#6130 = VECTOR('',#6131,1.);
#6131 = DIRECTION('',(4.615110447321E-16,1.,-0.));
#6132 = PCURVE('',#745,#6133);
#6133 = DEFINITIONAL_REPRESENTATION('',(#6134),#6137);
#6134 = B_SPLINE_CURVE_WITH_KNOTS('',1,(#6135,#6136),.UNSPECIFIED.,.F.,
  .F.,(2,2),(-11.60474041071,-5.831237718815),.PIECEWISE_BEZIER_KNOTS.);
#6135 = CARTESIAN_POINT('',(5.773502691896,-3.5));
#6136 = CARTESIAN_POINT('',(0.,-3.5));
#6137 = ( GEOMETRIC_REPRESENTATION_CONTEXT(2) 
PARAMETRIC_REPRESENTATION_CONTEXT() REPRESENTATION_CONTEXT('2D SPACE',''
  ) );
#6138 = PCURVE('',#5092,#6139);
#6139 = DEFINITIONAL_REPRESENTATION('',(#6140),#6143);
#6140 = B_SPLINE_CURVE_WITH_KNOTS('',1,(#6141,#6142),.UNSPECIFIED.,.F.,
  .F.,(2,2),(-11.60474041071,-5.831237718815),.PIECEWISE_BEZIER_KNOTS.);
#6141 = CARTESIAN_POINT('',(-21.8,-17.43597812952));
#6142 = CARTESIAN_POINT('',(-21.8,-11.66247543763));
#6143 = ( GEOMETRIC_REPRESENTATION_CONTEXT(2) 
PARAMETRIC_REPRESENTATION_CONTEXT() REPRESENTATION_CONTEXT('2D SPACE',''
  ) );
#6144 = ORIENTED_EDGE('',*,*,#6145,.F.);
#6145 = EDGE_CURVE('',#729,#6125,#6146,.T.);
#6146 = SURFACE_CURVE('',#6147,(#6151,#6158),.PCURVE_S1.);
#6147 = LINE('',#6148,#6149);
#6148 = CARTESIAN_POINT('',(-21.8,-17.43597812952,36.5));
#6149 = VECTOR('',#6150,1.);
#6150 = DIRECTION('',(0.,0.,1.));
#6151 = PCURVE('',#745,#6152);
#6152 = DEFINITIONAL_REPRESENTATION('',(#6153),#6157);
#6153 = LINE('',#6154,#6155);
#6154 = CARTESIAN_POINT('',(5.773502691896,0.));
#6155 = VECTOR('',#6156,1.);
#6156 = DIRECTION('',(0.,-1.));
#6157 = ( GEOMETRIC_REPRESENTATION_CONTEXT(2) 
PARAMETRIC_REPRESENTATION_CONTEXT() REPRESENTATION_CONTEXT('2D SPACE',''
  ) );
#6158 = PCURVE('',#873,#6159);
#6159 = DEFINITIONAL_REPRESENTATION('',(#6160),#6164);
#6160 = LINE('',#6161,#6162);
#6161 = CARTESIAN_POINT('',(0.,0.));
#6162 = VECTOR('',#6163,1.);
#6163 = DIRECTION('',(0.,-1.));
#6164 = ( GEOMETRIC_REPRESENTATION_CONTEXT(2) 
PARAMETRIC_REPRESENTATION_CONTEXT() REPRESENTATION_CONTEXT('2D SPACE',''
  ) );
#6165 = ADVANCED_FACE('',(#6166),#873,.T.);
#6166 = FACE_BOUND('',#6167,.T.);
#6167 = EDGE_LOOP('',(#6168,#6169,#6170,#6191));
#6168 = ORIENTED_EDGE('',*,*,#860,.T.);
#6169 = ORIENTED_EDGE('',*,*,#6145,.T.);
#6170 = ORIENTED_EDGE('',*,*,#6171,.F.);
#6171 = EDGE_CURVE('',#6172,#6125,#6174,.T.);
#6172 = VERTEX_POINT('',#6173);
#6173 = CARTESIAN_POINT('',(-16.8,-20.32272947547,40.));
#6174 = SURFACE_CURVE('',#6175,(#6179,#6185),.PCURVE_S1.);
#6175 = LINE('',#6176,#6177);
#6176 = CARTESIAN_POINT('',(-17.4,-19.97631931396,40.));
#6177 = VECTOR('',#6178,1.);
#6178 = DIRECTION('',(-0.866025403784,0.5,0.));
#6179 = PCURVE('',#873,#6180);
#6180 = DEFINITIONAL_REPRESENTATION('',(#6181),#6184);
#6181 = B_SPLINE_CURVE_WITH_KNOTS('',1,(#6182,#6183),.UNSPECIFIED.,.F.,
  .F.,(2,2),(-0.692820323028,5.080682368869),.PIECEWISE_BEZIER_KNOTS.);
#6182 = CARTESIAN_POINT('',(5.773502691896,-3.5));
#6183 = CARTESIAN_POINT('',(0.,-3.5));
#6184 = ( GEOMETRIC_REPRESENTATION_CONTEXT(2) 
PARAMETRIC_REPRESENTATION_CONTEXT() REPRESENTATION_CONTEXT('2D SPACE',''
  ) );
#6185 = PCURVE('',#5092,#6186);
#6186 = DEFINITIONAL_REPRESENTATION('',(#6187),#6190);
#6187 = B_SPLINE_CURVE_WITH_KNOTS('',1,(#6188,#6189),.UNSPECIFIED.,.F.,
  .F.,(2,2),(-0.692820323028,5.080682368869),.PIECEWISE_BEZIER_KNOTS.);
#6188 = CARTESIAN_POINT('',(-16.8,-20.32272947547));
#6189 = CARTESIAN_POINT('',(-21.8,-17.43597812952));
#6190 = ( GEOMETRIC_REPRESENTATION_CONTEXT(2) 
PARAMETRIC_REPRESENTATION_CONTEXT() REPRESENTATION_CONTEXT('2D SPACE',''
  ) );
#6191 = ORIENTED_EDGE('',*,*,#6192,.F.);
#6192 = EDGE_CURVE('',#835,#6172,#6193,.T.);
#6193 = SURFACE_CURVE('',#6194,(#6198,#6205),.PCURVE_S1.);
#6194 = LINE('',#6195,#6196);
#6195 = CARTESIAN_POINT('',(-16.8,-20.32272947547,36.5));
#6196 = VECTOR('',#6197,1.);
#6197 = DIRECTION('',(0.,0.,1.));
#6198 = PCURVE('',#873,#6199);
#6199 = DEFINITIONAL_REPRESENTATION('',(#6200),#6204);
#6200 = LINE('',#6201,#6202);
#6201 = CARTESIAN_POINT('',(5.773502691896,0.));
#6202 = VECTOR('',#6203,1.);
#6203 = DIRECTION('',(0.,-1.));
#6204 = ( GEOMETRIC_REPRESENTATION_CONTEXT(2) 
PARAMETRIC_REPRESENTATION_CONTEXT() REPRESENTATION_CONTEXT('2D SPACE',''
  ) );
#6205 = PCURVE('',#849,#6206);
#6206 = DEFINITIONAL_REPRESENTATION('',(#6207),#6211);
#6207 = LINE('',#6208,#6209);
#6208 = CARTESIAN_POINT('',(0.,0.));
#6209 = VECTOR('',#6210,1.);
#6210 = DIRECTION('',(0.,-1.));
#6211 = ( GEOMETRIC_REPRESENTATION_CONTEXT(2) 
PARAMETRIC_REPRESENTATION_CONTEXT() REPRESENTATION_CONTEXT('2D SPACE',''
  ) );
#6212 = ADVANCED_FACE('',(#6213),#771,.T.);
#6213 = FACE_BOUND('',#6214,.T.);
#6214 = EDGE_LOOP('',(#6215,#6216,#6239,#6258));
#6215 = ORIENTED_EDGE('',*,*,#756,.T.);
#6216 = ORIENTED_EDGE('',*,*,#6217,.T.);
#6217 = EDGE_CURVE('',#757,#6218,#6220,.T.);
#6218 = VERTEX_POINT('',#6219);
#6219 = CARTESIAN_POINT('',(-16.8,-8.775724091682,40.));
#6220 = SURFACE_CURVE('',#6221,(#6225,#6232),.PCURVE_S1.);
#6221 = LINE('',#6222,#6223);
#6222 = CARTESIAN_POINT('',(-16.8,-8.775724091682,36.5));
#6223 = VECTOR('',#6224,1.);
#6224 = DIRECTION('',(0.,0.,1.));
#6225 = PCURVE('',#771,#6226);
#6226 = DEFINITIONAL_REPRESENTATION('',(#6227),#6231);
#6227 = LINE('',#6228,#6229);
#6228 = CARTESIAN_POINT('',(0.,0.));
#6229 = VECTOR('',#6230,1.);
#6230 = DIRECTION('',(0.,-1.));
#6231 = ( GEOMETRIC_REPRESENTATION_CONTEXT(2) 
PARAMETRIC_REPRESENTATION_CONTEXT() REPRESENTATION_CONTEXT('2D SPACE',''
  ) );
#6232 = PCURVE('',#797,#6233);
#6233 = DEFINITIONAL_REPRESENTATION('',(#6234),#6238);
#6234 = LINE('',#6235,#6236);
#6235 = CARTESIAN_POINT('',(5.773502691896,0.));
#6236 = VECTOR('',#6237,1.);
#6237 = DIRECTION('',(0.,-1.));
#6238 = ( GEOMETRIC_REPRESENTATION_CONTEXT(2) 
PARAMETRIC_REPRESENTATION_CONTEXT() REPRESENTATION_CONTEXT('2D SPACE',''
  ) );
#6239 = ORIENTED_EDGE('',*,*,#6240,.F.);
#6240 = EDGE_CURVE('',#6102,#6218,#6241,.T.);
#6241 = SURFACE_CURVE('',#6242,(#6246,#6252),.PCURVE_S1.);
#6242 = LINE('',#6243,#6244);
#6243 = CARTESIAN_POINT('',(-8.6,-4.041451884327,40.));
#6244 = VECTOR('',#6245,1.);
#6245 = DIRECTION('',(0.866025403784,0.5,-0.));
#6246 = PCURVE('',#771,#6247);
#6247 = DEFINITIONAL_REPRESENTATION('',(#6248),#6251);
#6248 = B_SPLINE_CURVE_WITH_KNOTS('',1,(#6249,#6250),.UNSPECIFIED.,.F.,
  .F.,(2,2),(-15.2420471066,-9.46854441471),.PIECEWISE_BEZIER_KNOTS.);
#6249 = CARTESIAN_POINT('',(5.773502691896,-3.5));
#6250 = CARTESIAN_POINT('',(0.,-3.5));
#6251 = ( GEOMETRIC_REPRESENTATION_CONTEXT(2) 
PARAMETRIC_REPRESENTATION_CONTEXT() REPRESENTATION_CONTEXT('2D SPACE',''
  ) );
#6252 = PCURVE('',#5092,#6253);
#6253 = DEFINITIONAL_REPRESENTATION('',(#6254),#6257);
#6254 = B_SPLINE_CURVE_WITH_KNOTS('',1,(#6255,#6256),.UNSPECIFIED.,.F.,
  .F.,(2,2),(-15.2420471066,-9.46854441471),.PIECEWISE_BEZIER_KNOTS.);
#6255 = CARTESIAN_POINT('',(-21.8,-11.66247543763));
#6256 = CARTESIAN_POINT('',(-16.8,-8.775724091682));
#6257 = ( GEOMETRIC_REPRESENTATION_CONTEXT(2) 
PARAMETRIC_REPRESENTATION_CONTEXT() REPRESENTATION_CONTEXT('2D SPACE',''
  ) );
#6258 = ORIENTED_EDGE('',*,*,#6101,.F.);
#6259 = ADVANCED_FACE('',(#6260),#849,.T.);
#6260 = FACE_BOUND('',#6261,.T.);
#6261 = EDGE_LOOP('',(#6262,#6263,#6264,#6285));
#6262 = ORIENTED_EDGE('',*,*,#834,.T.);
#6263 = ORIENTED_EDGE('',*,*,#6192,.T.);
#6264 = ORIENTED_EDGE('',*,*,#6265,.F.);
#6265 = EDGE_CURVE('',#6266,#6172,#6268,.T.);
#6266 = VERTEX_POINT('',#6267);
#6267 = CARTESIAN_POINT('',(-11.8,-17.43597812952,40.));
#6268 = SURFACE_CURVE('',#6269,(#6273,#6279),.PCURVE_S1.);
#6269 = LINE('',#6270,#6271);
#6270 = CARTESIAN_POINT('',(-6.1,-14.14508159514,40.));
#6271 = VECTOR('',#6272,1.);
#6272 = DIRECTION('',(-0.866025403784,-0.5,0.));
#6273 = PCURVE('',#849,#6274);
#6274 = DEFINITIONAL_REPRESENTATION('',(#6275),#6278);
#6275 = B_SPLINE_CURVE_WITH_KNOTS('',1,(#6276,#6277),.UNSPECIFIED.,.F.,
  .F.,(2,2),(6.581793068762,12.355295760658),.PIECEWISE_BEZIER_KNOTS.);
#6276 = CARTESIAN_POINT('',(5.773502691896,-3.5));
#6277 = CARTESIAN_POINT('',(0.,-3.5));
#6278 = ( GEOMETRIC_REPRESENTATION_CONTEXT(2) 
PARAMETRIC_REPRESENTATION_CONTEXT() REPRESENTATION_CONTEXT('2D SPACE',''
  ) );
#6279 = PCURVE('',#5092,#6280);
#6280 = DEFINITIONAL_REPRESENTATION('',(#6281),#6284);
#6281 = B_SPLINE_CURVE_WITH_KNOTS('',1,(#6282,#6283),.UNSPECIFIED.,.F.,
  .F.,(2,2),(6.581793068762,12.355295760658),.PIECEWISE_BEZIER_KNOTS.);
#6282 = CARTESIAN_POINT('',(-11.8,-17.43597812952));
#6283 = CARTESIAN_POINT('',(-16.8,-20.32272947547));
#6284 = ( GEOMETRIC_REPRESENTATION_CONTEXT(2) 
PARAMETRIC_REPRESENTATION_CONTEXT() REPRESENTATION_CONTEXT('2D SPACE',''
  ) );
#6285 = ORIENTED_EDGE('',*,*,#6286,.F.);
#6286 = EDGE_CURVE('',#809,#6266,#6287,.T.);
#6287 = SURFACE_CURVE('',#6288,(#6292,#6299),.PCURVE_S1.);
#6288 = LINE('',#6289,#6290);
#6289 = CARTESIAN_POINT('',(-11.8,-17.43597812952,36.5));
#6290 = VECTOR('',#6291,1.);
#6291 = DIRECTION('',(0.,0.,1.));
#6292 = PCURVE('',#849,#6293);
#6293 = DEFINITIONAL_REPRESENTATION('',(#6294),#6298);
#6294 = LINE('',#6295,#6296);
#6295 = CARTESIAN_POINT('',(5.773502691896,0.));
#6296 = VECTOR('',#6297,1.);
#6297 = DIRECTION('',(0.,-1.));
#6298 = ( GEOMETRIC_REPRESENTATION_CONTEXT(2) 
PARAMETRIC_REPRESENTATION_CONTEXT() REPRESENTATION_CONTEXT('2D SPACE',''
  ) );
#6299 = PCURVE('',#823,#6300);
#6300 = DEFINITIONAL_REPRESENTATION('',(#6301),#6305);
#6301 = LINE('',#6302,#6303);
#6302 = CARTESIAN_POINT('',(0.,0.));
#6303 = VECTOR('',#6304,1.);
#6304 = DIRECTION('',(0.,-1.));
#6305 = ( GEOMETRIC_REPRESENTATION_CONTEXT(2) 
PARAMETRIC_REPRESENTATION_CONTEXT() REPRESENTATION_CONTEXT('2D SPACE',''
  ) );
#6306 = ADVANCED_FACE('',(#6307),#797,.T.);
#6307 = FACE_BOUND('',#6308,.T.);
#6308 = EDGE_LOOP('',(#6309,#6310,#6333,#6352));
#6309 = ORIENTED_EDGE('',*,*,#782,.T.);
#6310 = ORIENTED_EDGE('',*,*,#6311,.T.);
#6311 = EDGE_CURVE('',#783,#6312,#6314,.T.);
#6312 = VERTEX_POINT('',#6313);
#6313 = CARTESIAN_POINT('',(-11.8,-11.66247543763,40.));
#6314 = SURFACE_CURVE('',#6315,(#6319,#6326),.PCURVE_S1.);
#6315 = LINE('',#6316,#6317);
#6316 = CARTESIAN_POINT('',(-11.8,-11.66247543763,36.5));
#6317 = VECTOR('',#6318,1.);
#6318 = DIRECTION('',(0.,0.,1.));
#6319 = PCURVE('',#797,#6320);
#6320 = DEFINITIONAL_REPRESENTATION('',(#6321),#6325);
#6321 = LINE('',#6322,#6323);
#6322 = CARTESIAN_POINT('',(0.,0.));
#6323 = VECTOR('',#6324,1.);
#6324 = DIRECTION('',(0.,-1.));
#6325 = ( GEOMETRIC_REPRESENTATION_CONTEXT(2) 
PARAMETRIC_REPRESENTATION_CONTEXT() REPRESENTATION_CONTEXT('2D SPACE',''
  ) );
#6326 = PCURVE('',#823,#6327);
#6327 = DEFINITIONAL_REPRESENTATION('',(#6328),#6332);
#6328 = LINE('',#6329,#6330);
#6329 = CARTESIAN_POINT('',(5.773502691896,0.));
#6330 = VECTOR('',#6331,1.);
#6331 = DIRECTION('',(0.,-1.));
#6332 = ( GEOMETRIC_REPRESENTATION_CONTEXT(2) 
PARAMETRIC_REPRESENTATION_CONTEXT() REPRESENTATION_CONTEXT('2D SPACE',''
  ) );
#6333 = ORIENTED_EDGE('',*,*,#6334,.F.);
#6334 = EDGE_CURVE('',#6218,#6312,#6335,.T.);
#6335 = SURFACE_CURVE('',#6336,(#6340,#6346),.PCURVE_S1.);
#6336 = LINE('',#6337,#6338);
#6337 = CARTESIAN_POINT('',(-9.9,-12.75944094909,40.));
#6338 = VECTOR('',#6339,1.);
#6339 = DIRECTION('',(0.866025403784,-0.5,0.));
#6340 = PCURVE('',#797,#6341);
#6341 = DEFINITIONAL_REPRESENTATION('',(#6342),#6345);
#6342 = B_SPLINE_CURVE_WITH_KNOTS('',1,(#6343,#6344),.UNSPECIFIED.,.F.,
  .F.,(2,2),(-7.967433714817,-2.193931022921),.PIECEWISE_BEZIER_KNOTS.);
#6343 = CARTESIAN_POINT('',(5.773502691896,-3.5));
#6344 = CARTESIAN_POINT('',(0.,-3.5));
#6345 = ( GEOMETRIC_REPRESENTATION_CONTEXT(2) 
PARAMETRIC_REPRESENTATION_CONTEXT() REPRESENTATION_CONTEXT('2D SPACE',''
  ) );
#6346 = PCURVE('',#5092,#6347);
#6347 = DEFINITIONAL_REPRESENTATION('',(#6348),#6351);
#6348 = B_SPLINE_CURVE_WITH_KNOTS('',1,(#6349,#6350),.UNSPECIFIED.,.F.,
  .F.,(2,2),(-7.967433714817,-2.193931022921),.PIECEWISE_BEZIER_KNOTS.);
#6349 = CARTESIAN_POINT('',(-16.8,-8.775724091682));
#6350 = CARTESIAN_POINT('',(-11.8,-11.66247543763));
#6351 = ( GEOMETRIC_REPRESENTATION_CONTEXT(2) 
PARAMETRIC_REPRESENTATION_CONTEXT() REPRESENTATION_CONTEXT('2D SPACE',''
  ) );
#6352 = ORIENTED_EDGE('',*,*,#6217,.F.);
#6353 = ADVANCED_FACE('',(#6354),#823,.T.);
#6354 = FACE_BOUND('',#6355,.T.);
#6355 = EDGE_LOOP('',(#6356,#6357,#6358,#6377));
#6356 = ORIENTED_EDGE('',*,*,#808,.T.);
#6357 = ORIENTED_EDGE('',*,*,#6286,.T.);
#6358 = ORIENTED_EDGE('',*,*,#6359,.F.);
#6359 = EDGE_CURVE('',#6312,#6266,#6360,.T.);
#6360 = SURFACE_CURVE('',#6361,(#6365,#6371),.PCURVE_S1.);
#6361 = LINE('',#6362,#6363);
#6362 = CARTESIAN_POINT('',(-11.8,-8.717989064763,40.));
#6363 = VECTOR('',#6364,1.);
#6364 = DIRECTION('',(-1.538370149107E-16,-1.,0.));
#6365 = PCURVE('',#823,#6366);
#6366 = DEFINITIONAL_REPRESENTATION('',(#6367),#6370);
#6367 = B_SPLINE_CURVE_WITH_KNOTS('',1,(#6368,#6369),.UNSPECIFIED.,.F.,
  .F.,(2,2),(2.944486372867,8.717989064763),.PIECEWISE_BEZIER_KNOTS.);
#6368 = CARTESIAN_POINT('',(5.773502691896,-3.5));
#6369 = CARTESIAN_POINT('',(0.,-3.5));
#6370 = ( GEOMETRIC_REPRESENTATION_CONTEXT(2) 
PARAMETRIC_REPRESENTATION_CONTEXT() REPRESENTATION_CONTEXT('2D SPACE',''
  ) );
#6371 = PCURVE('',#5092,#6372);
#6372 = DEFINITIONAL_REPRESENTATION('',(#6373),#6376);
#6373 = B_SPLINE_CURVE_WITH_KNOTS('',1,(#6374,#6375),.UNSPECIFIED.,.F.,
  .F.,(2,2),(2.944486372867,8.717989064763),.PIECEWISE_BEZIER_KNOTS.);
#6374 = CARTESIAN_POINT('',(-11.8,-11.66247543763));
#6375 = CARTESIAN_POINT('',(-11.8,-17.43597812952));
#6376 = ( GEOMETRIC_REPRESENTATION_CONTEXT(2) 
PARAMETRIC_REPRESENTATION_CONTEXT() REPRESENTATION_CONTEXT('2D SPACE',''
  ) );
#6377 = ORIENTED_EDGE('',*,*,#6311,.F.);
#6378 = ADVANCED_FACE('',(#6379),#903,.T.);
#6379 = FACE_BOUND('',#6380,.T.);
#6380 = EDGE_LOOP('',(#6381,#6382,#6405,#6426));
#6381 = ORIENTED_EDGE('',*,*,#886,.T.);
#6382 = ORIENTED_EDGE('',*,*,#6383,.T.);
#6383 = EDGE_CURVE('',#889,#6384,#6386,.T.);
#6384 = VERTEX_POINT('',#6385);
#6385 = CARTESIAN_POINT('',(-10.6,-11.66247543763,40.));
#6386 = SURFACE_CURVE('',#6387,(#6391,#6398),.PCURVE_S1.);
#6387 = LINE('',#6388,#6389);
#6388 = CARTESIAN_POINT('',(-10.6,-11.66247543763,36.5));
#6389 = VECTOR('',#6390,1.);
#6390 = DIRECTION('',(0.,0.,1.));
#6391 = PCURVE('',#903,#6392);
#6392 = DEFINITIONAL_REPRESENTATION('',(#6393),#6397);
#6393 = LINE('',#6394,#6395);
#6394 = CARTESIAN_POINT('',(0.,0.));
#6395 = VECTOR('',#6396,1.);
#6396 = DIRECTION('',(0.,-1.));
#6397 = ( GEOMETRIC_REPRESENTATION_CONTEXT(2) 
PARAMETRIC_REPRESENTATION_CONTEXT() REPRESENTATION_CONTEXT('2D SPACE',''
  ) );
#6398 = PCURVE('',#929,#6399);
#6399 = DEFINITIONAL_REPRESENTATION('',(#6400),#6404);
#6400 = LINE('',#6401,#6402);
#6401 = CARTESIAN_POINT('',(5.773502691896,0.));
#6402 = VECTOR('',#6403,1.);
#6403 = DIRECTION('',(0.,-1.));
#6404 = ( GEOMETRIC_REPRESENTATION_CONTEXT(2) 
PARAMETRIC_REPRESENTATION_CONTEXT() REPRESENTATION_CONTEXT('2D SPACE',''
  ) );
#6405 = ORIENTED_EDGE('',*,*,#6406,.F.);
#6406 = EDGE_CURVE('',#6407,#6384,#6409,.T.);
#6407 = VERTEX_POINT('',#6408);
#6408 = CARTESIAN_POINT('',(-10.6,-17.43597812952,40.));
#6409 = SURFACE_CURVE('',#6410,(#6414,#6420),.PCURVE_S1.);
#6410 = LINE('',#6411,#6412);
#6411 = CARTESIAN_POINT('',(-10.6,-5.831237718815,40.));
#6412 = VECTOR('',#6413,1.);
#6413 = DIRECTION('',(4.615110447321E-16,1.,-0.));
#6414 = PCURVE('',#903,#6415);
#6415 = DEFINITIONAL_REPRESENTATION('',(#6416),#6419);
#6416 = B_SPLINE_CURVE_WITH_KNOTS('',1,(#6417,#6418),.UNSPECIFIED.,.F.,
  .F.,(2,2),(-11.60474041071,-5.831237718815),.PIECEWISE_BEZIER_KNOTS.);
#6417 = CARTESIAN_POINT('',(5.773502691896,-3.5));
#6418 = CARTESIAN_POINT('',(0.,-3.5));
#6419 = ( GEOMETRIC_REPRESENTATION_CONTEXT(2) 
PARAMETRIC_REPRESENTATION_CONTEXT() REPRESENTATION_CONTEXT('2D SPACE',''
  ) );
#6420 = PCURVE('',#5092,#6421);
#6421 = DEFINITIONAL_REPRESENTATION('',(#6422),#6425);
#6422 = B_SPLINE_CURVE_WITH_KNOTS('',1,(#6423,#6424),.UNSPECIFIED.,.F.,
  .F.,(2,2),(-11.60474041071,-5.831237718815),.PIECEWISE_BEZIER_KNOTS.);
#6423 = CARTESIAN_POINT('',(-10.6,-17.43597812952));
#6424 = CARTESIAN_POINT('',(-10.6,-11.66247543763));
#6425 = ( GEOMETRIC_REPRESENTATION_CONTEXT(2) 
PARAMETRIC_REPRESENTATION_CONTEXT() REPRESENTATION_CONTEXT('2D SPACE',''
  ) );
#6426 = ORIENTED_EDGE('',*,*,#6427,.F.);
#6427 = EDGE_CURVE('',#887,#6407,#6428,.T.);
#6428 = SURFACE_CURVE('',#6429,(#6433,#6440),.PCURVE_S1.);
#6429 = LINE('',#6430,#6431);
#6430 = CARTESIAN_POINT('',(-10.6,-17.43597812952,36.5));
#6431 = VECTOR('',#6432,1.);
#6432 = DIRECTION('',(0.,0.,1.));
#6433 = PCURVE('',#903,#6434);
#6434 = DEFINITIONAL_REPRESENTATION('',(#6435),#6439);
#6435 = LINE('',#6436,#6437);
#6436 = CARTESIAN_POINT('',(5.773502691896,0.));
#6437 = VECTOR('',#6438,1.);
#6438 = DIRECTION('',(0.,-1.));
#6439 = ( GEOMETRIC_REPRESENTATION_CONTEXT(2) 
PARAMETRIC_REPRESENTATION_CONTEXT() REPRESENTATION_CONTEXT('2D SPACE',''
  ) );
#6440 = PCURVE('',#1031,#6441);
#6441 = DEFINITIONAL_REPRESENTATION('',(#6442),#6446);
#6442 = LINE('',#6443,#6444);
#6443 = CARTESIAN_POINT('',(0.,0.));
#6444 = VECTOR('',#6445,1.);
#6445 = DIRECTION('',(0.,-1.));
#6446 = ( GEOMETRIC_REPRESENTATION_CONTEXT(2) 
PARAMETRIC_REPRESENTATION_CONTEXT() REPRESENTATION_CONTEXT('2D SPACE',''
  ) );
#6447 = ADVANCED_FACE('',(#6448),#1031,.T.);
#6448 = FACE_BOUND('',#6449,.T.);
#6449 = EDGE_LOOP('',(#6450,#6451,#6452,#6473));
#6450 = ORIENTED_EDGE('',*,*,#1018,.T.);
#6451 = ORIENTED_EDGE('',*,*,#6427,.T.);
#6452 = ORIENTED_EDGE('',*,*,#6453,.F.);
#6453 = EDGE_CURVE('',#6454,#6407,#6456,.T.);
#6454 = VERTEX_POINT('',#6455);
#6455 = CARTESIAN_POINT('',(-5.6,-20.32272947547,40.));
#6456 = SURFACE_CURVE('',#6457,(#6461,#6467),.PCURVE_S1.);
#6457 = LINE('',#6458,#6459);
#6458 = CARTESIAN_POINT('',(-10.4,-17.55144818336,40.));
#6459 = VECTOR('',#6460,1.);
#6460 = DIRECTION('',(-0.866025403784,0.5,0.));
#6461 = PCURVE('',#1031,#6462);
#6462 = DEFINITIONAL_REPRESENTATION('',(#6463),#6466);
#6463 = B_SPLINE_CURVE_WITH_KNOTS('',1,(#6464,#6465),.UNSPECIFIED.,.F.,
  .F.,(2,2),(-5.54256258422,0.230940107676),.PIECEWISE_BEZIER_KNOTS.);
#6464 = CARTESIAN_POINT('',(5.773502691896,-3.5));
#6465 = CARTESIAN_POINT('',(0.,-3.5));
#6466 = ( GEOMETRIC_REPRESENTATION_CONTEXT(2) 
PARAMETRIC_REPRESENTATION_CONTEXT() REPRESENTATION_CONTEXT('2D SPACE',''
  ) );
#6467 = PCURVE('',#5092,#6468);
#6468 = DEFINITIONAL_REPRESENTATION('',(#6469),#6472);
#6469 = B_SPLINE_CURVE_WITH_KNOTS('',1,(#6470,#6471),.UNSPECIFIED.,.F.,
  .F.,(2,2),(-5.54256258422,0.230940107676),.PIECEWISE_BEZIER_KNOTS.);
#6470 = CARTESIAN_POINT('',(-5.6,-20.32272947547));
#6471 = CARTESIAN_POINT('',(-10.6,-17.43597812952));
#6472 = ( GEOMETRIC_REPRESENTATION_CONTEXT(2) 
PARAMETRIC_REPRESENTATION_CONTEXT() REPRESENTATION_CONTEXT('2D SPACE',''
  ) );
#6473 = ORIENTED_EDGE('',*,*,#6474,.F.);
#6474 = EDGE_CURVE('',#993,#6454,#6475,.T.);
#6475 = SURFACE_CURVE('',#6476,(#6480,#6487),.PCURVE_S1.);
#6476 = LINE('',#6477,#6478);
#6477 = CARTESIAN_POINT('',(-5.6,-20.32272947547,36.5));
#6478 = VECTOR('',#6479,1.);
#6479 = DIRECTION('',(0.,0.,1.));
#6480 = PCURVE('',#1031,#6481);
#6481 = DEFINITIONAL_REPRESENTATION('',(#6482),#6486);
#6482 = LINE('',#6483,#6484);
#6483 = CARTESIAN_POINT('',(5.773502691896,0.));
#6484 = VECTOR('',#6485,1.);
#6485 = DIRECTION('',(0.,-1.));
#6486 = ( GEOMETRIC_REPRESENTATION_CONTEXT(2) 
PARAMETRIC_REPRESENTATION_CONTEXT() REPRESENTATION_CONTEXT('2D SPACE',''
  ) );
#6487 = PCURVE('',#1007,#6488);
#6488 = DEFINITIONAL_REPRESENTATION('',(#6489),#6493);
#6489 = LINE('',#6490,#6491);
#6490 = CARTESIAN_POINT('',(0.,0.));
#6491 = VECTOR('',#6492,1.);
#6492 = DIRECTION('',(0.,-1.));
#6493 = ( GEOMETRIC_REPRESENTATION_CONTEXT(2) 
PARAMETRIC_REPRESENTATION_CONTEXT() REPRESENTATION_CONTEXT('2D SPACE',''
  ) );
#6494 = ADVANCED_FACE('',(#6495),#929,.T.);
#6495 = FACE_BOUND('',#6496,.T.);
#6496 = EDGE_LOOP('',(#6497,#6498,#6521,#6540));
#6497 = ORIENTED_EDGE('',*,*,#914,.T.);
#6498 = ORIENTED_EDGE('',*,*,#6499,.T.);
#6499 = EDGE_CURVE('',#915,#6500,#6502,.T.);
#6500 = VERTEX_POINT('',#6501);
#6501 = CARTESIAN_POINT('',(-5.6,-8.775724091682,40.));
#6502 = SURFACE_CURVE('',#6503,(#6507,#6514),.PCURVE_S1.);
#6503 = LINE('',#6504,#6505);
#6504 = CARTESIAN_POINT('',(-5.6,-8.775724091682,36.5));
#6505 = VECTOR('',#6506,1.);
#6506 = DIRECTION('',(0.,0.,1.));
#6507 = PCURVE('',#929,#6508);
#6508 = DEFINITIONAL_REPRESENTATION('',(#6509),#6513);
#6509 = LINE('',#6510,#6511);
#6510 = CARTESIAN_POINT('',(0.,0.));
#6511 = VECTOR('',#6512,1.);
#6512 = DIRECTION('',(0.,-1.));
#6513 = ( GEOMETRIC_REPRESENTATION_CONTEXT(2) 
PARAMETRIC_REPRESENTATION_CONTEXT() REPRESENTATION_CONTEXT('2D SPACE',''
  ) );
#6514 = PCURVE('',#955,#6515);
#6515 = DEFINITIONAL_REPRESENTATION('',(#6516),#6520);
#6516 = LINE('',#6517,#6518);
#6517 = CARTESIAN_POINT('',(5.773502691896,0.));
#6518 = VECTOR('',#6519,1.);
#6519 = DIRECTION('',(0.,-1.));
#6520 = ( GEOMETRIC_REPRESENTATION_CONTEXT(2) 
PARAMETRIC_REPRESENTATION_CONTEXT() REPRESENTATION_CONTEXT('2D SPACE',''
  ) );
#6521 = ORIENTED_EDGE('',*,*,#6522,.F.);
#6522 = EDGE_CURVE('',#6384,#6500,#6523,.T.);
#6523 = SURFACE_CURVE('',#6524,(#6528,#6534),.PCURVE_S1.);
#6524 = LINE('',#6525,#6526);
#6525 = CARTESIAN_POINT('',(-1.6,-6.466323014924,40.));
#6526 = VECTOR('',#6527,1.);
#6527 = DIRECTION('',(0.866025403784,0.5,-0.));
#6528 = PCURVE('',#929,#6529);
#6529 = DEFINITIONAL_REPRESENTATION('',(#6530),#6533);
#6530 = B_SPLINE_CURVE_WITH_KNOTS('',1,(#6531,#6532),.UNSPECIFIED.,.F.,
  .F.,(2,2),(-10.39230484541,-4.618802153517),.PIECEWISE_BEZIER_KNOTS.);
#6531 = CARTESIAN_POINT('',(5.773502691896,-3.5));
#6532 = CARTESIAN_POINT('',(0.,-3.5));
#6533 = ( GEOMETRIC_REPRESENTATION_CONTEXT(2) 
PARAMETRIC_REPRESENTATION_CONTEXT() REPRESENTATION_CONTEXT('2D SPACE',''
  ) );
#6534 = PCURVE('',#5092,#6535);
#6535 = DEFINITIONAL_REPRESENTATION('',(#6536),#6539);
#6536 = B_SPLINE_CURVE_WITH_KNOTS('',1,(#6537,#6538),.UNSPECIFIED.,.F.,
  .F.,(2,2),(-10.39230484541,-4.618802153517),.PIECEWISE_BEZIER_KNOTS.);
#6537 = CARTESIAN_POINT('',(-10.6,-11.66247543763));
#6538 = CARTESIAN_POINT('',(-5.6,-8.775724091682));
#6539 = ( GEOMETRIC_REPRESENTATION_CONTEXT(2) 
PARAMETRIC_REPRESENTATION_CONTEXT() REPRESENTATION_CONTEXT('2D SPACE',''
  ) );
#6540 = ORIENTED_EDGE('',*,*,#6383,.F.);
#6541 = ADVANCED_FACE('',(#6542),#1007,.T.);
#6542 = FACE_BOUND('',#6543,.T.);
#6543 = EDGE_LOOP('',(#6544,#6545,#6546,#6567));
#6544 = ORIENTED_EDGE('',*,*,#992,.T.);
#6545 = ORIENTED_EDGE('',*,*,#6474,.T.);
#6546 = ORIENTED_EDGE('',*,*,#6547,.F.);
#6547 = EDGE_CURVE('',#6548,#6454,#6550,.T.);
#6548 = VERTEX_POINT('',#6549);
#6549 = CARTESIAN_POINT('',(-0.6,-17.43597812952,40.));
#6550 = SURFACE_CURVE('',#6551,(#6555,#6561),.PCURVE_S1.);
#6551 = LINE('',#6552,#6553);
#6552 = CARTESIAN_POINT('',(0.9,-16.56995272574,40.));
#6553 = VECTOR('',#6554,1.);
#6554 = DIRECTION('',(-0.866025403784,-0.5,0.));
#6555 = PCURVE('',#1007,#6556);
#6556 = DEFINITIONAL_REPRESENTATION('',(#6557),#6560);
#6557 = B_SPLINE_CURVE_WITH_KNOTS('',1,(#6558,#6559),.UNSPECIFIED.,.F.,
  .F.,(2,2),(1.732050807569,7.505553499465),.PIECEWISE_BEZIER_KNOTS.);
#6558 = CARTESIAN_POINT('',(5.773502691896,-3.5));
#6559 = CARTESIAN_POINT('',(0.,-3.5));
#6560 = ( GEOMETRIC_REPRESENTATION_CONTEXT(2) 
PARAMETRIC_REPRESENTATION_CONTEXT() REPRESENTATION_CONTEXT('2D SPACE',''
  ) );
#6561 = PCURVE('',#5092,#6562);
#6562 = DEFINITIONAL_REPRESENTATION('',(#6563),#6566);
#6563 = B_SPLINE_CURVE_WITH_KNOTS('',1,(#6564,#6565),.UNSPECIFIED.,.F.,
  .F.,(2,2),(1.732050807569,7.505553499465),.PIECEWISE_BEZIER_KNOTS.);
#6564 = CARTESIAN_POINT('',(-0.6,-17.43597812952));
#6565 = CARTESIAN_POINT('',(-5.6,-20.32272947547));
#6566 = ( GEOMETRIC_REPRESENTATION_CONTEXT(2) 
PARAMETRIC_REPRESENTATION_CONTEXT() REPRESENTATION_CONTEXT('2D SPACE',''
  ) );
#6567 = ORIENTED_EDGE('',*,*,#6568,.F.);
#6568 = EDGE_CURVE('',#967,#6548,#6569,.T.);
#6569 = SURFACE_CURVE('',#6570,(#6574,#6581),.PCURVE_S1.);
#6570 = LINE('',#6571,#6572);
#6571 = CARTESIAN_POINT('',(-0.6,-17.43597812952,36.5));
#6572 = VECTOR('',#6573,1.);
#6573 = DIRECTION('',(0.,0.,1.));
#6574 = PCURVE('',#1007,#6575);
#6575 = DEFINITIONAL_REPRESENTATION('',(#6576),#6580);
#6576 = LINE('',#6577,#6578);
#6577 = CARTESIAN_POINT('',(5.773502691896,0.));
#6578 = VECTOR('',#6579,1.);
#6579 = DIRECTION('',(0.,-1.));
#6580 = ( GEOMETRIC_REPRESENTATION_CONTEXT(2) 
PARAMETRIC_REPRESENTATION_CONTEXT() REPRESENTATION_CONTEXT('2D SPACE',''
  ) );
#6581 = PCURVE('',#981,#6582);
#6582 = DEFINITIONAL_REPRESENTATION('',(#6583),#6587);
#6583 = LINE('',#6584,#6585);
#6584 = CARTESIAN_POINT('',(0.,0.));
#6585 = VECTOR('',#6586,1.);
#6586 = DIRECTION('',(0.,-1.));
#6587 = ( GEOMETRIC_REPRESENTATION_CONTEXT(2) 
PARAMETRIC_REPRESENTATION_CONTEXT() REPRESENTATION_CONTEXT('2D SPACE',''
  ) );
#6588 = ADVANCED_FACE('',(#6589),#955,.T.);
#6589 = FACE_BOUND('',#6590,.T.);
#6590 = EDGE_LOOP('',(#6591,#6592,#6615,#6634));
#6591 = ORIENTED_EDGE('',*,*,#940,.T.);
#6592 = ORIENTED_EDGE('',*,*,#6593,.T.);
#6593 = EDGE_CURVE('',#941,#6594,#6596,.T.);
#6594 = VERTEX_POINT('',#6595);
#6595 = CARTESIAN_POINT('',(-0.6,-11.66247543763,40.));
#6596 = SURFACE_CURVE('',#6597,(#6601,#6608),.PCURVE_S1.);
#6597 = LINE('',#6598,#6599);
#6598 = CARTESIAN_POINT('',(-0.6,-11.66247543763,36.5));
#6599 = VECTOR('',#6600,1.);
#6600 = DIRECTION('',(0.,0.,1.));
#6601 = PCURVE('',#955,#6602);
#6602 = DEFINITIONAL_REPRESENTATION('',(#6603),#6607);
#6603 = LINE('',#6604,#6605);
#6604 = CARTESIAN_POINT('',(0.,0.));
#6605 = VECTOR('',#6606,1.);
#6606 = DIRECTION('',(0.,-1.));
#6607 = ( GEOMETRIC_REPRESENTATION_CONTEXT(2) 
PARAMETRIC_REPRESENTATION_CONTEXT() REPRESENTATION_CONTEXT('2D SPACE',''
  ) );
#6608 = PCURVE('',#981,#6609);
#6609 = DEFINITIONAL_REPRESENTATION('',(#6610),#6614);
#6610 = LINE('',#6611,#6612);
#6611 = CARTESIAN_POINT('',(5.773502691896,0.));
#6612 = VECTOR('',#6613,1.);
#6613 = DIRECTION('',(0.,-1.));
#6614 = ( GEOMETRIC_REPRESENTATION_CONTEXT(2) 
PARAMETRIC_REPRESENTATION_CONTEXT() REPRESENTATION_CONTEXT('2D SPACE',''
  ) );
#6615 = ORIENTED_EDGE('',*,*,#6616,.F.);
#6616 = EDGE_CURVE('',#6500,#6594,#6617,.T.);
#6617 = SURFACE_CURVE('',#6618,(#6622,#6628),.PCURVE_S1.);
#6618 = LINE('',#6619,#6620);
#6619 = CARTESIAN_POINT('',(-2.9,-10.33456981849,40.));
#6620 = VECTOR('',#6621,1.);
#6621 = DIRECTION('',(0.866025403784,-0.5,0.));
#6622 = PCURVE('',#955,#6623);
#6623 = DEFINITIONAL_REPRESENTATION('',(#6624),#6627);
#6624 = B_SPLINE_CURVE_WITH_KNOTS('',1,(#6625,#6626),.UNSPECIFIED.,.F.,
  .F.,(2,2),(-3.117691453624,2.655811238272),.PIECEWISE_BEZIER_KNOTS.);
#6625 = CARTESIAN_POINT('',(5.773502691896,-3.5));
#6626 = CARTESIAN_POINT('',(0.,-3.5));
#6627 = ( GEOMETRIC_REPRESENTATION_CONTEXT(2) 
PARAMETRIC_REPRESENTATION_CONTEXT() REPRESENTATION_CONTEXT('2D SPACE',''
  ) );
#6628 = PCURVE('',#5092,#6629);
#6629 = DEFINITIONAL_REPRESENTATION('',(#6630),#6633);
#6630 = B_SPLINE_CURVE_WITH_KNOTS('',1,(#6631,#6632),.UNSPECIFIED.,.F.,
  .F.,(2,2),(-3.117691453624,2.655811238272),.PIECEWISE_BEZIER_KNOTS.);
#6631 = CARTESIAN_POINT('',(-5.6,-8.775724091682));
#6632 = CARTESIAN_POINT('',(-0.6,-11.66247543763));
#6633 = ( GEOMETRIC_REPRESENTATION_CONTEXT(2) 
PARAMETRIC_REPRESENTATION_CONTEXT() REPRESENTATION_CONTEXT('2D SPACE',''
  ) );
#6634 = ORIENTED_EDGE('',*,*,#6499,.F.);
#6635 = ADVANCED_FACE('',(#6636),#981,.T.);
#6636 = FACE_BOUND('',#6637,.T.);
#6637 = EDGE_LOOP('',(#6638,#6639,#6640,#6659));
#6638 = ORIENTED_EDGE('',*,*,#966,.T.);
#6639 = ORIENTED_EDGE('',*,*,#6568,.T.);
#6640 = ORIENTED_EDGE('',*,*,#6641,.F.);
#6641 = EDGE_CURVE('',#6594,#6548,#6642,.T.);
#6642 = SURFACE_CURVE('',#6643,(#6647,#6653),.PCURVE_S1.);
#6643 = LINE('',#6644,#6645);
#6644 = CARTESIAN_POINT('',(-0.6,-8.717989064763,40.));
#6645 = VECTOR('',#6646,1.);
#6646 = DIRECTION('',(-1.538370149107E-16,-1.,0.));
#6647 = PCURVE('',#981,#6648);
#6648 = DEFINITIONAL_REPRESENTATION('',(#6649),#6652);
#6649 = B_SPLINE_CURVE_WITH_KNOTS('',1,(#6650,#6651),.UNSPECIFIED.,.F.,
  .F.,(2,2),(2.944486372867,8.717989064763),.PIECEWISE_BEZIER_KNOTS.);
#6650 = CARTESIAN_POINT('',(5.773502691896,-3.5));
#6651 = CARTESIAN_POINT('',(0.,-3.5));
#6652 = ( GEOMETRIC_REPRESENTATION_CONTEXT(2) 
PARAMETRIC_REPRESENTATION_CONTEXT() REPRESENTATION_CONTEXT('2D SPACE',''
  ) );
#6653 = PCURVE('',#5092,#6654);
#6654 = DEFINITIONAL_REPRESENTATION('',(#6655),#6658);
#6655 = B_SPLINE_CURVE_WITH_KNOTS('',1,(#6656,#6657),.UNSPECIFIED.,.F.,
  .F.,(2,2),(2.944486372867,8.717989064763),.PIECEWISE_BEZIER_KNOTS.);
#6656 = CARTESIAN_POINT('',(-0.6,-11.66247543763));
#6657 = CARTESIAN_POINT('',(-0.6,-17.43597812952));
#6658 = ( GEOMETRIC_REPRESENTATION_CONTEXT(2) 
PARAMETRIC_REPRESENTATION_CONTEXT() REPRESENTATION_CONTEXT('2D SPACE',''
  ) );
#6659 = ORIENTED_EDGE('',*,*,#6593,.F.);
#6660 = ADVANCED_FACE('',(#6661),#1061,.T.);
#6661 = FACE_BOUND('',#6662,.T.);
#6662 = EDGE_LOOP('',(#6663,#6664,#6687,#6708));
#6663 = ORIENTED_EDGE('',*,*,#1044,.T.);
#6664 = ORIENTED_EDGE('',*,*,#6665,.T.);
#6665 = EDGE_CURVE('',#1047,#6666,#6668,.T.);
#6666 = VERTEX_POINT('',#6667);
#6667 = CARTESIAN_POINT('',(-16.2,-1.962990915245,40.));
#6668 = SURFACE_CURVE('',#6669,(#6673,#6680),.PCURVE_S1.);
#6669 = LINE('',#6670,#6671);
#6670 = CARTESIAN_POINT('',(-16.2,-1.962990915245,36.5));
#6671 = VECTOR('',#6672,1.);
#6672 = DIRECTION('',(0.,0.,1.));
#6673 = PCURVE('',#1061,#6674);
#6674 = DEFINITIONAL_REPRESENTATION('',(#6675),#6679);
#6675 = LINE('',#6676,#6677);
#6676 = CARTESIAN_POINT('',(0.,0.));
#6677 = VECTOR('',#6678,1.);
#6678 = DIRECTION('',(0.,-1.));
#6679 = ( GEOMETRIC_REPRESENTATION_CONTEXT(2) 
PARAMETRIC_REPRESENTATION_CONTEXT() REPRESENTATION_CONTEXT('2D SPACE',''
  ) );
#6680 = PCURVE('',#1087,#6681);
#6681 = DEFINITIONAL_REPRESENTATION('',(#6682),#6686);
#6682 = LINE('',#6683,#6684);
#6683 = CARTESIAN_POINT('',(5.773502691896,0.));
#6684 = VECTOR('',#6685,1.);
#6685 = DIRECTION('',(0.,-1.));
#6686 = ( GEOMETRIC_REPRESENTATION_CONTEXT(2) 
PARAMETRIC_REPRESENTATION_CONTEXT() REPRESENTATION_CONTEXT('2D SPACE',''
  ) );
#6687 = ORIENTED_EDGE('',*,*,#6688,.F.);
#6688 = EDGE_CURVE('',#6689,#6666,#6691,.T.);
#6689 = VERTEX_POINT('',#6690);
#6690 = CARTESIAN_POINT('',(-16.2,-7.736493607141,40.));
#6691 = SURFACE_CURVE('',#6692,(#6696,#6702),.PCURVE_S1.);
#6692 = LINE('',#6693,#6694);
#6693 = CARTESIAN_POINT('',(-16.2,-0.981495457622,40.));
#6694 = VECTOR('',#6695,1.);
#6695 = DIRECTION('',(4.615110447321E-16,1.,-0.));
#6696 = PCURVE('',#1061,#6697);
#6697 = DEFINITIONAL_REPRESENTATION('',(#6698),#6701);
#6698 = B_SPLINE_CURVE_WITH_KNOTS('',1,(#6699,#6700),.UNSPECIFIED.,.F.,
  .F.,(2,2),(-6.754998149519,-0.981495457622),.PIECEWISE_BEZIER_KNOTS.);
#6699 = CARTESIAN_POINT('',(5.773502691896,-3.5));
#6700 = CARTESIAN_POINT('',(0.,-3.5));
#6701 = ( GEOMETRIC_REPRESENTATION_CONTEXT(2) 
PARAMETRIC_REPRESENTATION_CONTEXT() REPRESENTATION_CONTEXT('2D SPACE',''
  ) );
#6702 = PCURVE('',#5092,#6703);
#6703 = DEFINITIONAL_REPRESENTATION('',(#6704),#6707);
#6704 = B_SPLINE_CURVE_WITH_KNOTS('',1,(#6705,#6706),.UNSPECIFIED.,.F.,
  .F.,(2,2),(-6.754998149519,-0.981495457622),.PIECEWISE_BEZIER_KNOTS.);
#6705 = CARTESIAN_POINT('',(-16.2,-7.736493607141));
#6706 = CARTESIAN_POINT('',(-16.2,-1.962990915245));
#6707 = ( GEOMETRIC_REPRESENTATION_CONTEXT(2) 
PARAMETRIC_REPRESENTATION_CONTEXT() REPRESENTATION_CONTEXT('2D SPACE',''
  ) );
#6708 = ORIENTED_EDGE('',*,*,#6709,.F.);
#6709 = EDGE_CURVE('',#1045,#6689,#6710,.T.);
#6710 = SURFACE_CURVE('',#6711,(#6715,#6722),.PCURVE_S1.);
#6711 = LINE('',#6712,#6713);
#6712 = CARTESIAN_POINT('',(-16.2,-7.736493607141,36.5));
#6713 = VECTOR('',#6714,1.);
#6714 = DIRECTION('',(0.,0.,1.));
#6715 = PCURVE('',#1061,#6716);
#6716 = DEFINITIONAL_REPRESENTATION('',(#6717),#6721);
#6717 = LINE('',#6718,#6719);
#6718 = CARTESIAN_POINT('',(5.773502691896,0.));
#6719 = VECTOR('',#6720,1.);
#6720 = DIRECTION('',(0.,-1.));
#6721 = ( GEOMETRIC_REPRESENTATION_CONTEXT(2) 
PARAMETRIC_REPRESENTATION_CONTEXT() REPRESENTATION_CONTEXT('2D SPACE',''
  ) );
#6722 = PCURVE('',#1189,#6723);
#6723 = DEFINITIONAL_REPRESENTATION('',(#6724),#6728);
#6724 = LINE('',#6725,#6726);
#6725 = CARTESIAN_POINT('',(0.,0.));
#6726 = VECTOR('',#6727,1.);
#6727 = DIRECTION('',(0.,-1.));
#6728 = ( GEOMETRIC_REPRESENTATION_CONTEXT(2) 
PARAMETRIC_REPRESENTATION_CONTEXT() REPRESENTATION_CONTEXT('2D SPACE',''
  ) );
#6729 = ADVANCED_FACE('',(#6730),#1189,.T.);
#6730 = FACE_BOUND('',#6731,.T.);
#6731 = EDGE_LOOP('',(#6732,#6733,#6734,#6755));
#6732 = ORIENTED_EDGE('',*,*,#1176,.T.);
#6733 = ORIENTED_EDGE('',*,*,#6709,.T.);
#6734 = ORIENTED_EDGE('',*,*,#6735,.F.);
#6735 = EDGE_CURVE('',#6736,#6689,#6738,.T.);
#6736 = VERTEX_POINT('',#6737);
#6737 = CARTESIAN_POINT('',(-11.2,-10.62324495308,40.));
#6738 = SURFACE_CURVE('',#6739,(#6743,#6749),.PCURVE_S1.);
#6739 = LINE('',#6740,#6741);
#6740 = CARTESIAN_POINT('',(-11.8,-10.27683479157,40.));
#6741 = VECTOR('',#6742,1.);
#6742 = DIRECTION('',(-0.866025403784,0.5,0.));
#6743 = PCURVE('',#1189,#6744);
#6744 = DEFINITIONAL_REPRESENTATION('',(#6745),#6748);
#6745 = B_SPLINE_CURVE_WITH_KNOTS('',1,(#6746,#6747),.UNSPECIFIED.,.F.,
  .F.,(2,2),(-0.692820323028,5.080682368869),.PIECEWISE_BEZIER_KNOTS.);
#6746 = CARTESIAN_POINT('',(5.773502691896,-3.5));
#6747 = CARTESIAN_POINT('',(0.,-3.5));
#6748 = ( GEOMETRIC_REPRESENTATION_CONTEXT(2) 
PARAMETRIC_REPRESENTATION_CONTEXT() REPRESENTATION_CONTEXT('2D SPACE',''
  ) );
#6749 = PCURVE('',#5092,#6750);
#6750 = DEFINITIONAL_REPRESENTATION('',(#6751),#6754);
#6751 = B_SPLINE_CURVE_WITH_KNOTS('',1,(#6752,#6753),.UNSPECIFIED.,.F.,
  .F.,(2,2),(-0.692820323028,5.080682368869),.PIECEWISE_BEZIER_KNOTS.);
#6752 = CARTESIAN_POINT('',(-11.2,-10.62324495308));
#6753 = CARTESIAN_POINT('',(-16.2,-7.736493607141));
#6754 = ( GEOMETRIC_REPRESENTATION_CONTEXT(2) 
PARAMETRIC_REPRESENTATION_CONTEXT() REPRESENTATION_CONTEXT('2D SPACE',''
  ) );
#6755 = ORIENTED_EDGE('',*,*,#6756,.F.);
#6756 = EDGE_CURVE('',#1151,#6736,#6757,.T.);
#6757 = SURFACE_CURVE('',#6758,(#6762,#6769),.PCURVE_S1.);
#6758 = LINE('',#6759,#6760);
#6759 = CARTESIAN_POINT('',(-11.2,-10.62324495308,36.5));
#6760 = VECTOR('',#6761,1.);
#6761 = DIRECTION('',(0.,0.,1.));
#6762 = PCURVE('',#1189,#6763);
#6763 = DEFINITIONAL_REPRESENTATION('',(#6764),#6768);
#6764 = LINE('',#6765,#6766);
#6765 = CARTESIAN_POINT('',(5.773502691896,0.));
#6766 = VECTOR('',#6767,1.);
#6767 = DIRECTION('',(0.,-1.));
#6768 = ( GEOMETRIC_REPRESENTATION_CONTEXT(2) 
PARAMETRIC_REPRESENTATION_CONTEXT() REPRESENTATION_CONTEXT('2D SPACE',''
  ) );
#6769 = PCURVE('',#1165,#6770);
#6770 = DEFINITIONAL_REPRESENTATION('',(#6771),#6775);
#6771 = LINE('',#6772,#6773);
#6772 = CARTESIAN_POINT('',(0.,0.));
#6773 = VECTOR('',#6774,1.);
#6774 = DIRECTION('',(0.,-1.));
#6775 = ( GEOMETRIC_REPRESENTATION_CONTEXT(2) 
PARAMETRIC_REPRESENTATION_CONTEXT() REPRESENTATION_CONTEXT('2D SPACE',''
  ) );
#6776 = ADVANCED_FACE('',(#6777),#1087,.T.);
#6777 = FACE_BOUND('',#6778,.T.);
#6778 = EDGE_LOOP('',(#6779,#6780,#6803,#6822));
#6779 = ORIENTED_EDGE('',*,*,#1072,.T.);
#6780 = ORIENTED_EDGE('',*,*,#6781,.T.);
#6781 = EDGE_CURVE('',#1073,#6782,#6784,.T.);
#6782 = VERTEX_POINT('',#6783);
#6783 = CARTESIAN_POINT('',(-11.2,0.923760430703,40.));
#6784 = SURFACE_CURVE('',#6785,(#6789,#6796),.PCURVE_S1.);
#6785 = LINE('',#6786,#6787);
#6786 = CARTESIAN_POINT('',(-11.2,0.923760430703,36.5));
#6787 = VECTOR('',#6788,1.);
#6788 = DIRECTION('',(0.,0.,1.));
#6789 = PCURVE('',#1087,#6790);
#6790 = DEFINITIONAL_REPRESENTATION('',(#6791),#6795);
#6791 = LINE('',#6792,#6793);
#6792 = CARTESIAN_POINT('',(0.,0.));
#6793 = VECTOR('',#6794,1.);
#6794 = DIRECTION('',(0.,-1.));
#6795 = ( GEOMETRIC_REPRESENTATION_CONTEXT(2) 
PARAMETRIC_REPRESENTATION_CONTEXT() REPRESENTATION_CONTEXT('2D SPACE',''
  ) );
#6796 = PCURVE('',#1113,#6797);
#6797 = DEFINITIONAL_REPRESENTATION('',(#6798),#6802);
#6798 = LINE('',#6799,#6800);
#6799 = CARTESIAN_POINT('',(5.773502691896,0.));
#6800 = VECTOR('',#6801,1.);
#6801 = DIRECTION('',(0.,-1.));
#6802 = ( GEOMETRIC_REPRESENTATION_CONTEXT(2) 
PARAMETRIC_REPRESENTATION_CONTEXT() REPRESENTATION_CONTEXT('2D SPACE',''
  ) );
#6803 = ORIENTED_EDGE('',*,*,#6804,.F.);
#6804 = EDGE_CURVE('',#6666,#6782,#6805,.T.);
#6805 = SURFACE_CURVE('',#6806,(#6810,#6816),.PCURVE_S1.);
#6806 = LINE('',#6807,#6808);
#6807 = CARTESIAN_POINT('',(-7.2,3.233161507462,40.));
#6808 = VECTOR('',#6809,1.);
#6809 = DIRECTION('',(0.866025403784,0.5,-0.));
#6810 = PCURVE('',#1087,#6811);
#6811 = DEFINITIONAL_REPRESENTATION('',(#6812),#6815);
#6812 = B_SPLINE_CURVE_WITH_KNOTS('',1,(#6813,#6814),.UNSPECIFIED.,.F.,
  .F.,(2,2),(-10.39230484541,-4.618802153517),.PIECEWISE_BEZIER_KNOTS.);
#6813 = CARTESIAN_POINT('',(5.773502691896,-3.5));
#6814 = CARTESIAN_POINT('',(0.,-3.5));
#6815 = ( GEOMETRIC_REPRESENTATION_CONTEXT(2) 
PARAMETRIC_REPRESENTATION_CONTEXT() REPRESENTATION_CONTEXT('2D SPACE',''
  ) );
#6816 = PCURVE('',#5092,#6817);
#6817 = DEFINITIONAL_REPRESENTATION('',(#6818),#6821);
#6818 = B_SPLINE_CURVE_WITH_KNOTS('',1,(#6819,#6820),.UNSPECIFIED.,.F.,
  .F.,(2,2),(-10.39230484541,-4.618802153517),.PIECEWISE_BEZIER_KNOTS.);
#6819 = CARTESIAN_POINT('',(-16.2,-1.962990915245));
#6820 = CARTESIAN_POINT('',(-11.2,0.923760430703));
#6821 = ( GEOMETRIC_REPRESENTATION_CONTEXT(2) 
PARAMETRIC_REPRESENTATION_CONTEXT() REPRESENTATION_CONTEXT('2D SPACE',''
  ) );
#6822 = ORIENTED_EDGE('',*,*,#6665,.F.);
#6823 = ADVANCED_FACE('',(#6824),#1165,.T.);
#6824 = FACE_BOUND('',#6825,.T.);
#6825 = EDGE_LOOP('',(#6826,#6827,#6828,#6849));
#6826 = ORIENTED_EDGE('',*,*,#1150,.T.);
#6827 = ORIENTED_EDGE('',*,*,#6756,.T.);
#6828 = ORIENTED_EDGE('',*,*,#6829,.F.);
#6829 = EDGE_CURVE('',#6830,#6736,#6832,.T.);
#6830 = VERTEX_POINT('',#6831);
#6831 = CARTESIAN_POINT('',(-6.2,-7.736493607141,40.));
#6832 = SURFACE_CURVE('',#6833,(#6837,#6843),.PCURVE_S1.);
#6833 = LINE('',#6834,#6835);
#6834 = CARTESIAN_POINT('',(-4.7,-6.870468203357,40.));
#6835 = VECTOR('',#6836,1.);
#6836 = DIRECTION('',(-0.866025403784,-0.5,0.));
#6837 = PCURVE('',#1165,#6838);
#6838 = DEFINITIONAL_REPRESENTATION('',(#6839),#6842);
#6839 = B_SPLINE_CURVE_WITH_KNOTS('',1,(#6840,#6841),.UNSPECIFIED.,.F.,
  .F.,(2,2),(1.732050807569,7.505553499465),.PIECEWISE_BEZIER_KNOTS.);
#6840 = CARTESIAN_POINT('',(5.773502691896,-3.5));
#6841 = CARTESIAN_POINT('',(0.,-3.5));
#6842 = ( GEOMETRIC_REPRESENTATION_CONTEXT(2) 
PARAMETRIC_REPRESENTATION_CONTEXT() REPRESENTATION_CONTEXT('2D SPACE',''
  ) );
#6843 = PCURVE('',#5092,#6844);
#6844 = DEFINITIONAL_REPRESENTATION('',(#6845),#6848);
#6845 = B_SPLINE_CURVE_WITH_KNOTS('',1,(#6846,#6847),.UNSPECIFIED.,.F.,
  .F.,(2,2),(1.732050807569,7.505553499465),.PIECEWISE_BEZIER_KNOTS.);
#6846 = CARTESIAN_POINT('',(-6.2,-7.736493607141));
#6847 = CARTESIAN_POINT('',(-11.2,-10.62324495308));
#6848 = ( GEOMETRIC_REPRESENTATION_CONTEXT(2) 
PARAMETRIC_REPRESENTATION_CONTEXT() REPRESENTATION_CONTEXT('2D SPACE',''
  ) );
#6849 = ORIENTED_EDGE('',*,*,#6850,.F.);
#6850 = EDGE_CURVE('',#1125,#6830,#6851,.T.);
#6851 = SURFACE_CURVE('',#6852,(#6856,#6863),.PCURVE_S1.);
#6852 = LINE('',#6853,#6854);
#6853 = CARTESIAN_POINT('',(-6.2,-7.736493607141,36.5));
#6854 = VECTOR('',#6855,1.);
#6855 = DIRECTION('',(0.,0.,1.));
#6856 = PCURVE('',#1165,#6857);
#6857 = DEFINITIONAL_REPRESENTATION('',(#6858),#6862);
#6858 = LINE('',#6859,#6860);
#6859 = CARTESIAN_POINT('',(5.773502691896,0.));
#6860 = VECTOR('',#6861,1.);
#6861 = DIRECTION('',(0.,-1.));
#6862 = ( GEOMETRIC_REPRESENTATION_CONTEXT(2) 
PARAMETRIC_REPRESENTATION_CONTEXT() REPRESENTATION_CONTEXT('2D SPACE',''
  ) );
#6863 = PCURVE('',#1139,#6864);
#6864 = DEFINITIONAL_REPRESENTATION('',(#6865),#6869);
#6865 = LINE('',#6866,#6867);
#6866 = CARTESIAN_POINT('',(0.,0.));
#6867 = VECTOR('',#6868,1.);
#6868 = DIRECTION('',(0.,-1.));
#6869 = ( GEOMETRIC_REPRESENTATION_CONTEXT(2) 
PARAMETRIC_REPRESENTATION_CONTEXT() REPRESENTATION_CONTEXT('2D SPACE',''
  ) );
#6870 = ADVANCED_FACE('',(#6871),#1113,.T.);
#6871 = FACE_BOUND('',#6872,.T.);
#6872 = EDGE_LOOP('',(#6873,#6874,#6897,#6916));
#6873 = ORIENTED_EDGE('',*,*,#1098,.T.);
#6874 = ORIENTED_EDGE('',*,*,#6875,.T.);
#6875 = EDGE_CURVE('',#1099,#6876,#6878,.T.);
#6876 = VERTEX_POINT('',#6877);
#6877 = CARTESIAN_POINT('',(-6.2,-1.962990915245,40.));
#6878 = SURFACE_CURVE('',#6879,(#6883,#6890),.PCURVE_S1.);
#6879 = LINE('',#6880,#6881);
#6880 = CARTESIAN_POINT('',(-6.2,-1.962990915245,36.5));
#6881 = VECTOR('',#6882,1.);
#6882 = DIRECTION('',(0.,0.,1.));
#6883 = PCURVE('',#1113,#6884);
#6884 = DEFINITIONAL_REPRESENTATION('',(#6885),#6889);
#6885 = LINE('',#6886,#6887);
#6886 = CARTESIAN_POINT('',(0.,0.));
#6887 = VECTOR('',#6888,1.);
#6888 = DIRECTION('',(0.,-1.));
#6889 = ( GEOMETRIC_REPRESENTATION_CONTEXT(2) 
PARAMETRIC_REPRESENTATION_CONTEXT() REPRESENTATION_CONTEXT('2D SPACE',''
  ) );
#6890 = PCURVE('',#1139,#6891);
#6891 = DEFINITIONAL_REPRESENTATION('',(#6892),#6896);
#6892 = LINE('',#6893,#6894);
#6893 = CARTESIAN_POINT('',(5.773502691896,0.));
#6894 = VECTOR('',#6895,1.);
#6895 = DIRECTION('',(0.,-1.));
#6896 = ( GEOMETRIC_REPRESENTATION_CONTEXT(2) 
PARAMETRIC_REPRESENTATION_CONTEXT() REPRESENTATION_CONTEXT('2D SPACE',''
  ) );
#6897 = ORIENTED_EDGE('',*,*,#6898,.F.);
#6898 = EDGE_CURVE('',#6782,#6876,#6899,.T.);
#6899 = SURFACE_CURVE('',#6900,(#6904,#6910),.PCURVE_S1.);
#6900 = LINE('',#6901,#6902);
#6901 = CARTESIAN_POINT('',(-4.3,-3.059956426705,40.));
#6902 = VECTOR('',#6903,1.);
#6903 = DIRECTION('',(0.866025403784,-0.5,0.));
#6904 = PCURVE('',#1113,#6905);
#6905 = DEFINITIONAL_REPRESENTATION('',(#6906),#6909);
#6906 = B_SPLINE_CURVE_WITH_KNOTS('',1,(#6907,#6908),.UNSPECIFIED.,.F.,
  .F.,(2,2),(-7.967433714817,-2.193931022921),.PIECEWISE_BEZIER_KNOTS.);
#6907 = CARTESIAN_POINT('',(5.773502691896,-3.5));
#6908 = CARTESIAN_POINT('',(0.,-3.5));
#6909 = ( GEOMETRIC_REPRESENTATION_CONTEXT(2) 
PARAMETRIC_REPRESENTATION_CONTEXT() REPRESENTATION_CONTEXT('2D SPACE',''
  ) );
#6910 = PCURVE('',#5092,#6911);
#6911 = DEFINITIONAL_REPRESENTATION('',(#6912),#6915);
#6912 = B_SPLINE_CURVE_WITH_KNOTS('',1,(#6913,#6914),.UNSPECIFIED.,.F.,
  .F.,(2,2),(-7.967433714817,-2.193931022921),.PIECEWISE_BEZIER_KNOTS.);
#6913 = CARTESIAN_POINT('',(-11.2,0.923760430703));
#6914 = CARTESIAN_POINT('',(-6.2,-1.962990915245));
#6915 = ( GEOMETRIC_REPRESENTATION_CONTEXT(2) 
PARAMETRIC_REPRESENTATION_CONTEXT() REPRESENTATION_CONTEXT('2D SPACE',''
  ) );
#6916 = ORIENTED_EDGE('',*,*,#6781,.F.);
#6917 = ADVANCED_FACE('',(#6918),#1139,.T.);
#6918 = FACE_BOUND('',#6919,.T.);
#6919 = EDGE_LOOP('',(#6920,#6921,#6922,#6941));
#6920 = ORIENTED_EDGE('',*,*,#1124,.T.);
#6921 = ORIENTED_EDGE('',*,*,#6850,.T.);
#6922 = ORIENTED_EDGE('',*,*,#6923,.F.);
#6923 = EDGE_CURVE('',#6876,#6830,#6924,.T.);
#6924 = SURFACE_CURVE('',#6925,(#6929,#6935),.PCURVE_S1.);
#6925 = LINE('',#6926,#6927);
#6926 = CARTESIAN_POINT('',(-6.2,-3.86824680357,40.));
#6927 = VECTOR('',#6928,1.);
#6928 = DIRECTION('',(-1.538370149107E-16,-1.,0.));
#6929 = PCURVE('',#1139,#6930);
#6930 = DEFINITIONAL_REPRESENTATION('',(#6931),#6934);
#6931 = B_SPLINE_CURVE_WITH_KNOTS('',1,(#6932,#6933),.UNSPECIFIED.,.F.,
  .F.,(2,2),(-1.905255888326,3.86824680357),.PIECEWISE_BEZIER_KNOTS.);
#6932 = CARTESIAN_POINT('',(5.773502691896,-3.5));
#6933 = CARTESIAN_POINT('',(0.,-3.5));
#6934 = ( GEOMETRIC_REPRESENTATION_CONTEXT(2) 
PARAMETRIC_REPRESENTATION_CONTEXT() REPRESENTATION_CONTEXT('2D SPACE',''
  ) );
#6935 = PCURVE('',#5092,#6936);
#6936 = DEFINITIONAL_REPRESENTATION('',(#6937),#6940);
#6937 = B_SPLINE_CURVE_WITH_KNOTS('',1,(#6938,#6939),.UNSPECIFIED.,.F.,
  .F.,(2,2),(-1.905255888326,3.86824680357),.PIECEWISE_BEZIER_KNOTS.);
#6938 = CARTESIAN_POINT('',(-6.2,-1.962990915245));
#6939 = CARTESIAN_POINT('',(-6.2,-7.736493607141));
#6940 = ( GEOMETRIC_REPRESENTATION_CONTEXT(2) 
PARAMETRIC_REPRESENTATION_CONTEXT() REPRESENTATION_CONTEXT('2D SPACE',''
  ) );
#6941 = ORIENTED_EDGE('',*,*,#6875,.F.);
#6942 = ADVANCED_FACE('',(#6943),#1219,.T.);
#6943 = FACE_BOUND('',#6944,.T.);
#6944 = EDGE_LOOP('',(#6945,#6946,#6969,#6990));
#6945 = ORIENTED_EDGE('',*,*,#1202,.T.);
#6946 = ORIENTED_EDGE('',*,*,#6947,.T.);
#6947 = EDGE_CURVE('',#1205,#6948,#6950,.T.);
#6948 = VERTEX_POINT('',#6949);
#6949 = CARTESIAN_POINT('',(0.6,-31.0614444824,40.));
#6950 = SURFACE_CURVE('',#6951,(#6955,#6962),.PCURVE_S1.);
#6951 = LINE('',#6952,#6953);
#6952 = CARTESIAN_POINT('',(0.6,-31.0614444824,36.5));
#6953 = VECTOR('',#6954,1.);
#6954 = DIRECTION('',(0.,0.,1.));
#6955 = PCURVE('',#1219,#6956);
#6956 = DEFINITIONAL_REPRESENTATION('',(#6957),#6961);
#6957 = LINE('',#6958,#6959);
#6958 = CARTESIAN_POINT('',(0.,0.));
#6959 = VECTOR('',#6960,1.);
#6960 = DIRECTION('',(0.,-1.));
#6961 = ( GEOMETRIC_REPRESENTATION_CONTEXT(2) 
PARAMETRIC_REPRESENTATION_CONTEXT() REPRESENTATION_CONTEXT('2D SPACE',''
  ) );
#6962 = PCURVE('',#1245,#6963);
#6963 = DEFINITIONAL_REPRESENTATION('',(#6964),#6968);
#6964 = LINE('',#6965,#6966);
#6965 = CARTESIAN_POINT('',(5.773502691896,0.));
#6966 = VECTOR('',#6967,1.);
#6967 = DIRECTION('',(0.,-1.));
#6968 = ( GEOMETRIC_REPRESENTATION_CONTEXT(2) 
PARAMETRIC_REPRESENTATION_CONTEXT() REPRESENTATION_CONTEXT('2D SPACE',''
  ) );
#6969 = ORIENTED_EDGE('',*,*,#6970,.F.);
#6970 = EDGE_CURVE('',#6971,#6948,#6973,.T.);
#6971 = VERTEX_POINT('',#6972);
#6972 = CARTESIAN_POINT('',(0.6,-36.83494717429,40.));
#6973 = SURFACE_CURVE('',#6974,(#6978,#6984),.PCURVE_S1.);
#6974 = LINE('',#6975,#6976);
#6975 = CARTESIAN_POINT('',(0.6,-15.5307222412,40.));
#6976 = VECTOR('',#6977,1.);
#6977 = DIRECTION('',(4.615110447321E-16,1.,-0.));
#6978 = PCURVE('',#1219,#6979);
#6979 = DEFINITIONAL_REPRESENTATION('',(#6980),#6983);
#6980 = B_SPLINE_CURVE_WITH_KNOTS('',1,(#6981,#6982),.UNSPECIFIED.,.F.,
  .F.,(2,2),(-21.30422493309,-15.5307222412),.PIECEWISE_BEZIER_KNOTS.);
#6981 = CARTESIAN_POINT('',(5.773502691896,-3.5));
#6982 = CARTESIAN_POINT('',(0.,-3.5));
#6983 = ( GEOMETRIC_REPRESENTATION_CONTEXT(2) 
PARAMETRIC_REPRESENTATION_CONTEXT() REPRESENTATION_CONTEXT('2D SPACE',''
  ) );
#6984 = PCURVE('',#5092,#6985);
#6985 = DEFINITIONAL_REPRESENTATION('',(#6986),#6989);
#6986 = B_SPLINE_CURVE_WITH_KNOTS('',1,(#6987,#6988),.UNSPECIFIED.,.F.,
  .F.,(2,2),(-21.30422493309,-15.5307222412),.PIECEWISE_BEZIER_KNOTS.);
#6987 = CARTESIAN_POINT('',(0.6,-36.83494717429));
#6988 = CARTESIAN_POINT('',(0.6,-31.0614444824));
#6989 = ( GEOMETRIC_REPRESENTATION_CONTEXT(2) 
PARAMETRIC_REPRESENTATION_CONTEXT() REPRESENTATION_CONTEXT('2D SPACE',''
  ) );
#6990 = ORIENTED_EDGE('',*,*,#6991,.F.);
#6991 = EDGE_CURVE('',#1203,#6971,#6992,.T.);
#6992 = SURFACE_CURVE('',#6993,(#6997,#7004),.PCURVE_S1.);
#6993 = LINE('',#6994,#6995);
#6994 = CARTESIAN_POINT('',(0.6,-36.83494717429,36.5));
#6995 = VECTOR('',#6996,1.);
#6996 = DIRECTION('',(0.,0.,1.));
#6997 = PCURVE('',#1219,#6998);
#6998 = DEFINITIONAL_REPRESENTATION('',(#6999),#7003);
#6999 = LINE('',#7000,#7001);
#7000 = CARTESIAN_POINT('',(5.773502691896,0.));
#7001 = VECTOR('',#7002,1.);
#7002 = DIRECTION('',(0.,-1.));
#7003 = ( GEOMETRIC_REPRESENTATION_CONTEXT(2) 
PARAMETRIC_REPRESENTATION_CONTEXT() REPRESENTATION_CONTEXT('2D SPACE',''
  ) );
#7004 = PCURVE('',#1347,#7005);
#7005 = DEFINITIONAL_REPRESENTATION('',(#7006),#7010);
#7006 = LINE('',#7007,#7008);
#7007 = CARTESIAN_POINT('',(0.,0.));
#7008 = VECTOR('',#7009,1.);
#7009 = DIRECTION('',(0.,-1.));
#7010 = ( GEOMETRIC_REPRESENTATION_CONTEXT(2) 
PARAMETRIC_REPRESENTATION_CONTEXT() REPRESENTATION_CONTEXT('2D SPACE',''
  ) );
#7011 = ADVANCED_FACE('',(#7012),#1347,.T.);
#7012 = FACE_BOUND('',#7013,.T.);
#7013 = EDGE_LOOP('',(#7014,#7015,#7016,#7037));
#7014 = ORIENTED_EDGE('',*,*,#1334,.T.);
#7015 = ORIENTED_EDGE('',*,*,#6991,.T.);
#7016 = ORIENTED_EDGE('',*,*,#7017,.F.);
#7017 = EDGE_CURVE('',#7018,#6971,#7020,.T.);
#7018 = VERTEX_POINT('',#7019);
#7019 = CARTESIAN_POINT('',(5.6,-39.72169852024,40.));
#7020 = SURFACE_CURVE('',#7021,(#7025,#7031),.PCURVE_S1.);
#7021 = LINE('',#7022,#7023);
#7022 = CARTESIAN_POINT('',(-7.6,-32.10067496694,40.));
#7023 = VECTOR('',#7024,1.);
#7024 = DIRECTION('',(-0.866025403784,0.5,0.));
#7025 = PCURVE('',#1347,#7026);
#7026 = DEFINITIONAL_REPRESENTATION('',(#7027),#7030);
#7027 = B_SPLINE_CURVE_WITH_KNOTS('',1,(#7028,#7029),.UNSPECIFIED.,.F.,
  .F.,(2,2),(-15.2420471066,-9.46854441471),.PIECEWISE_BEZIER_KNOTS.);
#7028 = CARTESIAN_POINT('',(5.773502691896,-3.5));
#7029 = CARTESIAN_POINT('',(0.,-3.5));
#7030 = ( GEOMETRIC_REPRESENTATION_CONTEXT(2) 
PARAMETRIC_REPRESENTATION_CONTEXT() REPRESENTATION_CONTEXT('2D SPACE',''
  ) );
#7031 = PCURVE('',#5092,#7032);
#7032 = DEFINITIONAL_REPRESENTATION('',(#7033),#7036);
#7033 = B_SPLINE_CURVE_WITH_KNOTS('',1,(#7034,#7035),.UNSPECIFIED.,.F.,
  .F.,(2,2),(-15.2420471066,-9.46854441471),.PIECEWISE_BEZIER_KNOTS.);
#7034 = CARTESIAN_POINT('',(5.6,-39.72169852024));
#7035 = CARTESIAN_POINT('',(0.6,-36.83494717429));
#7036 = ( GEOMETRIC_REPRESENTATION_CONTEXT(2) 
PARAMETRIC_REPRESENTATION_CONTEXT() REPRESENTATION_CONTEXT('2D SPACE',''
  ) );
#7037 = ORIENTED_EDGE('',*,*,#7038,.F.);
#7038 = EDGE_CURVE('',#1309,#7018,#7039,.T.);
#7039 = SURFACE_CURVE('',#7040,(#7044,#7051),.PCURVE_S1.);
#7040 = LINE('',#7041,#7042);
#7041 = CARTESIAN_POINT('',(5.6,-39.72169852024,36.5));
#7042 = VECTOR('',#7043,1.);
#7043 = DIRECTION('',(0.,0.,1.));
#7044 = PCURVE('',#1347,#7045);
#7045 = DEFINITIONAL_REPRESENTATION('',(#7046),#7050);
#7046 = LINE('',#7047,#7048);
#7047 = CARTESIAN_POINT('',(5.773502691896,0.));
#7048 = VECTOR('',#7049,1.);
#7049 = DIRECTION('',(0.,-1.));
#7050 = ( GEOMETRIC_REPRESENTATION_CONTEXT(2) 
PARAMETRIC_REPRESENTATION_CONTEXT() REPRESENTATION_CONTEXT('2D SPACE',''
  ) );
#7051 = PCURVE('',#1323,#7052);
#7052 = DEFINITIONAL_REPRESENTATION('',(#7053),#7057);
#7053 = LINE('',#7054,#7055);
#7054 = CARTESIAN_POINT('',(0.,0.));
#7055 = VECTOR('',#7056,1.);
#7056 = DIRECTION('',(0.,-1.));
#7057 = ( GEOMETRIC_REPRESENTATION_CONTEXT(2) 
PARAMETRIC_REPRESENTATION_CONTEXT() REPRESENTATION_CONTEXT('2D SPACE',''
  ) );
#7058 = ADVANCED_FACE('',(#7059),#1245,.T.);
#7059 = FACE_BOUND('',#7060,.T.);
#7060 = EDGE_LOOP('',(#7061,#7062,#7085,#7104));
#7061 = ORIENTED_EDGE('',*,*,#1230,.T.);
#7062 = ORIENTED_EDGE('',*,*,#7063,.T.);
#7063 = EDGE_CURVE('',#1231,#7064,#7066,.T.);
#7064 = VERTEX_POINT('',#7065);
#7065 = CARTESIAN_POINT('',(5.6,-28.17469313645,40.));
#7066 = SURFACE_CURVE('',#7067,(#7071,#7078),.PCURVE_S1.);
#7067 = LINE('',#7068,#7069);
#7068 = CARTESIAN_POINT('',(5.6,-28.17469313645,36.5));
#7069 = VECTOR('',#7070,1.);
#7070 = DIRECTION('',(0.,0.,1.));
#7071 = PCURVE('',#1245,#7072);
#7072 = DEFINITIONAL_REPRESENTATION('',(#7073),#7077);
#7073 = LINE('',#7074,#7075);
#7074 = CARTESIAN_POINT('',(0.,0.));
#7075 = VECTOR('',#7076,1.);
#7076 = DIRECTION('',(0.,-1.));
#7077 = ( GEOMETRIC_REPRESENTATION_CONTEXT(2) 
PARAMETRIC_REPRESENTATION_CONTEXT() REPRESENTATION_CONTEXT('2D SPACE',''
  ) );
#7078 = PCURVE('',#1271,#7079);
#7079 = DEFINITIONAL_REPRESENTATION('',(#7080),#7084);
#7080 = LINE('',#7081,#7082);
#7081 = CARTESIAN_POINT('',(5.773502691896,0.));
#7082 = VECTOR('',#7083,1.);
#7083 = DIRECTION('',(0.,-1.));
#7084 = ( GEOMETRIC_REPRESENTATION_CONTEXT(2) 
PARAMETRIC_REPRESENTATION_CONTEXT() REPRESENTATION_CONTEXT('2D SPACE',''
  ) );
#7085 = ORIENTED_EDGE('',*,*,#7086,.F.);
#7086 = EDGE_CURVE('',#6948,#7064,#7087,.T.);
#7087 = SURFACE_CURVE('',#7088,(#7092,#7098),.PCURVE_S1.);
#7088 = LINE('',#7089,#7090);
#7089 = CARTESIAN_POINT('',(9.6,-25.86529205969,40.));
#7090 = VECTOR('',#7091,1.);
#7091 = DIRECTION('',(0.866025403784,0.5,-0.));
#7092 = PCURVE('',#1245,#7093);
#7093 = DEFINITIONAL_REPRESENTATION('',(#7094),#7097);
#7094 = B_SPLINE_CURVE_WITH_KNOTS('',1,(#7095,#7096),.UNSPECIFIED.,.F.,
  .F.,(2,2),(-10.39230484541,-4.618802153517),.PIECEWISE_BEZIER_KNOTS.);
#7095 = CARTESIAN_POINT('',(5.773502691896,-3.5));
#7096 = CARTESIAN_POINT('',(0.,-3.5));
#7097 = ( GEOMETRIC_REPRESENTATION_CONTEXT(2) 
PARAMETRIC_REPRESENTATION_CONTEXT() REPRESENTATION_CONTEXT('2D SPACE',''
  ) );
#7098 = PCURVE('',#5092,#7099);
#7099 = DEFINITIONAL_REPRESENTATION('',(#7100),#7103);
#7100 = B_SPLINE_CURVE_WITH_KNOTS('',1,(#7101,#7102),.UNSPECIFIED.,.F.,
  .F.,(2,2),(-10.39230484541,-4.618802153517),.PIECEWISE_BEZIER_KNOTS.);
#7101 = CARTESIAN_POINT('',(0.6,-31.0614444824));
#7102 = CARTESIAN_POINT('',(5.6,-28.17469313645));
#7103 = ( GEOMETRIC_REPRESENTATION_CONTEXT(2) 
PARAMETRIC_REPRESENTATION_CONTEXT() REPRESENTATION_CONTEXT('2D SPACE',''
  ) );
#7104 = ORIENTED_EDGE('',*,*,#6947,.F.);
#7105 = ADVANCED_FACE('',(#7106),#1323,.T.);
#7106 = FACE_BOUND('',#7107,.T.);
#7107 = EDGE_LOOP('',(#7108,#7109,#7110,#7131));
#7108 = ORIENTED_EDGE('',*,*,#1308,.T.);
#7109 = ORIENTED_EDGE('',*,*,#7038,.T.);
#7110 = ORIENTED_EDGE('',*,*,#7111,.F.);
#7111 = EDGE_CURVE('',#7112,#7018,#7114,.T.);
#7112 = VERTEX_POINT('',#7113);
#7113 = CARTESIAN_POINT('',(10.6,-36.83494717429,40.));
#7114 = SURFACE_CURVE('',#7115,(#7119,#7125),.PCURVE_S1.);
#7115 = LINE('',#7116,#7117);
#7116 = CARTESIAN_POINT('',(12.1,-35.96892177051,40.));
#7117 = VECTOR('',#7118,1.);
#7118 = DIRECTION('',(-0.866025403784,-0.5,0.));
#7119 = PCURVE('',#1323,#7120);
#7120 = DEFINITIONAL_REPRESENTATION('',(#7121),#7124);
#7121 = B_SPLINE_CURVE_WITH_KNOTS('',1,(#7122,#7123),.UNSPECIFIED.,.F.,
  .F.,(2,2),(1.732050807569,7.505553499465),.PIECEWISE_BEZIER_KNOTS.);
#7122 = CARTESIAN_POINT('',(5.773502691896,-3.5));
#7123 = CARTESIAN_POINT('',(0.,-3.5));
#7124 = ( GEOMETRIC_REPRESENTATION_CONTEXT(2) 
PARAMETRIC_REPRESENTATION_CONTEXT() REPRESENTATION_CONTEXT('2D SPACE',''
  ) );
#7125 = PCURVE('',#5092,#7126);
#7126 = DEFINITIONAL_REPRESENTATION('',(#7127),#7130);
#7127 = B_SPLINE_CURVE_WITH_KNOTS('',1,(#7128,#7129),.UNSPECIFIED.,.F.,
  .F.,(2,2),(1.732050807569,7.505553499465),.PIECEWISE_BEZIER_KNOTS.);
#7128 = CARTESIAN_POINT('',(10.6,-36.83494717429));
#7129 = CARTESIAN_POINT('',(5.6,-39.72169852024));
#7130 = ( GEOMETRIC_REPRESENTATION_CONTEXT(2) 
PARAMETRIC_REPRESENTATION_CONTEXT() REPRESENTATION_CONTEXT('2D SPACE',''
  ) );
#7131 = ORIENTED_EDGE('',*,*,#7132,.F.);
#7132 = EDGE_CURVE('',#1283,#7112,#7133,.T.);
#7133 = SURFACE_CURVE('',#7134,(#7138,#7145),.PCURVE_S1.);
#7134 = LINE('',#7135,#7136);
#7135 = CARTESIAN_POINT('',(10.6,-36.83494717429,36.5));
#7136 = VECTOR('',#7137,1.);
#7137 = DIRECTION('',(0.,0.,1.));
#7138 = PCURVE('',#1323,#7139);
#7139 = DEFINITIONAL_REPRESENTATION('',(#7140),#7144);
#7140 = LINE('',#7141,#7142);
#7141 = CARTESIAN_POINT('',(5.773502691896,0.));
#7142 = VECTOR('',#7143,1.);
#7143 = DIRECTION('',(0.,-1.));
#7144 = ( GEOMETRIC_REPRESENTATION_CONTEXT(2) 
PARAMETRIC_REPRESENTATION_CONTEXT() REPRESENTATION_CONTEXT('2D SPACE',''
  ) );
#7145 = PCURVE('',#1297,#7146);
#7146 = DEFINITIONAL_REPRESENTATION('',(#7147),#7151);
#7147 = LINE('',#7148,#7149);
#7148 = CARTESIAN_POINT('',(0.,0.));
#7149 = VECTOR('',#7150,1.);
#7150 = DIRECTION('',(0.,-1.));
#7151 = ( GEOMETRIC_REPRESENTATION_CONTEXT(2) 
PARAMETRIC_REPRESENTATION_CONTEXT() REPRESENTATION_CONTEXT('2D SPACE',''
  ) );
#7152 = ADVANCED_FACE('',(#7153),#1271,.T.);
#7153 = FACE_BOUND('',#7154,.T.);
#7154 = EDGE_LOOP('',(#7155,#7156,#7179,#7198));
#7155 = ORIENTED_EDGE('',*,*,#1256,.T.);
#7156 = ORIENTED_EDGE('',*,*,#7157,.T.);
#7157 = EDGE_CURVE('',#1257,#7158,#7160,.T.);
#7158 = VERTEX_POINT('',#7159);
#7159 = CARTESIAN_POINT('',(10.6,-31.0614444824,40.));
#7160 = SURFACE_CURVE('',#7161,(#7165,#7172),.PCURVE_S1.);
#7161 = LINE('',#7162,#7163);
#7162 = CARTESIAN_POINT('',(10.6,-31.0614444824,36.5));
#7163 = VECTOR('',#7164,1.);
#7164 = DIRECTION('',(0.,0.,1.));
#7165 = PCURVE('',#1271,#7166);
#7166 = DEFINITIONAL_REPRESENTATION('',(#7167),#7171);
#7167 = LINE('',#7168,#7169);
#7168 = CARTESIAN_POINT('',(0.,0.));
#7169 = VECTOR('',#7170,1.);
#7170 = DIRECTION('',(0.,-1.));
#7171 = ( GEOMETRIC_REPRESENTATION_CONTEXT(2) 
PARAMETRIC_REPRESENTATION_CONTEXT() REPRESENTATION_CONTEXT('2D SPACE',''
  ) );
#7172 = PCURVE('',#1297,#7173);
#7173 = DEFINITIONAL_REPRESENTATION('',(#7174),#7178);
#7174 = LINE('',#7175,#7176);
#7175 = CARTESIAN_POINT('',(5.773502691896,0.));
#7176 = VECTOR('',#7177,1.);
#7177 = DIRECTION('',(0.,-1.));
#7178 = ( GEOMETRIC_REPRESENTATION_CONTEXT(2) 
PARAMETRIC_REPRESENTATION_CONTEXT() REPRESENTATION_CONTEXT('2D SPACE',''
  ) );
#7179 = ORIENTED_EDGE('',*,*,#7180,.F.);
#7180 = EDGE_CURVE('',#7064,#7158,#7181,.T.);
#7181 = SURFACE_CURVE('',#7182,(#7186,#7192),.PCURVE_S1.);
#7182 = LINE('',#7183,#7184);
#7183 = CARTESIAN_POINT('',(-0.1,-24.88379660207,40.));
#7184 = VECTOR('',#7185,1.);
#7185 = DIRECTION('',(0.866025403784,-0.5,0.));
#7186 = PCURVE('',#1271,#7187);
#7187 = DEFINITIONAL_REPRESENTATION('',(#7188),#7191);
#7188 = B_SPLINE_CURVE_WITH_KNOTS('',1,(#7189,#7190),.UNSPECIFIED.,.F.,
  .F.,(2,2),(6.581793068762,12.355295760658),.PIECEWISE_BEZIER_KNOTS.);
#7189 = CARTESIAN_POINT('',(5.773502691896,-3.5));
#7190 = CARTESIAN_POINT('',(0.,-3.5));
#7191 = ( GEOMETRIC_REPRESENTATION_CONTEXT(2) 
PARAMETRIC_REPRESENTATION_CONTEXT() REPRESENTATION_CONTEXT('2D SPACE',''
  ) );
#7192 = PCURVE('',#5092,#7193);
#7193 = DEFINITIONAL_REPRESENTATION('',(#7194),#7197);
#7194 = B_SPLINE_CURVE_WITH_KNOTS('',1,(#7195,#7196),.UNSPECIFIED.,.F.,
  .F.,(2,2),(6.581793068762,12.355295760658),.PIECEWISE_BEZIER_KNOTS.);
#7195 = CARTESIAN_POINT('',(5.6,-28.17469313645));
#7196 = CARTESIAN_POINT('',(10.6,-31.0614444824));
#7197 = ( GEOMETRIC_REPRESENTATION_CONTEXT(2) 
PARAMETRIC_REPRESENTATION_CONTEXT() REPRESENTATION_CONTEXT('2D SPACE',''
  ) );
#7198 = ORIENTED_EDGE('',*,*,#7063,.F.);
#7199 = ADVANCED_FACE('',(#7200),#1297,.T.);
#7200 = FACE_BOUND('',#7201,.T.);
#7201 = EDGE_LOOP('',(#7202,#7203,#7204,#7223));
#7202 = ORIENTED_EDGE('',*,*,#1282,.T.);
#7203 = ORIENTED_EDGE('',*,*,#7132,.T.);
#7204 = ORIENTED_EDGE('',*,*,#7205,.F.);
#7205 = EDGE_CURVE('',#7158,#7112,#7206,.T.);
#7206 = SURFACE_CURVE('',#7207,(#7211,#7217),.PCURVE_S1.);
#7207 = LINE('',#7208,#7209);
#7208 = CARTESIAN_POINT('',(10.6,-18.41747358714,40.));
#7209 = VECTOR('',#7210,1.);
#7210 = DIRECTION('',(-1.538370149107E-16,-1.,0.));
#7211 = PCURVE('',#1297,#7212);
#7212 = DEFINITIONAL_REPRESENTATION('',(#7213),#7216);
#7213 = B_SPLINE_CURVE_WITH_KNOTS('',1,(#7214,#7215),.UNSPECIFIED.,.F.,
  .F.,(2,2),(12.643970895253,18.417473587149),.PIECEWISE_BEZIER_KNOTS.);
#7214 = CARTESIAN_POINT('',(5.773502691896,-3.5));
#7215 = CARTESIAN_POINT('',(0.,-3.5));
#7216 = ( GEOMETRIC_REPRESENTATION_CONTEXT(2) 
PARAMETRIC_REPRESENTATION_CONTEXT() REPRESENTATION_CONTEXT('2D SPACE',''
  ) );
#7217 = PCURVE('',#5092,#7218);
#7218 = DEFINITIONAL_REPRESENTATION('',(#7219),#7222);
#7219 = B_SPLINE_CURVE_WITH_KNOTS('',1,(#7220,#7221),.UNSPECIFIED.,.F.,
  .F.,(2,2),(12.643970895253,18.417473587149),.PIECEWISE_BEZIER_KNOTS.);
#7220 = CARTESIAN_POINT('',(10.6,-31.0614444824));
#7221 = CARTESIAN_POINT('',(10.6,-36.83494717429));
#7222 = ( GEOMETRIC_REPRESENTATION_CONTEXT(2) 
PARAMETRIC_REPRESENTATION_CONTEXT() REPRESENTATION_CONTEXT('2D SPACE',''
  ) );
#7223 = ORIENTED_EDGE('',*,*,#7157,.F.);
#7224 = ADVANCED_FACE('',(#7225),#1377,.T.);
#7225 = FACE_BOUND('',#7226,.T.);
#7226 = EDGE_LOOP('',(#7227,#7228,#7251,#7272));
#7227 = ORIENTED_EDGE('',*,*,#1360,.T.);
#7228 = ORIENTED_EDGE('',*,*,#7229,.T.);
#7229 = EDGE_CURVE('',#1363,#7230,#7232,.T.);
#7230 = VERTEX_POINT('',#7231);
#7231 = CARTESIAN_POINT('',(-5.,-21.36195996001,40.));
#7232 = SURFACE_CURVE('',#7233,(#7237,#7244),.PCURVE_S1.);
#7233 = LINE('',#7234,#7235);
#7234 = CARTESIAN_POINT('',(-5.,-21.36195996001,36.5));
#7235 = VECTOR('',#7236,1.);
#7236 = DIRECTION('',(0.,0.,1.));
#7237 = PCURVE('',#1377,#7238);
#7238 = DEFINITIONAL_REPRESENTATION('',(#7239),#7243);
#7239 = LINE('',#7240,#7241);
#7240 = CARTESIAN_POINT('',(0.,0.));
#7241 = VECTOR('',#7242,1.);
#7242 = DIRECTION('',(0.,-1.));
#7243 = ( GEOMETRIC_REPRESENTATION_CONTEXT(2) 
PARAMETRIC_REPRESENTATION_CONTEXT() REPRESENTATION_CONTEXT('2D SPACE',''
  ) );
#7244 = PCURVE('',#1403,#7245);
#7245 = DEFINITIONAL_REPRESENTATION('',(#7246),#7250);
#7246 = LINE('',#7247,#7248);
#7247 = CARTESIAN_POINT('',(5.773502691896,0.));
#7248 = VECTOR('',#7249,1.);
#7249 = DIRECTION('',(0.,-1.));
#7250 = ( GEOMETRIC_REPRESENTATION_CONTEXT(2) 
PARAMETRIC_REPRESENTATION_CONTEXT() REPRESENTATION_CONTEXT('2D SPACE',''
  ) );
#7251 = ORIENTED_EDGE('',*,*,#7252,.F.);
#7252 = EDGE_CURVE('',#7253,#7230,#7255,.T.);
#7253 = VERTEX_POINT('',#7254);
#7254 = CARTESIAN_POINT('',(-5.,-27.13546265191,40.));
#7255 = SURFACE_CURVE('',#7256,(#7260,#7266),.PCURVE_S1.);
#7256 = LINE('',#7257,#7258);
#7257 = CARTESIAN_POINT('',(-5.,-10.68097998,40.));
#7258 = VECTOR('',#7259,1.);
#7259 = DIRECTION('',(4.615110447321E-16,1.,-0.));
#7260 = PCURVE('',#1377,#7261);
#7261 = DEFINITIONAL_REPRESENTATION('',(#7262),#7265);
#7262 = B_SPLINE_CURVE_WITH_KNOTS('',1,(#7263,#7264),.UNSPECIFIED.,.F.,
  .F.,(2,2),(-16.4544826719,-10.68097998),.PIECEWISE_BEZIER_KNOTS.);
#7263 = CARTESIAN_POINT('',(5.773502691896,-3.5));
#7264 = CARTESIAN_POINT('',(0.,-3.5));
#7265 = ( GEOMETRIC_REPRESENTATION_CONTEXT(2) 
PARAMETRIC_REPRESENTATION_CONTEXT() REPRESENTATION_CONTEXT('2D SPACE',''
  ) );
#7266 = PCURVE('',#5092,#7267);
#7267 = DEFINITIONAL_REPRESENTATION('',(#7268),#7271);
#7268 = B_SPLINE_CURVE_WITH_KNOTS('',1,(#7269,#7270),.UNSPECIFIED.,.F.,
  .F.,(2,2),(-16.4544826719,-10.68097998),.PIECEWISE_BEZIER_KNOTS.);
#7269 = CARTESIAN_POINT('',(-5.,-27.13546265191));
#7270 = CARTESIAN_POINT('',(-5.,-21.36195996001));
#7271 = ( GEOMETRIC_REPRESENTATION_CONTEXT(2) 
PARAMETRIC_REPRESENTATION_CONTEXT() REPRESENTATION_CONTEXT('2D SPACE',''
  ) );
#7272 = ORIENTED_EDGE('',*,*,#7273,.F.);
#7273 = EDGE_CURVE('',#1361,#7253,#7274,.T.);
#7274 = SURFACE_CURVE('',#7275,(#7279,#7286),.PCURVE_S1.);
#7275 = LINE('',#7276,#7277);
#7276 = CARTESIAN_POINT('',(-5.,-27.13546265191,36.5));
#7277 = VECTOR('',#7278,1.);
#7278 = DIRECTION('',(0.,0.,1.));
#7279 = PCURVE('',#1377,#7280);
#7280 = DEFINITIONAL_REPRESENTATION('',(#7281),#7285);
#7281 = LINE('',#7282,#7283);
#7282 = CARTESIAN_POINT('',(5.773502691896,0.));
#7283 = VECTOR('',#7284,1.);
#7284 = DIRECTION('',(0.,-1.));
#7285 = ( GEOMETRIC_REPRESENTATION_CONTEXT(2) 
PARAMETRIC_REPRESENTATION_CONTEXT() REPRESENTATION_CONTEXT('2D SPACE',''
  ) );
#7286 = PCURVE('',#1505,#7287);
#7287 = DEFINITIONAL_REPRESENTATION('',(#7288),#7292);
#7288 = LINE('',#7289,#7290);
#7289 = CARTESIAN_POINT('',(0.,0.));
#7290 = VECTOR('',#7291,1.);
#7291 = DIRECTION('',(0.,-1.));
#7292 = ( GEOMETRIC_REPRESENTATION_CONTEXT(2) 
PARAMETRIC_REPRESENTATION_CONTEXT() REPRESENTATION_CONTEXT('2D SPACE',''
  ) );
#7293 = ADVANCED_FACE('',(#7294),#1505,.T.);
#7294 = FACE_BOUND('',#7295,.T.);
#7295 = EDGE_LOOP('',(#7296,#7297,#7298,#7319));
#7296 = ORIENTED_EDGE('',*,*,#1492,.T.);
#7297 = ORIENTED_EDGE('',*,*,#7273,.T.);
#7298 = ORIENTED_EDGE('',*,*,#7299,.F.);
#7299 = EDGE_CURVE('',#7300,#7253,#7302,.T.);
#7300 = VERTEX_POINT('',#7301);
#7301 = CARTESIAN_POINT('',(7.157816006753E-16,-30.02221399786,40.));
#7302 = SURFACE_CURVE('',#7303,(#7307,#7313),.PCURVE_S1.);
#7303 = LINE('',#7304,#7305);
#7304 = CARTESIAN_POINT('',(-9.,-24.82606157515,40.));
#7305 = VECTOR('',#7306,1.);
#7306 = DIRECTION('',(-0.866025403784,0.5,0.));
#7307 = PCURVE('',#1505,#7308);
#7308 = DEFINITIONAL_REPRESENTATION('',(#7309),#7312);
#7309 = B_SPLINE_CURVE_WITH_KNOTS('',1,(#7310,#7311),.UNSPECIFIED.,.F.,
  .F.,(2,2),(-10.39230484541,-4.618802153517),.PIECEWISE_BEZIER_KNOTS.);
#7310 = CARTESIAN_POINT('',(5.773502691896,-3.5));
#7311 = CARTESIAN_POINT('',(0.,-3.5));
#7312 = ( GEOMETRIC_REPRESENTATION_CONTEXT(2) 
PARAMETRIC_REPRESENTATION_CONTEXT() REPRESENTATION_CONTEXT('2D SPACE',''
  ) );
#7313 = PCURVE('',#5092,#7314);
#7314 = DEFINITIONAL_REPRESENTATION('',(#7315),#7318);
#7315 = B_SPLINE_CURVE_WITH_KNOTS('',1,(#7316,#7317),.UNSPECIFIED.,.F.,
  .F.,(2,2),(-10.39230484541,-4.618802153517),.PIECEWISE_BEZIER_KNOTS.);
#7316 = CARTESIAN_POINT('',(2.803048828943E-15,-30.02221399786));
#7317 = CARTESIAN_POINT('',(-5.,-27.13546265191));
#7318 = ( GEOMETRIC_REPRESENTATION_CONTEXT(2) 
PARAMETRIC_REPRESENTATION_CONTEXT() REPRESENTATION_CONTEXT('2D SPACE',''
  ) );
#7319 = ORIENTED_EDGE('',*,*,#7320,.F.);
#7320 = EDGE_CURVE('',#1467,#7300,#7321,.T.);
#7321 = SURFACE_CURVE('',#7322,(#7326,#7333),.PCURVE_S1.);
#7322 = LINE('',#7323,#7324);
#7323 = CARTESIAN_POINT('',(7.157816006753E-16,-30.02221399786,36.5));
#7324 = VECTOR('',#7325,1.);
#7325 = DIRECTION('',(0.,0.,1.));
#7326 = PCURVE('',#1505,#7327);
#7327 = DEFINITIONAL_REPRESENTATION('',(#7328),#7332);
#7328 = LINE('',#7329,#7330);
#7329 = CARTESIAN_POINT('',(5.773502691896,0.));
#7330 = VECTOR('',#7331,1.);
#7331 = DIRECTION('',(0.,-1.));
#7332 = ( GEOMETRIC_REPRESENTATION_CONTEXT(2) 
PARAMETRIC_REPRESENTATION_CONTEXT() REPRESENTATION_CONTEXT('2D SPACE',''
  ) );
#7333 = PCURVE('',#1481,#7334);
#7334 = DEFINITIONAL_REPRESENTATION('',(#7335),#7339);
#7335 = LINE('',#7336,#7337);
#7336 = CARTESIAN_POINT('',(0.,0.));
#7337 = VECTOR('',#7338,1.);
#7338 = DIRECTION('',(0.,-1.));
#7339 = ( GEOMETRIC_REPRESENTATION_CONTEXT(2) 
PARAMETRIC_REPRESENTATION_CONTEXT() REPRESENTATION_CONTEXT('2D SPACE',''
  ) );
#7340 = ADVANCED_FACE('',(#7341),#1403,.T.);
#7341 = FACE_BOUND('',#7342,.T.);
#7342 = EDGE_LOOP('',(#7343,#7344,#7367,#7386));
#7343 = ORIENTED_EDGE('',*,*,#1388,.T.);
#7344 = ORIENTED_EDGE('',*,*,#7345,.T.);
#7345 = EDGE_CURVE('',#1389,#7346,#7348,.T.);
#7346 = VERTEX_POINT('',#7347);
#7347 = CARTESIAN_POINT('',(2.129881918975E-15,-18.47520861406,40.));
#7348 = SURFACE_CURVE('',#7349,(#7353,#7360),.PCURVE_S1.);
#7349 = LINE('',#7350,#7351);
#7350 = CARTESIAN_POINT('',(2.129881918975E-15,-18.47520861406,36.5));
#7351 = VECTOR('',#7352,1.);
#7352 = DIRECTION('',(0.,0.,1.));
#7353 = PCURVE('',#1403,#7354);
#7354 = DEFINITIONAL_REPRESENTATION('',(#7355),#7359);
#7355 = LINE('',#7356,#7357);
#7356 = CARTESIAN_POINT('',(0.,0.));
#7357 = VECTOR('',#7358,1.);
#7358 = DIRECTION('',(0.,-1.));
#7359 = ( GEOMETRIC_REPRESENTATION_CONTEXT(2) 
PARAMETRIC_REPRESENTATION_CONTEXT() REPRESENTATION_CONTEXT('2D SPACE',''
  ) );
#7360 = PCURVE('',#1429,#7361);
#7361 = DEFINITIONAL_REPRESENTATION('',(#7362),#7366);
#7362 = LINE('',#7363,#7364);
#7363 = CARTESIAN_POINT('',(5.773502691896,0.));
#7364 = VECTOR('',#7365,1.);
#7365 = DIRECTION('',(0.,-1.));
#7366 = ( GEOMETRIC_REPRESENTATION_CONTEXT(2) 
PARAMETRIC_REPRESENTATION_CONTEXT() REPRESENTATION_CONTEXT('2D SPACE',''
  ) );
#7367 = ORIENTED_EDGE('',*,*,#7368,.F.);
#7368 = EDGE_CURVE('',#7230,#7346,#7369,.T.);
#7369 = SURFACE_CURVE('',#7370,(#7374,#7380),.PCURVE_S1.);
#7370 = LINE('',#7371,#7372);
#7371 = CARTESIAN_POINT('',(4.,-16.16580753731,40.));
#7372 = VECTOR('',#7373,1.);
#7373 = DIRECTION('',(0.866025403784,0.5,-0.));
#7374 = PCURVE('',#1403,#7375);
#7375 = DEFINITIONAL_REPRESENTATION('',(#7376),#7379);
#7376 = B_SPLINE_CURVE_WITH_KNOTS('',1,(#7377,#7378),.UNSPECIFIED.,.F.,
  .F.,(2,2),(-10.39230484541,-4.618802153517),.PIECEWISE_BEZIER_KNOTS.);
#7377 = CARTESIAN_POINT('',(5.773502691896,-3.5));
#7378 = CARTESIAN_POINT('',(0.,-3.5));
#7379 = ( GEOMETRIC_REPRESENTATION_CONTEXT(2) 
PARAMETRIC_REPRESENTATION_CONTEXT() REPRESENTATION_CONTEXT('2D SPACE',''
  ) );
#7380 = PCURVE('',#5092,#7381);
#7381 = DEFINITIONAL_REPRESENTATION('',(#7382),#7385);
#7382 = B_SPLINE_CURVE_WITH_KNOTS('',1,(#7383,#7384),.UNSPECIFIED.,.F.,
  .F.,(2,2),(-10.39230484541,-4.618802153517),.PIECEWISE_BEZIER_KNOTS.);
#7383 = CARTESIAN_POINT('',(-5.,-21.36195996001));
#7384 = CARTESIAN_POINT('',(3.402839304653E-15,-18.47520861406));
#7385 = ( GEOMETRIC_REPRESENTATION_CONTEXT(2) 
PARAMETRIC_REPRESENTATION_CONTEXT() REPRESENTATION_CONTEXT('2D SPACE',''
  ) );
#7386 = ORIENTED_EDGE('',*,*,#7229,.F.);
#7387 = ADVANCED_FACE('',(#7388),#1481,.T.);
#7388 = FACE_BOUND('',#7389,.T.);
#7389 = EDGE_LOOP('',(#7390,#7391,#7392,#7413));
#7390 = ORIENTED_EDGE('',*,*,#1466,.T.);
#7391 = ORIENTED_EDGE('',*,*,#7320,.T.);
#7392 = ORIENTED_EDGE('',*,*,#7393,.F.);
#7393 = EDGE_CURVE('',#7394,#7300,#7396,.T.);
#7394 = VERTEX_POINT('',#7395);
#7395 = CARTESIAN_POINT('',(5.,-27.13546265191,40.));
#7396 = SURFACE_CURVE('',#7397,(#7401,#7407),.PCURVE_S1.);
#7397 = LINE('',#7398,#7399);
#7398 = CARTESIAN_POINT('',(6.5,-26.26943724812,40.));
#7399 = VECTOR('',#7400,1.);
#7400 = DIRECTION('',(-0.866025403784,-0.5,0.));
#7401 = PCURVE('',#1481,#7402);
#7402 = DEFINITIONAL_REPRESENTATION('',(#7403),#7406);
#7403 = B_SPLINE_CURVE_WITH_KNOTS('',1,(#7404,#7405),.UNSPECIFIED.,.F.,
  .F.,(2,2),(1.732050807569,7.505553499465),.PIECEWISE_BEZIER_KNOTS.);
#7404 = CARTESIAN_POINT('',(5.773502691896,-3.5));
#7405 = CARTESIAN_POINT('',(0.,-3.5));
#7406 = ( GEOMETRIC_REPRESENTATION_CONTEXT(2) 
PARAMETRIC_REPRESENTATION_CONTEXT() REPRESENTATION_CONTEXT('2D SPACE',''
  ) );
#7407 = PCURVE('',#5092,#7408);
#7408 = DEFINITIONAL_REPRESENTATION('',(#7409),#7412);
#7409 = B_SPLINE_CURVE_WITH_KNOTS('',1,(#7410,#7411),.UNSPECIFIED.,.F.,
  .F.,(2,2),(1.732050807569,7.505553499465),.PIECEWISE_BEZIER_KNOTS.);
#7410 = CARTESIAN_POINT('',(5.,-27.13546265191));
#7411 = CARTESIAN_POINT('',(1.302795333802E-15,-30.02221399786));
#7412 = ( GEOMETRIC_REPRESENTATION_CONTEXT(2) 
PARAMETRIC_REPRESENTATION_CONTEXT() REPRESENTATION_CONTEXT('2D SPACE',''
  ) );
#7413 = ORIENTED_EDGE('',*,*,#7414,.F.);
#7414 = EDGE_CURVE('',#1441,#7394,#7415,.T.);
#7415 = SURFACE_CURVE('',#7416,(#7420,#7427),.PCURVE_S1.);
#7416 = LINE('',#7417,#7418);
#7417 = CARTESIAN_POINT('',(5.,-27.13546265191,36.5));
#7418 = VECTOR('',#7419,1.);
#7419 = DIRECTION('',(0.,0.,1.));
#7420 = PCURVE('',#1481,#7421);
#7421 = DEFINITIONAL_REPRESENTATION('',(#7422),#7426);
#7422 = LINE('',#7423,#7424);
#7423 = CARTESIAN_POINT('',(5.773502691896,0.));
#7424 = VECTOR('',#7425,1.);
#7425 = DIRECTION('',(0.,-1.));
#7426 = ( GEOMETRIC_REPRESENTATION_CONTEXT(2) 
PARAMETRIC_REPRESENTATION_CONTEXT() REPRESENTATION_CONTEXT('2D SPACE',''
  ) );
#7427 = PCURVE('',#1455,#7428);
#7428 = DEFINITIONAL_REPRESENTATION('',(#7429),#7433);
#7429 = LINE('',#7430,#7431);
#7430 = CARTESIAN_POINT('',(0.,0.));
#7431 = VECTOR('',#7432,1.);
#7432 = DIRECTION('',(0.,-1.));
#7433 = ( GEOMETRIC_REPRESENTATION_CONTEXT(2) 
PARAMETRIC_REPRESENTATION_CONTEXT() REPRESENTATION_CONTEXT('2D SPACE',''
  ) );
#7434 = ADVANCED_FACE('',(#7435),#1429,.T.);
#7435 = FACE_BOUND('',#7436,.T.);
#7436 = EDGE_LOOP('',(#7437,#7438,#7461,#7480));
#7437 = ORIENTED_EDGE('',*,*,#1414,.T.);
#7438 = ORIENTED_EDGE('',*,*,#7439,.T.);
#7439 = EDGE_CURVE('',#1415,#7440,#7442,.T.);
#7440 = VERTEX_POINT('',#7441);
#7441 = CARTESIAN_POINT('',(5.,-21.36195996001,40.));
#7442 = SURFACE_CURVE('',#7443,(#7447,#7454),.PCURVE_S1.);
#7443 = LINE('',#7444,#7445);
#7444 = CARTESIAN_POINT('',(5.,-21.36195996001,36.5));
#7445 = VECTOR('',#7446,1.);
#7446 = DIRECTION('',(0.,0.,1.));
#7447 = PCURVE('',#1429,#7448);
#7448 = DEFINITIONAL_REPRESENTATION('',(#7449),#7453);
#7449 = LINE('',#7450,#7451);
#7450 = CARTESIAN_POINT('',(0.,0.));
#7451 = VECTOR('',#7452,1.);
#7452 = DIRECTION('',(0.,-1.));
#7453 = ( GEOMETRIC_REPRESENTATION_CONTEXT(2) 
PARAMETRIC_REPRESENTATION_CONTEXT() REPRESENTATION_CONTEXT('2D SPACE',''
  ) );
#7454 = PCURVE('',#1455,#7455);
#7455 = DEFINITIONAL_REPRESENTATION('',(#7456),#7460);
#7456 = LINE('',#7457,#7458);
#7457 = CARTESIAN_POINT('',(5.773502691896,0.));
#7458 = VECTOR('',#7459,1.);
#7459 = DIRECTION('',(0.,-1.));
#7460 = ( GEOMETRIC_REPRESENTATION_CONTEXT(2) 
PARAMETRIC_REPRESENTATION_CONTEXT() REPRESENTATION_CONTEXT('2D SPACE',''
  ) );
#7461 = ORIENTED_EDGE('',*,*,#7462,.F.);
#7462 = EDGE_CURVE('',#7346,#7440,#7463,.T.);
#7463 = SURFACE_CURVE('',#7464,(#7468,#7474),.PCURVE_S1.);
#7464 = LINE('',#7465,#7466);
#7465 = CARTESIAN_POINT('',(-1.5,-17.60918321028,40.));
#7466 = VECTOR('',#7467,1.);
#7467 = DIRECTION('',(0.866025403784,-0.5,0.));
#7468 = PCURVE('',#1429,#7469);
#7469 = DEFINITIONAL_REPRESENTATION('',(#7470),#7473);
#7470 = B_SPLINE_CURVE_WITH_KNOTS('',1,(#7471,#7472),.UNSPECIFIED.,.F.,
  .F.,(2,2),(1.732050807569,7.505553499465),.PIECEWISE_BEZIER_KNOTS.);
#7471 = CARTESIAN_POINT('',(5.773502691896,-3.5));
#7472 = CARTESIAN_POINT('',(0.,-3.5));
#7473 = ( GEOMETRIC_REPRESENTATION_CONTEXT(2) 
PARAMETRIC_REPRESENTATION_CONTEXT() REPRESENTATION_CONTEXT('2D SPACE',''
  ) );
#7474 = PCURVE('',#5092,#7475);
#7475 = DEFINITIONAL_REPRESENTATION('',(#7476),#7479);
#7476 = B_SPLINE_CURVE_WITH_KNOTS('',1,(#7477,#7478),.UNSPECIFIED.,.F.,
  .F.,(2,2),(1.732050807569,7.505553499465),.PIECEWISE_BEZIER_KNOTS.);
#7477 = CARTESIAN_POINT('',(2.060439542865E-15,-18.47520861406));
#7478 = CARTESIAN_POINT('',(5.,-21.36195996001));
#7479 = ( GEOMETRIC_REPRESENTATION_CONTEXT(2) 
PARAMETRIC_REPRESENTATION_CONTEXT() REPRESENTATION_CONTEXT('2D SPACE',''
  ) );
#7480 = ORIENTED_EDGE('',*,*,#7345,.F.);
#7481 = ADVANCED_FACE('',(#7482),#1455,.T.);
#7482 = FACE_BOUND('',#7483,.T.);
#7483 = EDGE_LOOP('',(#7484,#7485,#7486,#7505));
#7484 = ORIENTED_EDGE('',*,*,#1440,.T.);
#7485 = ORIENTED_EDGE('',*,*,#7414,.T.);
#7486 = ORIENTED_EDGE('',*,*,#7487,.F.);
#7487 = EDGE_CURVE('',#7440,#7394,#7488,.T.);
#7488 = SURFACE_CURVE('',#7489,(#7493,#7499),.PCURVE_S1.);
#7489 = LINE('',#7490,#7491);
#7490 = CARTESIAN_POINT('',(5.,-13.56773132595,40.));
#7491 = VECTOR('',#7492,1.);
#7492 = DIRECTION('',(-1.538370149107E-16,-1.,0.));
#7493 = PCURVE('',#1455,#7494);
#7494 = DEFINITIONAL_REPRESENTATION('',(#7495),#7498);
#7495 = B_SPLINE_CURVE_WITH_KNOTS('',1,(#7496,#7497),.UNSPECIFIED.,.F.,
  .F.,(2,2),(7.79422863406,13.567731325956),.PIECEWISE_BEZIER_KNOTS.);
#7496 = CARTESIAN_POINT('',(5.773502691896,-3.5));
#7497 = CARTESIAN_POINT('',(0.,-3.5));
#7498 = ( GEOMETRIC_REPRESENTATION_CONTEXT(2) 
PARAMETRIC_REPRESENTATION_CONTEXT() REPRESENTATION_CONTEXT('2D SPACE',''
  ) );
#7499 = PCURVE('',#5092,#7500);
#7500 = DEFINITIONAL_REPRESENTATION('',(#7501),#7504);
#7501 = B_SPLINE_CURVE_WITH_KNOTS('',1,(#7502,#7503),.UNSPECIFIED.,.F.,
  .F.,(2,2),(7.79422863406,13.567731325956),.PIECEWISE_BEZIER_KNOTS.);
#7502 = CARTESIAN_POINT('',(5.,-21.36195996001));
#7503 = CARTESIAN_POINT('',(5.,-27.13546265191));
#7504 = ( GEOMETRIC_REPRESENTATION_CONTEXT(2) 
PARAMETRIC_REPRESENTATION_CONTEXT() REPRESENTATION_CONTEXT('2D SPACE',''
  ) );
#7505 = ORIENTED_EDGE('',*,*,#7439,.F.);
#7506 = ADVANCED_FACE('',(#7507),#1535,.T.);
#7507 = FACE_BOUND('',#7508,.T.);
#7508 = EDGE_LOOP('',(#7509,#7510,#7533,#7554));
#7509 = ORIENTED_EDGE('',*,*,#1518,.T.);
#7510 = ORIENTED_EDGE('',*,*,#7511,.T.);
#7511 = EDGE_CURVE('',#1521,#7512,#7514,.T.);
#7512 = VERTEX_POINT('',#7513);
#7513 = CARTESIAN_POINT('',(6.2,-21.36195996001,40.));
#7514 = SURFACE_CURVE('',#7515,(#7519,#7526),.PCURVE_S1.);
#7515 = LINE('',#7516,#7517);
#7516 = CARTESIAN_POINT('',(6.2,-21.36195996001,36.5));
#7517 = VECTOR('',#7518,1.);
#7518 = DIRECTION('',(0.,0.,1.));
#7519 = PCURVE('',#1535,#7520);
#7520 = DEFINITIONAL_REPRESENTATION('',(#7521),#7525);
#7521 = LINE('',#7522,#7523);
#7522 = CARTESIAN_POINT('',(0.,0.));
#7523 = VECTOR('',#7524,1.);
#7524 = DIRECTION('',(0.,-1.));
#7525 = ( GEOMETRIC_REPRESENTATION_CONTEXT(2) 
PARAMETRIC_REPRESENTATION_CONTEXT() REPRESENTATION_CONTEXT('2D SPACE',''
  ) );
#7526 = PCURVE('',#1561,#7527);
#7527 = DEFINITIONAL_REPRESENTATION('',(#7528),#7532);
#7528 = LINE('',#7529,#7530);
#7529 = CARTESIAN_POINT('',(5.773502691896,0.));
#7530 = VECTOR('',#7531,1.);
#7531 = DIRECTION('',(0.,-1.));
#7532 = ( GEOMETRIC_REPRESENTATION_CONTEXT(2) 
PARAMETRIC_REPRESENTATION_CONTEXT() REPRESENTATION_CONTEXT('2D SPACE',''
  ) );
#7533 = ORIENTED_EDGE('',*,*,#7534,.F.);
#7534 = EDGE_CURVE('',#7535,#7512,#7537,.T.);
#7535 = VERTEX_POINT('',#7536);
#7536 = CARTESIAN_POINT('',(6.2,-27.13546265191,40.));
#7537 = SURFACE_CURVE('',#7538,(#7542,#7548),.PCURVE_S1.);
#7538 = LINE('',#7539,#7540);
#7539 = CARTESIAN_POINT('',(6.2,-10.68097998,40.));
#7540 = VECTOR('',#7541,1.);
#7541 = DIRECTION('',(4.615110447321E-16,1.,-0.));
#7542 = PCURVE('',#1535,#7543);
#7543 = DEFINITIONAL_REPRESENTATION('',(#7544),#7547);
#7544 = B_SPLINE_CURVE_WITH_KNOTS('',1,(#7545,#7546),.UNSPECIFIED.,.F.,
  .F.,(2,2),(-16.4544826719,-10.68097998),.PIECEWISE_BEZIER_KNOTS.);
#7545 = CARTESIAN_POINT('',(5.773502691896,-3.5));
#7546 = CARTESIAN_POINT('',(0.,-3.5));
#7547 = ( GEOMETRIC_REPRESENTATION_CONTEXT(2) 
PARAMETRIC_REPRESENTATION_CONTEXT() REPRESENTATION_CONTEXT('2D SPACE',''
  ) );
#7548 = PCURVE('',#5092,#7549);
#7549 = DEFINITIONAL_REPRESENTATION('',(#7550),#7553);
#7550 = B_SPLINE_CURVE_WITH_KNOTS('',1,(#7551,#7552),.UNSPECIFIED.,.F.,
  .F.,(2,2),(-16.4544826719,-10.68097998),.PIECEWISE_BEZIER_KNOTS.);
#7551 = CARTESIAN_POINT('',(6.2,-27.13546265191));
#7552 = CARTESIAN_POINT('',(6.2,-21.36195996001));
#7553 = ( GEOMETRIC_REPRESENTATION_CONTEXT(2) 
PARAMETRIC_REPRESENTATION_CONTEXT() REPRESENTATION_CONTEXT('2D SPACE',''
  ) );
#7554 = ORIENTED_EDGE('',*,*,#7555,.F.);
#7555 = EDGE_CURVE('',#1519,#7535,#7556,.T.);
#7556 = SURFACE_CURVE('',#7557,(#7561,#7568),.PCURVE_S1.);
#7557 = LINE('',#7558,#7559);
#7558 = CARTESIAN_POINT('',(6.2,-27.13546265191,36.5));
#7559 = VECTOR('',#7560,1.);
#7560 = DIRECTION('',(0.,0.,1.));
#7561 = PCURVE('',#1535,#7562);
#7562 = DEFINITIONAL_REPRESENTATION('',(#7563),#7567);
#7563 = LINE('',#7564,#7565);
#7564 = CARTESIAN_POINT('',(5.773502691896,0.));
#7565 = VECTOR('',#7566,1.);
#7566 = DIRECTION('',(0.,-1.));
#7567 = ( GEOMETRIC_REPRESENTATION_CONTEXT(2) 
PARAMETRIC_REPRESENTATION_CONTEXT() REPRESENTATION_CONTEXT('2D SPACE',''
  ) );
#7568 = PCURVE('',#1663,#7569);
#7569 = DEFINITIONAL_REPRESENTATION('',(#7570),#7574);
#7570 = LINE('',#7571,#7572);
#7571 = CARTESIAN_POINT('',(0.,0.));
#7572 = VECTOR('',#7573,1.);
#7573 = DIRECTION('',(0.,-1.));
#7574 = ( GEOMETRIC_REPRESENTATION_CONTEXT(2) 
PARAMETRIC_REPRESENTATION_CONTEXT() REPRESENTATION_CONTEXT('2D SPACE',''
  ) );
#7575 = ADVANCED_FACE('',(#7576),#1663,.T.);
#7576 = FACE_BOUND('',#7577,.T.);
#7577 = EDGE_LOOP('',(#7578,#7579,#7580,#7601));
#7578 = ORIENTED_EDGE('',*,*,#1650,.T.);
#7579 = ORIENTED_EDGE('',*,*,#7555,.T.);
#7580 = ORIENTED_EDGE('',*,*,#7581,.F.);
#7581 = EDGE_CURVE('',#7582,#7535,#7584,.T.);
#7582 = VERTEX_POINT('',#7583);
#7583 = CARTESIAN_POINT('',(11.2,-30.02221399786,40.));
#7584 = SURFACE_CURVE('',#7585,(#7589,#7595),.PCURVE_S1.);
#7585 = LINE('',#7586,#7587);
#7586 = CARTESIAN_POINT('',(-2.,-22.40119044455,40.));
#7587 = VECTOR('',#7588,1.);
#7588 = DIRECTION('',(-0.866025403784,0.5,0.));
#7589 = PCURVE('',#1663,#7590);
#7590 = DEFINITIONAL_REPRESENTATION('',(#7591),#7594);
#7591 = B_SPLINE_CURVE_WITH_KNOTS('',1,(#7592,#7593),.UNSPECIFIED.,.F.,
  .F.,(2,2),(-15.2420471066,-9.46854441471),.PIECEWISE_BEZIER_KNOTS.);
#7592 = CARTESIAN_POINT('',(5.773502691896,-3.5));
#7593 = CARTESIAN_POINT('',(0.,-3.5));
#7594 = ( GEOMETRIC_REPRESENTATION_CONTEXT(2) 
PARAMETRIC_REPRESENTATION_CONTEXT() REPRESENTATION_CONTEXT('2D SPACE',''
  ) );
#7595 = PCURVE('',#5092,#7596);
#7596 = DEFINITIONAL_REPRESENTATION('',(#7597),#7600);
#7597 = B_SPLINE_CURVE_WITH_KNOTS('',1,(#7598,#7599),.UNSPECIFIED.,.F.,
  .F.,(2,2),(-15.2420471066,-9.46854441471),.PIECEWISE_BEZIER_KNOTS.);
#7598 = CARTESIAN_POINT('',(11.2,-30.02221399786));
#7599 = CARTESIAN_POINT('',(6.2,-27.13546265191));
#7600 = ( GEOMETRIC_REPRESENTATION_CONTEXT(2) 
PARAMETRIC_REPRESENTATION_CONTEXT() REPRESENTATION_CONTEXT('2D SPACE',''
  ) );
#7601 = ORIENTED_EDGE('',*,*,#7602,.F.);
#7602 = EDGE_CURVE('',#1625,#7582,#7603,.T.);
#7603 = SURFACE_CURVE('',#7604,(#7608,#7615),.PCURVE_S1.);
#7604 = LINE('',#7605,#7606);
#7605 = CARTESIAN_POINT('',(11.2,-30.02221399786,36.5));
#7606 = VECTOR('',#7607,1.);
#7607 = DIRECTION('',(0.,0.,1.));
#7608 = PCURVE('',#1663,#7609);
#7609 = DEFINITIONAL_REPRESENTATION('',(#7610),#7614);
#7610 = LINE('',#7611,#7612);
#7611 = CARTESIAN_POINT('',(5.773502691896,0.));
#7612 = VECTOR('',#7613,1.);
#7613 = DIRECTION('',(0.,-1.));
#7614 = ( GEOMETRIC_REPRESENTATION_CONTEXT(2) 
PARAMETRIC_REPRESENTATION_CONTEXT() REPRESENTATION_CONTEXT('2D SPACE',''
  ) );
#7615 = PCURVE('',#1639,#7616);
#7616 = DEFINITIONAL_REPRESENTATION('',(#7617),#7621);
#7617 = LINE('',#7618,#7619);
#7618 = CARTESIAN_POINT('',(0.,0.));
#7619 = VECTOR('',#7620,1.);
#7620 = DIRECTION('',(0.,-1.));
#7621 = ( GEOMETRIC_REPRESENTATION_CONTEXT(2) 
PARAMETRIC_REPRESENTATION_CONTEXT() REPRESENTATION_CONTEXT('2D SPACE',''
  ) );
#7622 = ADVANCED_FACE('',(#7623),#1561,.T.);
#7623 = FACE_BOUND('',#7624,.T.);
#7624 = EDGE_LOOP('',(#7625,#7626,#7649,#7668));
#7625 = ORIENTED_EDGE('',*,*,#1546,.T.);
#7626 = ORIENTED_EDGE('',*,*,#7627,.T.);
#7627 = EDGE_CURVE('',#1547,#7628,#7630,.T.);
#7628 = VERTEX_POINT('',#7629);
#7629 = CARTESIAN_POINT('',(11.2,-18.47520861406,40.));
#7630 = SURFACE_CURVE('',#7631,(#7635,#7642),.PCURVE_S1.);
#7631 = LINE('',#7632,#7633);
#7632 = CARTESIAN_POINT('',(11.2,-18.47520861406,36.5));
#7633 = VECTOR('',#7634,1.);
#7634 = DIRECTION('',(0.,0.,1.));
#7635 = PCURVE('',#1561,#7636);
#7636 = DEFINITIONAL_REPRESENTATION('',(#7637),#7641);
#7637 = LINE('',#7638,#7639);
#7638 = CARTESIAN_POINT('',(0.,0.));
#7639 = VECTOR('',#7640,1.);
#7640 = DIRECTION('',(0.,-1.));
#7641 = ( GEOMETRIC_REPRESENTATION_CONTEXT(2) 
PARAMETRIC_REPRESENTATION_CONTEXT() REPRESENTATION_CONTEXT('2D SPACE',''
  ) );
#7642 = PCURVE('',#1587,#7643);
#7643 = DEFINITIONAL_REPRESENTATION('',(#7644),#7648);
#7644 = LINE('',#7645,#7646);
#7645 = CARTESIAN_POINT('',(5.773502691896,0.));
#7646 = VECTOR('',#7647,1.);
#7647 = DIRECTION('',(0.,-1.));
#7648 = ( GEOMETRIC_REPRESENTATION_CONTEXT(2) 
PARAMETRIC_REPRESENTATION_CONTEXT() REPRESENTATION_CONTEXT('2D SPACE',''
  ) );
#7649 = ORIENTED_EDGE('',*,*,#7650,.F.);
#7650 = EDGE_CURVE('',#7512,#7628,#7651,.T.);
#7651 = SURFACE_CURVE('',#7652,(#7656,#7662),.PCURVE_S1.);
#7652 = LINE('',#7653,#7654);
#7653 = CARTESIAN_POINT('',(11.,-18.5906786679,40.));
#7654 = VECTOR('',#7655,1.);
#7655 = DIRECTION('',(0.866025403784,0.5,-0.));
#7656 = PCURVE('',#1561,#7657);
#7657 = DEFINITIONAL_REPRESENTATION('',(#7658),#7661);
#7658 = B_SPLINE_CURVE_WITH_KNOTS('',1,(#7659,#7660),.UNSPECIFIED.,.F.,
  .F.,(2,2),(-5.54256258422,0.230940107676),.PIECEWISE_BEZIER_KNOTS.);
#7659 = CARTESIAN_POINT('',(5.773502691896,-3.5));
#7660 = CARTESIAN_POINT('',(0.,-3.5));
#7661 = ( GEOMETRIC_REPRESENTATION_CONTEXT(2) 
PARAMETRIC_REPRESENTATION_CONTEXT() REPRESENTATION_CONTEXT('2D SPACE',''
  ) );
#7662 = PCURVE('',#5092,#7663);
#7663 = DEFINITIONAL_REPRESENTATION('',(#7664),#7667);
#7664 = B_SPLINE_CURVE_WITH_KNOTS('',1,(#7665,#7666),.UNSPECIFIED.,.F.,
  .F.,(2,2),(-5.54256258422,0.230940107676),.PIECEWISE_BEZIER_KNOTS.);
#7665 = CARTESIAN_POINT('',(6.2,-21.36195996001));
#7666 = CARTESIAN_POINT('',(11.2,-18.47520861406));
#7667 = ( GEOMETRIC_REPRESENTATION_CONTEXT(2) 
PARAMETRIC_REPRESENTATION_CONTEXT() REPRESENTATION_CONTEXT('2D SPACE',''
  ) );
#7668 = ORIENTED_EDGE('',*,*,#7511,.F.);
#7669 = ADVANCED_FACE('',(#7670),#1639,.T.);
#7670 = FACE_BOUND('',#7671,.T.);
#7671 = EDGE_LOOP('',(#7672,#7673,#7674,#7695));
#7672 = ORIENTED_EDGE('',*,*,#1624,.T.);
#7673 = ORIENTED_EDGE('',*,*,#7602,.T.);
#7674 = ORIENTED_EDGE('',*,*,#7675,.F.);
#7675 = EDGE_CURVE('',#7676,#7582,#7678,.T.);
#7676 = VERTEX_POINT('',#7677);
#7677 = CARTESIAN_POINT('',(16.2,-27.13546265191,40.));
#7678 = SURFACE_CURVE('',#7679,(#7683,#7689),.PCURVE_S1.);
#7679 = LINE('',#7680,#7681);
#7680 = CARTESIAN_POINT('',(13.5,-28.69430837872,40.));
#7681 = VECTOR('',#7682,1.);
#7682 = DIRECTION('',(-0.866025403784,-0.5,0.));
#7683 = PCURVE('',#1639,#7684);
#7684 = DEFINITIONAL_REPRESENTATION('',(#7685),#7688);
#7685 = B_SPLINE_CURVE_WITH_KNOTS('',1,(#7686,#7687),.UNSPECIFIED.,.F.,
  .F.,(2,2),(-3.117691453624,2.655811238272),.PIECEWISE_BEZIER_KNOTS.);
#7686 = CARTESIAN_POINT('',(5.773502691896,-3.5));
#7687 = CARTESIAN_POINT('',(0.,-3.5));
#7688 = ( GEOMETRIC_REPRESENTATION_CONTEXT(2) 
PARAMETRIC_REPRESENTATION_CONTEXT() REPRESENTATION_CONTEXT('2D SPACE',''
  ) );
#7689 = PCURVE('',#5092,#7690);
#7690 = DEFINITIONAL_REPRESENTATION('',(#7691),#7694);
#7691 = B_SPLINE_CURVE_WITH_KNOTS('',1,(#7692,#7693),.UNSPECIFIED.,.F.,
  .F.,(2,2),(-3.117691453624,2.655811238272),.PIECEWISE_BEZIER_KNOTS.);
#7692 = CARTESIAN_POINT('',(16.2,-27.13546265191));
#7693 = CARTESIAN_POINT('',(11.2,-30.02221399786));
#7694 = ( GEOMETRIC_REPRESENTATION_CONTEXT(2) 
PARAMETRIC_REPRESENTATION_CONTEXT() REPRESENTATION_CONTEXT('2D SPACE',''
  ) );
#7695 = ORIENTED_EDGE('',*,*,#7696,.F.);
#7696 = EDGE_CURVE('',#1599,#7676,#7697,.T.);
#7697 = SURFACE_CURVE('',#7698,(#7702,#7709),.PCURVE_S1.);
#7698 = LINE('',#7699,#7700);
#7699 = CARTESIAN_POINT('',(16.2,-27.13546265191,36.5));
#7700 = VECTOR('',#7701,1.);
#7701 = DIRECTION('',(0.,0.,1.));
#7702 = PCURVE('',#1639,#7703);
#7703 = DEFINITIONAL_REPRESENTATION('',(#7704),#7708);
#7704 = LINE('',#7705,#7706);
#7705 = CARTESIAN_POINT('',(5.773502691896,0.));
#7706 = VECTOR('',#7707,1.);
#7707 = DIRECTION('',(0.,-1.));
#7708 = ( GEOMETRIC_REPRESENTATION_CONTEXT(2) 
PARAMETRIC_REPRESENTATION_CONTEXT() REPRESENTATION_CONTEXT('2D SPACE',''
  ) );
#7709 = PCURVE('',#1613,#7710);
#7710 = DEFINITIONAL_REPRESENTATION('',(#7711),#7715);
#7711 = LINE('',#7712,#7713);
#7712 = CARTESIAN_POINT('',(0.,0.));
#7713 = VECTOR('',#7714,1.);
#7714 = DIRECTION('',(0.,-1.));
#7715 = ( GEOMETRIC_REPRESENTATION_CONTEXT(2) 
PARAMETRIC_REPRESENTATION_CONTEXT() REPRESENTATION_CONTEXT('2D SPACE',''
  ) );
#7716 = ADVANCED_FACE('',(#7717),#1587,.T.);
#7717 = FACE_BOUND('',#7718,.T.);
#7718 = EDGE_LOOP('',(#7719,#7720,#7743,#7762));
#7719 = ORIENTED_EDGE('',*,*,#1572,.T.);
#7720 = ORIENTED_EDGE('',*,*,#7721,.T.);
#7721 = EDGE_CURVE('',#1573,#7722,#7724,.T.);
#7722 = VERTEX_POINT('',#7723);
#7723 = CARTESIAN_POINT('',(16.2,-21.36195996001,40.));
#7724 = SURFACE_CURVE('',#7725,(#7729,#7736),.PCURVE_S1.);
#7725 = LINE('',#7726,#7727);
#7726 = CARTESIAN_POINT('',(16.2,-21.36195996001,36.5));
#7727 = VECTOR('',#7728,1.);
#7728 = DIRECTION('',(0.,0.,1.));
#7729 = PCURVE('',#1587,#7730);
#7730 = DEFINITIONAL_REPRESENTATION('',(#7731),#7735);
#7731 = LINE('',#7732,#7733);
#7732 = CARTESIAN_POINT('',(0.,0.));
#7733 = VECTOR('',#7734,1.);
#7734 = DIRECTION('',(0.,-1.));
#7735 = ( GEOMETRIC_REPRESENTATION_CONTEXT(2) 
PARAMETRIC_REPRESENTATION_CONTEXT() REPRESENTATION_CONTEXT('2D SPACE',''
  ) );
#7736 = PCURVE('',#1613,#7737);
#7737 = DEFINITIONAL_REPRESENTATION('',(#7738),#7742);
#7738 = LINE('',#7739,#7740);
#7739 = CARTESIAN_POINT('',(5.773502691896,0.));
#7740 = VECTOR('',#7741,1.);
#7741 = DIRECTION('',(0.,-1.));
#7742 = ( GEOMETRIC_REPRESENTATION_CONTEXT(2) 
PARAMETRIC_REPRESENTATION_CONTEXT() REPRESENTATION_CONTEXT('2D SPACE',''
  ) );
#7743 = ORIENTED_EDGE('',*,*,#7744,.F.);
#7744 = EDGE_CURVE('',#7628,#7722,#7745,.T.);
#7745 = SURFACE_CURVE('',#7746,(#7750,#7756),.PCURVE_S1.);
#7746 = LINE('',#7747,#7748);
#7747 = CARTESIAN_POINT('',(5.5,-15.18431207968,40.));
#7748 = VECTOR('',#7749,1.);
#7749 = DIRECTION('',(0.866025403784,-0.5,0.));
#7750 = PCURVE('',#1587,#7751);
#7751 = DEFINITIONAL_REPRESENTATION('',(#7752),#7755);
#7752 = B_SPLINE_CURVE_WITH_KNOTS('',1,(#7753,#7754),.UNSPECIFIED.,.F.,
  .F.,(2,2),(6.581793068762,12.355295760658),.PIECEWISE_BEZIER_KNOTS.);
#7753 = CARTESIAN_POINT('',(5.773502691896,-3.5));
#7754 = CARTESIAN_POINT('',(0.,-3.5));
#7755 = ( GEOMETRIC_REPRESENTATION_CONTEXT(2) 
PARAMETRIC_REPRESENTATION_CONTEXT() REPRESENTATION_CONTEXT('2D SPACE',''
  ) );
#7756 = PCURVE('',#5092,#7757);
#7757 = DEFINITIONAL_REPRESENTATION('',(#7758),#7761);
#7758 = B_SPLINE_CURVE_WITH_KNOTS('',1,(#7759,#7760),.UNSPECIFIED.,.F.,
  .F.,(2,2),(6.581793068762,12.355295760658),.PIECEWISE_BEZIER_KNOTS.);
#7759 = CARTESIAN_POINT('',(11.2,-18.47520861406));
#7760 = CARTESIAN_POINT('',(16.2,-21.36195996001));
#7761 = ( GEOMETRIC_REPRESENTATION_CONTEXT(2) 
PARAMETRIC_REPRESENTATION_CONTEXT() REPRESENTATION_CONTEXT('2D SPACE',''
  ) );
#7762 = ORIENTED_EDGE('',*,*,#7627,.F.);
#7763 = ADVANCED_FACE('',(#7764),#1613,.T.);
#7764 = FACE_BOUND('',#7765,.T.);
#7765 = EDGE_LOOP('',(#7766,#7767,#7768,#7787));
#7766 = ORIENTED_EDGE('',*,*,#1598,.T.);
#7767 = ORIENTED_EDGE('',*,*,#7696,.T.);
#7768 = ORIENTED_EDGE('',*,*,#7769,.F.);
#7769 = EDGE_CURVE('',#7722,#7676,#7770,.T.);
#7770 = SURFACE_CURVE('',#7771,(#7775,#7781),.PCURVE_S1.);
#7771 = LINE('',#7772,#7773);
#7772 = CARTESIAN_POINT('',(16.2,-13.56773132595,40.));
#7773 = VECTOR('',#7774,1.);
#7774 = DIRECTION('',(-1.538370149107E-16,-1.,0.));
#7775 = PCURVE('',#1613,#7776);
#7776 = DEFINITIONAL_REPRESENTATION('',(#7777),#7780);
#7777 = B_SPLINE_CURVE_WITH_KNOTS('',1,(#7778,#7779),.UNSPECIFIED.,.F.,
  .F.,(2,2),(7.79422863406,13.567731325956),.PIECEWISE_BEZIER_KNOTS.);
#7778 = CARTESIAN_POINT('',(5.773502691896,-3.5));
#7779 = CARTESIAN_POINT('',(0.,-3.5));
#7780 = ( GEOMETRIC_REPRESENTATION_CONTEXT(2) 
PARAMETRIC_REPRESENTATION_CONTEXT() REPRESENTATION_CONTEXT('2D SPACE',''
  ) );
#7781 = PCURVE('',#5092,#7782);
#7782 = DEFINITIONAL_REPRESENTATION('',(#7783),#7786);
#7783 = B_SPLINE_CURVE_WITH_KNOTS('',1,(#7784,#7785),.UNSPECIFIED.,.F.,
  .F.,(2,2),(7.79422863406,13.567731325956),.PIECEWISE_BEZIER_KNOTS.);
#7784 = CARTESIAN_POINT('',(16.2,-21.36195996001));
#7785 = CARTESIAN_POINT('',(16.2,-27.13546265191));
#7786 = ( GEOMETRIC_REPRESENTATION_CONTEXT(2) 
PARAMETRIC_REPRESENTATION_CONTEXT() REPRESENTATION_CONTEXT('2D SPACE',''
  ) );
#7787 = ORIENTED_EDGE('',*,*,#7721,.F.);
#7788 = ADVANCED_FACE('',(#7789),#1693,.T.);
#7789 = FACE_BOUND('',#7790,.T.);
#7790 = EDGE_LOOP('',(#7791,#7792,#7815,#7836));
#7791 = ORIENTED_EDGE('',*,*,#1676,.T.);
#7792 = ORIENTED_EDGE('',*,*,#7793,.T.);
#7793 = EDGE_CURVE('',#1679,#7794,#7796,.T.);
#7794 = VERTEX_POINT('',#7795);
#7795 = CARTESIAN_POINT('',(11.8,-31.0614444824,40.));
#7796 = SURFACE_CURVE('',#7797,(#7801,#7808),.PCURVE_S1.);
#7797 = LINE('',#7798,#7799);
#7798 = CARTESIAN_POINT('',(11.8,-31.0614444824,36.5));
#7799 = VECTOR('',#7800,1.);
#7800 = DIRECTION('',(0.,0.,1.));
#7801 = PCURVE('',#1693,#7802);
#7802 = DEFINITIONAL_REPRESENTATION('',(#7803),#7807);
#7803 = LINE('',#7804,#7805);
#7804 = CARTESIAN_POINT('',(0.,0.));
#7805 = VECTOR('',#7806,1.);
#7806 = DIRECTION('',(0.,-1.));
#7807 = ( GEOMETRIC_REPRESENTATION_CONTEXT(2) 
PARAMETRIC_REPRESENTATION_CONTEXT() REPRESENTATION_CONTEXT('2D SPACE',''
  ) );
#7808 = PCURVE('',#1719,#7809);
#7809 = DEFINITIONAL_REPRESENTATION('',(#7810),#7814);
#7810 = LINE('',#7811,#7812);
#7811 = CARTESIAN_POINT('',(5.773502691896,0.));
#7812 = VECTOR('',#7813,1.);
#7813 = DIRECTION('',(0.,-1.));
#7814 = ( GEOMETRIC_REPRESENTATION_CONTEXT(2) 
PARAMETRIC_REPRESENTATION_CONTEXT() REPRESENTATION_CONTEXT('2D SPACE',''
  ) );
#7815 = ORIENTED_EDGE('',*,*,#7816,.F.);
#7816 = EDGE_CURVE('',#7817,#7794,#7819,.T.);
#7817 = VERTEX_POINT('',#7818);
#7818 = CARTESIAN_POINT('',(11.8,-36.83494717429,40.));
#7819 = SURFACE_CURVE('',#7820,(#7824,#7830),.PCURVE_S1.);
#7820 = LINE('',#7821,#7822);
#7821 = CARTESIAN_POINT('',(11.8,-15.5307222412,40.));
#7822 = VECTOR('',#7823,1.);
#7823 = DIRECTION('',(4.615110447321E-16,1.,-0.));
#7824 = PCURVE('',#1693,#7825);
#7825 = DEFINITIONAL_REPRESENTATION('',(#7826),#7829);
#7826 = B_SPLINE_CURVE_WITH_KNOTS('',1,(#7827,#7828),.UNSPECIFIED.,.F.,
  .F.,(2,2),(-21.30422493309,-15.5307222412),.PIECEWISE_BEZIER_KNOTS.);
#7827 = CARTESIAN_POINT('',(5.773502691896,-3.5));
#7828 = CARTESIAN_POINT('',(0.,-3.5));
#7829 = ( GEOMETRIC_REPRESENTATION_CONTEXT(2) 
PARAMETRIC_REPRESENTATION_CONTEXT() REPRESENTATION_CONTEXT('2D SPACE',''
  ) );
#7830 = PCURVE('',#5092,#7831);
#7831 = DEFINITIONAL_REPRESENTATION('',(#7832),#7835);
#7832 = B_SPLINE_CURVE_WITH_KNOTS('',1,(#7833,#7834),.UNSPECIFIED.,.F.,
  .F.,(2,2),(-21.30422493309,-15.5307222412),.PIECEWISE_BEZIER_KNOTS.);
#7833 = CARTESIAN_POINT('',(11.8,-36.83494717429));
#7834 = CARTESIAN_POINT('',(11.8,-31.0614444824));
#7835 = ( GEOMETRIC_REPRESENTATION_CONTEXT(2) 
PARAMETRIC_REPRESENTATION_CONTEXT() REPRESENTATION_CONTEXT('2D SPACE',''
  ) );
#7836 = ORIENTED_EDGE('',*,*,#7837,.F.);
#7837 = EDGE_CURVE('',#1677,#7817,#7838,.T.);
#7838 = SURFACE_CURVE('',#7839,(#7843,#7850),.PCURVE_S1.);
#7839 = LINE('',#7840,#7841);
#7840 = CARTESIAN_POINT('',(11.8,-36.83494717429,36.5));
#7841 = VECTOR('',#7842,1.);
#7842 = DIRECTION('',(0.,0.,1.));
#7843 = PCURVE('',#1693,#7844);
#7844 = DEFINITIONAL_REPRESENTATION('',(#7845),#7849);
#7845 = LINE('',#7846,#7847);
#7846 = CARTESIAN_POINT('',(5.773502691896,0.));
#7847 = VECTOR('',#7848,1.);
#7848 = DIRECTION('',(0.,-1.));
#7849 = ( GEOMETRIC_REPRESENTATION_CONTEXT(2) 
PARAMETRIC_REPRESENTATION_CONTEXT() REPRESENTATION_CONTEXT('2D SPACE',''
  ) );
#7850 = PCURVE('',#1821,#7851);
#7851 = DEFINITIONAL_REPRESENTATION('',(#7852),#7856);
#7852 = LINE('',#7853,#7854);
#7853 = CARTESIAN_POINT('',(0.,0.));
#7854 = VECTOR('',#7855,1.);
#7855 = DIRECTION('',(0.,-1.));
#7856 = ( GEOMETRIC_REPRESENTATION_CONTEXT(2) 
PARAMETRIC_REPRESENTATION_CONTEXT() REPRESENTATION_CONTEXT('2D SPACE',''
  ) );
#7857 = ADVANCED_FACE('',(#7858),#1821,.T.);
#7858 = FACE_BOUND('',#7859,.T.);
#7859 = EDGE_LOOP('',(#7860,#7861,#7862,#7883));
#7860 = ORIENTED_EDGE('',*,*,#1808,.T.);
#7861 = ORIENTED_EDGE('',*,*,#7837,.T.);
#7862 = ORIENTED_EDGE('',*,*,#7863,.F.);
#7863 = EDGE_CURVE('',#7864,#7817,#7866,.T.);
#7864 = VERTEX_POINT('',#7865);
#7865 = CARTESIAN_POINT('',(16.8,-39.72169852024,40.));
#7866 = SURFACE_CURVE('',#7867,(#7871,#7877),.PCURVE_S1.);
#7867 = LINE('',#7868,#7869);
#7868 = CARTESIAN_POINT('',(-0.6,-29.67580383634,40.));
#7869 = VECTOR('',#7870,1.);
#7870 = DIRECTION('',(-0.866025403784,0.5,0.));
#7871 = PCURVE('',#1821,#7872);
#7872 = DEFINITIONAL_REPRESENTATION('',(#7873),#7876);
#7873 = B_SPLINE_CURVE_WITH_KNOTS('',1,(#7874,#7875),.UNSPECIFIED.,.F.,
  .F.,(2,2),(-20.09178936779,-14.3182866759),.PIECEWISE_BEZIER_KNOTS.);
#7874 = CARTESIAN_POINT('',(5.773502691896,-3.5));
#7875 = CARTESIAN_POINT('',(0.,-3.5));
#7876 = ( GEOMETRIC_REPRESENTATION_CONTEXT(2) 
PARAMETRIC_REPRESENTATION_CONTEXT() REPRESENTATION_CONTEXT('2D SPACE',''
  ) );
#7877 = PCURVE('',#5092,#7878);
#7878 = DEFINITIONAL_REPRESENTATION('',(#7879),#7882);
#7879 = B_SPLINE_CURVE_WITH_KNOTS('',1,(#7880,#7881),.UNSPECIFIED.,.F.,
  .F.,(2,2),(-20.09178936779,-14.3182866759),.PIECEWISE_BEZIER_KNOTS.);
#7880 = CARTESIAN_POINT('',(16.8,-39.72169852024));
#7881 = CARTESIAN_POINT('',(11.8,-36.83494717429));
#7882 = ( GEOMETRIC_REPRESENTATION_CONTEXT(2) 
PARAMETRIC_REPRESENTATION_CONTEXT() REPRESENTATION_CONTEXT('2D SPACE',''
  ) );
#7883 = ORIENTED_EDGE('',*,*,#7884,.F.);
#7884 = EDGE_CURVE('',#1783,#7864,#7885,.T.);
#7885 = SURFACE_CURVE('',#7886,(#7890,#7897),.PCURVE_S1.);
#7886 = LINE('',#7887,#7888);
#7887 = CARTESIAN_POINT('',(16.8,-39.72169852024,36.5));
#7888 = VECTOR('',#7889,1.);
#7889 = DIRECTION('',(0.,0.,1.));
#7890 = PCURVE('',#1821,#7891);
#7891 = DEFINITIONAL_REPRESENTATION('',(#7892),#7896);
#7892 = LINE('',#7893,#7894);
#7893 = CARTESIAN_POINT('',(5.773502691896,0.));
#7894 = VECTOR('',#7895,1.);
#7895 = DIRECTION('',(0.,-1.));
#7896 = ( GEOMETRIC_REPRESENTATION_CONTEXT(2) 
PARAMETRIC_REPRESENTATION_CONTEXT() REPRESENTATION_CONTEXT('2D SPACE',''
  ) );
#7897 = PCURVE('',#1797,#7898);
#7898 = DEFINITIONAL_REPRESENTATION('',(#7899),#7903);
#7899 = LINE('',#7900,#7901);
#7900 = CARTESIAN_POINT('',(0.,0.));
#7901 = VECTOR('',#7902,1.);
#7902 = DIRECTION('',(0.,-1.));
#7903 = ( GEOMETRIC_REPRESENTATION_CONTEXT(2) 
PARAMETRIC_REPRESENTATION_CONTEXT() REPRESENTATION_CONTEXT('2D SPACE',''
  ) );
#7904 = ADVANCED_FACE('',(#7905),#1719,.T.);
#7905 = FACE_BOUND('',#7906,.T.);
#7906 = EDGE_LOOP('',(#7907,#7908,#7931,#7950));
#7907 = ORIENTED_EDGE('',*,*,#1704,.T.);
#7908 = ORIENTED_EDGE('',*,*,#7909,.T.);
#7909 = EDGE_CURVE('',#1705,#7910,#7912,.T.);
#7910 = VERTEX_POINT('',#7911);
#7911 = CARTESIAN_POINT('',(16.8,-28.17469313645,40.));
#7912 = SURFACE_CURVE('',#7913,(#7917,#7924),.PCURVE_S1.);
#7913 = LINE('',#7914,#7915);
#7914 = CARTESIAN_POINT('',(16.8,-28.17469313645,36.5));
#7915 = VECTOR('',#7916,1.);
#7916 = DIRECTION('',(0.,0.,1.));
#7917 = PCURVE('',#1719,#7918);
#7918 = DEFINITIONAL_REPRESENTATION('',(#7919),#7923);
#7919 = LINE('',#7920,#7921);
#7920 = CARTESIAN_POINT('',(0.,0.));
#7921 = VECTOR('',#7922,1.);
#7922 = DIRECTION('',(0.,-1.));
#7923 = ( GEOMETRIC_REPRESENTATION_CONTEXT(2) 
PARAMETRIC_REPRESENTATION_CONTEXT() REPRESENTATION_CONTEXT('2D SPACE',''
  ) );
#7924 = PCURVE('',#1745,#7925);
#7925 = DEFINITIONAL_REPRESENTATION('',(#7926),#7930);
#7926 = LINE('',#7927,#7928);
#7927 = CARTESIAN_POINT('',(5.773502691896,0.));
#7928 = VECTOR('',#7929,1.);
#7929 = DIRECTION('',(0.,-1.));
#7930 = ( GEOMETRIC_REPRESENTATION_CONTEXT(2) 
PARAMETRIC_REPRESENTATION_CONTEXT() REPRESENTATION_CONTEXT('2D SPACE',''
  ) );
#7931 = ORIENTED_EDGE('',*,*,#7932,.F.);
#7932 = EDGE_CURVE('',#7794,#7910,#7933,.T.);
#7933 = SURFACE_CURVE('',#7934,(#7938,#7944),.PCURVE_S1.);
#7934 = LINE('',#7935,#7936);
#7935 = CARTESIAN_POINT('',(16.6,-28.29016319029,40.));
#7936 = VECTOR('',#7937,1.);
#7937 = DIRECTION('',(0.866025403784,0.5,-0.));
#7938 = PCURVE('',#1719,#7939);
#7939 = DEFINITIONAL_REPRESENTATION('',(#7940),#7943);
#7940 = B_SPLINE_CURVE_WITH_KNOTS('',1,(#7941,#7942),.UNSPECIFIED.,.F.,
  .F.,(2,2),(-5.54256258422,0.230940107676),.PIECEWISE_BEZIER_KNOTS.);
#7941 = CARTESIAN_POINT('',(5.773502691896,-3.5));
#7942 = CARTESIAN_POINT('',(0.,-3.5));
#7943 = ( GEOMETRIC_REPRESENTATION_CONTEXT(2) 
PARAMETRIC_REPRESENTATION_CONTEXT() REPRESENTATION_CONTEXT('2D SPACE',''
  ) );
#7944 = PCURVE('',#5092,#7945);
#7945 = DEFINITIONAL_REPRESENTATION('',(#7946),#7949);
#7946 = B_SPLINE_CURVE_WITH_KNOTS('',1,(#7947,#7948),.UNSPECIFIED.,.F.,
  .F.,(2,2),(-5.54256258422,0.230940107676),.PIECEWISE_BEZIER_KNOTS.);
#7947 = CARTESIAN_POINT('',(11.8,-31.0614444824));
#7948 = CARTESIAN_POINT('',(16.8,-28.17469313645));
#7949 = ( GEOMETRIC_REPRESENTATION_CONTEXT(2) 
PARAMETRIC_REPRESENTATION_CONTEXT() REPRESENTATION_CONTEXT('2D SPACE',''
  ) );
#7950 = ORIENTED_EDGE('',*,*,#7793,.F.);
#7951 = ADVANCED_FACE('',(#7952),#1797,.T.);
#7952 = FACE_BOUND('',#7953,.T.);
#7953 = EDGE_LOOP('',(#7954,#7955,#7956,#7977));
#7954 = ORIENTED_EDGE('',*,*,#1782,.T.);
#7955 = ORIENTED_EDGE('',*,*,#7884,.T.);
#7956 = ORIENTED_EDGE('',*,*,#7957,.F.);
#7957 = EDGE_CURVE('',#7958,#7864,#7960,.T.);
#7958 = VERTEX_POINT('',#7959);
#7959 = CARTESIAN_POINT('',(21.8,-36.83494717429,40.));
#7960 = SURFACE_CURVE('',#7961,(#7965,#7971),.PCURVE_S1.);
#7961 = LINE('',#7962,#7963);
#7962 = CARTESIAN_POINT('',(19.1,-38.39379290111,40.));
#7963 = VECTOR('',#7964,1.);
#7964 = DIRECTION('',(-0.866025403784,-0.5,0.));
#7965 = PCURVE('',#1797,#7966);
#7966 = DEFINITIONAL_REPRESENTATION('',(#7967),#7970);
#7967 = B_SPLINE_CURVE_WITH_KNOTS('',1,(#7968,#7969),.UNSPECIFIED.,.F.,
  .F.,(2,2),(-3.117691453624,2.655811238272),.PIECEWISE_BEZIER_KNOTS.);
#7968 = CARTESIAN_POINT('',(5.773502691896,-3.5));
#7969 = CARTESIAN_POINT('',(0.,-3.5));
#7970 = ( GEOMETRIC_REPRESENTATION_CONTEXT(2) 
PARAMETRIC_REPRESENTATION_CONTEXT() REPRESENTATION_CONTEXT('2D SPACE',''
  ) );
#7971 = PCURVE('',#5092,#7972);
#7972 = DEFINITIONAL_REPRESENTATION('',(#7973),#7976);
#7973 = B_SPLINE_CURVE_WITH_KNOTS('',1,(#7974,#7975),.UNSPECIFIED.,.F.,
  .F.,(2,2),(-3.117691453624,2.655811238272),.PIECEWISE_BEZIER_KNOTS.);
#7974 = CARTESIAN_POINT('',(21.8,-36.83494717429));
#7975 = CARTESIAN_POINT('',(16.8,-39.72169852024));
#7976 = ( GEOMETRIC_REPRESENTATION_CONTEXT(2) 
PARAMETRIC_REPRESENTATION_CONTEXT() REPRESENTATION_CONTEXT('2D SPACE',''
  ) );
#7977 = ORIENTED_EDGE('',*,*,#7978,.F.);
#7978 = EDGE_CURVE('',#1757,#7958,#7979,.T.);
#7979 = SURFACE_CURVE('',#7980,(#7984,#7991),.PCURVE_S1.);
#7980 = LINE('',#7981,#7982);
#7981 = CARTESIAN_POINT('',(21.8,-36.83494717429,36.5));
#7982 = VECTOR('',#7983,1.);
#7983 = DIRECTION('',(0.,0.,1.));
#7984 = PCURVE('',#1797,#7985);
#7985 = DEFINITIONAL_REPRESENTATION('',(#7986),#7990);
#7986 = LINE('',#7987,#7988);
#7987 = CARTESIAN_POINT('',(5.773502691896,0.));
#7988 = VECTOR('',#7989,1.);
#7989 = DIRECTION('',(0.,-1.));
#7990 = ( GEOMETRIC_REPRESENTATION_CONTEXT(2) 
PARAMETRIC_REPRESENTATION_CONTEXT() REPRESENTATION_CONTEXT('2D SPACE',''
  ) );
#7991 = PCURVE('',#1771,#7992);
#7992 = DEFINITIONAL_REPRESENTATION('',(#7993),#7997);
#7993 = LINE('',#7994,#7995);
#7994 = CARTESIAN_POINT('',(0.,0.));
#7995 = VECTOR('',#7996,1.);
#7996 = DIRECTION('',(0.,-1.));
#7997 = ( GEOMETRIC_REPRESENTATION_CONTEXT(2) 
PARAMETRIC_REPRESENTATION_CONTEXT() REPRESENTATION_CONTEXT('2D SPACE',''
  ) );
#7998 = ADVANCED_FACE('',(#7999),#1745,.T.);
#7999 = FACE_BOUND('',#8000,.T.);
#8000 = EDGE_LOOP('',(#8001,#8002,#8025,#8044));
#8001 = ORIENTED_EDGE('',*,*,#1730,.T.);
#8002 = ORIENTED_EDGE('',*,*,#8003,.T.);
#8003 = EDGE_CURVE('',#1731,#8004,#8006,.T.);
#8004 = VERTEX_POINT('',#8005);
#8005 = CARTESIAN_POINT('',(21.8,-31.0614444824,40.));
#8006 = SURFACE_CURVE('',#8007,(#8011,#8018),.PCURVE_S1.);
#8007 = LINE('',#8008,#8009);
#8008 = CARTESIAN_POINT('',(21.8,-31.0614444824,36.5));
#8009 = VECTOR('',#8010,1.);
#8010 = DIRECTION('',(0.,0.,1.));
#8011 = PCURVE('',#1745,#8012);
#8012 = DEFINITIONAL_REPRESENTATION('',(#8013),#8017);
#8013 = LINE('',#8014,#8015);
#8014 = CARTESIAN_POINT('',(0.,0.));
#8015 = VECTOR('',#8016,1.);
#8016 = DIRECTION('',(0.,-1.));
#8017 = ( GEOMETRIC_REPRESENTATION_CONTEXT(2) 
PARAMETRIC_REPRESENTATION_CONTEXT() REPRESENTATION_CONTEXT('2D SPACE',''
  ) );
#8018 = PCURVE('',#1771,#8019);
#8019 = DEFINITIONAL_REPRESENTATION('',(#8020),#8024);
#8020 = LINE('',#8021,#8022);
#8021 = CARTESIAN_POINT('',(5.773502691896,0.));
#8022 = VECTOR('',#8023,1.);
#8023 = DIRECTION('',(0.,-1.));
#8024 = ( GEOMETRIC_REPRESENTATION_CONTEXT(2) 
PARAMETRIC_REPRESENTATION_CONTEXT() REPRESENTATION_CONTEXT('2D SPACE',''
  ) );
#8025 = ORIENTED_EDGE('',*,*,#8026,.F.);
#8026 = EDGE_CURVE('',#7910,#8004,#8027,.T.);
#8027 = SURFACE_CURVE('',#8028,(#8032,#8038),.PCURVE_S1.);
#8028 = LINE('',#8029,#8030);
#8029 = CARTESIAN_POINT('',(6.9,-22.45892547147,40.));
#8030 = VECTOR('',#8031,1.);
#8031 = DIRECTION('',(0.866025403784,-0.5,0.));
#8032 = PCURVE('',#1745,#8033);
#8033 = DEFINITIONAL_REPRESENTATION('',(#8034),#8037);
#8034 = B_SPLINE_CURVE_WITH_KNOTS('',1,(#8035,#8036),.UNSPECIFIED.,.F.,
  .F.,(2,2),(11.431535329955,17.205038021851),.PIECEWISE_BEZIER_KNOTS.);
#8035 = CARTESIAN_POINT('',(5.773502691896,-3.5));
#8036 = CARTESIAN_POINT('',(0.,-3.5));
#8037 = ( GEOMETRIC_REPRESENTATION_CONTEXT(2) 
PARAMETRIC_REPRESENTATION_CONTEXT() REPRESENTATION_CONTEXT('2D SPACE',''
  ) );
#8038 = PCURVE('',#5092,#8039);
#8039 = DEFINITIONAL_REPRESENTATION('',(#8040),#8043);
#8040 = B_SPLINE_CURVE_WITH_KNOTS('',1,(#8041,#8042),.UNSPECIFIED.,.F.,
  .F.,(2,2),(11.431535329955,17.205038021851),.PIECEWISE_BEZIER_KNOTS.);
#8041 = CARTESIAN_POINT('',(16.8,-28.17469313645));
#8042 = CARTESIAN_POINT('',(21.8,-31.0614444824));
#8043 = ( GEOMETRIC_REPRESENTATION_CONTEXT(2) 
PARAMETRIC_REPRESENTATION_CONTEXT() REPRESENTATION_CONTEXT('2D SPACE',''
  ) );
#8044 = ORIENTED_EDGE('',*,*,#7909,.F.);
#8045 = ADVANCED_FACE('',(#8046),#1771,.T.);
#8046 = FACE_BOUND('',#8047,.T.);
#8047 = EDGE_LOOP('',(#8048,#8049,#8050,#8069));
#8048 = ORIENTED_EDGE('',*,*,#1756,.T.);
#8049 = ORIENTED_EDGE('',*,*,#7978,.T.);
#8050 = ORIENTED_EDGE('',*,*,#8051,.F.);
#8051 = EDGE_CURVE('',#8004,#7958,#8052,.T.);
#8052 = SURFACE_CURVE('',#8053,(#8057,#8063),.PCURVE_S1.);
#8053 = LINE('',#8054,#8055);
#8054 = CARTESIAN_POINT('',(21.8,-18.41747358714,40.));
#8055 = VECTOR('',#8056,1.);
#8056 = DIRECTION('',(-1.538370149107E-16,-1.,0.));
#8057 = PCURVE('',#1771,#8058);
#8058 = DEFINITIONAL_REPRESENTATION('',(#8059),#8062);
#8059 = B_SPLINE_CURVE_WITH_KNOTS('',1,(#8060,#8061),.UNSPECIFIED.,.F.,
  .F.,(2,2),(12.643970895253,18.417473587149),.PIECEWISE_BEZIER_KNOTS.);
#8060 = CARTESIAN_POINT('',(5.773502691896,-3.5));
#8061 = CARTESIAN_POINT('',(0.,-3.5));
#8062 = ( GEOMETRIC_REPRESENTATION_CONTEXT(2) 
PARAMETRIC_REPRESENTATION_CONTEXT() REPRESENTATION_CONTEXT('2D SPACE',''
  ) );
#8063 = PCURVE('',#5092,#8064);
#8064 = DEFINITIONAL_REPRESENTATION('',(#8065),#8068);
#8065 = B_SPLINE_CURVE_WITH_KNOTS('',1,(#8066,#8067),.UNSPECIFIED.,.F.,
  .F.,(2,2),(12.643970895253,18.417473587149),.PIECEWISE_BEZIER_KNOTS.);
#8066 = CARTESIAN_POINT('',(21.8,-31.0614444824));
#8067 = CARTESIAN_POINT('',(21.8,-36.83494717429));
#8068 = ( GEOMETRIC_REPRESENTATION_CONTEXT(2) 
PARAMETRIC_REPRESENTATION_CONTEXT() REPRESENTATION_CONTEXT('2D SPACE',''
  ) );
#8069 = ORIENTED_EDGE('',*,*,#8003,.F.);
#8070 = ADVANCED_FACE('',(#8071),#1851,.T.);
#8071 = FACE_BOUND('',#8072,.T.);
#8072 = EDGE_LOOP('',(#8073,#8074,#8097,#8118));
#8073 = ORIENTED_EDGE('',*,*,#1834,.T.);
#8074 = ORIENTED_EDGE('',*,*,#8075,.T.);
#8075 = EDGE_CURVE('',#1837,#8076,#8078,.T.);
#8076 = VERTEX_POINT('',#8077);
#8077 = CARTESIAN_POINT('',(0.6,-11.66247543763,40.));
#8078 = SURFACE_CURVE('',#8079,(#8083,#8090),.PCURVE_S1.);
#8079 = LINE('',#8080,#8081);
#8080 = CARTESIAN_POINT('',(0.6,-11.66247543763,36.5));
#8081 = VECTOR('',#8082,1.);
#8082 = DIRECTION('',(0.,0.,1.));
#8083 = PCURVE('',#1851,#8084);
#8084 = DEFINITIONAL_REPRESENTATION('',(#8085),#8089);
#8085 = LINE('',#8086,#8087);
#8086 = CARTESIAN_POINT('',(0.,0.));
#8087 = VECTOR('',#8088,1.);
#8088 = DIRECTION('',(0.,-1.));
#8089 = ( GEOMETRIC_REPRESENTATION_CONTEXT(2) 
PARAMETRIC_REPRESENTATION_CONTEXT() REPRESENTATION_CONTEXT('2D SPACE',''
  ) );
#8090 = PCURVE('',#1877,#8091);
#8091 = DEFINITIONAL_REPRESENTATION('',(#8092),#8096);
#8092 = LINE('',#8093,#8094);
#8093 = CARTESIAN_POINT('',(5.773502691896,0.));
#8094 = VECTOR('',#8095,1.);
#8095 = DIRECTION('',(0.,-1.));
#8096 = ( GEOMETRIC_REPRESENTATION_CONTEXT(2) 
PARAMETRIC_REPRESENTATION_CONTEXT() REPRESENTATION_CONTEXT('2D SPACE',''
  ) );
#8097 = ORIENTED_EDGE('',*,*,#8098,.F.);
#8098 = EDGE_CURVE('',#8099,#8076,#8101,.T.);
#8099 = VERTEX_POINT('',#8100);
#8100 = CARTESIAN_POINT('',(0.6,-17.43597812952,40.));
#8101 = SURFACE_CURVE('',#8102,(#8106,#8112),.PCURVE_S1.);
#8102 = LINE('',#8103,#8104);
#8103 = CARTESIAN_POINT('',(0.6,-5.831237718815,40.));
#8104 = VECTOR('',#8105,1.);
#8105 = DIRECTION('',(4.615110447321E-16,1.,-0.));
#8106 = PCURVE('',#1851,#8107);
#8107 = DEFINITIONAL_REPRESENTATION('',(#8108),#8111);
#8108 = B_SPLINE_CURVE_WITH_KNOTS('',1,(#8109,#8110),.UNSPECIFIED.,.F.,
  .F.,(2,2),(-11.60474041071,-5.831237718815),.PIECEWISE_BEZIER_KNOTS.);
#8109 = CARTESIAN_POINT('',(5.773502691896,-3.5));
#8110 = CARTESIAN_POINT('',(0.,-3.5));
#8111 = ( GEOMETRIC_REPRESENTATION_CONTEXT(2) 
PARAMETRIC_REPRESENTATION_CONTEXT() REPRESENTATION_CONTEXT('2D SPACE',''
  ) );
#8112 = PCURVE('',#5092,#8113);
#8113 = DEFINITIONAL_REPRESENTATION('',(#8114),#8117);
#8114 = B_SPLINE_CURVE_WITH_KNOTS('',1,(#8115,#8116),.UNSPECIFIED.,.F.,
  .F.,(2,2),(-11.60474041071,-5.831237718815),.PIECEWISE_BEZIER_KNOTS.);
#8115 = CARTESIAN_POINT('',(0.6,-17.43597812952));
#8116 = CARTESIAN_POINT('',(0.6,-11.66247543763));
#8117 = ( GEOMETRIC_REPRESENTATION_CONTEXT(2) 
PARAMETRIC_REPRESENTATION_CONTEXT() REPRESENTATION_CONTEXT('2D SPACE',''
  ) );
#8118 = ORIENTED_EDGE('',*,*,#8119,.F.);
#8119 = EDGE_CURVE('',#1835,#8099,#8120,.T.);
#8120 = SURFACE_CURVE('',#8121,(#8125,#8132),.PCURVE_S1.);
#8121 = LINE('',#8122,#8123);
#8122 = CARTESIAN_POINT('',(0.6,-17.43597812952,36.5));
#8123 = VECTOR('',#8124,1.);
#8124 = DIRECTION('',(0.,0.,1.));
#8125 = PCURVE('',#1851,#8126);
#8126 = DEFINITIONAL_REPRESENTATION('',(#8127),#8131);
#8127 = LINE('',#8128,#8129);
#8128 = CARTESIAN_POINT('',(5.773502691896,0.));
#8129 = VECTOR('',#8130,1.);
#8130 = DIRECTION('',(0.,-1.));
#8131 = ( GEOMETRIC_REPRESENTATION_CONTEXT(2) 
PARAMETRIC_REPRESENTATION_CONTEXT() REPRESENTATION_CONTEXT('2D SPACE',''
  ) );
#8132 = PCURVE('',#1979,#8133);
#8133 = DEFINITIONAL_REPRESENTATION('',(#8134),#8138);
#8134 = LINE('',#8135,#8136);
#8135 = CARTESIAN_POINT('',(0.,0.));
#8136 = VECTOR('',#8137,1.);
#8137 = DIRECTION('',(0.,-1.));
#8138 = ( GEOMETRIC_REPRESENTATION_CONTEXT(2) 
PARAMETRIC_REPRESENTATION_CONTEXT() REPRESENTATION_CONTEXT('2D SPACE',''
  ) );
#8139 = ADVANCED_FACE('',(#8140),#1979,.T.);
#8140 = FACE_BOUND('',#8141,.T.);
#8141 = EDGE_LOOP('',(#8142,#8143,#8144,#8165));
#8142 = ORIENTED_EDGE('',*,*,#1966,.T.);
#8143 = ORIENTED_EDGE('',*,*,#8119,.T.);
#8144 = ORIENTED_EDGE('',*,*,#8145,.F.);
#8145 = EDGE_CURVE('',#8146,#8099,#8148,.T.);
#8146 = VERTEX_POINT('',#8147);
#8147 = CARTESIAN_POINT('',(5.6,-20.32272947547,40.));
#8148 = SURFACE_CURVE('',#8149,(#8153,#8159),.PCURVE_S1.);
#8149 = LINE('',#8150,#8151);
#8150 = CARTESIAN_POINT('',(-3.4,-15.12657705276,40.));
#8151 = VECTOR('',#8152,1.);
#8152 = DIRECTION('',(-0.866025403784,0.5,0.));
#8153 = PCURVE('',#1979,#8154);
#8154 = DEFINITIONAL_REPRESENTATION('',(#8155),#8158);
#8155 = B_SPLINE_CURVE_WITH_KNOTS('',1,(#8156,#8157),.UNSPECIFIED.,.F.,
  .F.,(2,2),(-10.39230484541,-4.618802153517),.PIECEWISE_BEZIER_KNOTS.);
#8156 = CARTESIAN_POINT('',(5.773502691896,-3.5));
#8157 = CARTESIAN_POINT('',(0.,-3.5));
#8158 = ( GEOMETRIC_REPRESENTATION_CONTEXT(2) 
PARAMETRIC_REPRESENTATION_CONTEXT() REPRESENTATION_CONTEXT('2D SPACE',''
  ) );
#8159 = PCURVE('',#5092,#8160);
#8160 = DEFINITIONAL_REPRESENTATION('',(#8161),#8164);
#8161 = B_SPLINE_CURVE_WITH_KNOTS('',1,(#8162,#8163),.UNSPECIFIED.,.F.,
  .F.,(2,2),(-10.39230484541,-4.618802153517),.PIECEWISE_BEZIER_KNOTS.);
#8162 = CARTESIAN_POINT('',(5.6,-20.32272947547));
#8163 = CARTESIAN_POINT('',(0.6,-17.43597812952));
#8164 = ( GEOMETRIC_REPRESENTATION_CONTEXT(2) 
PARAMETRIC_REPRESENTATION_CONTEXT() REPRESENTATION_CONTEXT('2D SPACE',''
  ) );
#8165 = ORIENTED_EDGE('',*,*,#8166,.F.);
#8166 = EDGE_CURVE('',#1941,#8146,#8167,.T.);
#8167 = SURFACE_CURVE('',#8168,(#8172,#8179),.PCURVE_S1.);
#8168 = LINE('',#8169,#8170);
#8169 = CARTESIAN_POINT('',(5.6,-20.32272947547,36.5));
#8170 = VECTOR('',#8171,1.);
#8171 = DIRECTION('',(0.,0.,1.));
#8172 = PCURVE('',#1979,#8173);
#8173 = DEFINITIONAL_REPRESENTATION('',(#8174),#8178);
#8174 = LINE('',#8175,#8176);
#8175 = CARTESIAN_POINT('',(5.773502691896,0.));
#8176 = VECTOR('',#8177,1.);
#8177 = DIRECTION('',(0.,-1.));
#8178 = ( GEOMETRIC_REPRESENTATION_CONTEXT(2) 
PARAMETRIC_REPRESENTATION_CONTEXT() REPRESENTATION_CONTEXT('2D SPACE',''
  ) );
#8179 = PCURVE('',#1955,#8180);
#8180 = DEFINITIONAL_REPRESENTATION('',(#8181),#8185);
#8181 = LINE('',#8182,#8183);
#8182 = CARTESIAN_POINT('',(0.,0.));
#8183 = VECTOR('',#8184,1.);
#8184 = DIRECTION('',(0.,-1.));
#8185 = ( GEOMETRIC_REPRESENTATION_CONTEXT(2) 
PARAMETRIC_REPRESENTATION_CONTEXT() REPRESENTATION_CONTEXT('2D SPACE',''
  ) );
#8186 = ADVANCED_FACE('',(#8187),#1877,.T.);
#8187 = FACE_BOUND('',#8188,.T.);
#8188 = EDGE_LOOP('',(#8189,#8190,#8213,#8232));
#8189 = ORIENTED_EDGE('',*,*,#1862,.T.);
#8190 = ORIENTED_EDGE('',*,*,#8191,.T.);
#8191 = EDGE_CURVE('',#1863,#8192,#8194,.T.);
#8192 = VERTEX_POINT('',#8193);
#8193 = CARTESIAN_POINT('',(5.6,-8.775724091682,40.));
#8194 = SURFACE_CURVE('',#8195,(#8199,#8206),.PCURVE_S1.);
#8195 = LINE('',#8196,#8197);
#8196 = CARTESIAN_POINT('',(5.6,-8.775724091682,36.5));
#8197 = VECTOR('',#8198,1.);
#8198 = DIRECTION('',(0.,0.,1.));
#8199 = PCURVE('',#1877,#8200);
#8200 = DEFINITIONAL_REPRESENTATION('',(#8201),#8205);
#8201 = LINE('',#8202,#8203);
#8202 = CARTESIAN_POINT('',(0.,0.));
#8203 = VECTOR('',#8204,1.);
#8204 = DIRECTION('',(0.,-1.));
#8205 = ( GEOMETRIC_REPRESENTATION_CONTEXT(2) 
PARAMETRIC_REPRESENTATION_CONTEXT() REPRESENTATION_CONTEXT('2D SPACE',''
  ) );
#8206 = PCURVE('',#1903,#8207);
#8207 = DEFINITIONAL_REPRESENTATION('',(#8208),#8212);
#8208 = LINE('',#8209,#8210);
#8209 = CARTESIAN_POINT('',(5.773502691896,0.));
#8210 = VECTOR('',#8211,1.);
#8211 = DIRECTION('',(0.,-1.));
#8212 = ( GEOMETRIC_REPRESENTATION_CONTEXT(2) 
PARAMETRIC_REPRESENTATION_CONTEXT() REPRESENTATION_CONTEXT('2D SPACE',''
  ) );
#8213 = ORIENTED_EDGE('',*,*,#8214,.F.);
#8214 = EDGE_CURVE('',#8076,#8192,#8215,.T.);
#8215 = SURFACE_CURVE('',#8216,(#8220,#8226),.PCURVE_S1.);
#8216 = LINE('',#8217,#8218);
#8217 = CARTESIAN_POINT('',(5.4,-8.89119414552,40.));
#8218 = VECTOR('',#8219,1.);
#8219 = DIRECTION('',(0.866025403784,0.5,-0.));
#8220 = PCURVE('',#1877,#8221);
#8221 = DEFINITIONAL_REPRESENTATION('',(#8222),#8225);
#8222 = B_SPLINE_CURVE_WITH_KNOTS('',1,(#8223,#8224),.UNSPECIFIED.,.F.,
  .F.,(2,2),(-5.54256258422,0.230940107676),.PIECEWISE_BEZIER_KNOTS.);
#8223 = CARTESIAN_POINT('',(5.773502691896,-3.5));
#8224 = CARTESIAN_POINT('',(0.,-3.5));
#8225 = ( GEOMETRIC_REPRESENTATION_CONTEXT(2) 
PARAMETRIC_REPRESENTATION_CONTEXT() REPRESENTATION_CONTEXT('2D SPACE',''
  ) );
#8226 = PCURVE('',#5092,#8227);
#8227 = DEFINITIONAL_REPRESENTATION('',(#8228),#8231);
#8228 = B_SPLINE_CURVE_WITH_KNOTS('',1,(#8229,#8230),.UNSPECIFIED.,.F.,
  .F.,(2,2),(-5.54256258422,0.230940107676),.PIECEWISE_BEZIER_KNOTS.);
#8229 = CARTESIAN_POINT('',(0.6,-11.66247543763));
#8230 = CARTESIAN_POINT('',(5.6,-8.775724091682));
#8231 = ( GEOMETRIC_REPRESENTATION_CONTEXT(2) 
PARAMETRIC_REPRESENTATION_CONTEXT() REPRESENTATION_CONTEXT('2D SPACE',''
  ) );
#8232 = ORIENTED_EDGE('',*,*,#8075,.F.);
#8233 = ADVANCED_FACE('',(#8234),#1955,.T.);
#8234 = FACE_BOUND('',#8235,.T.);
#8235 = EDGE_LOOP('',(#8236,#8237,#8238,#8259));
#8236 = ORIENTED_EDGE('',*,*,#1940,.T.);
#8237 = ORIENTED_EDGE('',*,*,#8166,.T.);
#8238 = ORIENTED_EDGE('',*,*,#8239,.F.);
#8239 = EDGE_CURVE('',#8240,#8146,#8242,.T.);
#8240 = VERTEX_POINT('',#8241);
#8241 = CARTESIAN_POINT('',(10.6,-17.43597812952,40.));
#8242 = SURFACE_CURVE('',#8243,(#8247,#8253),.PCURVE_S1.);
#8243 = LINE('',#8244,#8245);
#8244 = CARTESIAN_POINT('',(7.9,-18.99482385633,40.));
#8245 = VECTOR('',#8246,1.);
#8246 = DIRECTION('',(-0.866025403784,-0.5,0.));
#8247 = PCURVE('',#1955,#8248);
#8248 = DEFINITIONAL_REPRESENTATION('',(#8249),#8252);
#8249 = B_SPLINE_CURVE_WITH_KNOTS('',1,(#8250,#8251),.UNSPECIFIED.,.F.,
  .F.,(2,2),(-3.117691453624,2.655811238272),.PIECEWISE_BEZIER_KNOTS.);
#8250 = CARTESIAN_POINT('',(5.773502691896,-3.5));
#8251 = CARTESIAN_POINT('',(0.,-3.5));
#8252 = ( GEOMETRIC_REPRESENTATION_CONTEXT(2) 
PARAMETRIC_REPRESENTATION_CONTEXT() REPRESENTATION_CONTEXT('2D SPACE',''
  ) );
#8253 = PCURVE('',#5092,#8254);
#8254 = DEFINITIONAL_REPRESENTATION('',(#8255),#8258);
#8255 = B_SPLINE_CURVE_WITH_KNOTS('',1,(#8256,#8257),.UNSPECIFIED.,.F.,
  .F.,(2,2),(-3.117691453624,2.655811238272),.PIECEWISE_BEZIER_KNOTS.);
#8256 = CARTESIAN_POINT('',(10.6,-17.43597812952));
#8257 = CARTESIAN_POINT('',(5.6,-20.32272947547));
#8258 = ( GEOMETRIC_REPRESENTATION_CONTEXT(2) 
PARAMETRIC_REPRESENTATION_CONTEXT() REPRESENTATION_CONTEXT('2D SPACE',''
  ) );
#8259 = ORIENTED_EDGE('',*,*,#8260,.F.);
#8260 = EDGE_CURVE('',#1915,#8240,#8261,.T.);
#8261 = SURFACE_CURVE('',#8262,(#8266,#8273),.PCURVE_S1.);
#8262 = LINE('',#8263,#8264);
#8263 = CARTESIAN_POINT('',(10.6,-17.43597812952,36.5));
#8264 = VECTOR('',#8265,1.);
#8265 = DIRECTION('',(0.,0.,1.));
#8266 = PCURVE('',#1955,#8267);
#8267 = DEFINITIONAL_REPRESENTATION('',(#8268),#8272);
#8268 = LINE('',#8269,#8270);
#8269 = CARTESIAN_POINT('',(5.773502691896,0.));
#8270 = VECTOR('',#8271,1.);
#8271 = DIRECTION('',(0.,-1.));
#8272 = ( GEOMETRIC_REPRESENTATION_CONTEXT(2) 
PARAMETRIC_REPRESENTATION_CONTEXT() REPRESENTATION_CONTEXT('2D SPACE',''
  ) );
#8273 = PCURVE('',#1929,#8274);
#8274 = DEFINITIONAL_REPRESENTATION('',(#8275),#8279);
#8275 = LINE('',#8276,#8277);
#8276 = CARTESIAN_POINT('',(0.,0.));
#8277 = VECTOR('',#8278,1.);
#8278 = DIRECTION('',(0.,-1.));
#8279 = ( GEOMETRIC_REPRESENTATION_CONTEXT(2) 
PARAMETRIC_REPRESENTATION_CONTEXT() REPRESENTATION_CONTEXT('2D SPACE',''
  ) );
#8280 = ADVANCED_FACE('',(#8281),#1903,.T.);
#8281 = FACE_BOUND('',#8282,.T.);
#8282 = EDGE_LOOP('',(#8283,#8284,#8307,#8326));
#8283 = ORIENTED_EDGE('',*,*,#1888,.T.);
#8284 = ORIENTED_EDGE('',*,*,#8285,.T.);
#8285 = EDGE_CURVE('',#1889,#8286,#8288,.T.);
#8286 = VERTEX_POINT('',#8287);
#8287 = CARTESIAN_POINT('',(10.6,-11.66247543763,40.));
#8288 = SURFACE_CURVE('',#8289,(#8293,#8300),.PCURVE_S1.);
#8289 = LINE('',#8290,#8291);
#8290 = CARTESIAN_POINT('',(10.6,-11.66247543763,36.5));
#8291 = VECTOR('',#8292,1.);
#8292 = DIRECTION('',(0.,0.,1.));
#8293 = PCURVE('',#1903,#8294);
#8294 = DEFINITIONAL_REPRESENTATION('',(#8295),#8299);
#8295 = LINE('',#8296,#8297);
#8296 = CARTESIAN_POINT('',(0.,0.));
#8297 = VECTOR('',#8298,1.);
#8298 = DIRECTION('',(0.,-1.));
#8299 = ( GEOMETRIC_REPRESENTATION_CONTEXT(2) 
PARAMETRIC_REPRESENTATION_CONTEXT() REPRESENTATION_CONTEXT('2D SPACE',''
  ) );
#8300 = PCURVE('',#1929,#8301);
#8301 = DEFINITIONAL_REPRESENTATION('',(#8302),#8306);
#8302 = LINE('',#8303,#8304);
#8303 = CARTESIAN_POINT('',(5.773502691896,0.));
#8304 = VECTOR('',#8305,1.);
#8305 = DIRECTION('',(0.,-1.));
#8306 = ( GEOMETRIC_REPRESENTATION_CONTEXT(2) 
PARAMETRIC_REPRESENTATION_CONTEXT() REPRESENTATION_CONTEXT('2D SPACE',''
  ) );
#8307 = ORIENTED_EDGE('',*,*,#8308,.F.);
#8308 = EDGE_CURVE('',#8192,#8286,#8309,.T.);
#8309 = SURFACE_CURVE('',#8310,(#8314,#8320),.PCURVE_S1.);
#8310 = LINE('',#8311,#8312);
#8311 = CARTESIAN_POINT('',(4.1,-7.909698687898,40.));
#8312 = VECTOR('',#8313,1.);
#8313 = DIRECTION('',(0.866025403784,-0.5,0.));
#8314 = PCURVE('',#1903,#8315);
#8315 = DEFINITIONAL_REPRESENTATION('',(#8316),#8319);
#8316 = B_SPLINE_CURVE_WITH_KNOTS('',1,(#8317,#8318),.UNSPECIFIED.,.F.,
  .F.,(2,2),(1.732050807569,7.505553499465),.PIECEWISE_BEZIER_KNOTS.);
#8317 = CARTESIAN_POINT('',(5.773502691896,-3.5));
#8318 = CARTESIAN_POINT('',(0.,-3.5));
#8319 = ( GEOMETRIC_REPRESENTATION_CONTEXT(2) 
PARAMETRIC_REPRESENTATION_CONTEXT() REPRESENTATION_CONTEXT('2D SPACE',''
  ) );
#8320 = PCURVE('',#5092,#8321);
#8321 = DEFINITIONAL_REPRESENTATION('',(#8322),#8325);
#8322 = B_SPLINE_CURVE_WITH_KNOTS('',1,(#8323,#8324),.UNSPECIFIED.,.F.,
  .F.,(2,2),(1.732050807569,7.505553499465),.PIECEWISE_BEZIER_KNOTS.);
#8323 = CARTESIAN_POINT('',(5.6,-8.775724091682));
#8324 = CARTESIAN_POINT('',(10.6,-11.66247543763));
#8325 = ( GEOMETRIC_REPRESENTATION_CONTEXT(2) 
PARAMETRIC_REPRESENTATION_CONTEXT() REPRESENTATION_CONTEXT('2D SPACE',''
  ) );
#8326 = ORIENTED_EDGE('',*,*,#8191,.F.);
#8327 = ADVANCED_FACE('',(#8328),#1929,.T.);
#8328 = FACE_BOUND('',#8329,.T.);
#8329 = EDGE_LOOP('',(#8330,#8331,#8332,#8351));
#8330 = ORIENTED_EDGE('',*,*,#1914,.T.);
#8331 = ORIENTED_EDGE('',*,*,#8260,.T.);
#8332 = ORIENTED_EDGE('',*,*,#8333,.F.);
#8333 = EDGE_CURVE('',#8286,#8240,#8334,.T.);
#8334 = SURFACE_CURVE('',#8335,(#8339,#8345),.PCURVE_S1.);
#8335 = LINE('',#8336,#8337);
#8336 = CARTESIAN_POINT('',(10.6,-8.717989064763,40.));
#8337 = VECTOR('',#8338,1.);
#8338 = DIRECTION('',(-1.538370149107E-16,-1.,0.));
#8339 = PCURVE('',#1929,#8340);
#8340 = DEFINITIONAL_REPRESENTATION('',(#8341),#8344);
#8341 = B_SPLINE_CURVE_WITH_KNOTS('',1,(#8342,#8343),.UNSPECIFIED.,.F.,
  .F.,(2,2),(2.944486372867,8.717989064763),.PIECEWISE_BEZIER_KNOTS.);
#8342 = CARTESIAN_POINT('',(5.773502691896,-3.5));
#8343 = CARTESIAN_POINT('',(0.,-3.5));
#8344 = ( GEOMETRIC_REPRESENTATION_CONTEXT(2) 
PARAMETRIC_REPRESENTATION_CONTEXT() REPRESENTATION_CONTEXT('2D SPACE',''
  ) );
#8345 = PCURVE('',#5092,#8346);
#8346 = DEFINITIONAL_REPRESENTATION('',(#8347),#8350);
#8347 = B_SPLINE_CURVE_WITH_KNOTS('',1,(#8348,#8349),.UNSPECIFIED.,.F.,
  .F.,(2,2),(2.944486372867,8.717989064763),.PIECEWISE_BEZIER_KNOTS.);
#8348 = CARTESIAN_POINT('',(10.6,-11.66247543763));
#8349 = CARTESIAN_POINT('',(10.6,-17.43597812952));
#8350 = ( GEOMETRIC_REPRESENTATION_CONTEXT(2) 
PARAMETRIC_REPRESENTATION_CONTEXT() REPRESENTATION_CONTEXT('2D SPACE',''
  ) );
#8351 = ORIENTED_EDGE('',*,*,#8285,.F.);
#8352 = ADVANCED_FACE('',(#8353),#2009,.T.);
#8353 = FACE_BOUND('',#8354,.T.);
#8354 = EDGE_LOOP('',(#8355,#8356,#8379,#8400));
#8355 = ORIENTED_EDGE('',*,*,#1992,.T.);
#8356 = ORIENTED_EDGE('',*,*,#8357,.T.);
#8357 = EDGE_CURVE('',#1995,#8358,#8360,.T.);
#8358 = VERTEX_POINT('',#8359);
#8359 = CARTESIAN_POINT('',(-5.,-1.962990915245,40.));
#8360 = SURFACE_CURVE('',#8361,(#8365,#8372),.PCURVE_S1.);
#8361 = LINE('',#8362,#8363);
#8362 = CARTESIAN_POINT('',(-5.,-1.962990915245,36.5));
#8363 = VECTOR('',#8364,1.);
#8364 = DIRECTION('',(0.,0.,1.));
#8365 = PCURVE('',#2009,#8366);
#8366 = DEFINITIONAL_REPRESENTATION('',(#8367),#8371);
#8367 = LINE('',#8368,#8369);
#8368 = CARTESIAN_POINT('',(0.,0.));
#8369 = VECTOR('',#8370,1.);
#8370 = DIRECTION('',(0.,-1.));
#8371 = ( GEOMETRIC_REPRESENTATION_CONTEXT(2) 
PARAMETRIC_REPRESENTATION_CONTEXT() REPRESENTATION_CONTEXT('2D SPACE',''
  ) );
#8372 = PCURVE('',#2035,#8373);
#8373 = DEFINITIONAL_REPRESENTATION('',(#8374),#8378);
#8374 = LINE('',#8375,#8376);
#8375 = CARTESIAN_POINT('',(5.773502691896,0.));
#8376 = VECTOR('',#8377,1.);
#8377 = DIRECTION('',(0.,-1.));
#8378 = ( GEOMETRIC_REPRESENTATION_CONTEXT(2) 
PARAMETRIC_REPRESENTATION_CONTEXT() REPRESENTATION_CONTEXT('2D SPACE',''
  ) );
#8379 = ORIENTED_EDGE('',*,*,#8380,.F.);
#8380 = EDGE_CURVE('',#8381,#8358,#8383,.T.);
#8381 = VERTEX_POINT('',#8382);
#8382 = CARTESIAN_POINT('',(-5.,-7.736493607141,40.));
#8383 = SURFACE_CURVE('',#8384,(#8388,#8394),.PCURVE_S1.);
#8384 = LINE('',#8385,#8386);
#8385 = CARTESIAN_POINT('',(-5.,-0.981495457622,40.));
#8386 = VECTOR('',#8387,1.);
#8387 = DIRECTION('',(4.615110447321E-16,1.,-0.));
#8388 = PCURVE('',#2009,#8389);
#8389 = DEFINITIONAL_REPRESENTATION('',(#8390),#8393);
#8390 = B_SPLINE_CURVE_WITH_KNOTS('',1,(#8391,#8392),.UNSPECIFIED.,.F.,
  .F.,(2,2),(-6.754998149519,-0.981495457622),.PIECEWISE_BEZIER_KNOTS.);
#8391 = CARTESIAN_POINT('',(5.773502691896,-3.5));
#8392 = CARTESIAN_POINT('',(0.,-3.5));
#8393 = ( GEOMETRIC_REPRESENTATION_CONTEXT(2) 
PARAMETRIC_REPRESENTATION_CONTEXT() REPRESENTATION_CONTEXT('2D SPACE',''
  ) );
#8394 = PCURVE('',#5092,#8395);
#8395 = DEFINITIONAL_REPRESENTATION('',(#8396),#8399);
#8396 = B_SPLINE_CURVE_WITH_KNOTS('',1,(#8397,#8398),.UNSPECIFIED.,.F.,
  .F.,(2,2),(-6.754998149519,-0.981495457622),.PIECEWISE_BEZIER_KNOTS.);
#8397 = CARTESIAN_POINT('',(-5.,-7.736493607141));
#8398 = CARTESIAN_POINT('',(-5.,-1.962990915245));
#8399 = ( GEOMETRIC_REPRESENTATION_CONTEXT(2) 
PARAMETRIC_REPRESENTATION_CONTEXT() REPRESENTATION_CONTEXT('2D SPACE',''
  ) );
#8400 = ORIENTED_EDGE('',*,*,#8401,.F.);
#8401 = EDGE_CURVE('',#1993,#8381,#8402,.T.);
#8402 = SURFACE_CURVE('',#8403,(#8407,#8414),.PCURVE_S1.);
#8403 = LINE('',#8404,#8405);
#8404 = CARTESIAN_POINT('',(-5.,-7.736493607141,36.5));
#8405 = VECTOR('',#8406,1.);
#8406 = DIRECTION('',(0.,0.,1.));
#8407 = PCURVE('',#2009,#8408);
#8408 = DEFINITIONAL_REPRESENTATION('',(#8409),#8413);
#8409 = LINE('',#8410,#8411);
#8410 = CARTESIAN_POINT('',(5.773502691896,0.));
#8411 = VECTOR('',#8412,1.);
#8412 = DIRECTION('',(0.,-1.));
#8413 = ( GEOMETRIC_REPRESENTATION_CONTEXT(2) 
PARAMETRIC_REPRESENTATION_CONTEXT() REPRESENTATION_CONTEXT('2D SPACE',''
  ) );
#8414 = PCURVE('',#2137,#8415);
#8415 = DEFINITIONAL_REPRESENTATION('',(#8416),#8420);
#8416 = LINE('',#8417,#8418);
#8417 = CARTESIAN_POINT('',(0.,0.));
#8418 = VECTOR('',#8419,1.);
#8419 = DIRECTION('',(0.,-1.));
#8420 = ( GEOMETRIC_REPRESENTATION_CONTEXT(2) 
PARAMETRIC_REPRESENTATION_CONTEXT() REPRESENTATION_CONTEXT('2D SPACE',''
  ) );
#8421 = ADVANCED_FACE('',(#8422),#2137,.T.);
#8422 = FACE_BOUND('',#8423,.T.);
#8423 = EDGE_LOOP('',(#8424,#8425,#8426,#8447));
#8424 = ORIENTED_EDGE('',*,*,#2124,.T.);
#8425 = ORIENTED_EDGE('',*,*,#8401,.T.);
#8426 = ORIENTED_EDGE('',*,*,#8427,.F.);
#8427 = EDGE_CURVE('',#8428,#8381,#8430,.T.);
#8428 = VERTEX_POINT('',#8429);
#8429 = CARTESIAN_POINT('',(7.157816006753E-16,-10.62324495308,40.));
#8430 = SURFACE_CURVE('',#8431,(#8435,#8441),.PCURVE_S1.);
#8431 = LINE('',#8432,#8433);
#8432 = CARTESIAN_POINT('',(-4.8,-7.851963660979,40.));
#8433 = VECTOR('',#8434,1.);
#8434 = DIRECTION('',(-0.866025403784,0.5,0.));
#8435 = PCURVE('',#2137,#8436);
#8436 = DEFINITIONAL_REPRESENTATION('',(#8437),#8440);
#8437 = B_SPLINE_CURVE_WITH_KNOTS('',1,(#8438,#8439),.UNSPECIFIED.,.F.,
  .F.,(2,2),(-5.54256258422,0.230940107676),.PIECEWISE_BEZIER_KNOTS.);
#8438 = CARTESIAN_POINT('',(5.773502691896,-3.5));
#8439 = CARTESIAN_POINT('',(0.,-3.5));
#8440 = ( GEOMETRIC_REPRESENTATION_CONTEXT(2) 
PARAMETRIC_REPRESENTATION_CONTEXT() REPRESENTATION_CONTEXT('2D SPACE',''
  ) );
#8441 = PCURVE('',#5092,#8442);
#8442 = DEFINITIONAL_REPRESENTATION('',(#8443),#8446);
#8443 = B_SPLINE_CURVE_WITH_KNOTS('',1,(#8444,#8445),.UNSPECIFIED.,.F.,
  .F.,(2,2),(-5.54256258422,0.230940107676),.PIECEWISE_BEZIER_KNOTS.);
#8444 = CARTESIAN_POINT('',(1.467479039495E-15,-10.62324495308));
#8445 = CARTESIAN_POINT('',(-5.,-7.736493607141));
#8446 = ( GEOMETRIC_REPRESENTATION_CONTEXT(2) 
PARAMETRIC_REPRESENTATION_CONTEXT() REPRESENTATION_CONTEXT('2D SPACE',''
  ) );
#8447 = ORIENTED_EDGE('',*,*,#8448,.F.);
#8448 = EDGE_CURVE('',#2099,#8428,#8449,.T.);
#8449 = SURFACE_CURVE('',#8450,(#8454,#8461),.PCURVE_S1.);
#8450 = LINE('',#8451,#8452);
#8451 = CARTESIAN_POINT('',(7.157816006753E-16,-10.62324495308,36.5));
#8452 = VECTOR('',#8453,1.);
#8453 = DIRECTION('',(0.,0.,1.));
#8454 = PCURVE('',#2137,#8455);
#8455 = DEFINITIONAL_REPRESENTATION('',(#8456),#8460);
#8456 = LINE('',#8457,#8458);
#8457 = CARTESIAN_POINT('',(5.773502691896,0.));
#8458 = VECTOR('',#8459,1.);
#8459 = DIRECTION('',(0.,-1.));
#8460 = ( GEOMETRIC_REPRESENTATION_CONTEXT(2) 
PARAMETRIC_REPRESENTATION_CONTEXT() REPRESENTATION_CONTEXT('2D SPACE',''
  ) );
#8461 = PCURVE('',#2113,#8462);
#8462 = DEFINITIONAL_REPRESENTATION('',(#8463),#8467);
#8463 = LINE('',#8464,#8465);
#8464 = CARTESIAN_POINT('',(0.,0.));
#8465 = VECTOR('',#8466,1.);
#8466 = DIRECTION('',(0.,-1.));
#8467 = ( GEOMETRIC_REPRESENTATION_CONTEXT(2) 
PARAMETRIC_REPRESENTATION_CONTEXT() REPRESENTATION_CONTEXT('2D SPACE',''
  ) );
#8468 = ADVANCED_FACE('',(#8469),#2035,.T.);
#8469 = FACE_BOUND('',#8470,.T.);
#8470 = EDGE_LOOP('',(#8471,#8472,#8495,#8514));
#8471 = ORIENTED_EDGE('',*,*,#2020,.T.);
#8472 = ORIENTED_EDGE('',*,*,#8473,.T.);
#8473 = EDGE_CURVE('',#2021,#8474,#8476,.T.);
#8474 = VERTEX_POINT('',#8475);
#8475 = CARTESIAN_POINT('',(2.129881918975E-15,0.923760430703,40.));
#8476 = SURFACE_CURVE('',#8477,(#8481,#8488),.PCURVE_S1.);
#8477 = LINE('',#8478,#8479);
#8478 = CARTESIAN_POINT('',(2.129881918975E-15,0.923760430703,36.5));
#8479 = VECTOR('',#8480,1.);
#8480 = DIRECTION('',(0.,0.,1.));
#8481 = PCURVE('',#2035,#8482);
#8482 = DEFINITIONAL_REPRESENTATION('',(#8483),#8487);
#8483 = LINE('',#8484,#8485);
#8484 = CARTESIAN_POINT('',(0.,0.));
#8485 = VECTOR('',#8486,1.);
#8486 = DIRECTION('',(0.,-1.));
#8487 = ( GEOMETRIC_REPRESENTATION_CONTEXT(2) 
PARAMETRIC_REPRESENTATION_CONTEXT() REPRESENTATION_CONTEXT('2D SPACE',''
  ) );
#8488 = PCURVE('',#2061,#8489);
#8489 = DEFINITIONAL_REPRESENTATION('',(#8490),#8494);
#8490 = LINE('',#8491,#8492);
#8491 = CARTESIAN_POINT('',(5.773502691896,0.));
#8492 = VECTOR('',#8493,1.);
#8493 = DIRECTION('',(0.,-1.));
#8494 = ( GEOMETRIC_REPRESENTATION_CONTEXT(2) 
PARAMETRIC_REPRESENTATION_CONTEXT() REPRESENTATION_CONTEXT('2D SPACE',''
  ) );
#8495 = ORIENTED_EDGE('',*,*,#8496,.F.);
#8496 = EDGE_CURVE('',#8358,#8474,#8497,.T.);
#8497 = SURFACE_CURVE('',#8498,(#8502,#8508),.PCURVE_S1.);
#8498 = LINE('',#8499,#8500);
#8499 = CARTESIAN_POINT('',(-0.2,0.808290376865,40.));
#8500 = VECTOR('',#8501,1.);
#8501 = DIRECTION('',(0.866025403784,0.5,-0.));
#8502 = PCURVE('',#2035,#8503);
#8503 = DEFINITIONAL_REPRESENTATION('',(#8504),#8507);
#8504 = B_SPLINE_CURVE_WITH_KNOTS('',1,(#8505,#8506),.UNSPECIFIED.,.F.,
  .F.,(2,2),(-5.54256258422,0.230940107676),.PIECEWISE_BEZIER_KNOTS.);
#8505 = CARTESIAN_POINT('',(5.773502691896,-3.5));
#8506 = CARTESIAN_POINT('',(0.,-3.5));
#8507 = ( GEOMETRIC_REPRESENTATION_CONTEXT(2) 
PARAMETRIC_REPRESENTATION_CONTEXT() REPRESENTATION_CONTEXT('2D SPACE',''
  ) );
#8508 = PCURVE('',#5092,#8509);
#8509 = DEFINITIONAL_REPRESENTATION('',(#8510),#8513);
#8510 = B_SPLINE_CURVE_WITH_KNOTS('',1,(#8511,#8512),.UNSPECIFIED.,.F.,
  .F.,(2,2),(-5.54256258422,0.230940107676),.PIECEWISE_BEZIER_KNOTS.);
#8511 = CARTESIAN_POINT('',(-5.,-1.962990915245));
#8512 = CARTESIAN_POINT('',(2.139594821438E-15,0.923760430703));
#8513 = ( GEOMETRIC_REPRESENTATION_CONTEXT(2) 
PARAMETRIC_REPRESENTATION_CONTEXT() REPRESENTATION_CONTEXT('2D SPACE',''
  ) );
#8514 = ORIENTED_EDGE('',*,*,#8357,.F.);
#8515 = ADVANCED_FACE('',(#8516),#2113,.T.);
#8516 = FACE_BOUND('',#8517,.T.);
#8517 = EDGE_LOOP('',(#8518,#8519,#8520,#8541));
#8518 = ORIENTED_EDGE('',*,*,#2098,.T.);
#8519 = ORIENTED_EDGE('',*,*,#8448,.T.);
#8520 = ORIENTED_EDGE('',*,*,#8521,.F.);
#8521 = EDGE_CURVE('',#8522,#8428,#8524,.T.);
#8522 = VERTEX_POINT('',#8523);
#8523 = CARTESIAN_POINT('',(5.,-7.736493607141,40.));
#8524 = SURFACE_CURVE('',#8525,(#8529,#8535),.PCURVE_S1.);
#8525 = LINE('',#8526,#8527);
#8526 = CARTESIAN_POINT('',(2.3,-9.295339333953,40.));
#8527 = VECTOR('',#8528,1.);
#8528 = DIRECTION('',(-0.866025403784,-0.5,0.));
#8529 = PCURVE('',#2113,#8530);
#8530 = DEFINITIONAL_REPRESENTATION('',(#8531),#8534);
#8531 = B_SPLINE_CURVE_WITH_KNOTS('',1,(#8532,#8533),.UNSPECIFIED.,.F.,
  .F.,(2,2),(-3.117691453624,2.655811238272),.PIECEWISE_BEZIER_KNOTS.);
#8532 = CARTESIAN_POINT('',(5.773502691896,-3.5));
#8533 = CARTESIAN_POINT('',(0.,-3.5));
#8534 = ( GEOMETRIC_REPRESENTATION_CONTEXT(2) 
PARAMETRIC_REPRESENTATION_CONTEXT() REPRESENTATION_CONTEXT('2D SPACE',''
  ) );
#8535 = PCURVE('',#5092,#8536);
#8536 = DEFINITIONAL_REPRESENTATION('',(#8537),#8540);
#8537 = B_SPLINE_CURVE_WITH_KNOTS('',1,(#8538,#8539),.UNSPECIFIED.,.F.,
  .F.,(2,2),(-3.117691453624,2.655811238272),.PIECEWISE_BEZIER_KNOTS.);
#8538 = CARTESIAN_POINT('',(5.,-7.736493607141));
#8539 = CARTESIAN_POINT('',(1.054960637424E-15,-10.62324495308));
#8540 = ( GEOMETRIC_REPRESENTATION_CONTEXT(2) 
PARAMETRIC_REPRESENTATION_CONTEXT() REPRESENTATION_CONTEXT('2D SPACE',''
  ) );
#8541 = ORIENTED_EDGE('',*,*,#8542,.F.);
#8542 = EDGE_CURVE('',#2073,#8522,#8543,.T.);
#8543 = SURFACE_CURVE('',#8544,(#8548,#8555),.PCURVE_S1.);
#8544 = LINE('',#8545,#8546);
#8545 = CARTESIAN_POINT('',(5.,-7.736493607141,36.5));
#8546 = VECTOR('',#8547,1.);
#8547 = DIRECTION('',(0.,0.,1.));
#8548 = PCURVE('',#2113,#8549);
#8549 = DEFINITIONAL_REPRESENTATION('',(#8550),#8554);
#8550 = LINE('',#8551,#8552);
#8551 = CARTESIAN_POINT('',(5.773502691896,0.));
#8552 = VECTOR('',#8553,1.);
#8553 = DIRECTION('',(0.,-1.));
#8554 = ( GEOMETRIC_REPRESENTATION_CONTEXT(2) 
PARAMETRIC_REPRESENTATION_CONTEXT() REPRESENTATION_CONTEXT('2D SPACE',''
  ) );
#8555 = PCURVE('',#2087,#8556);
#8556 = DEFINITIONAL_REPRESENTATION('',(#8557),#8561);
#8557 = LINE('',#8558,#8559);
#8558 = CARTESIAN_POINT('',(0.,0.));
#8559 = VECTOR('',#8560,1.);
#8560 = DIRECTION('',(0.,-1.));
#8561 = ( GEOMETRIC_REPRESENTATION_CONTEXT(2) 
PARAMETRIC_REPRESENTATION_CONTEXT() REPRESENTATION_CONTEXT('2D SPACE',''
  ) );
#8562 = ADVANCED_FACE('',(#8563),#2061,.T.);
#8563 = FACE_BOUND('',#8564,.T.);
#8564 = EDGE_LOOP('',(#8565,#8566,#8589,#8608));
#8565 = ORIENTED_EDGE('',*,*,#2046,.T.);
#8566 = ORIENTED_EDGE('',*,*,#8567,.T.);
#8567 = EDGE_CURVE('',#2047,#8568,#8570,.T.);
#8568 = VERTEX_POINT('',#8569);
#8569 = CARTESIAN_POINT('',(5.,-1.962990915245,40.));
#8570 = SURFACE_CURVE('',#8571,(#8575,#8582),.PCURVE_S1.);
#8571 = LINE('',#8572,#8573);
#8572 = CARTESIAN_POINT('',(5.,-1.962990915245,36.5));
#8573 = VECTOR('',#8574,1.);
#8574 = DIRECTION('',(0.,0.,1.));
#8575 = PCURVE('',#2061,#8576);
#8576 = DEFINITIONAL_REPRESENTATION('',(#8577),#8581);
#8577 = LINE('',#8578,#8579);
#8578 = CARTESIAN_POINT('',(0.,0.));
#8579 = VECTOR('',#8580,1.);
#8580 = DIRECTION('',(0.,-1.));
#8581 = ( GEOMETRIC_REPRESENTATION_CONTEXT(2) 
PARAMETRIC_REPRESENTATION_CONTEXT() REPRESENTATION_CONTEXT('2D SPACE',''
  ) );
#8582 = PCURVE('',#2087,#8583);
#8583 = DEFINITIONAL_REPRESENTATION('',(#8584),#8588);
#8584 = LINE('',#8585,#8586);
#8585 = CARTESIAN_POINT('',(5.773502691896,0.));
#8586 = VECTOR('',#8587,1.);
#8587 = DIRECTION('',(0.,-1.));
#8588 = ( GEOMETRIC_REPRESENTATION_CONTEXT(2) 
PARAMETRIC_REPRESENTATION_CONTEXT() REPRESENTATION_CONTEXT('2D SPACE',''
  ) );
#8589 = ORIENTED_EDGE('',*,*,#8590,.F.);
#8590 = EDGE_CURVE('',#8474,#8568,#8591,.T.);
#8591 = SURFACE_CURVE('',#8592,(#8596,#8602),.PCURVE_S1.);
#8592 = LINE('',#8593,#8594);
#8593 = CARTESIAN_POINT('',(2.7,-0.635085296109,40.));
#8594 = VECTOR('',#8595,1.);
#8595 = DIRECTION('',(0.866025403784,-0.5,0.));
#8596 = PCURVE('',#2061,#8597);
#8597 = DEFINITIONAL_REPRESENTATION('',(#8598),#8601);
#8598 = B_SPLINE_CURVE_WITH_KNOTS('',1,(#8599,#8600),.UNSPECIFIED.,.F.,
  .F.,(2,2),(-3.117691453624,2.655811238272),.PIECEWISE_BEZIER_KNOTS.);
#8599 = CARTESIAN_POINT('',(5.773502691896,-3.5));
#8600 = CARTESIAN_POINT('',(0.,-3.5));
#8601 = ( GEOMETRIC_REPRESENTATION_CONTEXT(2) 
PARAMETRIC_REPRESENTATION_CONTEXT() REPRESENTATION_CONTEXT('2D SPACE',''
  ) );
#8602 = PCURVE('',#5092,#8603);
#8603 = DEFINITIONAL_REPRESENTATION('',(#8604),#8607);
#8604 = B_SPLINE_CURVE_WITH_KNOTS('',1,(#8605,#8606),.UNSPECIFIED.,.F.,
  .F.,(2,2),(-3.117691453624,2.655811238272),.PIECEWISE_BEZIER_KNOTS.);
#8605 = CARTESIAN_POINT('',(1.399714485633E-15,0.923760430703));
#8606 = CARTESIAN_POINT('',(5.,-1.962990915245));
#8607 = ( GEOMETRIC_REPRESENTATION_CONTEXT(2) 
PARAMETRIC_REPRESENTATION_CONTEXT() REPRESENTATION_CONTEXT('2D SPACE',''
  ) );
#8608 = ORIENTED_EDGE('',*,*,#8473,.F.);
#8609 = ADVANCED_FACE('',(#8610),#2087,.T.);
#8610 = FACE_BOUND('',#8611,.T.);
#8611 = EDGE_LOOP('',(#8612,#8613,#8614,#8633));
#8612 = ORIENTED_EDGE('',*,*,#2072,.T.);
#8613 = ORIENTED_EDGE('',*,*,#8542,.T.);
#8614 = ORIENTED_EDGE('',*,*,#8615,.F.);
#8615 = EDGE_CURVE('',#8568,#8522,#8616,.T.);
#8616 = SURFACE_CURVE('',#8617,(#8621,#8627),.PCURVE_S1.);
#8617 = LINE('',#8618,#8619);
#8618 = CARTESIAN_POINT('',(5.,-3.86824680357,40.));
#8619 = VECTOR('',#8620,1.);
#8620 = DIRECTION('',(-1.538370149107E-16,-1.,0.));
#8621 = PCURVE('',#2087,#8622);
#8622 = DEFINITIONAL_REPRESENTATION('',(#8623),#8626);
#8623 = B_SPLINE_CURVE_WITH_KNOTS('',1,(#8624,#8625),.UNSPECIFIED.,.F.,
  .F.,(2,2),(-1.905255888326,3.86824680357),.PIECEWISE_BEZIER_KNOTS.);
#8624 = CARTESIAN_POINT('',(5.773502691896,-3.5));
#8625 = CARTESIAN_POINT('',(0.,-3.5));
#8626 = ( GEOMETRIC_REPRESENTATION_CONTEXT(2) 
PARAMETRIC_REPRESENTATION_CONTEXT() REPRESENTATION_CONTEXT('2D SPACE',''
  ) );
#8627 = PCURVE('',#5092,#8628);
#8628 = DEFINITIONAL_REPRESENTATION('',(#8629),#8632);
#8629 = B_SPLINE_CURVE_WITH_KNOTS('',1,(#8630,#8631),.UNSPECIFIED.,.F.,
  .F.,(2,2),(-1.905255888326,3.86824680357),.PIECEWISE_BEZIER_KNOTS.);
#8630 = CARTESIAN_POINT('',(5.,-1.962990915245));
#8631 = CARTESIAN_POINT('',(5.,-7.736493607141));
#8632 = ( GEOMETRIC_REPRESENTATION_CONTEXT(2) 
PARAMETRIC_REPRESENTATION_CONTEXT() REPRESENTATION_CONTEXT('2D SPACE',''
  ) );
#8633 = ORIENTED_EDGE('',*,*,#8567,.F.);
#8634 = ADVANCED_FACE('',(#8635),#2167,.T.);
#8635 = FACE_BOUND('',#8636,.T.);
#8636 = EDGE_LOOP('',(#8637,#8638,#8661,#8682));
#8637 = ORIENTED_EDGE('',*,*,#2150,.T.);
#8638 = ORIENTED_EDGE('',*,*,#8639,.T.);
#8639 = EDGE_CURVE('',#2153,#8640,#8642,.T.);
#8640 = VERTEX_POINT('',#8641);
#8641 = CARTESIAN_POINT('',(6.2,-1.962990915245,40.));
#8642 = SURFACE_CURVE('',#8643,(#8647,#8654),.PCURVE_S1.);
#8643 = LINE('',#8644,#8645);
#8644 = CARTESIAN_POINT('',(6.2,-1.962990915245,36.5));
#8645 = VECTOR('',#8646,1.);
#8646 = DIRECTION('',(0.,0.,1.));
#8647 = PCURVE('',#2167,#8648);
#8648 = DEFINITIONAL_REPRESENTATION('',(#8649),#8653);
#8649 = LINE('',#8650,#8651);
#8650 = CARTESIAN_POINT('',(0.,0.));
#8651 = VECTOR('',#8652,1.);
#8652 = DIRECTION('',(0.,-1.));
#8653 = ( GEOMETRIC_REPRESENTATION_CONTEXT(2) 
PARAMETRIC_REPRESENTATION_CONTEXT() REPRESENTATION_CONTEXT('2D SPACE',''
  ) );
#8654 = PCURVE('',#2193,#8655);
#8655 = DEFINITIONAL_REPRESENTATION('',(#8656),#8660);
#8656 = LINE('',#8657,#8658);
#8657 = CARTESIAN_POINT('',(5.773502691896,0.));
#8658 = VECTOR('',#8659,1.);
#8659 = DIRECTION('',(0.,-1.));
#8660 = ( GEOMETRIC_REPRESENTATION_CONTEXT(2) 
PARAMETRIC_REPRESENTATION_CONTEXT() REPRESENTATION_CONTEXT('2D SPACE',''
  ) );
#8661 = ORIENTED_EDGE('',*,*,#8662,.F.);
#8662 = EDGE_CURVE('',#8663,#8640,#8665,.T.);
#8663 = VERTEX_POINT('',#8664);
#8664 = CARTESIAN_POINT('',(6.2,-7.736493607141,40.));
#8665 = SURFACE_CURVE('',#8666,(#8670,#8676),.PCURVE_S1.);
#8666 = LINE('',#8667,#8668);
#8667 = CARTESIAN_POINT('',(6.2,-0.981495457622,40.));
#8668 = VECTOR('',#8669,1.);
#8669 = DIRECTION('',(4.615110447321E-16,1.,-0.));
#8670 = PCURVE('',#2167,#8671);
#8671 = DEFINITIONAL_REPRESENTATION('',(#8672),#8675);
#8672 = B_SPLINE_CURVE_WITH_KNOTS('',1,(#8673,#8674),.UNSPECIFIED.,.F.,
  .F.,(2,2),(-6.754998149519,-0.981495457622),.PIECEWISE_BEZIER_KNOTS.);
#8673 = CARTESIAN_POINT('',(5.773502691896,-3.5));
#8674 = CARTESIAN_POINT('',(0.,-3.5));
#8675 = ( GEOMETRIC_REPRESENTATION_CONTEXT(2) 
PARAMETRIC_REPRESENTATION_CONTEXT() REPRESENTATION_CONTEXT('2D SPACE',''
  ) );
#8676 = PCURVE('',#5092,#8677);
#8677 = DEFINITIONAL_REPRESENTATION('',(#8678),#8681);
#8678 = B_SPLINE_CURVE_WITH_KNOTS('',1,(#8679,#8680),.UNSPECIFIED.,.F.,
  .F.,(2,2),(-6.754998149519,-0.981495457622),.PIECEWISE_BEZIER_KNOTS.);
#8679 = CARTESIAN_POINT('',(6.2,-7.736493607141));
#8680 = CARTESIAN_POINT('',(6.2,-1.962990915245));
#8681 = ( GEOMETRIC_REPRESENTATION_CONTEXT(2) 
PARAMETRIC_REPRESENTATION_CONTEXT() REPRESENTATION_CONTEXT('2D SPACE',''
  ) );
#8682 = ORIENTED_EDGE('',*,*,#8683,.F.);
#8683 = EDGE_CURVE('',#2151,#8663,#8684,.T.);
#8684 = SURFACE_CURVE('',#8685,(#8689,#8696),.PCURVE_S1.);
#8685 = LINE('',#8686,#8687);
#8686 = CARTESIAN_POINT('',(6.2,-7.736493607141,36.5));
#8687 = VECTOR('',#8688,1.);
#8688 = DIRECTION('',(0.,0.,1.));
#8689 = PCURVE('',#2167,#8690);
#8690 = DEFINITIONAL_REPRESENTATION('',(#8691),#8695);
#8691 = LINE('',#8692,#8693);
#8692 = CARTESIAN_POINT('',(5.773502691896,0.));
#8693 = VECTOR('',#8694,1.);
#8694 = DIRECTION('',(0.,-1.));
#8695 = ( GEOMETRIC_REPRESENTATION_CONTEXT(2) 
PARAMETRIC_REPRESENTATION_CONTEXT() REPRESENTATION_CONTEXT('2D SPACE',''
  ) );
#8696 = PCURVE('',#2295,#8697);
#8697 = DEFINITIONAL_REPRESENTATION('',(#8698),#8702);
#8698 = LINE('',#8699,#8700);
#8699 = CARTESIAN_POINT('',(0.,0.));
#8700 = VECTOR('',#8701,1.);
#8701 = DIRECTION('',(0.,-1.));
#8702 = ( GEOMETRIC_REPRESENTATION_CONTEXT(2) 
PARAMETRIC_REPRESENTATION_CONTEXT() REPRESENTATION_CONTEXT('2D SPACE',''
  ) );
#8703 = ADVANCED_FACE('',(#8704),#2295,.T.);
#8704 = FACE_BOUND('',#8705,.T.);
#8705 = EDGE_LOOP('',(#8706,#8707,#8708,#8729));
#8706 = ORIENTED_EDGE('',*,*,#2282,.T.);
#8707 = ORIENTED_EDGE('',*,*,#8683,.T.);
#8708 = ORIENTED_EDGE('',*,*,#8709,.F.);
#8709 = EDGE_CURVE('',#8710,#8663,#8712,.T.);
#8710 = VERTEX_POINT('',#8711);
#8711 = CARTESIAN_POINT('',(11.2,-10.62324495308,40.));
#8712 = SURFACE_CURVE('',#8713,(#8717,#8723),.PCURVE_S1.);
#8713 = LINE('',#8714,#8715);
#8714 = CARTESIAN_POINT('',(2.2,-5.427092530382,40.));
#8715 = VECTOR('',#8716,1.);
#8716 = DIRECTION('',(-0.866025403784,0.5,0.));
#8717 = PCURVE('',#2295,#8718);
#8718 = DEFINITIONAL_REPRESENTATION('',(#8719),#8722);
#8719 = B_SPLINE_CURVE_WITH_KNOTS('',1,(#8720,#8721),.UNSPECIFIED.,.F.,
  .F.,(2,2),(-10.39230484541,-4.618802153517),.PIECEWISE_BEZIER_KNOTS.);
#8720 = CARTESIAN_POINT('',(5.773502691896,-3.5));
#8721 = CARTESIAN_POINT('',(0.,-3.5));
#8722 = ( GEOMETRIC_REPRESENTATION_CONTEXT(2) 
PARAMETRIC_REPRESENTATION_CONTEXT() REPRESENTATION_CONTEXT('2D SPACE',''
  ) );
#8723 = PCURVE('',#5092,#8724);
#8724 = DEFINITIONAL_REPRESENTATION('',(#8725),#8728);
#8725 = B_SPLINE_CURVE_WITH_KNOTS('',1,(#8726,#8727),.UNSPECIFIED.,.F.,
  .F.,(2,2),(-10.39230484541,-4.618802153517),.PIECEWISE_BEZIER_KNOTS.);
#8726 = CARTESIAN_POINT('',(11.2,-10.62324495308));
#8727 = CARTESIAN_POINT('',(6.2,-7.736493607141));
#8728 = ( GEOMETRIC_REPRESENTATION_CONTEXT(2) 
PARAMETRIC_REPRESENTATION_CONTEXT() REPRESENTATION_CONTEXT('2D SPACE',''
  ) );
#8729 = ORIENTED_EDGE('',*,*,#8730,.F.);
#8730 = EDGE_CURVE('',#2257,#8710,#8731,.T.);
#8731 = SURFACE_CURVE('',#8732,(#8736,#8743),.PCURVE_S1.);
#8732 = LINE('',#8733,#8734);
#8733 = CARTESIAN_POINT('',(11.2,-10.62324495308,36.5));
#8734 = VECTOR('',#8735,1.);
#8735 = DIRECTION('',(0.,0.,1.));
#8736 = PCURVE('',#2295,#8737);
#8737 = DEFINITIONAL_REPRESENTATION('',(#8738),#8742);
#8738 = LINE('',#8739,#8740);
#8739 = CARTESIAN_POINT('',(5.773502691896,0.));
#8740 = VECTOR('',#8741,1.);
#8741 = DIRECTION('',(0.,-1.));
#8742 = ( GEOMETRIC_REPRESENTATION_CONTEXT(2) 
PARAMETRIC_REPRESENTATION_CONTEXT() REPRESENTATION_CONTEXT('2D SPACE',''
  ) );
#8743 = PCURVE('',#2271,#8744);
#8744 = DEFINITIONAL_REPRESENTATION('',(#8745),#8749);
#8745 = LINE('',#8746,#8747);
#8746 = CARTESIAN_POINT('',(0.,0.));
#8747 = VECTOR('',#8748,1.);
#8748 = DIRECTION('',(0.,-1.));
#8749 = ( GEOMETRIC_REPRESENTATION_CONTEXT(2) 
PARAMETRIC_REPRESENTATION_CONTEXT() REPRESENTATION_CONTEXT('2D SPACE',''
  ) );
#8750 = ADVANCED_FACE('',(#8751),#2193,.T.);
#8751 = FACE_BOUND('',#8752,.T.);
#8752 = EDGE_LOOP('',(#8753,#8754,#8777,#8796));
#8753 = ORIENTED_EDGE('',*,*,#2178,.T.);
#8754 = ORIENTED_EDGE('',*,*,#8755,.T.);
#8755 = EDGE_CURVE('',#2179,#8756,#8758,.T.);
#8756 = VERTEX_POINT('',#8757);
#8757 = CARTESIAN_POINT('',(11.2,0.923760430703,40.));
#8758 = SURFACE_CURVE('',#8759,(#8763,#8770),.PCURVE_S1.);
#8759 = LINE('',#8760,#8761);
#8760 = CARTESIAN_POINT('',(11.2,0.923760430703,36.5));
#8761 = VECTOR('',#8762,1.);
#8762 = DIRECTION('',(0.,0.,1.));
#8763 = PCURVE('',#2193,#8764);
#8764 = DEFINITIONAL_REPRESENTATION('',(#8765),#8769);
#8765 = LINE('',#8766,#8767);
#8766 = CARTESIAN_POINT('',(0.,0.));
#8767 = VECTOR('',#8768,1.);
#8768 = DIRECTION('',(0.,-1.));
#8769 = ( GEOMETRIC_REPRESENTATION_CONTEXT(2) 
PARAMETRIC_REPRESENTATION_CONTEXT() REPRESENTATION_CONTEXT('2D SPACE',''
  ) );
#8770 = PCURVE('',#2219,#8771);
#8771 = DEFINITIONAL_REPRESENTATION('',(#8772),#8776);
#8772 = LINE('',#8773,#8774);
#8773 = CARTESIAN_POINT('',(5.773502691896,0.));
#8774 = VECTOR('',#8775,1.);
#8775 = DIRECTION('',(0.,-1.));
#8776 = ( GEOMETRIC_REPRESENTATION_CONTEXT(2) 
PARAMETRIC_REPRESENTATION_CONTEXT() REPRESENTATION_CONTEXT('2D SPACE',''
  ) );
#8777 = ORIENTED_EDGE('',*,*,#8778,.F.);
#8778 = EDGE_CURVE('',#8640,#8756,#8779,.T.);
#8779 = SURFACE_CURVE('',#8780,(#8784,#8790),.PCURVE_S1.);
#8780 = LINE('',#8781,#8782);
#8781 = CARTESIAN_POINT('',(6.8,-1.616580753731,40.));
#8782 = VECTOR('',#8783,1.);
#8783 = DIRECTION('',(0.866025403784,0.5,-0.));
#8784 = PCURVE('',#2193,#8785);
#8785 = DEFINITIONAL_REPRESENTATION('',(#8786),#8789);
#8786 = B_SPLINE_CURVE_WITH_KNOTS('',1,(#8787,#8788),.UNSPECIFIED.,.F.,
  .F.,(2,2),(-0.692820323028,5.080682368869),.PIECEWISE_BEZIER_KNOTS.);
#8787 = CARTESIAN_POINT('',(5.773502691896,-3.5));
#8788 = CARTESIAN_POINT('',(0.,-3.5));
#8789 = ( GEOMETRIC_REPRESENTATION_CONTEXT(2) 
PARAMETRIC_REPRESENTATION_CONTEXT() REPRESENTATION_CONTEXT('2D SPACE',''
  ) );
#8790 = PCURVE('',#5092,#8791);
#8791 = DEFINITIONAL_REPRESENTATION('',(#8792),#8795);
#8792 = B_SPLINE_CURVE_WITH_KNOTS('',1,(#8793,#8794),.UNSPECIFIED.,.F.,
  .F.,(2,2),(-0.692820323028,5.080682368869),.PIECEWISE_BEZIER_KNOTS.);
#8793 = CARTESIAN_POINT('',(6.2,-1.962990915245));
#8794 = CARTESIAN_POINT('',(11.2,0.923760430703));
#8795 = ( GEOMETRIC_REPRESENTATION_CONTEXT(2) 
PARAMETRIC_REPRESENTATION_CONTEXT() REPRESENTATION_CONTEXT('2D SPACE',''
  ) );
#8796 = ORIENTED_EDGE('',*,*,#8639,.F.);
#8797 = ADVANCED_FACE('',(#8798),#2271,.T.);
#8798 = FACE_BOUND('',#8799,.T.);
#8799 = EDGE_LOOP('',(#8800,#8801,#8802,#8823));
#8800 = ORIENTED_EDGE('',*,*,#2256,.T.);
#8801 = ORIENTED_EDGE('',*,*,#8730,.T.);
#8802 = ORIENTED_EDGE('',*,*,#8803,.F.);
#8803 = EDGE_CURVE('',#8804,#8710,#8806,.T.);
#8804 = VERTEX_POINT('',#8805);
#8805 = CARTESIAN_POINT('',(16.2,-7.736493607141,40.));
#8806 = SURFACE_CURVE('',#8807,(#8811,#8817),.PCURVE_S1.);
#8807 = LINE('',#8808,#8809);
#8808 = CARTESIAN_POINT('',(9.3,-11.72021046454,40.));
#8809 = VECTOR('',#8810,1.);
#8810 = DIRECTION('',(-0.866025403784,-0.5,0.));
#8811 = PCURVE('',#2271,#8812);
#8812 = DEFINITIONAL_REPRESENTATION('',(#8813),#8816);
#8813 = B_SPLINE_CURVE_WITH_KNOTS('',1,(#8814,#8815),.UNSPECIFIED.,.F.,
  .F.,(2,2),(-7.967433714817,-2.193931022921),.PIECEWISE_BEZIER_KNOTS.);
#8814 = CARTESIAN_POINT('',(5.773502691896,-3.5));
#8815 = CARTESIAN_POINT('',(0.,-3.5));
#8816 = ( GEOMETRIC_REPRESENTATION_CONTEXT(2) 
PARAMETRIC_REPRESENTATION_CONTEXT() REPRESENTATION_CONTEXT('2D SPACE',''
  ) );
#8817 = PCURVE('',#5092,#8818);
#8818 = DEFINITIONAL_REPRESENTATION('',(#8819),#8822);
#8819 = B_SPLINE_CURVE_WITH_KNOTS('',1,(#8820,#8821),.UNSPECIFIED.,.F.,
  .F.,(2,2),(-7.967433714817,-2.193931022921),.PIECEWISE_BEZIER_KNOTS.);
#8820 = CARTESIAN_POINT('',(16.2,-7.736493607141));
#8821 = CARTESIAN_POINT('',(11.2,-10.62324495308));
#8822 = ( GEOMETRIC_REPRESENTATION_CONTEXT(2) 
PARAMETRIC_REPRESENTATION_CONTEXT() REPRESENTATION_CONTEXT('2D SPACE',''
  ) );
#8823 = ORIENTED_EDGE('',*,*,#8824,.F.);
#8824 = EDGE_CURVE('',#2231,#8804,#8825,.T.);
#8825 = SURFACE_CURVE('',#8826,(#8830,#8837),.PCURVE_S1.);
#8826 = LINE('',#8827,#8828);
#8827 = CARTESIAN_POINT('',(16.2,-7.736493607141,36.5));
#8828 = VECTOR('',#8829,1.);
#8829 = DIRECTION('',(0.,0.,1.));
#8830 = PCURVE('',#2271,#8831);
#8831 = DEFINITIONAL_REPRESENTATION('',(#8832),#8836);
#8832 = LINE('',#8833,#8834);
#8833 = CARTESIAN_POINT('',(5.773502691896,0.));
#8834 = VECTOR('',#8835,1.);
#8835 = DIRECTION('',(0.,-1.));
#8836 = ( GEOMETRIC_REPRESENTATION_CONTEXT(2) 
PARAMETRIC_REPRESENTATION_CONTEXT() REPRESENTATION_CONTEXT('2D SPACE',''
  ) );
#8837 = PCURVE('',#2245,#8838);
#8838 = DEFINITIONAL_REPRESENTATION('',(#8839),#8843);
#8839 = LINE('',#8840,#8841);
#8840 = CARTESIAN_POINT('',(0.,0.));
#8841 = VECTOR('',#8842,1.);
#8842 = DIRECTION('',(0.,-1.));
#8843 = ( GEOMETRIC_REPRESENTATION_CONTEXT(2) 
PARAMETRIC_REPRESENTATION_CONTEXT() REPRESENTATION_CONTEXT('2D SPACE',''
  ) );
#8844 = ADVANCED_FACE('',(#8845),#2219,.T.);
#8845 = FACE_BOUND('',#8846,.T.);
#8846 = EDGE_LOOP('',(#8847,#8848,#8871,#8890));
#8847 = ORIENTED_EDGE('',*,*,#2204,.T.);
#8848 = ORIENTED_EDGE('',*,*,#8849,.T.);
#8849 = EDGE_CURVE('',#2205,#8850,#8852,.T.);
#8850 = VERTEX_POINT('',#8851);
#8851 = CARTESIAN_POINT('',(16.2,-1.962990915245,40.));
#8852 = SURFACE_CURVE('',#8853,(#8857,#8864),.PCURVE_S1.);
#8853 = LINE('',#8854,#8855);
#8854 = CARTESIAN_POINT('',(16.2,-1.962990915245,36.5));
#8855 = VECTOR('',#8856,1.);
#8856 = DIRECTION('',(0.,0.,1.));
#8857 = PCURVE('',#2219,#8858);
#8858 = DEFINITIONAL_REPRESENTATION('',(#8859),#8863);
#8859 = LINE('',#8860,#8861);
#8860 = CARTESIAN_POINT('',(0.,0.));
#8861 = VECTOR('',#8862,1.);
#8862 = DIRECTION('',(0.,-1.));
#8863 = ( GEOMETRIC_REPRESENTATION_CONTEXT(2) 
PARAMETRIC_REPRESENTATION_CONTEXT() REPRESENTATION_CONTEXT('2D SPACE',''
  ) );
#8864 = PCURVE('',#2245,#8865);
#8865 = DEFINITIONAL_REPRESENTATION('',(#8866),#8870);
#8866 = LINE('',#8867,#8868);
#8867 = CARTESIAN_POINT('',(5.773502691896,0.));
#8868 = VECTOR('',#8869,1.);
#8869 = DIRECTION('',(0.,-1.));
#8870 = ( GEOMETRIC_REPRESENTATION_CONTEXT(2) 
PARAMETRIC_REPRESENTATION_CONTEXT() REPRESENTATION_CONTEXT('2D SPACE',''
  ) );
#8871 = ORIENTED_EDGE('',*,*,#8872,.F.);
#8872 = EDGE_CURVE('',#8756,#8850,#8873,.T.);
#8873 = SURFACE_CURVE('',#8874,(#8878,#8884),.PCURVE_S1.);
#8874 = LINE('',#8875,#8876);
#8875 = CARTESIAN_POINT('',(9.7,1.789785834488,40.));
#8876 = VECTOR('',#8877,1.);
#8877 = DIRECTION('',(0.866025403784,-0.5,0.));
#8878 = PCURVE('',#2219,#8879);
#8879 = DEFINITIONAL_REPRESENTATION('',(#8880),#8883);
#8880 = B_SPLINE_CURVE_WITH_KNOTS('',1,(#8881,#8882),.UNSPECIFIED.,.F.,
  .F.,(2,2),(1.732050807569,7.505553499465),.PIECEWISE_BEZIER_KNOTS.);
#8881 = CARTESIAN_POINT('',(5.773502691896,-3.5));
#8882 = CARTESIAN_POINT('',(0.,-3.5));
#8883 = ( GEOMETRIC_REPRESENTATION_CONTEXT(2) 
PARAMETRIC_REPRESENTATION_CONTEXT() REPRESENTATION_CONTEXT('2D SPACE',''
  ) );
#8884 = PCURVE('',#5092,#8885);
#8885 = DEFINITIONAL_REPRESENTATION('',(#8886),#8889);
#8886 = B_SPLINE_CURVE_WITH_KNOTS('',1,(#8887,#8888),.UNSPECIFIED.,.F.,
  .F.,(2,2),(1.732050807569,7.505553499465),.PIECEWISE_BEZIER_KNOTS.);
#8887 = CARTESIAN_POINT('',(11.2,0.923760430703));
#8888 = CARTESIAN_POINT('',(16.2,-1.962990915245));
#8889 = ( GEOMETRIC_REPRESENTATION_CONTEXT(2) 
PARAMETRIC_REPRESENTATION_CONTEXT() REPRESENTATION_CONTEXT('2D SPACE',''
  ) );
#8890 = ORIENTED_EDGE('',*,*,#8755,.F.);
#8891 = ADVANCED_FACE('',(#8892),#2245,.T.);
#8892 = FACE_BOUND('',#8893,.T.);
#8893 = EDGE_LOOP('',(#8894,#8895,#8896,#8915));
#8894 = ORIENTED_EDGE('',*,*,#2230,.T.);
#8895 = ORIENTED_EDGE('',*,*,#8824,.T.);
#8896 = ORIENTED_EDGE('',*,*,#8897,.F.);
#8897 = EDGE_CURVE('',#8850,#8804,#8898,.T.);
#8898 = SURFACE_CURVE('',#8899,(#8903,#8909),.PCURVE_S1.);
#8899 = LINE('',#8900,#8901);
#8900 = CARTESIAN_POINT('',(16.2,-3.86824680357,40.));
#8901 = VECTOR('',#8902,1.);
#8902 = DIRECTION('',(-1.538370149107E-16,-1.,0.));
#8903 = PCURVE('',#2245,#8904);
#8904 = DEFINITIONAL_REPRESENTATION('',(#8905),#8908);
#8905 = B_SPLINE_CURVE_WITH_KNOTS('',1,(#8906,#8907),.UNSPECIFIED.,.F.,
  .F.,(2,2),(-1.905255888326,3.86824680357),.PIECEWISE_BEZIER_KNOTS.);
#8906 = CARTESIAN_POINT('',(5.773502691896,-3.5));
#8907 = CARTESIAN_POINT('',(0.,-3.5));
#8908 = ( GEOMETRIC_REPRESENTATION_CONTEXT(2) 
PARAMETRIC_REPRESENTATION_CONTEXT() REPRESENTATION_CONTEXT('2D SPACE',''
  ) );
#8909 = PCURVE('',#5092,#8910);
#8910 = DEFINITIONAL_REPRESENTATION('',(#8911),#8914);
#8911 = B_SPLINE_CURVE_WITH_KNOTS('',1,(#8912,#8913),.UNSPECIFIED.,.F.,
  .F.,(2,2),(-1.905255888326,3.86824680357),.PIECEWISE_BEZIER_KNOTS.);
#8912 = CARTESIAN_POINT('',(16.2,-1.962990915245));
#8913 = CARTESIAN_POINT('',(16.2,-7.736493607141));
#8914 = ( GEOMETRIC_REPRESENTATION_CONTEXT(2) 
PARAMETRIC_REPRESENTATION_CONTEXT() REPRESENTATION_CONTEXT('2D SPACE',''
  ) );
#8915 = ORIENTED_EDGE('',*,*,#8849,.F.);
#8916 = ADVANCED_FACE('',(#8917),#2325,.T.);
#8917 = FACE_BOUND('',#8918,.T.);
#8918 = EDGE_LOOP('',(#8919,#8920,#8943,#8964));
#8919 = ORIENTED_EDGE('',*,*,#2308,.T.);
#8920 = ORIENTED_EDGE('',*,*,#8921,.T.);
#8921 = EDGE_CURVE('',#2311,#8922,#8924,.T.);
#8922 = VERTEX_POINT('',#8923);
#8923 = CARTESIAN_POINT('',(11.8,-11.66247543763,40.));
#8924 = SURFACE_CURVE('',#8925,(#8929,#8936),.PCURVE_S1.);
#8925 = LINE('',#8926,#8927);
#8926 = CARTESIAN_POINT('',(11.8,-11.66247543763,36.5));
#8927 = VECTOR('',#8928,1.);
#8928 = DIRECTION('',(0.,0.,1.));
#8929 = PCURVE('',#2325,#8930);
#8930 = DEFINITIONAL_REPRESENTATION('',(#8931),#8935);
#8931 = LINE('',#8932,#8933);
#8932 = CARTESIAN_POINT('',(0.,0.));
#8933 = VECTOR('',#8934,1.);
#8934 = DIRECTION('',(0.,-1.));
#8935 = ( GEOMETRIC_REPRESENTATION_CONTEXT(2) 
PARAMETRIC_REPRESENTATION_CONTEXT() REPRESENTATION_CONTEXT('2D SPACE',''
  ) );
#8936 = PCURVE('',#2351,#8937);
#8937 = DEFINITIONAL_REPRESENTATION('',(#8938),#8942);
#8938 = LINE('',#8939,#8940);
#8939 = CARTESIAN_POINT('',(5.773502691896,0.));
#8940 = VECTOR('',#8941,1.);
#8941 = DIRECTION('',(0.,-1.));
#8942 = ( GEOMETRIC_REPRESENTATION_CONTEXT(2) 
PARAMETRIC_REPRESENTATION_CONTEXT() REPRESENTATION_CONTEXT('2D SPACE',''
  ) );
#8943 = ORIENTED_EDGE('',*,*,#8944,.F.);
#8944 = EDGE_CURVE('',#8945,#8922,#8947,.T.);
#8945 = VERTEX_POINT('',#8946);
#8946 = CARTESIAN_POINT('',(11.8,-17.43597812952,40.));
#8947 = SURFACE_CURVE('',#8948,(#8952,#8958),.PCURVE_S1.);
#8948 = LINE('',#8949,#8950);
#8949 = CARTESIAN_POINT('',(11.8,-5.831237718815,40.));
#8950 = VECTOR('',#8951,1.);
#8951 = DIRECTION('',(4.615110447321E-16,1.,-0.));
#8952 = PCURVE('',#2325,#8953);
#8953 = DEFINITIONAL_REPRESENTATION('',(#8954),#8957);
#8954 = B_SPLINE_CURVE_WITH_KNOTS('',1,(#8955,#8956),.UNSPECIFIED.,.F.,
  .F.,(2,2),(-11.60474041071,-5.831237718815),.PIECEWISE_BEZIER_KNOTS.);
#8955 = CARTESIAN_POINT('',(5.773502691896,-3.5));
#8956 = CARTESIAN_POINT('',(0.,-3.5));
#8957 = ( GEOMETRIC_REPRESENTATION_CONTEXT(2) 
PARAMETRIC_REPRESENTATION_CONTEXT() REPRESENTATION_CONTEXT('2D SPACE',''
  ) );
#8958 = PCURVE('',#5092,#8959);
#8959 = DEFINITIONAL_REPRESENTATION('',(#8960),#8963);
#8960 = B_SPLINE_CURVE_WITH_KNOTS('',1,(#8961,#8962),.UNSPECIFIED.,.F.,
  .F.,(2,2),(-11.60474041071,-5.831237718815),.PIECEWISE_BEZIER_KNOTS.);
#8961 = CARTESIAN_POINT('',(11.8,-17.43597812952));
#8962 = CARTESIAN_POINT('',(11.8,-11.66247543763));
#8963 = ( GEOMETRIC_REPRESENTATION_CONTEXT(2) 
PARAMETRIC_REPRESENTATION_CONTEXT() REPRESENTATION_CONTEXT('2D SPACE',''
  ) );
#8964 = ORIENTED_EDGE('',*,*,#8965,.F.);
#8965 = EDGE_CURVE('',#2309,#8945,#8966,.T.);
#8966 = SURFACE_CURVE('',#8967,(#8971,#8978),.PCURVE_S1.);
#8967 = LINE('',#8968,#8969);
#8968 = CARTESIAN_POINT('',(11.8,-17.43597812952,36.5));
#8969 = VECTOR('',#8970,1.);
#8970 = DIRECTION('',(0.,0.,1.));
#8971 = PCURVE('',#2325,#8972);
#8972 = DEFINITIONAL_REPRESENTATION('',(#8973),#8977);
#8973 = LINE('',#8974,#8975);
#8974 = CARTESIAN_POINT('',(5.773502691896,0.));
#8975 = VECTOR('',#8976,1.);
#8976 = DIRECTION('',(0.,-1.));
#8977 = ( GEOMETRIC_REPRESENTATION_CONTEXT(2) 
PARAMETRIC_REPRESENTATION_CONTEXT() REPRESENTATION_CONTEXT('2D SPACE',''
  ) );
#8978 = PCURVE('',#2453,#8979);
#8979 = DEFINITIONAL_REPRESENTATION('',(#8980),#8984);
#8980 = LINE('',#8981,#8982);
#8981 = CARTESIAN_POINT('',(0.,0.));
#8982 = VECTOR('',#8983,1.);
#8983 = DIRECTION('',(0.,-1.));
#8984 = ( GEOMETRIC_REPRESENTATION_CONTEXT(2) 
PARAMETRIC_REPRESENTATION_CONTEXT() REPRESENTATION_CONTEXT('2D SPACE',''
  ) );
#8985 = ADVANCED_FACE('',(#8986),#2453,.T.);
#8986 = FACE_BOUND('',#8987,.T.);
#8987 = EDGE_LOOP('',(#8988,#8989,#8990,#9011));
#8988 = ORIENTED_EDGE('',*,*,#2440,.T.);
#8989 = ORIENTED_EDGE('',*,*,#8965,.T.);
#8990 = ORIENTED_EDGE('',*,*,#8991,.F.);
#8991 = EDGE_CURVE('',#8992,#8945,#8994,.T.);
#8992 = VERTEX_POINT('',#8993);
#8993 = CARTESIAN_POINT('',(16.8,-20.32272947547,40.));
#8994 = SURFACE_CURVE('',#8995,(#8999,#9005),.PCURVE_S1.);
#8995 = LINE('',#8996,#8997);
#8996 = CARTESIAN_POINT('',(3.6,-12.70170592217,40.));
#8997 = VECTOR('',#8998,1.);
#8998 = DIRECTION('',(-0.866025403784,0.5,0.));
#8999 = PCURVE('',#2453,#9000);
#9000 = DEFINITIONAL_REPRESENTATION('',(#9001),#9004);
#9001 = B_SPLINE_CURVE_WITH_KNOTS('',1,(#9002,#9003),.UNSPECIFIED.,.F.,
  .F.,(2,2),(-15.2420471066,-9.46854441471),.PIECEWISE_BEZIER_KNOTS.);
#9002 = CARTESIAN_POINT('',(5.773502691896,-3.5));
#9003 = CARTESIAN_POINT('',(0.,-3.5));
#9004 = ( GEOMETRIC_REPRESENTATION_CONTEXT(2) 
PARAMETRIC_REPRESENTATION_CONTEXT() REPRESENTATION_CONTEXT('2D SPACE',''
  ) );
#9005 = PCURVE('',#5092,#9006);
#9006 = DEFINITIONAL_REPRESENTATION('',(#9007),#9010);
#9007 = B_SPLINE_CURVE_WITH_KNOTS('',1,(#9008,#9009),.UNSPECIFIED.,.F.,
  .F.,(2,2),(-15.2420471066,-9.46854441471),.PIECEWISE_BEZIER_KNOTS.);
#9008 = CARTESIAN_POINT('',(16.8,-20.32272947547));
#9009 = CARTESIAN_POINT('',(11.8,-17.43597812952));
#9010 = ( GEOMETRIC_REPRESENTATION_CONTEXT(2) 
PARAMETRIC_REPRESENTATION_CONTEXT() REPRESENTATION_CONTEXT('2D SPACE',''
  ) );
#9011 = ORIENTED_EDGE('',*,*,#9012,.F.);
#9012 = EDGE_CURVE('',#2415,#8992,#9013,.T.);
#9013 = SURFACE_CURVE('',#9014,(#9018,#9025),.PCURVE_S1.);
#9014 = LINE('',#9015,#9016);
#9015 = CARTESIAN_POINT('',(16.8,-20.32272947547,36.5));
#9016 = VECTOR('',#9017,1.);
#9017 = DIRECTION('',(0.,0.,1.));
#9018 = PCURVE('',#2453,#9019);
#9019 = DEFINITIONAL_REPRESENTATION('',(#9020),#9024);
#9020 = LINE('',#9021,#9022);
#9021 = CARTESIAN_POINT('',(5.773502691896,0.));
#9022 = VECTOR('',#9023,1.);
#9023 = DIRECTION('',(0.,-1.));
#9024 = ( GEOMETRIC_REPRESENTATION_CONTEXT(2) 
PARAMETRIC_REPRESENTATION_CONTEXT() REPRESENTATION_CONTEXT('2D SPACE',''
  ) );
#9025 = PCURVE('',#2429,#9026);
#9026 = DEFINITIONAL_REPRESENTATION('',(#9027),#9031);
#9027 = LINE('',#9028,#9029);
#9028 = CARTESIAN_POINT('',(0.,0.));
#9029 = VECTOR('',#9030,1.);
#9030 = DIRECTION('',(0.,-1.));
#9031 = ( GEOMETRIC_REPRESENTATION_CONTEXT(2) 
PARAMETRIC_REPRESENTATION_CONTEXT() REPRESENTATION_CONTEXT('2D SPACE',''
  ) );
#9032 = ADVANCED_FACE('',(#9033),#2351,.T.);
#9033 = FACE_BOUND('',#9034,.T.);
#9034 = EDGE_LOOP('',(#9035,#9036,#9059,#9078));
#9035 = ORIENTED_EDGE('',*,*,#2336,.T.);
#9036 = ORIENTED_EDGE('',*,*,#9037,.T.);
#9037 = EDGE_CURVE('',#2337,#9038,#9040,.T.);
#9038 = VERTEX_POINT('',#9039);
#9039 = CARTESIAN_POINT('',(16.8,-8.775724091682,40.));
#9040 = SURFACE_CURVE('',#9041,(#9045,#9052),.PCURVE_S1.);
#9041 = LINE('',#9042,#9043);
#9042 = CARTESIAN_POINT('',(16.8,-8.775724091682,36.5));
#9043 = VECTOR('',#9044,1.);
#9044 = DIRECTION('',(0.,0.,1.));
#9045 = PCURVE('',#2351,#9046);
#9046 = DEFINITIONAL_REPRESENTATION('',(#9047),#9051);
#9047 = LINE('',#9048,#9049);
#9048 = CARTESIAN_POINT('',(0.,0.));
#9049 = VECTOR('',#9050,1.);
#9050 = DIRECTION('',(0.,-1.));
#9051 = ( GEOMETRIC_REPRESENTATION_CONTEXT(2) 
PARAMETRIC_REPRESENTATION_CONTEXT() REPRESENTATION_CONTEXT('2D SPACE',''
  ) );
#9052 = PCURVE('',#2377,#9053);
#9053 = DEFINITIONAL_REPRESENTATION('',(#9054),#9058);
#9054 = LINE('',#9055,#9056);
#9055 = CARTESIAN_POINT('',(5.773502691896,0.));
#9056 = VECTOR('',#9057,1.);
#9057 = DIRECTION('',(0.,-1.));
#9058 = ( GEOMETRIC_REPRESENTATION_CONTEXT(2) 
PARAMETRIC_REPRESENTATION_CONTEXT() REPRESENTATION_CONTEXT('2D SPACE',''
  ) );
#9059 = ORIENTED_EDGE('',*,*,#9060,.F.);
#9060 = EDGE_CURVE('',#8922,#9038,#9061,.T.);
#9061 = SURFACE_CURVE('',#9062,(#9066,#9072),.PCURVE_S1.);
#9062 = LINE('',#9063,#9064);
#9063 = CARTESIAN_POINT('',(12.4,-11.31606527611,40.));
#9064 = VECTOR('',#9065,1.);
#9065 = DIRECTION('',(0.866025403784,0.5,-0.));
#9066 = PCURVE('',#2351,#9067);
#9067 = DEFINITIONAL_REPRESENTATION('',(#9068),#9071);
#9068 = B_SPLINE_CURVE_WITH_KNOTS('',1,(#9069,#9070),.UNSPECIFIED.,.F.,
  .F.,(2,2),(-0.692820323028,5.080682368869),.PIECEWISE_BEZIER_KNOTS.);
#9069 = CARTESIAN_POINT('',(5.773502691896,-3.5));
#9070 = CARTESIAN_POINT('',(0.,-3.5));
#9071 = ( GEOMETRIC_REPRESENTATION_CONTEXT(2) 
PARAMETRIC_REPRESENTATION_CONTEXT() REPRESENTATION_CONTEXT('2D SPACE',''
  ) );
#9072 = PCURVE('',#5092,#9073);
#9073 = DEFINITIONAL_REPRESENTATION('',(#9074),#9077);
#9074 = B_SPLINE_CURVE_WITH_KNOTS('',1,(#9075,#9076),.UNSPECIFIED.,.F.,
  .F.,(2,2),(-0.692820323028,5.080682368869),.PIECEWISE_BEZIER_KNOTS.);
#9075 = CARTESIAN_POINT('',(11.8,-11.66247543763));
#9076 = CARTESIAN_POINT('',(16.8,-8.775724091682));
#9077 = ( GEOMETRIC_REPRESENTATION_CONTEXT(2) 
PARAMETRIC_REPRESENTATION_CONTEXT() REPRESENTATION_CONTEXT('2D SPACE',''
  ) );
#9078 = ORIENTED_EDGE('',*,*,#8921,.F.);
#9079 = ADVANCED_FACE('',(#9080),#2429,.T.);
#9080 = FACE_BOUND('',#9081,.T.);
#9081 = EDGE_LOOP('',(#9082,#9083,#9084,#9105));
#9082 = ORIENTED_EDGE('',*,*,#2414,.T.);
#9083 = ORIENTED_EDGE('',*,*,#9012,.T.);
#9084 = ORIENTED_EDGE('',*,*,#9085,.F.);
#9085 = EDGE_CURVE('',#9086,#8992,#9088,.T.);
#9086 = VERTEX_POINT('',#9087);
#9087 = CARTESIAN_POINT('',(21.8,-17.43597812952,40.));
#9088 = SURFACE_CURVE('',#9089,(#9093,#9099),.PCURVE_S1.);
#9089 = LINE('',#9090,#9091);
#9090 = CARTESIAN_POINT('',(14.9,-21.41969498693,40.));
#9091 = VECTOR('',#9092,1.);
#9092 = DIRECTION('',(-0.866025403784,-0.5,0.));
#9093 = PCURVE('',#2429,#9094);
#9094 = DEFINITIONAL_REPRESENTATION('',(#9095),#9098);
#9095 = B_SPLINE_CURVE_WITH_KNOTS('',1,(#9096,#9097),.UNSPECIFIED.,.F.,
  .F.,(2,2),(-7.967433714817,-2.193931022921),.PIECEWISE_BEZIER_KNOTS.);
#9096 = CARTESIAN_POINT('',(5.773502691896,-3.5));
#9097 = CARTESIAN_POINT('',(0.,-3.5));
#9098 = ( GEOMETRIC_REPRESENTATION_CONTEXT(2) 
PARAMETRIC_REPRESENTATION_CONTEXT() REPRESENTATION_CONTEXT('2D SPACE',''
  ) );
#9099 = PCURVE('',#5092,#9100);
#9100 = DEFINITIONAL_REPRESENTATION('',(#9101),#9104);
#9101 = B_SPLINE_CURVE_WITH_KNOTS('',1,(#9102,#9103),.UNSPECIFIED.,.F.,
  .F.,(2,2),(-7.967433714817,-2.193931022921),.PIECEWISE_BEZIER_KNOTS.);
#9102 = CARTESIAN_POINT('',(21.8,-17.43597812952));
#9103 = CARTESIAN_POINT('',(16.8,-20.32272947547));
#9104 = ( GEOMETRIC_REPRESENTATION_CONTEXT(2) 
PARAMETRIC_REPRESENTATION_CONTEXT() REPRESENTATION_CONTEXT('2D SPACE',''
  ) );
#9105 = ORIENTED_EDGE('',*,*,#9106,.F.);
#9106 = EDGE_CURVE('',#2389,#9086,#9107,.T.);
#9107 = SURFACE_CURVE('',#9108,(#9112,#9119),.PCURVE_S1.);
#9108 = LINE('',#9109,#9110);
#9109 = CARTESIAN_POINT('',(21.8,-17.43597812952,36.5));
#9110 = VECTOR('',#9111,1.);
#9111 = DIRECTION('',(0.,0.,1.));
#9112 = PCURVE('',#2429,#9113);
#9113 = DEFINITIONAL_REPRESENTATION('',(#9114),#9118);
#9114 = LINE('',#9115,#9116);
#9115 = CARTESIAN_POINT('',(5.773502691896,0.));
#9116 = VECTOR('',#9117,1.);
#9117 = DIRECTION('',(0.,-1.));
#9118 = ( GEOMETRIC_REPRESENTATION_CONTEXT(2) 
PARAMETRIC_REPRESENTATION_CONTEXT() REPRESENTATION_CONTEXT('2D SPACE',''
  ) );
#9119 = PCURVE('',#2403,#9120);
#9120 = DEFINITIONAL_REPRESENTATION('',(#9121),#9125);
#9121 = LINE('',#9122,#9123);
#9122 = CARTESIAN_POINT('',(0.,0.));
#9123 = VECTOR('',#9124,1.);
#9124 = DIRECTION('',(0.,-1.));
#9125 = ( GEOMETRIC_REPRESENTATION_CONTEXT(2) 
PARAMETRIC_REPRESENTATION_CONTEXT() REPRESENTATION_CONTEXT('2D SPACE',''
  ) );
#9126 = ADVANCED_FACE('',(#9127),#2377,.T.);
#9127 = FACE_BOUND('',#9128,.T.);
#9128 = EDGE_LOOP('',(#9129,#9130,#9153,#9172));
#9129 = ORIENTED_EDGE('',*,*,#2362,.T.);
#9130 = ORIENTED_EDGE('',*,*,#9131,.T.);
#9131 = EDGE_CURVE('',#2363,#9132,#9134,.T.);
#9132 = VERTEX_POINT('',#9133);
#9133 = CARTESIAN_POINT('',(21.8,-11.66247543763,40.));
#9134 = SURFACE_CURVE('',#9135,(#9139,#9146),.PCURVE_S1.);
#9135 = LINE('',#9136,#9137);
#9136 = CARTESIAN_POINT('',(21.8,-11.66247543763,36.5));
#9137 = VECTOR('',#9138,1.);
#9138 = DIRECTION('',(0.,0.,1.));
#9139 = PCURVE('',#2377,#9140);
#9140 = DEFINITIONAL_REPRESENTATION('',(#9141),#9145);
#9141 = LINE('',#9142,#9143);
#9142 = CARTESIAN_POINT('',(0.,0.));
#9143 = VECTOR('',#9144,1.);
#9144 = DIRECTION('',(0.,-1.));
#9145 = ( GEOMETRIC_REPRESENTATION_CONTEXT(2) 
PARAMETRIC_REPRESENTATION_CONTEXT() REPRESENTATION_CONTEXT('2D SPACE',''
  ) );
#9146 = PCURVE('',#2403,#9147);
#9147 = DEFINITIONAL_REPRESENTATION('',(#9148),#9152);
#9148 = LINE('',#9149,#9150);
#9149 = CARTESIAN_POINT('',(5.773502691896,0.));
#9150 = VECTOR('',#9151,1.);
#9151 = DIRECTION('',(0.,-1.));
#9152 = ( GEOMETRIC_REPRESENTATION_CONTEXT(2) 
PARAMETRIC_REPRESENTATION_CONTEXT() REPRESENTATION_CONTEXT('2D SPACE',''
  ) );
#9153 = ORIENTED_EDGE('',*,*,#9154,.F.);
#9154 = EDGE_CURVE('',#9038,#9132,#9155,.T.);
#9155 = SURFACE_CURVE('',#9156,(#9160,#9166),.PCURVE_S1.);
#9156 = LINE('',#9157,#9158);
#9157 = CARTESIAN_POINT('',(11.1,-5.484827557301,40.));
#9158 = VECTOR('',#9159,1.);
#9159 = DIRECTION('',(0.866025403784,-0.5,0.));
#9160 = PCURVE('',#2377,#9161);
#9161 = DEFINITIONAL_REPRESENTATION('',(#9162),#9165);
#9162 = B_SPLINE_CURVE_WITH_KNOTS('',1,(#9163,#9164),.UNSPECIFIED.,.F.,
  .F.,(2,2),(6.581793068762,12.355295760658),.PIECEWISE_BEZIER_KNOTS.);
#9163 = CARTESIAN_POINT('',(5.773502691896,-3.5));
#9164 = CARTESIAN_POINT('',(0.,-3.5));
#9165 = ( GEOMETRIC_REPRESENTATION_CONTEXT(2) 
PARAMETRIC_REPRESENTATION_CONTEXT() REPRESENTATION_CONTEXT('2D SPACE',''
  ) );
#9166 = PCURVE('',#5092,#9167);
#9167 = DEFINITIONAL_REPRESENTATION('',(#9168),#9171);
#9168 = B_SPLINE_CURVE_WITH_KNOTS('',1,(#9169,#9170),.UNSPECIFIED.,.F.,
  .F.,(2,2),(6.581793068762,12.355295760658),.PIECEWISE_BEZIER_KNOTS.);
#9169 = CARTESIAN_POINT('',(16.8,-8.775724091682));
#9170 = CARTESIAN_POINT('',(21.8,-11.66247543763));
#9171 = ( GEOMETRIC_REPRESENTATION_CONTEXT(2) 
PARAMETRIC_REPRESENTATION_CONTEXT() REPRESENTATION_CONTEXT('2D SPACE',''
  ) );
#9172 = ORIENTED_EDGE('',*,*,#9037,.F.);
#9173 = ADVANCED_FACE('',(#9174),#2403,.T.);
#9174 = FACE_BOUND('',#9175,.T.);
#9175 = EDGE_LOOP('',(#9176,#9177,#9178,#9197));
#9176 = ORIENTED_EDGE('',*,*,#2388,.T.);
#9177 = ORIENTED_EDGE('',*,*,#9106,.T.);
#9178 = ORIENTED_EDGE('',*,*,#9179,.F.);
#9179 = EDGE_CURVE('',#9132,#9086,#9180,.T.);
#9180 = SURFACE_CURVE('',#9181,(#9185,#9191),.PCURVE_S1.);
#9181 = LINE('',#9182,#9183);
#9182 = CARTESIAN_POINT('',(21.8,-8.717989064763,40.));
#9183 = VECTOR('',#9184,1.);
#9184 = DIRECTION('',(-1.538370149107E-16,-1.,0.));
#9185 = PCURVE('',#2403,#9186);
#9186 = DEFINITIONAL_REPRESENTATION('',(#9187),#9190);
#9187 = B_SPLINE_CURVE_WITH_KNOTS('',1,(#9188,#9189),.UNSPECIFIED.,.F.,
  .F.,(2,2),(2.944486372867,8.717989064763),.PIECEWISE_BEZIER_KNOTS.);
#9188 = CARTESIAN_POINT('',(5.773502691896,-3.5));
#9189 = CARTESIAN_POINT('',(0.,-3.5));
#9190 = ( GEOMETRIC_REPRESENTATION_CONTEXT(2) 
PARAMETRIC_REPRESENTATION_CONTEXT() REPRESENTATION_CONTEXT('2D SPACE',''
  ) );
#9191 = PCURVE('',#5092,#9192);
#9192 = DEFINITIONAL_REPRESENTATION('',(#9193),#9196);
#9193 = B_SPLINE_CURVE_WITH_KNOTS('',1,(#9194,#9195),.UNSPECIFIED.,.F.,
  .F.,(2,2),(2.944486372867,8.717989064763),.PIECEWISE_BEZIER_KNOTS.);
#9194 = CARTESIAN_POINT('',(21.8,-11.66247543763));
#9195 = CARTESIAN_POINT('',(21.8,-17.43597812952));
#9196 = ( GEOMETRIC_REPRESENTATION_CONTEXT(2) 
PARAMETRIC_REPRESENTATION_CONTEXT() REPRESENTATION_CONTEXT('2D SPACE',''
  ) );
#9197 = ORIENTED_EDGE('',*,*,#9131,.F.);
#9198 = ADVANCED_FACE('',(#9199),#2483,.T.);
#9199 = FACE_BOUND('',#9200,.T.);
#9200 = EDGE_LOOP('',(#9201,#9202,#9225,#9246));
#9201 = ORIENTED_EDGE('',*,*,#2466,.T.);
#9202 = ORIENTED_EDGE('',*,*,#9203,.T.);
#9203 = EDGE_CURVE('',#2469,#9204,#9206,.T.);
#9204 = VERTEX_POINT('',#9205);
#9205 = CARTESIAN_POINT('',(-21.8,7.736493607141,40.));
#9206 = SURFACE_CURVE('',#9207,(#9211,#9218),.PCURVE_S1.);
#9207 = LINE('',#9208,#9209);
#9208 = CARTESIAN_POINT('',(-21.8,7.736493607141,36.5));
#9209 = VECTOR('',#9210,1.);
#9210 = DIRECTION('',(0.,0.,1.));
#9211 = PCURVE('',#2483,#9212);
#9212 = DEFINITIONAL_REPRESENTATION('',(#9213),#9217);
#9213 = LINE('',#9214,#9215);
#9214 = CARTESIAN_POINT('',(0.,0.));
#9215 = VECTOR('',#9216,1.);
#9216 = DIRECTION('',(0.,-1.));
#9217 = ( GEOMETRIC_REPRESENTATION_CONTEXT(2) 
PARAMETRIC_REPRESENTATION_CONTEXT() REPRESENTATION_CONTEXT('2D SPACE',''
  ) );
#9218 = PCURVE('',#2509,#9219);
#9219 = DEFINITIONAL_REPRESENTATION('',(#9220),#9224);
#9220 = LINE('',#9221,#9222);
#9221 = CARTESIAN_POINT('',(5.773502691896,0.));
#9222 = VECTOR('',#9223,1.);
#9223 = DIRECTION('',(0.,-1.));
#9224 = ( GEOMETRIC_REPRESENTATION_CONTEXT(2) 
PARAMETRIC_REPRESENTATION_CONTEXT() REPRESENTATION_CONTEXT('2D SPACE',''
  ) );
#9225 = ORIENTED_EDGE('',*,*,#9226,.F.);
#9226 = EDGE_CURVE('',#9227,#9204,#9229,.T.);
#9227 = VERTEX_POINT('',#9228);
#9228 = CARTESIAN_POINT('',(-21.8,1.962990915245,40.));
#9229 = SURFACE_CURVE('',#9230,(#9234,#9240),.PCURVE_S1.);
#9230 = LINE('',#9231,#9232);
#9231 = CARTESIAN_POINT('',(-21.8,3.86824680357,40.));
#9232 = VECTOR('',#9233,1.);
#9233 = DIRECTION('',(4.615110447321E-16,1.,-0.));
#9234 = PCURVE('',#2483,#9235);
#9235 = DEFINITIONAL_REPRESENTATION('',(#9236),#9239);
#9236 = B_SPLINE_CURVE_WITH_KNOTS('',1,(#9237,#9238),.UNSPECIFIED.,.F.,
  .F.,(2,2),(-1.905255888326,3.86824680357),.PIECEWISE_BEZIER_KNOTS.);
#9237 = CARTESIAN_POINT('',(5.773502691896,-3.5));
#9238 = CARTESIAN_POINT('',(0.,-3.5));
#9239 = ( GEOMETRIC_REPRESENTATION_CONTEXT(2) 
PARAMETRIC_REPRESENTATION_CONTEXT() REPRESENTATION_CONTEXT('2D SPACE',''
  ) );
#9240 = PCURVE('',#5092,#9241);
#9241 = DEFINITIONAL_REPRESENTATION('',(#9242),#9245);
#9242 = B_SPLINE_CURVE_WITH_KNOTS('',1,(#9243,#9244),.UNSPECIFIED.,.F.,
  .F.,(2,2),(-1.905255888326,3.86824680357),.PIECEWISE_BEZIER_KNOTS.);
#9243 = CARTESIAN_POINT('',(-21.8,1.962990915245));
#9244 = CARTESIAN_POINT('',(-21.8,7.736493607141));
#9245 = ( GEOMETRIC_REPRESENTATION_CONTEXT(2) 
PARAMETRIC_REPRESENTATION_CONTEXT() REPRESENTATION_CONTEXT('2D SPACE',''
  ) );
#9246 = ORIENTED_EDGE('',*,*,#9247,.F.);
#9247 = EDGE_CURVE('',#2467,#9227,#9248,.T.);
#9248 = SURFACE_CURVE('',#9249,(#9253,#9260),.PCURVE_S1.);
#9249 = LINE('',#9250,#9251);
#9250 = CARTESIAN_POINT('',(-21.8,1.962990915245,36.5));
#9251 = VECTOR('',#9252,1.);
#9252 = DIRECTION('',(0.,0.,1.));
#9253 = PCURVE('',#2483,#9254);
#9254 = DEFINITIONAL_REPRESENTATION('',(#9255),#9259);
#9255 = LINE('',#9256,#9257);
#9256 = CARTESIAN_POINT('',(5.773502691896,0.));
#9257 = VECTOR('',#9258,1.);
#9258 = DIRECTION('',(0.,-1.));
#9259 = ( GEOMETRIC_REPRESENTATION_CONTEXT(2) 
PARAMETRIC_REPRESENTATION_CONTEXT() REPRESENTATION_CONTEXT('2D SPACE',''
  ) );
#9260 = PCURVE('',#2611,#9261);
#9261 = DEFINITIONAL_REPRESENTATION('',(#9262),#9266);
#9262 = LINE('',#9263,#9264);
#9263 = CARTESIAN_POINT('',(0.,0.));
#9264 = VECTOR('',#9265,1.);
#9265 = DIRECTION('',(0.,-1.));
#9266 = ( GEOMETRIC_REPRESENTATION_CONTEXT(2) 
PARAMETRIC_REPRESENTATION_CONTEXT() REPRESENTATION_CONTEXT('2D SPACE',''
  ) );
#9267 = ADVANCED_FACE('',(#9268),#2611,.T.);
#9268 = FACE_BOUND('',#9269,.T.);
#9269 = EDGE_LOOP('',(#9270,#9271,#9272,#9293));
#9270 = ORIENTED_EDGE('',*,*,#2598,.T.);
#9271 = ORIENTED_EDGE('',*,*,#9247,.T.);
#9272 = ORIENTED_EDGE('',*,*,#9273,.F.);
#9273 = EDGE_CURVE('',#9274,#9227,#9276,.T.);
#9274 = VERTEX_POINT('',#9275);
#9275 = CARTESIAN_POINT('',(-16.8,-0.923760430703,40.));
#9276 = SURFACE_CURVE('',#9277,(#9281,#9287),.PCURVE_S1.);
#9277 = LINE('',#9278,#9279);
#9278 = CARTESIAN_POINT('',(-13.2,-3.002221399786,40.));
#9279 = VECTOR('',#9280,1.);
#9280 = DIRECTION('',(-0.866025403784,0.5,0.));
#9281 = PCURVE('',#2611,#9282);
#9282 = DEFINITIONAL_REPRESENTATION('',(#9283),#9286);
#9283 = B_SPLINE_CURVE_WITH_KNOTS('',1,(#9284,#9285),.UNSPECIFIED.,.F.,
  .F.,(2,2),(4.156921938165,9.930424630062),.PIECEWISE_BEZIER_KNOTS.);
#9284 = CARTESIAN_POINT('',(5.773502691896,-3.5));
#9285 = CARTESIAN_POINT('',(0.,-3.5));
#9286 = ( GEOMETRIC_REPRESENTATION_CONTEXT(2) 
PARAMETRIC_REPRESENTATION_CONTEXT() REPRESENTATION_CONTEXT('2D SPACE',''
  ) );
#9287 = PCURVE('',#5092,#9288);
#9288 = DEFINITIONAL_REPRESENTATION('',(#9289),#9292);
#9289 = B_SPLINE_CURVE_WITH_KNOTS('',1,(#9290,#9291),.UNSPECIFIED.,.F.,
  .F.,(2,2),(4.156921938165,9.930424630062),.PIECEWISE_BEZIER_KNOTS.);
#9290 = CARTESIAN_POINT('',(-16.8,-0.923760430703));
#9291 = CARTESIAN_POINT('',(-21.8,1.962990915245));
#9292 = ( GEOMETRIC_REPRESENTATION_CONTEXT(2) 
PARAMETRIC_REPRESENTATION_CONTEXT() REPRESENTATION_CONTEXT('2D SPACE',''
  ) );
#9293 = ORIENTED_EDGE('',*,*,#9294,.F.);
#9294 = EDGE_CURVE('',#2573,#9274,#9295,.T.);
#9295 = SURFACE_CURVE('',#9296,(#9300,#9307),.PCURVE_S1.);
#9296 = LINE('',#9297,#9298);
#9297 = CARTESIAN_POINT('',(-16.8,-0.923760430703,36.5));
#9298 = VECTOR('',#9299,1.);
#9299 = DIRECTION('',(0.,0.,1.));
#9300 = PCURVE('',#2611,#9301);
#9301 = DEFINITIONAL_REPRESENTATION('',(#9302),#9306);
#9302 = LINE('',#9303,#9304);
#9303 = CARTESIAN_POINT('',(5.773502691896,0.));
#9304 = VECTOR('',#9305,1.);
#9305 = DIRECTION('',(0.,-1.));
#9306 = ( GEOMETRIC_REPRESENTATION_CONTEXT(2) 
PARAMETRIC_REPRESENTATION_CONTEXT() REPRESENTATION_CONTEXT('2D SPACE',''
  ) );
#9307 = PCURVE('',#2587,#9308);
#9308 = DEFINITIONAL_REPRESENTATION('',(#9309),#9313);
#9309 = LINE('',#9310,#9311);
#9310 = CARTESIAN_POINT('',(0.,0.));
#9311 = VECTOR('',#9312,1.);
#9312 = DIRECTION('',(0.,-1.));
#9313 = ( GEOMETRIC_REPRESENTATION_CONTEXT(2) 
PARAMETRIC_REPRESENTATION_CONTEXT() REPRESENTATION_CONTEXT('2D SPACE',''
  ) );
#9314 = ADVANCED_FACE('',(#9315),#2509,.T.);
#9315 = FACE_BOUND('',#9316,.T.);
#9316 = EDGE_LOOP('',(#9317,#9318,#9341,#9360));
#9317 = ORIENTED_EDGE('',*,*,#2494,.T.);
#9318 = ORIENTED_EDGE('',*,*,#9319,.T.);
#9319 = EDGE_CURVE('',#2495,#9320,#9322,.T.);
#9320 = VERTEX_POINT('',#9321);
#9321 = CARTESIAN_POINT('',(-16.8,10.623244953089,40.));
#9322 = SURFACE_CURVE('',#9323,(#9327,#9334),.PCURVE_S1.);
#9323 = LINE('',#9324,#9325);
#9324 = CARTESIAN_POINT('',(-16.8,10.623244953089,36.5));
#9325 = VECTOR('',#9326,1.);
#9326 = DIRECTION('',(0.,0.,1.));
#9327 = PCURVE('',#2509,#9328);
#9328 = DEFINITIONAL_REPRESENTATION('',(#9329),#9333);
#9329 = LINE('',#9330,#9331);
#9330 = CARTESIAN_POINT('',(0.,0.));
#9331 = VECTOR('',#9332,1.);
#9332 = DIRECTION('',(0.,-1.));
#9333 = ( GEOMETRIC_REPRESENTATION_CONTEXT(2) 
PARAMETRIC_REPRESENTATION_CONTEXT() REPRESENTATION_CONTEXT('2D SPACE',''
  ) );
#9334 = PCURVE('',#2535,#9335);
#9335 = DEFINITIONAL_REPRESENTATION('',(#9336),#9340);
#9336 = LINE('',#9337,#9338);
#9337 = CARTESIAN_POINT('',(5.773502691896,0.));
#9338 = VECTOR('',#9339,1.);
#9339 = DIRECTION('',(0.,-1.));
#9340 = ( GEOMETRIC_REPRESENTATION_CONTEXT(2) 
PARAMETRIC_REPRESENTATION_CONTEXT() REPRESENTATION_CONTEXT('2D SPACE',''
  ) );
#9341 = ORIENTED_EDGE('',*,*,#9342,.F.);
#9342 = EDGE_CURVE('',#9204,#9320,#9343,.T.);
#9343 = SURFACE_CURVE('',#9344,(#9348,#9354),.PCURVE_S1.);
#9344 = LINE('',#9345,#9346);
#9345 = CARTESIAN_POINT('',(-12.8,12.932646029848,40.));
#9346 = VECTOR('',#9347,1.);
#9347 = DIRECTION('',(0.866025403784,0.5,-0.));
#9348 = PCURVE('',#2509,#9349);
#9349 = DEFINITIONAL_REPRESENTATION('',(#9350),#9353);
#9350 = B_SPLINE_CURVE_WITH_KNOTS('',1,(#9351,#9352),.UNSPECIFIED.,.F.,
  .F.,(2,2),(-10.39230484541,-4.618802153517),.PIECEWISE_BEZIER_KNOTS.);
#9351 = CARTESIAN_POINT('',(5.773502691896,-3.5));
#9352 = CARTESIAN_POINT('',(0.,-3.5));
#9353 = ( GEOMETRIC_REPRESENTATION_CONTEXT(2) 
PARAMETRIC_REPRESENTATION_CONTEXT() REPRESENTATION_CONTEXT('2D SPACE',''
  ) );
#9354 = PCURVE('',#5092,#9355);
#9355 = DEFINITIONAL_REPRESENTATION('',(#9356),#9359);
#9356 = B_SPLINE_CURVE_WITH_KNOTS('',1,(#9357,#9358),.UNSPECIFIED.,.F.,
  .F.,(2,2),(-10.39230484541,-4.618802153517),.PIECEWISE_BEZIER_KNOTS.);
#9357 = CARTESIAN_POINT('',(-21.8,7.736493607141));
#9358 = CARTESIAN_POINT('',(-16.8,10.623244953089));
#9359 = ( GEOMETRIC_REPRESENTATION_CONTEXT(2) 
PARAMETRIC_REPRESENTATION_CONTEXT() REPRESENTATION_CONTEXT('2D SPACE',''
  ) );
#9360 = ORIENTED_EDGE('',*,*,#9203,.F.);
#9361 = ADVANCED_FACE('',(#9362),#2587,.T.);
#9362 = FACE_BOUND('',#9363,.T.);
#9363 = EDGE_LOOP('',(#9364,#9365,#9366,#9387));
#9364 = ORIENTED_EDGE('',*,*,#2572,.T.);
#9365 = ORIENTED_EDGE('',*,*,#9294,.T.);
#9366 = ORIENTED_EDGE('',*,*,#9367,.F.);
#9367 = EDGE_CURVE('',#9368,#9274,#9370,.T.);
#9368 = VERTEX_POINT('',#9369);
#9369 = CARTESIAN_POINT('',(-11.8,1.962990915245,40.));
#9370 = SURFACE_CURVE('',#9371,(#9375,#9381),.PCURVE_S1.);
#9371 = LINE('',#9372,#9373);
#9372 = CARTESIAN_POINT('',(-10.3,2.829016319029,40.));
#9373 = VECTOR('',#9374,1.);
#9374 = DIRECTION('',(-0.866025403784,-0.5,0.));
#9375 = PCURVE('',#2587,#9376);
#9376 = DEFINITIONAL_REPRESENTATION('',(#9377),#9380);
#9377 = B_SPLINE_CURVE_WITH_KNOTS('',1,(#9378,#9379),.UNSPECIFIED.,.F.,
  .F.,(2,2),(1.732050807569,7.505553499465),.PIECEWISE_BEZIER_KNOTS.);
#9378 = CARTESIAN_POINT('',(5.773502691896,-3.5));
#9379 = CARTESIAN_POINT('',(0.,-3.5));
#9380 = ( GEOMETRIC_REPRESENTATION_CONTEXT(2) 
PARAMETRIC_REPRESENTATION_CONTEXT() REPRESENTATION_CONTEXT('2D SPACE',''
  ) );
#9381 = PCURVE('',#5092,#9382);
#9382 = DEFINITIONAL_REPRESENTATION('',(#9383),#9386);
#9383 = B_SPLINE_CURVE_WITH_KNOTS('',1,(#9384,#9385),.UNSPECIFIED.,.F.,
  .F.,(2,2),(1.732050807569,7.505553499465),.PIECEWISE_BEZIER_KNOTS.);
#9384 = CARTESIAN_POINT('',(-11.8,1.962990915245));
#9385 = CARTESIAN_POINT('',(-16.8,-0.923760430703));
#9386 = ( GEOMETRIC_REPRESENTATION_CONTEXT(2) 
PARAMETRIC_REPRESENTATION_CONTEXT() REPRESENTATION_CONTEXT('2D SPACE',''
  ) );
#9387 = ORIENTED_EDGE('',*,*,#9388,.F.);
#9388 = EDGE_CURVE('',#2547,#9368,#9389,.T.);
#9389 = SURFACE_CURVE('',#9390,(#9394,#9401),.PCURVE_S1.);
#9390 = LINE('',#9391,#9392);
#9391 = CARTESIAN_POINT('',(-11.8,1.962990915245,36.5));
#9392 = VECTOR('',#9393,1.);
#9393 = DIRECTION('',(0.,0.,1.));
#9394 = PCURVE('',#2587,#9395);
#9395 = DEFINITIONAL_REPRESENTATION('',(#9396),#9400);
#9396 = LINE('',#9397,#9398);
#9397 = CARTESIAN_POINT('',(5.773502691896,0.));
#9398 = VECTOR('',#9399,1.);
#9399 = DIRECTION('',(0.,-1.));
#9400 = ( GEOMETRIC_REPRESENTATION_CONTEXT(2) 
PARAMETRIC_REPRESENTATION_CONTEXT() REPRESENTATION_CONTEXT('2D SPACE',''
  ) );
#9401 = PCURVE('',#2561,#9402);
#9402 = DEFINITIONAL_REPRESENTATION('',(#9403),#9407);
#9403 = LINE('',#9404,#9405);
#9404 = CARTESIAN_POINT('',(0.,0.));
#9405 = VECTOR('',#9406,1.);
#9406 = DIRECTION('',(0.,-1.));
#9407 = ( GEOMETRIC_REPRESENTATION_CONTEXT(2) 
PARAMETRIC_REPRESENTATION_CONTEXT() REPRESENTATION_CONTEXT('2D SPACE',''
  ) );
#9408 = ADVANCED_FACE('',(#9409),#2535,.T.);
#9409 = FACE_BOUND('',#9410,.T.);
#9410 = EDGE_LOOP('',(#9411,#9412,#9435,#9454));
#9411 = ORIENTED_EDGE('',*,*,#2520,.T.);
#9412 = ORIENTED_EDGE('',*,*,#9413,.T.);
#9413 = EDGE_CURVE('',#2521,#9414,#9416,.T.);
#9414 = VERTEX_POINT('',#9415);
#9415 = CARTESIAN_POINT('',(-11.8,7.736493607141,40.));
#9416 = SURFACE_CURVE('',#9417,(#9421,#9428),.PCURVE_S1.);
#9417 = LINE('',#9418,#9419);
#9418 = CARTESIAN_POINT('',(-11.8,7.736493607141,36.5));
#9419 = VECTOR('',#9420,1.);
#9420 = DIRECTION('',(0.,0.,1.));
#9421 = PCURVE('',#2535,#9422);
#9422 = DEFINITIONAL_REPRESENTATION('',(#9423),#9427);
#9423 = LINE('',#9424,#9425);
#9424 = CARTESIAN_POINT('',(0.,0.));
#9425 = VECTOR('',#9426,1.);
#9426 = DIRECTION('',(0.,-1.));
#9427 = ( GEOMETRIC_REPRESENTATION_CONTEXT(2) 
PARAMETRIC_REPRESENTATION_CONTEXT() REPRESENTATION_CONTEXT('2D SPACE',''
  ) );
#9428 = PCURVE('',#2561,#9429);
#9429 = DEFINITIONAL_REPRESENTATION('',(#9430),#9434);
#9430 = LINE('',#9431,#9432);
#9431 = CARTESIAN_POINT('',(5.773502691896,0.));
#9432 = VECTOR('',#9433,1.);
#9433 = DIRECTION('',(0.,-1.));
#9434 = ( GEOMETRIC_REPRESENTATION_CONTEXT(2) 
PARAMETRIC_REPRESENTATION_CONTEXT() REPRESENTATION_CONTEXT('2D SPACE',''
  ) );
#9435 = ORIENTED_EDGE('',*,*,#9436,.F.);
#9436 = EDGE_CURVE('',#9320,#9414,#9437,.T.);
#9437 = SURFACE_CURVE('',#9438,(#9442,#9448),.PCURVE_S1.);
#9438 = LINE('',#9439,#9440);
#9439 = CARTESIAN_POINT('',(-5.7,4.214656965084,40.));
#9440 = VECTOR('',#9441,1.);
#9441 = DIRECTION('',(0.866025403784,-0.5,0.));
#9442 = PCURVE('',#2535,#9443);
#9443 = DEFINITIONAL_REPRESENTATION('',(#9444),#9447);
#9444 = B_SPLINE_CURVE_WITH_KNOTS('',1,(#9445,#9446),.UNSPECIFIED.,.F.,
  .F.,(2,2),(-12.81717597601,-7.043673284113),.PIECEWISE_BEZIER_KNOTS.);
#9445 = CARTESIAN_POINT('',(5.773502691896,-3.5));
#9446 = CARTESIAN_POINT('',(0.,-3.5));
#9447 = ( GEOMETRIC_REPRESENTATION_CONTEXT(2) 
PARAMETRIC_REPRESENTATION_CONTEXT() REPRESENTATION_CONTEXT('2D SPACE',''
  ) );
#9448 = PCURVE('',#5092,#9449);
#9449 = DEFINITIONAL_REPRESENTATION('',(#9450),#9453);
#9450 = B_SPLINE_CURVE_WITH_KNOTS('',1,(#9451,#9452),.UNSPECIFIED.,.F.,
  .F.,(2,2),(-12.81717597601,-7.043673284113),.PIECEWISE_BEZIER_KNOTS.);
#9451 = CARTESIAN_POINT('',(-16.8,10.623244953089));
#9452 = CARTESIAN_POINT('',(-11.8,7.736493607141));
#9453 = ( GEOMETRIC_REPRESENTATION_CONTEXT(2) 
PARAMETRIC_REPRESENTATION_CONTEXT() REPRESENTATION_CONTEXT('2D SPACE',''
  ) );
#9454 = ORIENTED_EDGE('',*,*,#9319,.F.);
#9455 = ADVANCED_FACE('',(#9456),#2561,.T.);
#9456 = FACE_BOUND('',#9457,.T.);
#9457 = EDGE_LOOP('',(#9458,#9459,#9460,#9479));
#9458 = ORIENTED_EDGE('',*,*,#2546,.T.);
#9459 = ORIENTED_EDGE('',*,*,#9388,.T.);
#9460 = ORIENTED_EDGE('',*,*,#9461,.F.);
#9461 = EDGE_CURVE('',#9414,#9368,#9462,.T.);
#9462 = SURFACE_CURVE('',#9463,(#9467,#9473),.PCURVE_S1.);
#9463 = LINE('',#9464,#9465);
#9464 = CARTESIAN_POINT('',(-11.8,0.981495457622,40.));
#9465 = VECTOR('',#9466,1.);
#9466 = DIRECTION('',(-1.538370149107E-16,-1.,0.));
#9467 = PCURVE('',#2561,#9468);
#9468 = DEFINITIONAL_REPRESENTATION('',(#9469),#9472);
#9469 = B_SPLINE_CURVE_WITH_KNOTS('',1,(#9470,#9471),.UNSPECIFIED.,.F.,
  .F.,(2,2),(-6.754998149519,-0.981495457622),.PIECEWISE_BEZIER_KNOTS.);
#9470 = CARTESIAN_POINT('',(5.773502691896,-3.5));
#9471 = CARTESIAN_POINT('',(0.,-3.5));
#9472 = ( GEOMETRIC_REPRESENTATION_CONTEXT(2) 
PARAMETRIC_REPRESENTATION_CONTEXT() REPRESENTATION_CONTEXT('2D SPACE',''
  ) );
#9473 = PCURVE('',#5092,#9474);
#9474 = DEFINITIONAL_REPRESENTATION('',(#9475),#9478);
#9475 = B_SPLINE_CURVE_WITH_KNOTS('',1,(#9476,#9477),.UNSPECIFIED.,.F.,
  .F.,(2,2),(-6.754998149519,-0.981495457622),.PIECEWISE_BEZIER_KNOTS.);
#9476 = CARTESIAN_POINT('',(-11.8,7.736493607141));
#9477 = CARTESIAN_POINT('',(-11.8,1.962990915245));
#9478 = ( GEOMETRIC_REPRESENTATION_CONTEXT(2) 
PARAMETRIC_REPRESENTATION_CONTEXT() REPRESENTATION_CONTEXT('2D SPACE',''
  ) );
#9479 = ORIENTED_EDGE('',*,*,#9413,.F.);
#9480 = ADVANCED_FACE('',(#9481),#2641,.T.);
#9481 = FACE_BOUND('',#9482,.T.);
#9482 = EDGE_LOOP('',(#9483,#9484,#9507,#9528));
#9483 = ORIENTED_EDGE('',*,*,#2624,.T.);
#9484 = ORIENTED_EDGE('',*,*,#9485,.T.);
#9485 = EDGE_CURVE('',#2627,#9486,#9488,.T.);
#9486 = VERTEX_POINT('',#9487);
#9487 = CARTESIAN_POINT('',(-10.6,7.736493607141,40.));
#9488 = SURFACE_CURVE('',#9489,(#9493,#9500),.PCURVE_S1.);
#9489 = LINE('',#9490,#9491);
#9490 = CARTESIAN_POINT('',(-10.6,7.736493607141,36.5));
#9491 = VECTOR('',#9492,1.);
#9492 = DIRECTION('',(0.,0.,1.));
#9493 = PCURVE('',#2641,#9494);
#9494 = DEFINITIONAL_REPRESENTATION('',(#9495),#9499);
#9495 = LINE('',#9496,#9497);
#9496 = CARTESIAN_POINT('',(0.,0.));
#9497 = VECTOR('',#9498,1.);
#9498 = DIRECTION('',(0.,-1.));
#9499 = ( GEOMETRIC_REPRESENTATION_CONTEXT(2) 
PARAMETRIC_REPRESENTATION_CONTEXT() REPRESENTATION_CONTEXT('2D SPACE',''
  ) );
#9500 = PCURVE('',#2667,#9501);
#9501 = DEFINITIONAL_REPRESENTATION('',(#9502),#9506);
#9502 = LINE('',#9503,#9504);
#9503 = CARTESIAN_POINT('',(5.773502691896,0.));
#9504 = VECTOR('',#9505,1.);
#9505 = DIRECTION('',(0.,-1.));
#9506 = ( GEOMETRIC_REPRESENTATION_CONTEXT(2) 
PARAMETRIC_REPRESENTATION_CONTEXT() REPRESENTATION_CONTEXT('2D SPACE',''
  ) );
#9507 = ORIENTED_EDGE('',*,*,#9508,.F.);
#9508 = EDGE_CURVE('',#9509,#9486,#9511,.T.);
#9509 = VERTEX_POINT('',#9510);
#9510 = CARTESIAN_POINT('',(-10.6,1.962990915245,40.));
#9511 = SURFACE_CURVE('',#9512,(#9516,#9522),.PCURVE_S1.);
#9512 = LINE('',#9513,#9514);
#9513 = CARTESIAN_POINT('',(-10.6,3.86824680357,40.));
#9514 = VECTOR('',#9515,1.);
#9515 = DIRECTION('',(4.615110447321E-16,1.,-0.));
#9516 = PCURVE('',#2641,#9517);
#9517 = DEFINITIONAL_REPRESENTATION('',(#9518),#9521);
#9518 = B_SPLINE_CURVE_WITH_KNOTS('',1,(#9519,#9520),.UNSPECIFIED.,.F.,
  .F.,(2,2),(-1.905255888326,3.86824680357),.PIECEWISE_BEZIER_KNOTS.);
#9519 = CARTESIAN_POINT('',(5.773502691896,-3.5));
#9520 = CARTESIAN_POINT('',(0.,-3.5));
#9521 = ( GEOMETRIC_REPRESENTATION_CONTEXT(2) 
PARAMETRIC_REPRESENTATION_CONTEXT() REPRESENTATION_CONTEXT('2D SPACE',''
  ) );
#9522 = PCURVE('',#5092,#9523);
#9523 = DEFINITIONAL_REPRESENTATION('',(#9524),#9527);
#9524 = B_SPLINE_CURVE_WITH_KNOTS('',1,(#9525,#9526),.UNSPECIFIED.,.F.,
  .F.,(2,2),(-1.905255888326,3.86824680357),.PIECEWISE_BEZIER_KNOTS.);
#9525 = CARTESIAN_POINT('',(-10.6,1.962990915245));
#9526 = CARTESIAN_POINT('',(-10.6,7.736493607141));
#9527 = ( GEOMETRIC_REPRESENTATION_CONTEXT(2) 
PARAMETRIC_REPRESENTATION_CONTEXT() REPRESENTATION_CONTEXT('2D SPACE',''
  ) );
#9528 = ORIENTED_EDGE('',*,*,#9529,.F.);
#9529 = EDGE_CURVE('',#2625,#9509,#9530,.T.);
#9530 = SURFACE_CURVE('',#9531,(#9535,#9542),.PCURVE_S1.);
#9531 = LINE('',#9532,#9533);
#9532 = CARTESIAN_POINT('',(-10.6,1.962990915245,36.5));
#9533 = VECTOR('',#9534,1.);
#9534 = DIRECTION('',(0.,0.,1.));
#9535 = PCURVE('',#2641,#9536);
#9536 = DEFINITIONAL_REPRESENTATION('',(#9537),#9541);
#9537 = LINE('',#9538,#9539);
#9538 = CARTESIAN_POINT('',(5.773502691896,0.));
#9539 = VECTOR('',#9540,1.);
#9540 = DIRECTION('',(0.,-1.));
#9541 = ( GEOMETRIC_REPRESENTATION_CONTEXT(2) 
PARAMETRIC_REPRESENTATION_CONTEXT() REPRESENTATION_CONTEXT('2D SPACE',''
  ) );
#9542 = PCURVE('',#2769,#9543);
#9543 = DEFINITIONAL_REPRESENTATION('',(#9544),#9548);
#9544 = LINE('',#9545,#9546);
#9545 = CARTESIAN_POINT('',(0.,0.));
#9546 = VECTOR('',#9547,1.);
#9547 = DIRECTION('',(0.,-1.));
#9548 = ( GEOMETRIC_REPRESENTATION_CONTEXT(2) 
PARAMETRIC_REPRESENTATION_CONTEXT() REPRESENTATION_CONTEXT('2D SPACE',''
  ) );
#9549 = ADVANCED_FACE('',(#9550),#2769,.T.);
#9550 = FACE_BOUND('',#9551,.T.);
#9551 = EDGE_LOOP('',(#9552,#9553,#9554,#9575));
#9552 = ORIENTED_EDGE('',*,*,#2756,.T.);
#9553 = ORIENTED_EDGE('',*,*,#9529,.T.);
#9554 = ORIENTED_EDGE('',*,*,#9555,.F.);
#9555 = EDGE_CURVE('',#9556,#9509,#9558,.T.);
#9556 = VERTEX_POINT('',#9557);
#9557 = CARTESIAN_POINT('',(-5.6,-0.923760430703,40.));
#9558 = SURFACE_CURVE('',#9559,(#9563,#9569),.PCURVE_S1.);
#9559 = LINE('',#9560,#9561);
#9560 = CARTESIAN_POINT('',(-6.2,-0.57735026919,40.));
#9561 = VECTOR('',#9562,1.);
#9562 = DIRECTION('',(-0.866025403784,0.5,0.));
#9563 = PCURVE('',#2769,#9564);
#9564 = DEFINITIONAL_REPRESENTATION('',(#9565),#9568);
#9565 = B_SPLINE_CURVE_WITH_KNOTS('',1,(#9566,#9567),.UNSPECIFIED.,.F.,
  .F.,(2,2),(-0.692820323028,5.080682368869),.PIECEWISE_BEZIER_KNOTS.);
#9566 = CARTESIAN_POINT('',(5.773502691896,-3.5));
#9567 = CARTESIAN_POINT('',(0.,-3.5));
#9568 = ( GEOMETRIC_REPRESENTATION_CONTEXT(2) 
PARAMETRIC_REPRESENTATION_CONTEXT() REPRESENTATION_CONTEXT('2D SPACE',''
  ) );
#9569 = PCURVE('',#5092,#9570);
#9570 = DEFINITIONAL_REPRESENTATION('',(#9571),#9574);
#9571 = B_SPLINE_CURVE_WITH_KNOTS('',1,(#9572,#9573),.UNSPECIFIED.,.F.,
  .F.,(2,2),(-0.692820323028,5.080682368869),.PIECEWISE_BEZIER_KNOTS.);
#9572 = CARTESIAN_POINT('',(-5.6,-0.923760430703));
#9573 = CARTESIAN_POINT('',(-10.6,1.962990915245));
#9574 = ( GEOMETRIC_REPRESENTATION_CONTEXT(2) 
PARAMETRIC_REPRESENTATION_CONTEXT() REPRESENTATION_CONTEXT('2D SPACE',''
  ) );
#9575 = ORIENTED_EDGE('',*,*,#9576,.F.);
#9576 = EDGE_CURVE('',#2731,#9556,#9577,.T.);
#9577 = SURFACE_CURVE('',#9578,(#9582,#9589),.PCURVE_S1.);
#9578 = LINE('',#9579,#9580);
#9579 = CARTESIAN_POINT('',(-5.6,-0.923760430703,36.5));
#9580 = VECTOR('',#9581,1.);
#9581 = DIRECTION('',(0.,0.,1.));
#9582 = PCURVE('',#2769,#9583);
#9583 = DEFINITIONAL_REPRESENTATION('',(#9584),#9588);
#9584 = LINE('',#9585,#9586);
#9585 = CARTESIAN_POINT('',(5.773502691896,0.));
#9586 = VECTOR('',#9587,1.);
#9587 = DIRECTION('',(0.,-1.));
#9588 = ( GEOMETRIC_REPRESENTATION_CONTEXT(2) 
PARAMETRIC_REPRESENTATION_CONTEXT() REPRESENTATION_CONTEXT('2D SPACE',''
  ) );
#9589 = PCURVE('',#2745,#9590);
#9590 = DEFINITIONAL_REPRESENTATION('',(#9591),#9595);
#9591 = LINE('',#9592,#9593);
#9592 = CARTESIAN_POINT('',(0.,0.));
#9593 = VECTOR('',#9594,1.);
#9594 = DIRECTION('',(0.,-1.));
#9595 = ( GEOMETRIC_REPRESENTATION_CONTEXT(2) 
PARAMETRIC_REPRESENTATION_CONTEXT() REPRESENTATION_CONTEXT('2D SPACE',''
  ) );
#9596 = ADVANCED_FACE('',(#9597),#2667,.T.);
#9597 = FACE_BOUND('',#9598,.T.);
#9598 = EDGE_LOOP('',(#9599,#9600,#9623,#9642));
#9599 = ORIENTED_EDGE('',*,*,#2652,.T.);
#9600 = ORIENTED_EDGE('',*,*,#9601,.T.);
#9601 = EDGE_CURVE('',#2653,#9602,#9604,.T.);
#9602 = VERTEX_POINT('',#9603);
#9603 = CARTESIAN_POINT('',(-5.6,10.623244953089,40.));
#9604 = SURFACE_CURVE('',#9605,(#9609,#9616),.PCURVE_S1.);
#9605 = LINE('',#9606,#9607);
#9606 = CARTESIAN_POINT('',(-5.6,10.623244953089,36.5));
#9607 = VECTOR('',#9608,1.);
#9608 = DIRECTION('',(0.,0.,1.));
#9609 = PCURVE('',#2667,#9610);
#9610 = DEFINITIONAL_REPRESENTATION('',(#9611),#9615);
#9611 = LINE('',#9612,#9613);
#9612 = CARTESIAN_POINT('',(0.,0.));
#9613 = VECTOR('',#9614,1.);
#9614 = DIRECTION('',(0.,-1.));
#9615 = ( GEOMETRIC_REPRESENTATION_CONTEXT(2) 
PARAMETRIC_REPRESENTATION_CONTEXT() REPRESENTATION_CONTEXT('2D SPACE',''
  ) );
#9616 = PCURVE('',#2693,#9617);
#9617 = DEFINITIONAL_REPRESENTATION('',(#9618),#9622);
#9618 = LINE('',#9619,#9620);
#9619 = CARTESIAN_POINT('',(5.773502691896,0.));
#9620 = VECTOR('',#9621,1.);
#9621 = DIRECTION('',(0.,-1.));
#9622 = ( GEOMETRIC_REPRESENTATION_CONTEXT(2) 
PARAMETRIC_REPRESENTATION_CONTEXT() REPRESENTATION_CONTEXT('2D SPACE',''
  ) );
#9623 = ORIENTED_EDGE('',*,*,#9624,.F.);
#9624 = EDGE_CURVE('',#9486,#9602,#9625,.T.);
#9625 = SURFACE_CURVE('',#9626,(#9630,#9636),.PCURVE_S1.);
#9626 = LINE('',#9627,#9628);
#9627 = CARTESIAN_POINT('',(-5.8,10.507774899251,40.));
#9628 = VECTOR('',#9629,1.);
#9629 = DIRECTION('',(0.866025403784,0.5,-0.));
#9630 = PCURVE('',#2667,#9631);
#9631 = DEFINITIONAL_REPRESENTATION('',(#9632),#9635);
#9632 = B_SPLINE_CURVE_WITH_KNOTS('',1,(#9633,#9634),.UNSPECIFIED.,.F.,
  .F.,(2,2),(-5.54256258422,0.230940107676),.PIECEWISE_BEZIER_KNOTS.);
#9633 = CARTESIAN_POINT('',(5.773502691896,-3.5));
#9634 = CARTESIAN_POINT('',(0.,-3.5));
#9635 = ( GEOMETRIC_REPRESENTATION_CONTEXT(2) 
PARAMETRIC_REPRESENTATION_CONTEXT() REPRESENTATION_CONTEXT('2D SPACE',''
  ) );
#9636 = PCURVE('',#5092,#9637);
#9637 = DEFINITIONAL_REPRESENTATION('',(#9638),#9641);
#9638 = B_SPLINE_CURVE_WITH_KNOTS('',1,(#9639,#9640),.UNSPECIFIED.,.F.,
  .F.,(2,2),(-5.54256258422,0.230940107676),.PIECEWISE_BEZIER_KNOTS.);
#9639 = CARTESIAN_POINT('',(-10.6,7.736493607141));
#9640 = CARTESIAN_POINT('',(-5.6,10.623244953089));
#9641 = ( GEOMETRIC_REPRESENTATION_CONTEXT(2) 
PARAMETRIC_REPRESENTATION_CONTEXT() REPRESENTATION_CONTEXT('2D SPACE',''
  ) );
#9642 = ORIENTED_EDGE('',*,*,#9485,.F.);
#9643 = ADVANCED_FACE('',(#9644),#2745,.T.);
#9644 = FACE_BOUND('',#9645,.T.);
#9645 = EDGE_LOOP('',(#9646,#9647,#9648,#9669));
#9646 = ORIENTED_EDGE('',*,*,#2730,.T.);
#9647 = ORIENTED_EDGE('',*,*,#9576,.T.);
#9648 = ORIENTED_EDGE('',*,*,#9649,.F.);
#9649 = EDGE_CURVE('',#9650,#9556,#9652,.T.);
#9650 = VERTEX_POINT('',#9651);
#9651 = CARTESIAN_POINT('',(-0.6,1.962990915245,40.));
#9652 = SURFACE_CURVE('',#9653,(#9657,#9663),.PCURVE_S1.);
#9653 = LINE('',#9654,#9655);
#9654 = CARTESIAN_POINT('',(-3.3,0.404145188433,40.));
#9655 = VECTOR('',#9656,1.);
#9656 = DIRECTION('',(-0.866025403784,-0.5,0.));
#9657 = PCURVE('',#2745,#9658);
#9658 = DEFINITIONAL_REPRESENTATION('',(#9659),#9662);
#9659 = B_SPLINE_CURVE_WITH_KNOTS('',1,(#9660,#9661),.UNSPECIFIED.,.F.,
  .F.,(2,2),(-3.117691453624,2.655811238272),.PIECEWISE_BEZIER_KNOTS.);
#9660 = CARTESIAN_POINT('',(5.773502691896,-3.5));
#9661 = CARTESIAN_POINT('',(0.,-3.5));
#9662 = ( GEOMETRIC_REPRESENTATION_CONTEXT(2) 
PARAMETRIC_REPRESENTATION_CONTEXT() REPRESENTATION_CONTEXT('2D SPACE',''
  ) );
#9663 = PCURVE('',#5092,#9664);
#9664 = DEFINITIONAL_REPRESENTATION('',(#9665),#9668);
#9665 = B_SPLINE_CURVE_WITH_KNOTS('',1,(#9666,#9667),.UNSPECIFIED.,.F.,
  .F.,(2,2),(-3.117691453624,2.655811238272),.PIECEWISE_BEZIER_KNOTS.);
#9666 = CARTESIAN_POINT('',(-0.6,1.962990915245));
#9667 = CARTESIAN_POINT('',(-5.6,-0.923760430703));
#9668 = ( GEOMETRIC_REPRESENTATION_CONTEXT(2) 
PARAMETRIC_REPRESENTATION_CONTEXT() REPRESENTATION_CONTEXT('2D SPACE',''
  ) );
#9669 = ORIENTED_EDGE('',*,*,#9670,.F.);
#9670 = EDGE_CURVE('',#2705,#9650,#9671,.T.);
#9671 = SURFACE_CURVE('',#9672,(#9676,#9683),.PCURVE_S1.);
#9672 = LINE('',#9673,#9674);
#9673 = CARTESIAN_POINT('',(-0.6,1.962990915245,36.5));
#9674 = VECTOR('',#9675,1.);
#9675 = DIRECTION('',(0.,0.,1.));
#9676 = PCURVE('',#2745,#9677);
#9677 = DEFINITIONAL_REPRESENTATION('',(#9678),#9682);
#9678 = LINE('',#9679,#9680);
#9679 = CARTESIAN_POINT('',(5.773502691896,0.));
#9680 = VECTOR('',#9681,1.);
#9681 = DIRECTION('',(0.,-1.));
#9682 = ( GEOMETRIC_REPRESENTATION_CONTEXT(2) 
PARAMETRIC_REPRESENTATION_CONTEXT() REPRESENTATION_CONTEXT('2D SPACE',''
  ) );
#9683 = PCURVE('',#2719,#9684);
#9684 = DEFINITIONAL_REPRESENTATION('',(#9685),#9689);
#9685 = LINE('',#9686,#9687);
#9686 = CARTESIAN_POINT('',(0.,0.));
#9687 = VECTOR('',#9688,1.);
#9688 = DIRECTION('',(0.,-1.));
#9689 = ( GEOMETRIC_REPRESENTATION_CONTEXT(2) 
PARAMETRIC_REPRESENTATION_CONTEXT() REPRESENTATION_CONTEXT('2D SPACE',''
  ) );
#9690 = ADVANCED_FACE('',(#9691),#2693,.T.);
#9691 = FACE_BOUND('',#9692,.T.);
#9692 = EDGE_LOOP('',(#9693,#9694,#9717,#9736));
#9693 = ORIENTED_EDGE('',*,*,#2678,.T.);
#9694 = ORIENTED_EDGE('',*,*,#9695,.T.);
#9695 = EDGE_CURVE('',#2679,#9696,#9698,.T.);
#9696 = VERTEX_POINT('',#9697);
#9697 = CARTESIAN_POINT('',(-0.6,7.736493607141,40.));
#9698 = SURFACE_CURVE('',#9699,(#9703,#9710),.PCURVE_S1.);
#9699 = LINE('',#9700,#9701);
#9700 = CARTESIAN_POINT('',(-0.6,7.736493607141,36.5));
#9701 = VECTOR('',#9702,1.);
#9702 = DIRECTION('',(0.,0.,1.));
#9703 = PCURVE('',#2693,#9704);
#9704 = DEFINITIONAL_REPRESENTATION('',(#9705),#9709);
#9705 = LINE('',#9706,#9707);
#9706 = CARTESIAN_POINT('',(0.,0.));
#9707 = VECTOR('',#9708,1.);
#9708 = DIRECTION('',(0.,-1.));
#9709 = ( GEOMETRIC_REPRESENTATION_CONTEXT(2) 
PARAMETRIC_REPRESENTATION_CONTEXT() REPRESENTATION_CONTEXT('2D SPACE',''
  ) );
#9710 = PCURVE('',#2719,#9711);
#9711 = DEFINITIONAL_REPRESENTATION('',(#9712),#9716);
#9712 = LINE('',#9713,#9714);
#9713 = CARTESIAN_POINT('',(5.773502691896,0.));
#9714 = VECTOR('',#9715,1.);
#9715 = DIRECTION('',(0.,-1.));
#9716 = ( GEOMETRIC_REPRESENTATION_CONTEXT(2) 
PARAMETRIC_REPRESENTATION_CONTEXT() REPRESENTATION_CONTEXT('2D SPACE',''
  ) );
#9717 = ORIENTED_EDGE('',*,*,#9718,.F.);
#9718 = EDGE_CURVE('',#9602,#9696,#9719,.T.);
#9719 = SURFACE_CURVE('',#9720,(#9724,#9730),.PCURVE_S1.);
#9720 = LINE('',#9721,#9722);
#9721 = CARTESIAN_POINT('',(1.3,6.639528095681,40.));
#9722 = VECTOR('',#9723,1.);
#9723 = DIRECTION('',(0.866025403784,-0.5,0.));
#9724 = PCURVE('',#2693,#9725);
#9725 = DEFINITIONAL_REPRESENTATION('',(#9726),#9729);
#9726 = B_SPLINE_CURVE_WITH_KNOTS('',1,(#9727,#9728),.UNSPECIFIED.,.F.,
  .F.,(2,2),(-7.967433714817,-2.193931022921),.PIECEWISE_BEZIER_KNOTS.);
#9727 = CARTESIAN_POINT('',(5.773502691896,-3.5));
#9728 = CARTESIAN_POINT('',(0.,-3.5));
#9729 = ( GEOMETRIC_REPRESENTATION_CONTEXT(2) 
PARAMETRIC_REPRESENTATION_CONTEXT() REPRESENTATION_CONTEXT('2D SPACE',''
  ) );
#9730 = PCURVE('',#5092,#9731);
#9731 = DEFINITIONAL_REPRESENTATION('',(#9732),#9735);
#9732 = B_SPLINE_CURVE_WITH_KNOTS('',1,(#9733,#9734),.UNSPECIFIED.,.F.,
  .F.,(2,2),(-7.967433714817,-2.193931022921),.PIECEWISE_BEZIER_KNOTS.);
#9733 = CARTESIAN_POINT('',(-5.6,10.623244953089));
#9734 = CARTESIAN_POINT('',(-0.6,7.736493607141));
#9735 = ( GEOMETRIC_REPRESENTATION_CONTEXT(2) 
PARAMETRIC_REPRESENTATION_CONTEXT() REPRESENTATION_CONTEXT('2D SPACE',''
  ) );
#9736 = ORIENTED_EDGE('',*,*,#9601,.F.);
#9737 = ADVANCED_FACE('',(#9738),#2719,.T.);
#9738 = FACE_BOUND('',#9739,.T.);
#9739 = EDGE_LOOP('',(#9740,#9741,#9742,#9761));
#9740 = ORIENTED_EDGE('',*,*,#2704,.T.);
#9741 = ORIENTED_EDGE('',*,*,#9670,.T.);
#9742 = ORIENTED_EDGE('',*,*,#9743,.F.);
#9743 = EDGE_CURVE('',#9696,#9650,#9744,.T.);
#9744 = SURFACE_CURVE('',#9745,(#9749,#9755),.PCURVE_S1.);
#9745 = LINE('',#9746,#9747);
#9746 = CARTESIAN_POINT('',(-0.6,0.981495457622,40.));
#9747 = VECTOR('',#9748,1.);
#9748 = DIRECTION('',(-1.538370149107E-16,-1.,0.));
#9749 = PCURVE('',#2719,#9750);
#9750 = DEFINITIONAL_REPRESENTATION('',(#9751),#9754);
#9751 = B_SPLINE_CURVE_WITH_KNOTS('',1,(#9752,#9753),.UNSPECIFIED.,.F.,
  .F.,(2,2),(-6.754998149519,-0.981495457622),.PIECEWISE_BEZIER_KNOTS.);
#9752 = CARTESIAN_POINT('',(5.773502691896,-3.5));
#9753 = CARTESIAN_POINT('',(0.,-3.5));
#9754 = ( GEOMETRIC_REPRESENTATION_CONTEXT(2) 
PARAMETRIC_REPRESENTATION_CONTEXT() REPRESENTATION_CONTEXT('2D SPACE',''
  ) );
#9755 = PCURVE('',#5092,#9756);
#9756 = DEFINITIONAL_REPRESENTATION('',(#9757),#9760);
#9757 = B_SPLINE_CURVE_WITH_KNOTS('',1,(#9758,#9759),.UNSPECIFIED.,.F.,
  .F.,(2,2),(-6.754998149519,-0.981495457622),.PIECEWISE_BEZIER_KNOTS.);
#9758 = CARTESIAN_POINT('',(-0.6,7.736493607141));
#9759 = CARTESIAN_POINT('',(-0.6,1.962990915245));
#9760 = ( GEOMETRIC_REPRESENTATION_CONTEXT(2) 
PARAMETRIC_REPRESENTATION_CONTEXT() REPRESENTATION_CONTEXT('2D SPACE',''
  ) );
#9761 = ORIENTED_EDGE('',*,*,#9695,.F.);
#9762 = ADVANCED_FACE('',(#9763),#2799,.T.);
#9763 = FACE_BOUND('',#9764,.T.);
#9764 = EDGE_LOOP('',(#9765,#9766,#9789,#9810));
#9765 = ORIENTED_EDGE('',*,*,#2782,.T.);
#9766 = ORIENTED_EDGE('',*,*,#9767,.T.);
#9767 = EDGE_CURVE('',#2785,#9768,#9770,.T.);
#9768 = VERTEX_POINT('',#9769);
#9769 = CARTESIAN_POINT('',(-16.2,17.435978129527,40.));
#9770 = SURFACE_CURVE('',#9771,(#9775,#9782),.PCURVE_S1.);
#9771 = LINE('',#9772,#9773);
#9772 = CARTESIAN_POINT('',(-16.2,17.435978129527,36.5));
#9773 = VECTOR('',#9774,1.);
#9774 = DIRECTION('',(0.,0.,1.));
#9775 = PCURVE('',#2799,#9776);
#9776 = DEFINITIONAL_REPRESENTATION('',(#9777),#9781);
#9777 = LINE('',#9778,#9779);
#9778 = CARTESIAN_POINT('',(0.,0.));
#9779 = VECTOR('',#9780,1.);
#9780 = DIRECTION('',(0.,-1.));
#9781 = ( GEOMETRIC_REPRESENTATION_CONTEXT(2) 
PARAMETRIC_REPRESENTATION_CONTEXT() REPRESENTATION_CONTEXT('2D SPACE',''
  ) );
#9782 = PCURVE('',#2825,#9783);
#9783 = DEFINITIONAL_REPRESENTATION('',(#9784),#9788);
#9784 = LINE('',#9785,#9786);
#9785 = CARTESIAN_POINT('',(5.773502691896,0.));
#9786 = VECTOR('',#9787,1.);
#9787 = DIRECTION('',(0.,-1.));
#9788 = ( GEOMETRIC_REPRESENTATION_CONTEXT(2) 
PARAMETRIC_REPRESENTATION_CONTEXT() REPRESENTATION_CONTEXT('2D SPACE',''
  ) );
#9789 = ORIENTED_EDGE('',*,*,#9790,.F.);
#9790 = EDGE_CURVE('',#9791,#9768,#9793,.T.);
#9791 = VERTEX_POINT('',#9792);
#9792 = CARTESIAN_POINT('',(-16.2,11.66247543763,40.));
#9793 = SURFACE_CURVE('',#9794,(#9798,#9804),.PCURVE_S1.);
#9794 = LINE('',#9795,#9796);
#9795 = CARTESIAN_POINT('',(-16.2,8.717989064763,40.));
#9796 = VECTOR('',#9797,1.);
#9797 = DIRECTION('',(4.615110447321E-16,1.,-0.));
#9798 = PCURVE('',#2799,#9799);
#9799 = DEFINITIONAL_REPRESENTATION('',(#9800),#9803);
#9800 = B_SPLINE_CURVE_WITH_KNOTS('',1,(#9801,#9802),.UNSPECIFIED.,.F.,
  .F.,(2,2),(2.944486372867,8.717989064763),.PIECEWISE_BEZIER_KNOTS.);
#9801 = CARTESIAN_POINT('',(5.773502691896,-3.5));
#9802 = CARTESIAN_POINT('',(0.,-3.5));
#9803 = ( GEOMETRIC_REPRESENTATION_CONTEXT(2) 
PARAMETRIC_REPRESENTATION_CONTEXT() REPRESENTATION_CONTEXT('2D SPACE',''
  ) );
#9804 = PCURVE('',#5092,#9805);
#9805 = DEFINITIONAL_REPRESENTATION('',(#9806),#9809);
#9806 = B_SPLINE_CURVE_WITH_KNOTS('',1,(#9807,#9808),.UNSPECIFIED.,.F.,
  .F.,(2,2),(2.944486372867,8.717989064763),.PIECEWISE_BEZIER_KNOTS.);
#9807 = CARTESIAN_POINT('',(-16.2,11.66247543763));
#9808 = CARTESIAN_POINT('',(-16.2,17.435978129527));
#9809 = ( GEOMETRIC_REPRESENTATION_CONTEXT(2) 
PARAMETRIC_REPRESENTATION_CONTEXT() REPRESENTATION_CONTEXT('2D SPACE',''
  ) );
#9810 = ORIENTED_EDGE('',*,*,#9811,.F.);
#9811 = EDGE_CURVE('',#2783,#9791,#9812,.T.);
#9812 = SURFACE_CURVE('',#9813,(#9817,#9824),.PCURVE_S1.);
#9813 = LINE('',#9814,#9815);
#9814 = CARTESIAN_POINT('',(-16.2,11.66247543763,36.5));
#9815 = VECTOR('',#9816,1.);
#9816 = DIRECTION('',(0.,0.,1.));
#9817 = PCURVE('',#2799,#9818);
#9818 = DEFINITIONAL_REPRESENTATION('',(#9819),#9823);
#9819 = LINE('',#9820,#9821);
#9820 = CARTESIAN_POINT('',(5.773502691896,0.));
#9821 = VECTOR('',#9822,1.);
#9822 = DIRECTION('',(0.,-1.));
#9823 = ( GEOMETRIC_REPRESENTATION_CONTEXT(2) 
PARAMETRIC_REPRESENTATION_CONTEXT() REPRESENTATION_CONTEXT('2D SPACE',''
  ) );
#9824 = PCURVE('',#2927,#9825);
#9825 = DEFINITIONAL_REPRESENTATION('',(#9826),#9830);
#9826 = LINE('',#9827,#9828);
#9827 = CARTESIAN_POINT('',(0.,0.));
#9828 = VECTOR('',#9829,1.);
#9829 = DIRECTION('',(0.,-1.));
#9830 = ( GEOMETRIC_REPRESENTATION_CONTEXT(2) 
PARAMETRIC_REPRESENTATION_CONTEXT() REPRESENTATION_CONTEXT('2D SPACE',''
  ) );
#9831 = ADVANCED_FACE('',(#9832),#2927,.T.);
#9832 = FACE_BOUND('',#9833,.T.);
#9833 = EDGE_LOOP('',(#9834,#9835,#9836,#9857));
#9834 = ORIENTED_EDGE('',*,*,#2914,.T.);
#9835 = ORIENTED_EDGE('',*,*,#9811,.T.);
#9836 = ORIENTED_EDGE('',*,*,#9837,.F.);
#9837 = EDGE_CURVE('',#9838,#9791,#9840,.T.);
#9838 = VERTEX_POINT('',#9839);
#9839 = CARTESIAN_POINT('',(-11.2,8.775724091682,40.));
#9840 = SURFACE_CURVE('',#9841,(#9845,#9851),.PCURVE_S1.);
#9841 = LINE('',#9842,#9843);
#9842 = CARTESIAN_POINT('',(-7.6,6.6972631226,40.));
#9843 = VECTOR('',#9844,1.);
#9844 = DIRECTION('',(-0.866025403784,0.5,0.));
#9845 = PCURVE('',#2927,#9846);
#9846 = DEFINITIONAL_REPRESENTATION('',(#9847),#9850);
#9847 = B_SPLINE_CURVE_WITH_KNOTS('',1,(#9848,#9849),.UNSPECIFIED.,.F.,
  .F.,(2,2),(4.156921938165,9.930424630062),.PIECEWISE_BEZIER_KNOTS.);
#9848 = CARTESIAN_POINT('',(5.773502691896,-3.5));
#9849 = CARTESIAN_POINT('',(0.,-3.5));
#9850 = ( GEOMETRIC_REPRESENTATION_CONTEXT(2) 
PARAMETRIC_REPRESENTATION_CONTEXT() REPRESENTATION_CONTEXT('2D SPACE',''
  ) );
#9851 = PCURVE('',#5092,#9852);
#9852 = DEFINITIONAL_REPRESENTATION('',(#9853),#9856);
#9853 = B_SPLINE_CURVE_WITH_KNOTS('',1,(#9854,#9855),.UNSPECIFIED.,.F.,
  .F.,(2,2),(4.156921938165,9.930424630062),.PIECEWISE_BEZIER_KNOTS.);
#9854 = CARTESIAN_POINT('',(-11.2,8.775724091682));
#9855 = CARTESIAN_POINT('',(-16.2,11.66247543763));
#9856 = ( GEOMETRIC_REPRESENTATION_CONTEXT(2) 
PARAMETRIC_REPRESENTATION_CONTEXT() REPRESENTATION_CONTEXT('2D SPACE',''
  ) );
#9857 = ORIENTED_EDGE('',*,*,#9858,.F.);
#9858 = EDGE_CURVE('',#2889,#9838,#9859,.T.);
#9859 = SURFACE_CURVE('',#9860,(#9864,#9871),.PCURVE_S1.);
#9860 = LINE('',#9861,#9862);
#9861 = CARTESIAN_POINT('',(-11.2,8.775724091682,36.5));
#9862 = VECTOR('',#9863,1.);
#9863 = DIRECTION('',(0.,0.,1.));
#9864 = PCURVE('',#2927,#9865);
#9865 = DEFINITIONAL_REPRESENTATION('',(#9866),#9870);
#9866 = LINE('',#9867,#9868);
#9867 = CARTESIAN_POINT('',(5.773502691896,0.));
#9868 = VECTOR('',#9869,1.);
#9869 = DIRECTION('',(0.,-1.));
#9870 = ( GEOMETRIC_REPRESENTATION_CONTEXT(2) 
PARAMETRIC_REPRESENTATION_CONTEXT() REPRESENTATION_CONTEXT('2D SPACE',''
  ) );
#9871 = PCURVE('',#2903,#9872);
#9872 = DEFINITIONAL_REPRESENTATION('',(#9873),#9877);
#9873 = LINE('',#9874,#9875);
#9874 = CARTESIAN_POINT('',(0.,0.));
#9875 = VECTOR('',#9876,1.);
#9876 = DIRECTION('',(0.,-1.));
#9877 = ( GEOMETRIC_REPRESENTATION_CONTEXT(2) 
PARAMETRIC_REPRESENTATION_CONTEXT() REPRESENTATION_CONTEXT('2D SPACE',''
  ) );
#9878 = ADVANCED_FACE('',(#9879),#2825,.T.);
#9879 = FACE_BOUND('',#9880,.T.);
#9880 = EDGE_LOOP('',(#9881,#9882,#9905,#9924));
#9881 = ORIENTED_EDGE('',*,*,#2810,.T.);
#9882 = ORIENTED_EDGE('',*,*,#9883,.T.);
#9883 = EDGE_CURVE('',#2811,#9884,#9886,.T.);
#9884 = VERTEX_POINT('',#9885);
#9885 = CARTESIAN_POINT('',(-11.2,20.322729475475,40.));
#9886 = SURFACE_CURVE('',#9887,(#9891,#9898),.PCURVE_S1.);
#9887 = LINE('',#9888,#9889);
#9888 = CARTESIAN_POINT('',(-11.2,20.322729475475,36.5));
#9889 = VECTOR('',#9890,1.);
#9890 = DIRECTION('',(0.,0.,1.));
#9891 = PCURVE('',#2825,#9892);
#9892 = DEFINITIONAL_REPRESENTATION('',(#9893),#9897);
#9893 = LINE('',#9894,#9895);
#9894 = CARTESIAN_POINT('',(0.,0.));
#9895 = VECTOR('',#9896,1.);
#9896 = DIRECTION('',(0.,-1.));
#9897 = ( GEOMETRIC_REPRESENTATION_CONTEXT(2) 
PARAMETRIC_REPRESENTATION_CONTEXT() REPRESENTATION_CONTEXT('2D SPACE',''
  ) );
#9898 = PCURVE('',#2851,#9899);
#9899 = DEFINITIONAL_REPRESENTATION('',(#9900),#9904);
#9900 = LINE('',#9901,#9902);
#9901 = CARTESIAN_POINT('',(5.773502691896,0.));
#9902 = VECTOR('',#9903,1.);
#9903 = DIRECTION('',(0.,-1.));
#9904 = ( GEOMETRIC_REPRESENTATION_CONTEXT(2) 
PARAMETRIC_REPRESENTATION_CONTEXT() REPRESENTATION_CONTEXT('2D SPACE',''
  ) );
#9905 = ORIENTED_EDGE('',*,*,#9906,.F.);
#9906 = EDGE_CURVE('',#9768,#9884,#9907,.T.);
#9907 = SURFACE_CURVE('',#9908,(#9912,#9918),.PCURVE_S1.);
#9908 = LINE('',#9909,#9910);
#9909 = CARTESIAN_POINT('',(-11.4,20.207259421637,40.));
#9910 = VECTOR('',#9911,1.);
#9911 = DIRECTION('',(0.866025403784,0.5,-0.));
#9912 = PCURVE('',#2825,#9913);
#9913 = DEFINITIONAL_REPRESENTATION('',(#9914),#9917);
#9914 = B_SPLINE_CURVE_WITH_KNOTS('',1,(#9915,#9916),.UNSPECIFIED.,.F.,
  .F.,(2,2),(-5.54256258422,0.230940107676),.PIECEWISE_BEZIER_KNOTS.);
#9915 = CARTESIAN_POINT('',(5.773502691896,-3.5));
#9916 = CARTESIAN_POINT('',(0.,-3.5));
#9917 = ( GEOMETRIC_REPRESENTATION_CONTEXT(2) 
PARAMETRIC_REPRESENTATION_CONTEXT() REPRESENTATION_CONTEXT('2D SPACE',''
  ) );
#9918 = PCURVE('',#5092,#9919);
#9919 = DEFINITIONAL_REPRESENTATION('',(#9920),#9923);
#9920 = B_SPLINE_CURVE_WITH_KNOTS('',1,(#9921,#9922),.UNSPECIFIED.,.F.,
  .F.,(2,2),(-5.54256258422,0.230940107676),.PIECEWISE_BEZIER_KNOTS.);
#9921 = CARTESIAN_POINT('',(-16.2,17.435978129527));
#9922 = CARTESIAN_POINT('',(-11.2,20.322729475475));
#9923 = ( GEOMETRIC_REPRESENTATION_CONTEXT(2) 
PARAMETRIC_REPRESENTATION_CONTEXT() REPRESENTATION_CONTEXT('2D SPACE',''
  ) );
#9924 = ORIENTED_EDGE('',*,*,#9767,.F.);
#9925 = ADVANCED_FACE('',(#9926),#2903,.T.);
#9926 = FACE_BOUND('',#9927,.T.);
#9927 = EDGE_LOOP('',(#9928,#9929,#9930,#9951));
#9928 = ORIENTED_EDGE('',*,*,#2888,.T.);
#9929 = ORIENTED_EDGE('',*,*,#9858,.T.);
#9930 = ORIENTED_EDGE('',*,*,#9931,.F.);
#9931 = EDGE_CURVE('',#9932,#9838,#9934,.T.);
#9932 = VERTEX_POINT('',#9933);
#9933 = CARTESIAN_POINT('',(-6.2,11.66247543763,40.));
#9934 = SURFACE_CURVE('',#9935,(#9939,#9945),.PCURVE_S1.);
#9935 = LINE('',#9936,#9937);
#9936 = CARTESIAN_POINT('',(-8.9,10.103629710818,40.));
#9937 = VECTOR('',#9938,1.);
#9938 = DIRECTION('',(-0.866025403784,-0.5,0.));
#9939 = PCURVE('',#2903,#9940);
#9940 = DEFINITIONAL_REPRESENTATION('',(#9941),#9944);
#9941 = B_SPLINE_CURVE_WITH_KNOTS('',1,(#9942,#9943),.UNSPECIFIED.,.F.,
  .F.,(2,2),(-3.117691453624,2.655811238272),.PIECEWISE_BEZIER_KNOTS.);
#9942 = CARTESIAN_POINT('',(5.773502691896,-3.5));
#9943 = CARTESIAN_POINT('',(0.,-3.5));
#9944 = ( GEOMETRIC_REPRESENTATION_CONTEXT(2) 
PARAMETRIC_REPRESENTATION_CONTEXT() REPRESENTATION_CONTEXT('2D SPACE',''
  ) );
#9945 = PCURVE('',#5092,#9946);
#9946 = DEFINITIONAL_REPRESENTATION('',(#9947),#9950);
#9947 = B_SPLINE_CURVE_WITH_KNOTS('',1,(#9948,#9949),.UNSPECIFIED.,.F.,
  .F.,(2,2),(-3.117691453624,2.655811238272),.PIECEWISE_BEZIER_KNOTS.);
#9948 = CARTESIAN_POINT('',(-6.2,11.66247543763));
#9949 = CARTESIAN_POINT('',(-11.2,8.775724091682));
#9950 = ( GEOMETRIC_REPRESENTATION_CONTEXT(2) 
PARAMETRIC_REPRESENTATION_CONTEXT() REPRESENTATION_CONTEXT('2D SPACE',''
  ) );
#9951 = ORIENTED_EDGE('',*,*,#9952,.F.);
#9952 = EDGE_CURVE('',#2863,#9932,#9953,.T.);
#9953 = SURFACE_CURVE('',#9954,(#9958,#9965),.PCURVE_S1.);
#9954 = LINE('',#9955,#9956);
#9955 = CARTESIAN_POINT('',(-6.2,11.66247543763,36.5));
#9956 = VECTOR('',#9957,1.);
#9957 = DIRECTION('',(0.,0.,1.));
#9958 = PCURVE('',#2903,#9959);
#9959 = DEFINITIONAL_REPRESENTATION('',(#9960),#9964);
#9960 = LINE('',#9961,#9962);
#9961 = CARTESIAN_POINT('',(5.773502691896,0.));
#9962 = VECTOR('',#9963,1.);
#9963 = DIRECTION('',(0.,-1.));
#9964 = ( GEOMETRIC_REPRESENTATION_CONTEXT(2) 
PARAMETRIC_REPRESENTATION_CONTEXT() REPRESENTATION_CONTEXT('2D SPACE',''
  ) );
#9965 = PCURVE('',#2877,#9966);
#9966 = DEFINITIONAL_REPRESENTATION('',(#9967),#9971);
#9967 = LINE('',#9968,#9969);
#9968 = CARTESIAN_POINT('',(0.,0.));
#9969 = VECTOR('',#9970,1.);
#9970 = DIRECTION('',(0.,-1.));
#9971 = ( GEOMETRIC_REPRESENTATION_CONTEXT(2) 
PARAMETRIC_REPRESENTATION_CONTEXT() REPRESENTATION_CONTEXT('2D SPACE',''
  ) );
#9972 = ADVANCED_FACE('',(#9973),#2851,.T.);
#9973 = FACE_BOUND('',#9974,.T.);
#9974 = EDGE_LOOP('',(#9975,#9976,#9999,#10018));
#9975 = ORIENTED_EDGE('',*,*,#2836,.T.);
#9976 = ORIENTED_EDGE('',*,*,#9977,.T.);
#9977 = EDGE_CURVE('',#2837,#9978,#9980,.T.);
#9978 = VERTEX_POINT('',#9979);
#9979 = CARTESIAN_POINT('',(-6.2,17.435978129527,40.));
#9980 = SURFACE_CURVE('',#9981,(#9985,#9992),.PCURVE_S1.);
#9981 = LINE('',#9982,#9983);
#9982 = CARTESIAN_POINT('',(-6.2,17.435978129527,36.5));
#9983 = VECTOR('',#9984,1.);
#9984 = DIRECTION('',(0.,0.,1.));
#9985 = PCURVE('',#2851,#9986);
#9986 = DEFINITIONAL_REPRESENTATION('',(#9987),#9991);
#9987 = LINE('',#9988,#9989);
#9988 = CARTESIAN_POINT('',(0.,0.));
#9989 = VECTOR('',#9990,1.);
#9990 = DIRECTION('',(0.,-1.));
#9991 = ( GEOMETRIC_REPRESENTATION_CONTEXT(2) 
PARAMETRIC_REPRESENTATION_CONTEXT() REPRESENTATION_CONTEXT('2D SPACE',''
  ) );
#9992 = PCURVE('',#2877,#9993);
#9993 = DEFINITIONAL_REPRESENTATION('',(#9994),#9998);
#9994 = LINE('',#9995,#9996);
#9995 = CARTESIAN_POINT('',(5.773502691896,0.));
#9996 = VECTOR('',#9997,1.);
#9997 = DIRECTION('',(0.,-1.));
#9998 = ( GEOMETRIC_REPRESENTATION_CONTEXT(2) 
PARAMETRIC_REPRESENTATION_CONTEXT() REPRESENTATION_CONTEXT('2D SPACE',''
  ) );
#9999 = ORIENTED_EDGE('',*,*,#10000,.F.);
#10000 = EDGE_CURVE('',#9884,#9978,#10001,.T.);
#10001 = SURFACE_CURVE('',#10002,(#10006,#10012),.PCURVE_S1.);
#10002 = LINE('',#10003,#10004);
#10003 = CARTESIAN_POINT('',(-1.E-01,13.91414148747,40.));
#10004 = VECTOR('',#10005,1.);
#10005 = DIRECTION('',(0.866025403784,-0.5,0.));
#10006 = PCURVE('',#2851,#10007);
#10007 = DEFINITIONAL_REPRESENTATION('',(#10008),#10011);
#10008 = B_SPLINE_CURVE_WITH_KNOTS('',1,(#10009,#10010),.UNSPECIFIED.,
  .F.,.F.,(2,2),(-12.81717597601,-7.043673284113),
  .PIECEWISE_BEZIER_KNOTS.);
#10009 = CARTESIAN_POINT('',(5.773502691896,-3.5));
#10010 = CARTESIAN_POINT('',(0.,-3.5));
#10011 = ( GEOMETRIC_REPRESENTATION_CONTEXT(2) 
PARAMETRIC_REPRESENTATION_CONTEXT() REPRESENTATION_CONTEXT('2D SPACE',''
  ) );
#10012 = PCURVE('',#5092,#10013);
#10013 = DEFINITIONAL_REPRESENTATION('',(#10014),#10017);
#10014 = B_SPLINE_CURVE_WITH_KNOTS('',1,(#10015,#10016),.UNSPECIFIED.,
  .F.,.F.,(2,2),(-12.81717597601,-7.043673284113),
  .PIECEWISE_BEZIER_KNOTS.);
#10015 = CARTESIAN_POINT('',(-11.2,20.322729475475));
#10016 = CARTESIAN_POINT('',(-6.2,17.435978129527));
#10017 = ( GEOMETRIC_REPRESENTATION_CONTEXT(2) 
PARAMETRIC_REPRESENTATION_CONTEXT() REPRESENTATION_CONTEXT('2D SPACE',''
  ) );
#10018 = ORIENTED_EDGE('',*,*,#9883,.F.);
#10019 = ADVANCED_FACE('',(#10020),#2877,.T.);
#10020 = FACE_BOUND('',#10021,.T.);
#10021 = EDGE_LOOP('',(#10022,#10023,#10024,#10043));
#10022 = ORIENTED_EDGE('',*,*,#2862,.T.);
#10023 = ORIENTED_EDGE('',*,*,#9952,.T.);
#10024 = ORIENTED_EDGE('',*,*,#10025,.F.);
#10025 = EDGE_CURVE('',#9978,#9932,#10026,.T.);
#10026 = SURFACE_CURVE('',#10027,(#10031,#10037),.PCURVE_S1.);
#10027 = LINE('',#10028,#10029);
#10028 = CARTESIAN_POINT('',(-6.2,5.831237718815,40.));
#10029 = VECTOR('',#10030,1.);
#10030 = DIRECTION('',(-1.538370149107E-16,-1.,0.));
#10031 = PCURVE('',#2877,#10032);
#10032 = DEFINITIONAL_REPRESENTATION('',(#10033),#10036);
#10033 = B_SPLINE_CURVE_WITH_KNOTS('',1,(#10034,#10035),.UNSPECIFIED.,
  .F.,.F.,(2,2),(-11.60474041071,-5.831237718815),
  .PIECEWISE_BEZIER_KNOTS.);
#10034 = CARTESIAN_POINT('',(5.773502691896,-3.5));
#10035 = CARTESIAN_POINT('',(0.,-3.5));
#10036 = ( GEOMETRIC_REPRESENTATION_CONTEXT(2) 
PARAMETRIC_REPRESENTATION_CONTEXT() REPRESENTATION_CONTEXT('2D SPACE',''
  ) );
#10037 = PCURVE('',#5092,#10038);
#10038 = DEFINITIONAL_REPRESENTATION('',(#10039),#10042);
#10039 = B_SPLINE_CURVE_WITH_KNOTS('',1,(#10040,#10041),.UNSPECIFIED.,
  .F.,.F.,(2,2),(-11.60474041071,-5.831237718815),
  .PIECEWISE_BEZIER_KNOTS.);
#10040 = CARTESIAN_POINT('',(-6.2,17.435978129527));
#10041 = CARTESIAN_POINT('',(-6.2,11.66247543763));
#10042 = ( GEOMETRIC_REPRESENTATION_CONTEXT(2) 
PARAMETRIC_REPRESENTATION_CONTEXT() REPRESENTATION_CONTEXT('2D SPACE',''
  ) );
#10043 = ORIENTED_EDGE('',*,*,#9977,.F.);
#10044 = ADVANCED_FACE('',(#10045),#2957,.T.);
#10045 = FACE_BOUND('',#10046,.T.);
#10046 = EDGE_LOOP('',(#10047,#10048,#10071,#10092));
#10047 = ORIENTED_EDGE('',*,*,#2940,.T.);
#10048 = ORIENTED_EDGE('',*,*,#10049,.T.);
#10049 = EDGE_CURVE('',#2943,#10050,#10052,.T.);
#10050 = VERTEX_POINT('',#10051);
#10051 = CARTESIAN_POINT('',(-21.8,27.135462651912,40.));
#10052 = SURFACE_CURVE('',#10053,(#10057,#10064),.PCURVE_S1.);
#10053 = LINE('',#10054,#10055);
#10054 = CARTESIAN_POINT('',(-21.8,27.135462651912,36.5));
#10055 = VECTOR('',#10056,1.);
#10056 = DIRECTION('',(0.,0.,1.));
#10057 = PCURVE('',#2957,#10058);
#10058 = DEFINITIONAL_REPRESENTATION('',(#10059),#10063);
#10059 = LINE('',#10060,#10061);
#10060 = CARTESIAN_POINT('',(0.,0.));
#10061 = VECTOR('',#10062,1.);
#10062 = DIRECTION('',(0.,-1.));
#10063 = ( GEOMETRIC_REPRESENTATION_CONTEXT(2) 
PARAMETRIC_REPRESENTATION_CONTEXT() REPRESENTATION_CONTEXT('2D SPACE',''
  ) );
#10064 = PCURVE('',#2983,#10065);
#10065 = DEFINITIONAL_REPRESENTATION('',(#10066),#10070);
#10066 = LINE('',#10067,#10068);
#10067 = CARTESIAN_POINT('',(5.773502691896,0.));
#10068 = VECTOR('',#10069,1.);
#10069 = DIRECTION('',(0.,-1.));
#10070 = ( GEOMETRIC_REPRESENTATION_CONTEXT(2) 
PARAMETRIC_REPRESENTATION_CONTEXT() REPRESENTATION_CONTEXT('2D SPACE',''
  ) );
#10071 = ORIENTED_EDGE('',*,*,#10072,.F.);
#10072 = EDGE_CURVE('',#10073,#10050,#10075,.T.);
#10073 = VERTEX_POINT('',#10074);
#10074 = CARTESIAN_POINT('',(-21.8,21.361959960016,40.));
#10075 = SURFACE_CURVE('',#10076,(#10080,#10086),.PCURVE_S1.);
#10076 = LINE('',#10077,#10078);
#10077 = CARTESIAN_POINT('',(-21.8,13.567731325956,40.));
#10078 = VECTOR('',#10079,1.);
#10079 = DIRECTION('',(4.615110447321E-16,1.,-0.));
#10080 = PCURVE('',#2957,#10081);
#10081 = DEFINITIONAL_REPRESENTATION('',(#10082),#10085);
#10082 = B_SPLINE_CURVE_WITH_KNOTS('',1,(#10083,#10084),.UNSPECIFIED.,
  .F.,.F.,(2,2),(7.79422863406,13.567731325956),
  .PIECEWISE_BEZIER_KNOTS.);
#10083 = CARTESIAN_POINT('',(5.773502691896,-3.5));
#10084 = CARTESIAN_POINT('',(0.,-3.5));
#10085 = ( GEOMETRIC_REPRESENTATION_CONTEXT(2) 
PARAMETRIC_REPRESENTATION_CONTEXT() REPRESENTATION_CONTEXT('2D SPACE',''
  ) );
#10086 = PCURVE('',#5092,#10087);
#10087 = DEFINITIONAL_REPRESENTATION('',(#10088),#10091);
#10088 = B_SPLINE_CURVE_WITH_KNOTS('',1,(#10089,#10090),.UNSPECIFIED.,
  .F.,.F.,(2,2),(7.79422863406,13.567731325956),
  .PIECEWISE_BEZIER_KNOTS.);
#10089 = CARTESIAN_POINT('',(-21.8,21.361959960016));
#10090 = CARTESIAN_POINT('',(-21.8,27.135462651912));
#10091 = ( GEOMETRIC_REPRESENTATION_CONTEXT(2) 
PARAMETRIC_REPRESENTATION_CONTEXT() REPRESENTATION_CONTEXT('2D SPACE',''
  ) );
#10092 = ORIENTED_EDGE('',*,*,#10093,.F.);
#10093 = EDGE_CURVE('',#2941,#10073,#10094,.T.);
#10094 = SURFACE_CURVE('',#10095,(#10099,#10106),.PCURVE_S1.);
#10095 = LINE('',#10096,#10097);
#10096 = CARTESIAN_POINT('',(-21.8,21.361959960016,36.5));
#10097 = VECTOR('',#10098,1.);
#10098 = DIRECTION('',(0.,0.,1.));
#10099 = PCURVE('',#2957,#10100);
#10100 = DEFINITIONAL_REPRESENTATION('',(#10101),#10105);
#10101 = LINE('',#10102,#10103);
#10102 = CARTESIAN_POINT('',(5.773502691896,0.));
#10103 = VECTOR('',#10104,1.);
#10104 = DIRECTION('',(0.,-1.));
#10105 = ( GEOMETRIC_REPRESENTATION_CONTEXT(2) 
PARAMETRIC_REPRESENTATION_CONTEXT() REPRESENTATION_CONTEXT('2D SPACE',''
  ) );
#10106 = PCURVE('',#3085,#10107);
#10107 = DEFINITIONAL_REPRESENTATION('',(#10108),#10112);
#10108 = LINE('',#10109,#10110);
#10109 = CARTESIAN_POINT('',(0.,0.));
#10110 = VECTOR('',#10111,1.);
#10111 = DIRECTION('',(0.,-1.));
#10112 = ( GEOMETRIC_REPRESENTATION_CONTEXT(2) 
PARAMETRIC_REPRESENTATION_CONTEXT() REPRESENTATION_CONTEXT('2D SPACE',''
  ) );
#10113 = ADVANCED_FACE('',(#10114),#3085,.T.);
#10114 = FACE_BOUND('',#10115,.T.);
#10115 = EDGE_LOOP('',(#10116,#10117,#10118,#10139));
#10116 = ORIENTED_EDGE('',*,*,#3072,.T.);
#10117 = ORIENTED_EDGE('',*,*,#10093,.T.);
#10118 = ORIENTED_EDGE('',*,*,#10119,.F.);
#10119 = EDGE_CURVE('',#10120,#10073,#10122,.T.);
#10120 = VERTEX_POINT('',#10121);
#10121 = CARTESIAN_POINT('',(-16.8,18.475208614068,40.));
#10122 = SURFACE_CURVE('',#10123,(#10127,#10133),.PCURVE_S1.);
#10123 = LINE('',#10124,#10125);
#10124 = CARTESIAN_POINT('',(-9.,13.971876514389,40.));
#10125 = VECTOR('',#10126,1.);
#10126 = DIRECTION('',(-0.866025403784,0.5,0.));
#10127 = PCURVE('',#3085,#10128);
#10128 = DEFINITIONAL_REPRESENTATION('',(#10129),#10132);
#10129 = B_SPLINE_CURVE_WITH_KNOTS('',1,(#10130,#10131),.UNSPECIFIED.,
  .F.,.F.,(2,2),(9.006664199358,14.780166891254),
  .PIECEWISE_BEZIER_KNOTS.);
#10130 = CARTESIAN_POINT('',(5.773502691896,-3.5));
#10131 = CARTESIAN_POINT('',(0.,-3.5));
#10132 = ( GEOMETRIC_REPRESENTATION_CONTEXT(2) 
PARAMETRIC_REPRESENTATION_CONTEXT() REPRESENTATION_CONTEXT('2D SPACE',''
  ) );
#10133 = PCURVE('',#5092,#10134);
#10134 = DEFINITIONAL_REPRESENTATION('',(#10135),#10138);
#10135 = B_SPLINE_CURVE_WITH_KNOTS('',1,(#10136,#10137),.UNSPECIFIED.,
  .F.,.F.,(2,2),(9.006664199358,14.780166891254),
  .PIECEWISE_BEZIER_KNOTS.);
#10136 = CARTESIAN_POINT('',(-16.8,18.475208614068));
#10137 = CARTESIAN_POINT('',(-21.8,21.361959960016));
#10138 = ( GEOMETRIC_REPRESENTATION_CONTEXT(2) 
PARAMETRIC_REPRESENTATION_CONTEXT() REPRESENTATION_CONTEXT('2D SPACE',''
  ) );
#10139 = ORIENTED_EDGE('',*,*,#10140,.F.);
#10140 = EDGE_CURVE('',#3047,#10120,#10141,.T.);
#10141 = SURFACE_CURVE('',#10142,(#10146,#10153),.PCURVE_S1.);
#10142 = LINE('',#10143,#10144);
#10143 = CARTESIAN_POINT('',(-16.8,18.475208614068,36.5));
#10144 = VECTOR('',#10145,1.);
#10145 = DIRECTION('',(0.,0.,1.));
#10146 = PCURVE('',#3085,#10147);
#10147 = DEFINITIONAL_REPRESENTATION('',(#10148),#10152);
#10148 = LINE('',#10149,#10150);
#10149 = CARTESIAN_POINT('',(5.773502691896,0.));
#10150 = VECTOR('',#10151,1.);
#10151 = DIRECTION('',(0.,-1.));
#10152 = ( GEOMETRIC_REPRESENTATION_CONTEXT(2) 
PARAMETRIC_REPRESENTATION_CONTEXT() REPRESENTATION_CONTEXT('2D SPACE',''
  ) );
#10153 = PCURVE('',#3061,#10154);
#10154 = DEFINITIONAL_REPRESENTATION('',(#10155),#10159);
#10155 = LINE('',#10156,#10157);
#10156 = CARTESIAN_POINT('',(0.,0.));
#10157 = VECTOR('',#10158,1.);
#10158 = DIRECTION('',(0.,-1.));
#10159 = ( GEOMETRIC_REPRESENTATION_CONTEXT(2) 
PARAMETRIC_REPRESENTATION_CONTEXT() REPRESENTATION_CONTEXT('2D SPACE',''
  ) );
#10160 = ADVANCED_FACE('',(#10161),#2983,.T.);
#10161 = FACE_BOUND('',#10162,.T.);
#10162 = EDGE_LOOP('',(#10163,#10164,#10187,#10206));
#10163 = ORIENTED_EDGE('',*,*,#2968,.T.);
#10164 = ORIENTED_EDGE('',*,*,#10165,.T.);
#10165 = EDGE_CURVE('',#2969,#10166,#10168,.T.);
#10166 = VERTEX_POINT('',#10167);
#10167 = CARTESIAN_POINT('',(-16.8,30.022213997861,40.));
#10168 = SURFACE_CURVE('',#10169,(#10173,#10180),.PCURVE_S1.);
#10169 = LINE('',#10170,#10171);
#10170 = CARTESIAN_POINT('',(-16.8,30.022213997861,36.5));
#10171 = VECTOR('',#10172,1.);
#10172 = DIRECTION('',(0.,0.,1.));
#10173 = PCURVE('',#2983,#10174);
#10174 = DEFINITIONAL_REPRESENTATION('',(#10175),#10179);
#10175 = LINE('',#10176,#10177);
#10176 = CARTESIAN_POINT('',(0.,0.));
#10177 = VECTOR('',#10178,1.);
#10178 = DIRECTION('',(0.,-1.));
#10179 = ( GEOMETRIC_REPRESENTATION_CONTEXT(2) 
PARAMETRIC_REPRESENTATION_CONTEXT() REPRESENTATION_CONTEXT('2D SPACE',''
  ) );
#10180 = PCURVE('',#3009,#10181);
#10181 = DEFINITIONAL_REPRESENTATION('',(#10182),#10186);
#10182 = LINE('',#10183,#10184);
#10183 = CARTESIAN_POINT('',(5.773502691896,0.));
#10184 = VECTOR('',#10185,1.);
#10185 = DIRECTION('',(0.,-1.));
#10186 = ( GEOMETRIC_REPRESENTATION_CONTEXT(2) 
PARAMETRIC_REPRESENTATION_CONTEXT() REPRESENTATION_CONTEXT('2D SPACE',''
  ) );
#10187 = ORIENTED_EDGE('',*,*,#10188,.F.);
#10188 = EDGE_CURVE('',#10050,#10166,#10189,.T.);
#10189 = SURFACE_CURVE('',#10190,(#10194,#10200),.PCURVE_S1.);
#10190 = LINE('',#10191,#10192);
#10191 = CARTESIAN_POINT('',(-17.,29.906743944023,40.));
#10192 = VECTOR('',#10193,1.);
#10193 = DIRECTION('',(0.866025403784,0.5,-0.));
#10194 = PCURVE('',#2983,#10195);
#10195 = DEFINITIONAL_REPRESENTATION('',(#10196),#10199);
#10196 = B_SPLINE_CURVE_WITH_KNOTS('',1,(#10197,#10198),.UNSPECIFIED.,
  .F.,.F.,(2,2),(-5.54256258422,0.230940107676),
  .PIECEWISE_BEZIER_KNOTS.);
#10197 = CARTESIAN_POINT('',(5.773502691896,-3.5));
#10198 = CARTESIAN_POINT('',(0.,-3.5));
#10199 = ( GEOMETRIC_REPRESENTATION_CONTEXT(2) 
PARAMETRIC_REPRESENTATION_CONTEXT() REPRESENTATION_CONTEXT('2D SPACE',''
  ) );
#10200 = PCURVE('',#5092,#10201);
#10201 = DEFINITIONAL_REPRESENTATION('',(#10202),#10205);
#10202 = B_SPLINE_CURVE_WITH_KNOTS('',1,(#10203,#10204),.UNSPECIFIED.,
  .F.,.F.,(2,2),(-5.54256258422,0.230940107676),
  .PIECEWISE_BEZIER_KNOTS.);
#10203 = CARTESIAN_POINT('',(-21.8,27.135462651912));
#10204 = CARTESIAN_POINT('',(-16.8,30.022213997861));
#10205 = ( GEOMETRIC_REPRESENTATION_CONTEXT(2) 
PARAMETRIC_REPRESENTATION_CONTEXT() REPRESENTATION_CONTEXT('2D SPACE',''
  ) );
#10206 = ORIENTED_EDGE('',*,*,#10049,.F.);
#10207 = ADVANCED_FACE('',(#10208),#3061,.T.);
#10208 = FACE_BOUND('',#10209,.T.);
#10209 = EDGE_LOOP('',(#10210,#10211,#10212,#10233));
#10210 = ORIENTED_EDGE('',*,*,#3046,.T.);
#10211 = ORIENTED_EDGE('',*,*,#10140,.T.);
#10212 = ORIENTED_EDGE('',*,*,#10213,.F.);
#10213 = EDGE_CURVE('',#10214,#10120,#10216,.T.);
#10214 = VERTEX_POINT('',#10215);
#10215 = CARTESIAN_POINT('',(-11.8,21.361959960016,40.));
#10216 = SURFACE_CURVE('',#10217,(#10221,#10227),.PCURVE_S1.);
#10217 = LINE('',#10218,#10219);
#10218 = CARTESIAN_POINT('',(-14.5,19.803114233204,40.));
#10219 = VECTOR('',#10220,1.);
#10220 = DIRECTION('',(-0.866025403784,-0.5,0.));
#10221 = PCURVE('',#3061,#10222);
#10222 = DEFINITIONAL_REPRESENTATION('',(#10223),#10226);
#10223 = B_SPLINE_CURVE_WITH_KNOTS('',1,(#10224,#10225),.UNSPECIFIED.,
  .F.,.F.,(2,2),(-3.117691453624,2.655811238272),
  .PIECEWISE_BEZIER_KNOTS.);
#10224 = CARTESIAN_POINT('',(5.773502691896,-3.5));
#10225 = CARTESIAN_POINT('',(0.,-3.5));
#10226 = ( GEOMETRIC_REPRESENTATION_CONTEXT(2) 
PARAMETRIC_REPRESENTATION_CONTEXT() REPRESENTATION_CONTEXT('2D SPACE',''
  ) );
#10227 = PCURVE('',#5092,#10228);
#10228 = DEFINITIONAL_REPRESENTATION('',(#10229),#10232);
#10229 = B_SPLINE_CURVE_WITH_KNOTS('',1,(#10230,#10231),.UNSPECIFIED.,
  .F.,.F.,(2,2),(-3.117691453624,2.655811238272),
  .PIECEWISE_BEZIER_KNOTS.);
#10230 = CARTESIAN_POINT('',(-11.8,21.361959960016));
#10231 = CARTESIAN_POINT('',(-16.8,18.475208614068));
#10232 = ( GEOMETRIC_REPRESENTATION_CONTEXT(2) 
PARAMETRIC_REPRESENTATION_CONTEXT() REPRESENTATION_CONTEXT('2D SPACE',''
  ) );
#10233 = ORIENTED_EDGE('',*,*,#10234,.F.);
#10234 = EDGE_CURVE('',#3021,#10214,#10235,.T.);
#10235 = SURFACE_CURVE('',#10236,(#10240,#10247),.PCURVE_S1.);
#10236 = LINE('',#10237,#10238);
#10237 = CARTESIAN_POINT('',(-11.8,21.361959960016,36.5));
#10238 = VECTOR('',#10239,1.);
#10239 = DIRECTION('',(0.,0.,1.));
#10240 = PCURVE('',#3061,#10241);
#10241 = DEFINITIONAL_REPRESENTATION('',(#10242),#10246);
#10242 = LINE('',#10243,#10244);
#10243 = CARTESIAN_POINT('',(5.773502691896,0.));
#10244 = VECTOR('',#10245,1.);
#10245 = DIRECTION('',(0.,-1.));
#10246 = ( GEOMETRIC_REPRESENTATION_CONTEXT(2) 
PARAMETRIC_REPRESENTATION_CONTEXT() REPRESENTATION_CONTEXT('2D SPACE',''
  ) );
#10247 = PCURVE('',#3035,#10248);
#10248 = DEFINITIONAL_REPRESENTATION('',(#10249),#10253);
#10249 = LINE('',#10250,#10251);
#10250 = CARTESIAN_POINT('',(0.,0.));
#10251 = VECTOR('',#10252,1.);
#10252 = DIRECTION('',(0.,-1.));
#10253 = ( GEOMETRIC_REPRESENTATION_CONTEXT(2) 
PARAMETRIC_REPRESENTATION_CONTEXT() REPRESENTATION_CONTEXT('2D SPACE',''
  ) );
#10254 = ADVANCED_FACE('',(#10255),#3009,.T.);
#10255 = FACE_BOUND('',#10256,.T.);
#10256 = EDGE_LOOP('',(#10257,#10258,#10281,#10300));
#10257 = ORIENTED_EDGE('',*,*,#2994,.T.);
#10258 = ORIENTED_EDGE('',*,*,#10259,.T.);
#10259 = EDGE_CURVE('',#2995,#10260,#10262,.T.);
#10260 = VERTEX_POINT('',#10261);
#10261 = CARTESIAN_POINT('',(-11.8,27.135462651912,40.));
#10262 = SURFACE_CURVE('',#10263,(#10267,#10274),.PCURVE_S1.);
#10263 = LINE('',#10264,#10265);
#10264 = CARTESIAN_POINT('',(-11.8,27.135462651912,36.5));
#10265 = VECTOR('',#10266,1.);
#10266 = DIRECTION('',(0.,0.,1.));
#10267 = PCURVE('',#3009,#10268);
#10268 = DEFINITIONAL_REPRESENTATION('',(#10269),#10273);
#10269 = LINE('',#10270,#10271);
#10270 = CARTESIAN_POINT('',(0.,0.));
#10271 = VECTOR('',#10272,1.);
#10272 = DIRECTION('',(0.,-1.));
#10273 = ( GEOMETRIC_REPRESENTATION_CONTEXT(2) 
PARAMETRIC_REPRESENTATION_CONTEXT() REPRESENTATION_CONTEXT('2D SPACE',''
  ) );
#10274 = PCURVE('',#3035,#10275);
#10275 = DEFINITIONAL_REPRESENTATION('',(#10276),#10280);
#10276 = LINE('',#10277,#10278);
#10277 = CARTESIAN_POINT('',(5.773502691896,0.));
#10278 = VECTOR('',#10279,1.);
#10279 = DIRECTION('',(0.,-1.));
#10280 = ( GEOMETRIC_REPRESENTATION_CONTEXT(2) 
PARAMETRIC_REPRESENTATION_CONTEXT() REPRESENTATION_CONTEXT('2D SPACE',''
  ) );
#10281 = ORIENTED_EDGE('',*,*,#10282,.F.);
#10282 = EDGE_CURVE('',#10166,#10260,#10283,.T.);
#10283 = SURFACE_CURVE('',#10284,(#10288,#10294),.PCURVE_S1.);
#10284 = LINE('',#10285,#10286);
#10285 = CARTESIAN_POINT('',(-1.5,21.188754879259,40.));
#10286 = VECTOR('',#10287,1.);
#10287 = DIRECTION('',(0.866025403784,-0.5,0.));
#10288 = PCURVE('',#3009,#10289);
#10289 = DEFINITIONAL_REPRESENTATION('',(#10290),#10293);
#10290 = B_SPLINE_CURVE_WITH_KNOTS('',1,(#10291,#10292),.UNSPECIFIED.,
  .F.,.F.,(2,2),(-17.6669182372,-11.8934155453),
  .PIECEWISE_BEZIER_KNOTS.);
#10291 = CARTESIAN_POINT('',(5.773502691896,-3.5));
#10292 = CARTESIAN_POINT('',(0.,-3.5));
#10293 = ( GEOMETRIC_REPRESENTATION_CONTEXT(2) 
PARAMETRIC_REPRESENTATION_CONTEXT() REPRESENTATION_CONTEXT('2D SPACE',''
  ) );
#10294 = PCURVE('',#5092,#10295);
#10295 = DEFINITIONAL_REPRESENTATION('',(#10296),#10299);
#10296 = B_SPLINE_CURVE_WITH_KNOTS('',1,(#10297,#10298),.UNSPECIFIED.,
  .F.,.F.,(2,2),(-17.6669182372,-11.8934155453),
  .PIECEWISE_BEZIER_KNOTS.);
#10297 = CARTESIAN_POINT('',(-16.8,30.022213997861));
#10298 = CARTESIAN_POINT('',(-11.8,27.135462651912));
#10299 = ( GEOMETRIC_REPRESENTATION_CONTEXT(2) 
PARAMETRIC_REPRESENTATION_CONTEXT() REPRESENTATION_CONTEXT('2D SPACE',''
  ) );
#10300 = ORIENTED_EDGE('',*,*,#10165,.F.);
#10301 = ADVANCED_FACE('',(#10302),#3035,.T.);
#10302 = FACE_BOUND('',#10303,.T.);
#10303 = EDGE_LOOP('',(#10304,#10305,#10306,#10325));
#10304 = ORIENTED_EDGE('',*,*,#3020,.T.);
#10305 = ORIENTED_EDGE('',*,*,#10234,.T.);
#10306 = ORIENTED_EDGE('',*,*,#10307,.F.);
#10307 = EDGE_CURVE('',#10260,#10214,#10308,.T.);
#10308 = SURFACE_CURVE('',#10309,(#10313,#10319),.PCURVE_S1.);
#10309 = LINE('',#10310,#10311);
#10310 = CARTESIAN_POINT('',(-11.8,10.680979980008,40.));
#10311 = VECTOR('',#10312,1.);
#10312 = DIRECTION('',(-1.538370149107E-16,-1.,0.));
#10313 = PCURVE('',#3035,#10314);
#10314 = DEFINITIONAL_REPRESENTATION('',(#10315),#10318);
#10315 = B_SPLINE_CURVE_WITH_KNOTS('',1,(#10316,#10317),.UNSPECIFIED.,
  .F.,.F.,(2,2),(-16.4544826719,-10.68097998),.PIECEWISE_BEZIER_KNOTS.);
#10316 = CARTESIAN_POINT('',(5.773502691896,-3.5));
#10317 = CARTESIAN_POINT('',(0.,-3.5));
#10318 = ( GEOMETRIC_REPRESENTATION_CONTEXT(2) 
PARAMETRIC_REPRESENTATION_CONTEXT() REPRESENTATION_CONTEXT('2D SPACE',''
  ) );
#10319 = PCURVE('',#5092,#10320);
#10320 = DEFINITIONAL_REPRESENTATION('',(#10321),#10324);
#10321 = B_SPLINE_CURVE_WITH_KNOTS('',1,(#10322,#10323),.UNSPECIFIED.,
  .F.,.F.,(2,2),(-16.4544826719,-10.68097998),.PIECEWISE_BEZIER_KNOTS.);
#10322 = CARTESIAN_POINT('',(-11.8,27.135462651912));
#10323 = CARTESIAN_POINT('',(-11.8,21.361959960016));
#10324 = ( GEOMETRIC_REPRESENTATION_CONTEXT(2) 
PARAMETRIC_REPRESENTATION_CONTEXT() REPRESENTATION_CONTEXT('2D SPACE',''
  ) );
#10325 = ORIENTED_EDGE('',*,*,#10259,.F.);
#10326 = ADVANCED_FACE('',(#10327),#3115,.T.);
#10327 = FACE_BOUND('',#10328,.T.);
#10328 = EDGE_LOOP('',(#10329,#10330,#10353,#10374));
#10329 = ORIENTED_EDGE('',*,*,#3098,.T.);
#10330 = ORIENTED_EDGE('',*,*,#10331,.T.);
#10331 = EDGE_CURVE('',#3101,#10332,#10334,.T.);
#10332 = VERTEX_POINT('',#10333);
#10333 = CARTESIAN_POINT('',(-10.6,27.135462651912,40.));
#10334 = SURFACE_CURVE('',#10335,(#10339,#10346),.PCURVE_S1.);
#10335 = LINE('',#10336,#10337);
#10336 = CARTESIAN_POINT('',(-10.6,27.135462651912,36.5));
#10337 = VECTOR('',#10338,1.);
#10338 = DIRECTION('',(0.,0.,1.));
#10339 = PCURVE('',#3115,#10340);
#10340 = DEFINITIONAL_REPRESENTATION('',(#10341),#10345);
#10341 = LINE('',#10342,#10343);
#10342 = CARTESIAN_POINT('',(0.,0.));
#10343 = VECTOR('',#10344,1.);
#10344 = DIRECTION('',(0.,-1.));
#10345 = ( GEOMETRIC_REPRESENTATION_CONTEXT(2) 
PARAMETRIC_REPRESENTATION_CONTEXT() REPRESENTATION_CONTEXT('2D SPACE',''
  ) );
#10346 = PCURVE('',#3141,#10347);
#10347 = DEFINITIONAL_REPRESENTATION('',(#10348),#10352);
#10348 = LINE('',#10349,#10350);
#10349 = CARTESIAN_POINT('',(5.773502691896,0.));
#10350 = VECTOR('',#10351,1.);
#10351 = DIRECTION('',(0.,-1.));
#10352 = ( GEOMETRIC_REPRESENTATION_CONTEXT(2) 
PARAMETRIC_REPRESENTATION_CONTEXT() REPRESENTATION_CONTEXT('2D SPACE',''
  ) );
#10353 = ORIENTED_EDGE('',*,*,#10354,.F.);
#10354 = EDGE_CURVE('',#10355,#10332,#10357,.T.);
#10355 = VERTEX_POINT('',#10356);
#10356 = CARTESIAN_POINT('',(-10.6,21.361959960016,40.));
#10357 = SURFACE_CURVE('',#10358,(#10362,#10368),.PCURVE_S1.);
#10358 = LINE('',#10359,#10360);
#10359 = CARTESIAN_POINT('',(-10.6,13.567731325956,40.));
#10360 = VECTOR('',#10361,1.);
#10361 = DIRECTION('',(4.615110447321E-16,1.,-0.));
#10362 = PCURVE('',#3115,#10363);
#10363 = DEFINITIONAL_REPRESENTATION('',(#10364),#10367);
#10364 = B_SPLINE_CURVE_WITH_KNOTS('',1,(#10365,#10366),.UNSPECIFIED.,
  .F.,.F.,(2,2),(7.79422863406,13.567731325956),
  .PIECEWISE_BEZIER_KNOTS.);
#10365 = CARTESIAN_POINT('',(5.773502691896,-3.5));
#10366 = CARTESIAN_POINT('',(0.,-3.5));
#10367 = ( GEOMETRIC_REPRESENTATION_CONTEXT(2) 
PARAMETRIC_REPRESENTATION_CONTEXT() REPRESENTATION_CONTEXT('2D SPACE',''
  ) );
#10368 = PCURVE('',#5092,#10369);
#10369 = DEFINITIONAL_REPRESENTATION('',(#10370),#10373);
#10370 = B_SPLINE_CURVE_WITH_KNOTS('',1,(#10371,#10372),.UNSPECIFIED.,
  .F.,.F.,(2,2),(7.79422863406,13.567731325956),
  .PIECEWISE_BEZIER_KNOTS.);
#10371 = CARTESIAN_POINT('',(-10.6,21.361959960016));
#10372 = CARTESIAN_POINT('',(-10.6,27.135462651912));
#10373 = ( GEOMETRIC_REPRESENTATION_CONTEXT(2) 
PARAMETRIC_REPRESENTATION_CONTEXT() REPRESENTATION_CONTEXT('2D SPACE',''
  ) );
#10374 = ORIENTED_EDGE('',*,*,#10375,.F.);
#10375 = EDGE_CURVE('',#3099,#10355,#10376,.T.);
#10376 = SURFACE_CURVE('',#10377,(#10381,#10388),.PCURVE_S1.);
#10377 = LINE('',#10378,#10379);
#10378 = CARTESIAN_POINT('',(-10.6,21.361959960016,36.5));
#10379 = VECTOR('',#10380,1.);
#10380 = DIRECTION('',(0.,0.,1.));
#10381 = PCURVE('',#3115,#10382);
#10382 = DEFINITIONAL_REPRESENTATION('',(#10383),#10387);
#10383 = LINE('',#10384,#10385);
#10384 = CARTESIAN_POINT('',(5.773502691896,0.));
#10385 = VECTOR('',#10386,1.);
#10386 = DIRECTION('',(0.,-1.));
#10387 = ( GEOMETRIC_REPRESENTATION_CONTEXT(2) 
PARAMETRIC_REPRESENTATION_CONTEXT() REPRESENTATION_CONTEXT('2D SPACE',''
  ) );
#10388 = PCURVE('',#3243,#10389);
#10389 = DEFINITIONAL_REPRESENTATION('',(#10390),#10394);
#10390 = LINE('',#10391,#10392);
#10391 = CARTESIAN_POINT('',(0.,0.));
#10392 = VECTOR('',#10393,1.);
#10393 = DIRECTION('',(0.,-1.));
#10394 = ( GEOMETRIC_REPRESENTATION_CONTEXT(2) 
PARAMETRIC_REPRESENTATION_CONTEXT() REPRESENTATION_CONTEXT('2D SPACE',''
  ) );
#10395 = ADVANCED_FACE('',(#10396),#3243,.T.);
#10396 = FACE_BOUND('',#10397,.T.);
#10397 = EDGE_LOOP('',(#10398,#10399,#10400,#10421));
#10398 = ORIENTED_EDGE('',*,*,#3230,.T.);
#10399 = ORIENTED_EDGE('',*,*,#10375,.T.);
#10400 = ORIENTED_EDGE('',*,*,#10401,.F.);
#10401 = EDGE_CURVE('',#10402,#10355,#10404,.T.);
#10402 = VERTEX_POINT('',#10403);
#10403 = CARTESIAN_POINT('',(-5.6,18.475208614068,40.));
#10404 = SURFACE_CURVE('',#10405,(#10409,#10415),.PCURVE_S1.);
#10405 = LINE('',#10406,#10407);
#10406 = CARTESIAN_POINT('',(-2.,16.396747644985,40.));
#10407 = VECTOR('',#10408,1.);
#10408 = DIRECTION('',(-0.866025403784,0.5,0.));
#10409 = PCURVE('',#3243,#10410);
#10410 = DEFINITIONAL_REPRESENTATION('',(#10411),#10414);
#10411 = B_SPLINE_CURVE_WITH_KNOTS('',1,(#10412,#10413),.UNSPECIFIED.,
  .F.,.F.,(2,2),(4.156921938165,9.930424630062),
  .PIECEWISE_BEZIER_KNOTS.);
#10412 = CARTESIAN_POINT('',(5.773502691896,-3.5));
#10413 = CARTESIAN_POINT('',(0.,-3.5));
#10414 = ( GEOMETRIC_REPRESENTATION_CONTEXT(2) 
PARAMETRIC_REPRESENTATION_CONTEXT() REPRESENTATION_CONTEXT('2D SPACE',''
  ) );
#10415 = PCURVE('',#5092,#10416);
#10416 = DEFINITIONAL_REPRESENTATION('',(#10417),#10420);
#10417 = B_SPLINE_CURVE_WITH_KNOTS('',1,(#10418,#10419),.UNSPECIFIED.,
  .F.,.F.,(2,2),(4.156921938165,9.930424630062),
  .PIECEWISE_BEZIER_KNOTS.);
#10418 = CARTESIAN_POINT('',(-5.6,18.475208614068));
#10419 = CARTESIAN_POINT('',(-10.6,21.361959960016));
#10420 = ( GEOMETRIC_REPRESENTATION_CONTEXT(2) 
PARAMETRIC_REPRESENTATION_CONTEXT() REPRESENTATION_CONTEXT('2D SPACE',''
  ) );
#10421 = ORIENTED_EDGE('',*,*,#10422,.F.);
#10422 = EDGE_CURVE('',#3205,#10402,#10423,.T.);
#10423 = SURFACE_CURVE('',#10424,(#10428,#10435),.PCURVE_S1.);
#10424 = LINE('',#10425,#10426);
#10425 = CARTESIAN_POINT('',(-5.6,18.475208614068,36.5));
#10426 = VECTOR('',#10427,1.);
#10427 = DIRECTION('',(0.,0.,1.));
#10428 = PCURVE('',#3243,#10429);
#10429 = DEFINITIONAL_REPRESENTATION('',(#10430),#10434);
#10430 = LINE('',#10431,#10432);
#10431 = CARTESIAN_POINT('',(5.773502691896,0.));
#10432 = VECTOR('',#10433,1.);
#10433 = DIRECTION('',(0.,-1.));
#10434 = ( GEOMETRIC_REPRESENTATION_CONTEXT(2) 
PARAMETRIC_REPRESENTATION_CONTEXT() REPRESENTATION_CONTEXT('2D SPACE',''
  ) );
#10435 = PCURVE('',#3219,#10436);
#10436 = DEFINITIONAL_REPRESENTATION('',(#10437),#10441);
#10437 = LINE('',#10438,#10439);
#10438 = CARTESIAN_POINT('',(0.,0.));
#10439 = VECTOR('',#10440,1.);
#10440 = DIRECTION('',(0.,-1.));
#10441 = ( GEOMETRIC_REPRESENTATION_CONTEXT(2) 
PARAMETRIC_REPRESENTATION_CONTEXT() REPRESENTATION_CONTEXT('2D SPACE',''
  ) );
#10442 = ADVANCED_FACE('',(#10443),#3141,.T.);
#10443 = FACE_BOUND('',#10444,.T.);
#10444 = EDGE_LOOP('',(#10445,#10446,#10469,#10488));
#10445 = ORIENTED_EDGE('',*,*,#3126,.T.);
#10446 = ORIENTED_EDGE('',*,*,#10447,.T.);
#10447 = EDGE_CURVE('',#3127,#10448,#10450,.T.);
#10448 = VERTEX_POINT('',#10449);
#10449 = CARTESIAN_POINT('',(-5.6,30.022213997861,40.));
#10450 = SURFACE_CURVE('',#10451,(#10455,#10462),.PCURVE_S1.);
#10451 = LINE('',#10452,#10453);
#10452 = CARTESIAN_POINT('',(-5.6,30.022213997861,36.5));
#10453 = VECTOR('',#10454,1.);
#10454 = DIRECTION('',(0.,0.,1.));
#10455 = PCURVE('',#3141,#10456);
#10456 = DEFINITIONAL_REPRESENTATION('',(#10457),#10461);
#10457 = LINE('',#10458,#10459);
#10458 = CARTESIAN_POINT('',(0.,0.));
#10459 = VECTOR('',#10460,1.);
#10460 = DIRECTION('',(0.,-1.));
#10461 = ( GEOMETRIC_REPRESENTATION_CONTEXT(2) 
PARAMETRIC_REPRESENTATION_CONTEXT() REPRESENTATION_CONTEXT('2D SPACE',''
  ) );
#10462 = PCURVE('',#3167,#10463);
#10463 = DEFINITIONAL_REPRESENTATION('',(#10464),#10468);
#10464 = LINE('',#10465,#10466);
#10465 = CARTESIAN_POINT('',(5.773502691896,0.));
#10466 = VECTOR('',#10467,1.);
#10467 = DIRECTION('',(0.,-1.));
#10468 = ( GEOMETRIC_REPRESENTATION_CONTEXT(2) 
PARAMETRIC_REPRESENTATION_CONTEXT() REPRESENTATION_CONTEXT('2D SPACE',''
  ) );
#10469 = ORIENTED_EDGE('',*,*,#10470,.F.);
#10470 = EDGE_CURVE('',#10332,#10448,#10471,.T.);
#10471 = SURFACE_CURVE('',#10472,(#10476,#10482),.PCURVE_S1.);
#10472 = LINE('',#10473,#10474);
#10473 = CARTESIAN_POINT('',(-10.,27.481872813426,40.));
#10474 = VECTOR('',#10475,1.);
#10475 = DIRECTION('',(0.866025403784,0.5,-0.));
#10476 = PCURVE('',#3141,#10477);
#10477 = DEFINITIONAL_REPRESENTATION('',(#10478),#10481);
#10478 = B_SPLINE_CURVE_WITH_KNOTS('',1,(#10479,#10480),.UNSPECIFIED.,
  .F.,.F.,(2,2),(-0.692820323028,5.080682368869),
  .PIECEWISE_BEZIER_KNOTS.);
#10479 = CARTESIAN_POINT('',(5.773502691896,-3.5));
#10480 = CARTESIAN_POINT('',(0.,-3.5));
#10481 = ( GEOMETRIC_REPRESENTATION_CONTEXT(2) 
PARAMETRIC_REPRESENTATION_CONTEXT() REPRESENTATION_CONTEXT('2D SPACE',''
  ) );
#10482 = PCURVE('',#5092,#10483);
#10483 = DEFINITIONAL_REPRESENTATION('',(#10484),#10487);
#10484 = B_SPLINE_CURVE_WITH_KNOTS('',1,(#10485,#10486),.UNSPECIFIED.,
  .F.,.F.,(2,2),(-0.692820323028,5.080682368869),
  .PIECEWISE_BEZIER_KNOTS.);
#10485 = CARTESIAN_POINT('',(-10.6,27.135462651912));
#10486 = CARTESIAN_POINT('',(-5.6,30.022213997861));
#10487 = ( GEOMETRIC_REPRESENTATION_CONTEXT(2) 
PARAMETRIC_REPRESENTATION_CONTEXT() REPRESENTATION_CONTEXT('2D SPACE',''
  ) );
#10488 = ORIENTED_EDGE('',*,*,#10331,.F.);
#10489 = ADVANCED_FACE('',(#10490),#3219,.T.);
#10490 = FACE_BOUND('',#10491,.T.);
#10491 = EDGE_LOOP('',(#10492,#10493,#10494,#10515));
#10492 = ORIENTED_EDGE('',*,*,#3204,.T.);
#10493 = ORIENTED_EDGE('',*,*,#10422,.T.);
#10494 = ORIENTED_EDGE('',*,*,#10495,.F.);
#10495 = EDGE_CURVE('',#10496,#10402,#10498,.T.);
#10496 = VERTEX_POINT('',#10497);
#10497 = CARTESIAN_POINT('',(-0.6,21.361959960016,40.));
#10498 = SURFACE_CURVE('',#10499,(#10503,#10509),.PCURVE_S1.);
#10499 = LINE('',#10500,#10501);
#10500 = CARTESIAN_POINT('',(-7.5,17.378243102608,40.));
#10501 = VECTOR('',#10502,1.);
#10502 = DIRECTION('',(-0.866025403784,-0.5,0.));
#10503 = PCURVE('',#3219,#10504);
#10504 = DEFINITIONAL_REPRESENTATION('',(#10505),#10508);
#10505 = B_SPLINE_CURVE_WITH_KNOTS('',1,(#10506,#10507),.UNSPECIFIED.,
  .F.,.F.,(2,2),(-7.967433714817,-2.193931022921),
  .PIECEWISE_BEZIER_KNOTS.);
#10506 = CARTESIAN_POINT('',(5.773502691896,-3.5));
#10507 = CARTESIAN_POINT('',(0.,-3.5));
#10508 = ( GEOMETRIC_REPRESENTATION_CONTEXT(2) 
PARAMETRIC_REPRESENTATION_CONTEXT() REPRESENTATION_CONTEXT('2D SPACE',''
  ) );
#10509 = PCURVE('',#5092,#10510);
#10510 = DEFINITIONAL_REPRESENTATION('',(#10511),#10514);
#10511 = B_SPLINE_CURVE_WITH_KNOTS('',1,(#10512,#10513),.UNSPECIFIED.,
  .F.,.F.,(2,2),(-7.967433714817,-2.193931022921),
  .PIECEWISE_BEZIER_KNOTS.);
#10512 = CARTESIAN_POINT('',(-0.6,21.361959960016));
#10513 = CARTESIAN_POINT('',(-5.6,18.475208614068));
#10514 = ( GEOMETRIC_REPRESENTATION_CONTEXT(2) 
PARAMETRIC_REPRESENTATION_CONTEXT() REPRESENTATION_CONTEXT('2D SPACE',''
  ) );
#10515 = ORIENTED_EDGE('',*,*,#10516,.F.);
#10516 = EDGE_CURVE('',#3179,#10496,#10517,.T.);
#10517 = SURFACE_CURVE('',#10518,(#10522,#10529),.PCURVE_S1.);
#10518 = LINE('',#10519,#10520);
#10519 = CARTESIAN_POINT('',(-0.6,21.361959960016,36.5));
#10520 = VECTOR('',#10521,1.);
#10521 = DIRECTION('',(0.,0.,1.));
#10522 = PCURVE('',#3219,#10523);
#10523 = DEFINITIONAL_REPRESENTATION('',(#10524),#10528);
#10524 = LINE('',#10525,#10526);
#10525 = CARTESIAN_POINT('',(5.773502691896,0.));
#10526 = VECTOR('',#10527,1.);
#10527 = DIRECTION('',(0.,-1.));
#10528 = ( GEOMETRIC_REPRESENTATION_CONTEXT(2) 
PARAMETRIC_REPRESENTATION_CONTEXT() REPRESENTATION_CONTEXT('2D SPACE',''
  ) );
#10529 = PCURVE('',#3193,#10530);
#10530 = DEFINITIONAL_REPRESENTATION('',(#10531),#10535);
#10531 = LINE('',#10532,#10533);
#10532 = CARTESIAN_POINT('',(0.,0.));
#10533 = VECTOR('',#10534,1.);
#10534 = DIRECTION('',(0.,-1.));
#10535 = ( GEOMETRIC_REPRESENTATION_CONTEXT(2) 
PARAMETRIC_REPRESENTATION_CONTEXT() REPRESENTATION_CONTEXT('2D SPACE',''
  ) );
#10536 = ADVANCED_FACE('',(#10537),#3167,.T.);
#10537 = FACE_BOUND('',#10538,.T.);
#10538 = EDGE_LOOP('',(#10539,#10540,#10563,#10582));
#10539 = ORIENTED_EDGE('',*,*,#3152,.T.);
#10540 = ORIENTED_EDGE('',*,*,#10541,.T.);
#10541 = EDGE_CURVE('',#3153,#10542,#10544,.T.);
#10542 = VERTEX_POINT('',#10543);
#10543 = CARTESIAN_POINT('',(-0.6,27.135462651912,40.));
#10544 = SURFACE_CURVE('',#10545,(#10549,#10556),.PCURVE_S1.);
#10545 = LINE('',#10546,#10547);
#10546 = CARTESIAN_POINT('',(-0.6,27.135462651912,36.5));
#10547 = VECTOR('',#10548,1.);
#10548 = DIRECTION('',(0.,0.,1.));
#10549 = PCURVE('',#3167,#10550);
#10550 = DEFINITIONAL_REPRESENTATION('',(#10551),#10555);
#10551 = LINE('',#10552,#10553);
#10552 = CARTESIAN_POINT('',(0.,0.));
#10553 = VECTOR('',#10554,1.);
#10554 = DIRECTION('',(0.,-1.));
#10555 = ( GEOMETRIC_REPRESENTATION_CONTEXT(2) 
PARAMETRIC_REPRESENTATION_CONTEXT() REPRESENTATION_CONTEXT('2D SPACE',''
  ) );
#10556 = PCURVE('',#3193,#10557);
#10557 = DEFINITIONAL_REPRESENTATION('',(#10558),#10562);
#10558 = LINE('',#10559,#10560);
#10559 = CARTESIAN_POINT('',(5.773502691896,0.));
#10560 = VECTOR('',#10561,1.);
#10561 = DIRECTION('',(0.,-1.));
#10562 = ( GEOMETRIC_REPRESENTATION_CONTEXT(2) 
PARAMETRIC_REPRESENTATION_CONTEXT() REPRESENTATION_CONTEXT('2D SPACE',''
  ) );
#10563 = ORIENTED_EDGE('',*,*,#10564,.F.);
#10564 = EDGE_CURVE('',#10448,#10542,#10565,.T.);
#10565 = SURFACE_CURVE('',#10566,(#10570,#10576),.PCURVE_S1.);
#10566 = LINE('',#10567,#10568);
#10567 = CARTESIAN_POINT('',(5.5,23.613626009856,40.));
#10568 = VECTOR('',#10569,1.);
#10569 = DIRECTION('',(0.866025403784,-0.5,0.));
#10570 = PCURVE('',#3167,#10571);
#10571 = DEFINITIONAL_REPRESENTATION('',(#10572),#10575);
#10572 = B_SPLINE_CURVE_WITH_KNOTS('',1,(#10573,#10574),.UNSPECIFIED.,
  .F.,.F.,(2,2),(-12.81717597601,-7.043673284113),
  .PIECEWISE_BEZIER_KNOTS.);
#10573 = CARTESIAN_POINT('',(5.773502691896,-3.5));
#10574 = CARTESIAN_POINT('',(0.,-3.5));
#10575 = ( GEOMETRIC_REPRESENTATION_CONTEXT(2) 
PARAMETRIC_REPRESENTATION_CONTEXT() REPRESENTATION_CONTEXT('2D SPACE',''
  ) );
#10576 = PCURVE('',#5092,#10577);
#10577 = DEFINITIONAL_REPRESENTATION('',(#10578),#10581);
#10578 = B_SPLINE_CURVE_WITH_KNOTS('',1,(#10579,#10580),.UNSPECIFIED.,
  .F.,.F.,(2,2),(-12.81717597601,-7.043673284113),
  .PIECEWISE_BEZIER_KNOTS.);
#10579 = CARTESIAN_POINT('',(-5.6,30.022213997861));
#10580 = CARTESIAN_POINT('',(-0.6,27.135462651912));
#10581 = ( GEOMETRIC_REPRESENTATION_CONTEXT(2) 
PARAMETRIC_REPRESENTATION_CONTEXT() REPRESENTATION_CONTEXT('2D SPACE',''
  ) );
#10582 = ORIENTED_EDGE('',*,*,#10447,.F.);
#10583 = ADVANCED_FACE('',(#10584),#3193,.T.);
#10584 = FACE_BOUND('',#10585,.T.);
#10585 = EDGE_LOOP('',(#10586,#10587,#10588,#10607));
#10586 = ORIENTED_EDGE('',*,*,#3178,.T.);
#10587 = ORIENTED_EDGE('',*,*,#10516,.T.);
#10588 = ORIENTED_EDGE('',*,*,#10589,.F.);
#10589 = EDGE_CURVE('',#10542,#10496,#10590,.T.);
#10590 = SURFACE_CURVE('',#10591,(#10595,#10601),.PCURVE_S1.);
#10591 = LINE('',#10592,#10593);
#10592 = CARTESIAN_POINT('',(-0.6,10.680979980008,40.));
#10593 = VECTOR('',#10594,1.);
#10594 = DIRECTION('',(-1.538370149107E-16,-1.,0.));
#10595 = PCURVE('',#3193,#10596);
#10596 = DEFINITIONAL_REPRESENTATION('',(#10597),#10600);
#10597 = B_SPLINE_CURVE_WITH_KNOTS('',1,(#10598,#10599),.UNSPECIFIED.,
  .F.,.F.,(2,2),(-16.4544826719,-10.68097998),.PIECEWISE_BEZIER_KNOTS.);
#10598 = CARTESIAN_POINT('',(5.773502691896,-3.5));
#10599 = CARTESIAN_POINT('',(0.,-3.5));
#10600 = ( GEOMETRIC_REPRESENTATION_CONTEXT(2) 
PARAMETRIC_REPRESENTATION_CONTEXT() REPRESENTATION_CONTEXT('2D SPACE',''
  ) );
#10601 = PCURVE('',#5092,#10602);
#10602 = DEFINITIONAL_REPRESENTATION('',(#10603),#10606);
#10603 = B_SPLINE_CURVE_WITH_KNOTS('',1,(#10604,#10605),.UNSPECIFIED.,
  .F.,.F.,(2,2),(-16.4544826719,-10.68097998),.PIECEWISE_BEZIER_KNOTS.);
#10604 = CARTESIAN_POINT('',(-0.6,27.135462651912));
#10605 = CARTESIAN_POINT('',(-0.6,21.361959960016));
#10606 = ( GEOMETRIC_REPRESENTATION_CONTEXT(2) 
PARAMETRIC_REPRESENTATION_CONTEXT() REPRESENTATION_CONTEXT('2D SPACE',''
  ) );
#10607 = ORIENTED_EDGE('',*,*,#10541,.F.);
#10608 = ADVANCED_FACE('',(#10609),#3273,.T.);
#10609 = FACE_BOUND('',#10610,.T.);
#10610 = EDGE_LOOP('',(#10611,#10612,#10635,#10656));
#10611 = ORIENTED_EDGE('',*,*,#3256,.T.);
#10612 = ORIENTED_EDGE('',*,*,#10613,.T.);
#10613 = EDGE_CURVE('',#3259,#10614,#10616,.T.);
#10614 = VERTEX_POINT('',#10615);
#10615 = CARTESIAN_POINT('',(-16.2,36.834947174298,40.));
#10616 = SURFACE_CURVE('',#10617,(#10621,#10628),.PCURVE_S1.);
#10617 = LINE('',#10618,#10619);
#10618 = CARTESIAN_POINT('',(-16.2,36.834947174298,36.5));
#10619 = VECTOR('',#10620,1.);
#10620 = DIRECTION('',(0.,0.,1.));
#10621 = PCURVE('',#3273,#10622);
#10622 = DEFINITIONAL_REPRESENTATION('',(#10623),#10627);
#10623 = LINE('',#10624,#10625);
#10624 = CARTESIAN_POINT('',(0.,0.));
#10625 = VECTOR('',#10626,1.);
#10626 = DIRECTION('',(0.,-1.));
#10627 = ( GEOMETRIC_REPRESENTATION_CONTEXT(2) 
PARAMETRIC_REPRESENTATION_CONTEXT() REPRESENTATION_CONTEXT('2D SPACE',''
  ) );
#10628 = PCURVE('',#3299,#10629);
#10629 = DEFINITIONAL_REPRESENTATION('',(#10630),#10634);
#10630 = LINE('',#10631,#10632);
#10631 = CARTESIAN_POINT('',(5.773502691896,0.));
#10632 = VECTOR('',#10633,1.);
#10633 = DIRECTION('',(0.,-1.));
#10634 = ( GEOMETRIC_REPRESENTATION_CONTEXT(2) 
PARAMETRIC_REPRESENTATION_CONTEXT() REPRESENTATION_CONTEXT('2D SPACE',''
  ) );
#10635 = ORIENTED_EDGE('',*,*,#10636,.F.);
#10636 = EDGE_CURVE('',#10637,#10614,#10639,.T.);
#10637 = VERTEX_POINT('',#10638);
#10638 = CARTESIAN_POINT('',(-16.2,31.061444482402,40.));
#10639 = SURFACE_CURVE('',#10640,(#10644,#10650),.PCURVE_S1.);
#10640 = LINE('',#10641,#10642);
#10641 = CARTESIAN_POINT('',(-16.2,18.417473587149,40.));
#10642 = VECTOR('',#10643,1.);
#10643 = DIRECTION('',(4.615110447321E-16,1.,-0.));
#10644 = PCURVE('',#3273,#10645);
#10645 = DEFINITIONAL_REPRESENTATION('',(#10646),#10649);
#10646 = B_SPLINE_CURVE_WITH_KNOTS('',1,(#10647,#10648),.UNSPECIFIED.,
  .F.,.F.,(2,2),(12.643970895253,18.417473587149),
  .PIECEWISE_BEZIER_KNOTS.);
#10647 = CARTESIAN_POINT('',(5.773502691896,-3.5));
#10648 = CARTESIAN_POINT('',(0.,-3.5));
#10649 = ( GEOMETRIC_REPRESENTATION_CONTEXT(2) 
PARAMETRIC_REPRESENTATION_CONTEXT() REPRESENTATION_CONTEXT('2D SPACE',''
  ) );
#10650 = PCURVE('',#5092,#10651);
#10651 = DEFINITIONAL_REPRESENTATION('',(#10652),#10655);
#10652 = B_SPLINE_CURVE_WITH_KNOTS('',1,(#10653,#10654),.UNSPECIFIED.,
  .F.,.F.,(2,2),(12.643970895253,18.417473587149),
  .PIECEWISE_BEZIER_KNOTS.);
#10653 = CARTESIAN_POINT('',(-16.2,31.061444482402));
#10654 = CARTESIAN_POINT('',(-16.2,36.834947174298));
#10655 = ( GEOMETRIC_REPRESENTATION_CONTEXT(2) 
PARAMETRIC_REPRESENTATION_CONTEXT() REPRESENTATION_CONTEXT('2D SPACE',''
  ) );
#10656 = ORIENTED_EDGE('',*,*,#10657,.F.);
#10657 = EDGE_CURVE('',#3257,#10637,#10658,.T.);
#10658 = SURFACE_CURVE('',#10659,(#10663,#10670),.PCURVE_S1.);
#10659 = LINE('',#10660,#10661);
#10660 = CARTESIAN_POINT('',(-16.2,31.061444482402,36.5));
#10661 = VECTOR('',#10662,1.);
#10662 = DIRECTION('',(0.,0.,1.));
#10663 = PCURVE('',#3273,#10664);
#10664 = DEFINITIONAL_REPRESENTATION('',(#10665),#10669);
#10665 = LINE('',#10666,#10667);
#10666 = CARTESIAN_POINT('',(5.773502691896,0.));
#10667 = VECTOR('',#10668,1.);
#10668 = DIRECTION('',(0.,-1.));
#10669 = ( GEOMETRIC_REPRESENTATION_CONTEXT(2) 
PARAMETRIC_REPRESENTATION_CONTEXT() REPRESENTATION_CONTEXT('2D SPACE',''
  ) );
#10670 = PCURVE('',#3401,#10671);
#10671 = DEFINITIONAL_REPRESENTATION('',(#10672),#10676);
#10672 = LINE('',#10673,#10674);
#10673 = CARTESIAN_POINT('',(0.,0.));
#10674 = VECTOR('',#10675,1.);
#10675 = DIRECTION('',(0.,-1.));
#10676 = ( GEOMETRIC_REPRESENTATION_CONTEXT(2) 
PARAMETRIC_REPRESENTATION_CONTEXT() REPRESENTATION_CONTEXT('2D SPACE',''
  ) );
#10677 = ADVANCED_FACE('',(#10678),#3401,.T.);
#10678 = FACE_BOUND('',#10679,.T.);
#10679 = EDGE_LOOP('',(#10680,#10681,#10682,#10703));
#10680 = ORIENTED_EDGE('',*,*,#3388,.T.);
#10681 = ORIENTED_EDGE('',*,*,#10657,.T.);
#10682 = ORIENTED_EDGE('',*,*,#10683,.F.);
#10683 = EDGE_CURVE('',#10684,#10637,#10686,.T.);
#10684 = VERTEX_POINT('',#10685);
#10685 = CARTESIAN_POINT('',(-11.2,28.174693136454,40.));
#10686 = SURFACE_CURVE('',#10687,(#10691,#10697),.PCURVE_S1.);
#10687 = LINE('',#10688,#10689);
#10688 = CARTESIAN_POINT('',(-3.4,23.671361036775,40.));
#10689 = VECTOR('',#10690,1.);
#10690 = DIRECTION('',(-0.866025403784,0.5,0.));
#10691 = PCURVE('',#3401,#10692);
#10692 = DEFINITIONAL_REPRESENTATION('',(#10693),#10696);
#10693 = B_SPLINE_CURVE_WITH_KNOTS('',1,(#10694,#10695),.UNSPECIFIED.,
  .F.,.F.,(2,2),(9.006664199358,14.780166891254),
  .PIECEWISE_BEZIER_KNOTS.);
#10694 = CARTESIAN_POINT('',(5.773502691896,-3.5));
#10695 = CARTESIAN_POINT('',(0.,-3.5));
#10696 = ( GEOMETRIC_REPRESENTATION_CONTEXT(2) 
PARAMETRIC_REPRESENTATION_CONTEXT() REPRESENTATION_CONTEXT('2D SPACE',''
  ) );
#10697 = PCURVE('',#5092,#10698);
#10698 = DEFINITIONAL_REPRESENTATION('',(#10699),#10702);
#10699 = B_SPLINE_CURVE_WITH_KNOTS('',1,(#10700,#10701),.UNSPECIFIED.,
  .F.,.F.,(2,2),(9.006664199358,14.780166891254),
  .PIECEWISE_BEZIER_KNOTS.);
#10700 = CARTESIAN_POINT('',(-11.2,28.174693136454));
#10701 = CARTESIAN_POINT('',(-16.2,31.061444482402));
#10702 = ( GEOMETRIC_REPRESENTATION_CONTEXT(2) 
PARAMETRIC_REPRESENTATION_CONTEXT() REPRESENTATION_CONTEXT('2D SPACE',''
  ) );
#10703 = ORIENTED_EDGE('',*,*,#10704,.F.);
#10704 = EDGE_CURVE('',#3363,#10684,#10705,.T.);
#10705 = SURFACE_CURVE('',#10706,(#10710,#10717),.PCURVE_S1.);
#10706 = LINE('',#10707,#10708);
#10707 = CARTESIAN_POINT('',(-11.2,28.174693136454,36.5));
#10708 = VECTOR('',#10709,1.);
#10709 = DIRECTION('',(0.,0.,1.));
#10710 = PCURVE('',#3401,#10711);
#10711 = DEFINITIONAL_REPRESENTATION('',(#10712),#10716);
#10712 = LINE('',#10713,#10714);
#10713 = CARTESIAN_POINT('',(5.773502691896,0.));
#10714 = VECTOR('',#10715,1.);
#10715 = DIRECTION('',(0.,-1.));
#10716 = ( GEOMETRIC_REPRESENTATION_CONTEXT(2) 
PARAMETRIC_REPRESENTATION_CONTEXT() REPRESENTATION_CONTEXT('2D SPACE',''
  ) );
#10717 = PCURVE('',#3377,#10718);
#10718 = DEFINITIONAL_REPRESENTATION('',(#10719),#10723);
#10719 = LINE('',#10720,#10721);
#10720 = CARTESIAN_POINT('',(0.,0.));
#10721 = VECTOR('',#10722,1.);
#10722 = DIRECTION('',(0.,-1.));
#10723 = ( GEOMETRIC_REPRESENTATION_CONTEXT(2) 
PARAMETRIC_REPRESENTATION_CONTEXT() REPRESENTATION_CONTEXT('2D SPACE',''
  ) );
#10724 = ADVANCED_FACE('',(#10725),#3299,.T.);
#10725 = FACE_BOUND('',#10726,.T.);
#10726 = EDGE_LOOP('',(#10727,#10728,#10751,#10770));
#10727 = ORIENTED_EDGE('',*,*,#3284,.T.);
#10728 = ORIENTED_EDGE('',*,*,#10729,.T.);
#10729 = EDGE_CURVE('',#3285,#10730,#10732,.T.);
#10730 = VERTEX_POINT('',#10731);
#10731 = CARTESIAN_POINT('',(-11.2,39.721698520246,40.));
#10732 = SURFACE_CURVE('',#10733,(#10737,#10744),.PCURVE_S1.);
#10733 = LINE('',#10734,#10735);
#10734 = CARTESIAN_POINT('',(-11.2,39.721698520246,36.5));
#10735 = VECTOR('',#10736,1.);
#10736 = DIRECTION('',(0.,0.,1.));
#10737 = PCURVE('',#3299,#10738);
#10738 = DEFINITIONAL_REPRESENTATION('',(#10739),#10743);
#10739 = LINE('',#10740,#10741);
#10740 = CARTESIAN_POINT('',(0.,0.));
#10741 = VECTOR('',#10742,1.);
#10742 = DIRECTION('',(0.,-1.));
#10743 = ( GEOMETRIC_REPRESENTATION_CONTEXT(2) 
PARAMETRIC_REPRESENTATION_CONTEXT() REPRESENTATION_CONTEXT('2D SPACE',''
  ) );
#10744 = PCURVE('',#3325,#10745);
#10745 = DEFINITIONAL_REPRESENTATION('',(#10746),#10750);
#10746 = LINE('',#10747,#10748);
#10747 = CARTESIAN_POINT('',(5.773502691896,0.));
#10748 = VECTOR('',#10749,1.);
#10749 = DIRECTION('',(0.,-1.));
#10750 = ( GEOMETRIC_REPRESENTATION_CONTEXT(2) 
PARAMETRIC_REPRESENTATION_CONTEXT() REPRESENTATION_CONTEXT('2D SPACE',''
  ) );
#10751 = ORIENTED_EDGE('',*,*,#10752,.F.);
#10752 = EDGE_CURVE('',#10614,#10730,#10753,.T.);
#10753 = SURFACE_CURVE('',#10754,(#10758,#10764),.PCURVE_S1.);
#10754 = LINE('',#10755,#10756);
#10755 = CARTESIAN_POINT('',(-15.6,37.181357335812,40.));
#10756 = VECTOR('',#10757,1.);
#10757 = DIRECTION('',(0.866025403784,0.5,-0.));
#10758 = PCURVE('',#3299,#10759);
#10759 = DEFINITIONAL_REPRESENTATION('',(#10760),#10763);
#10760 = B_SPLINE_CURVE_WITH_KNOTS('',1,(#10761,#10762),.UNSPECIFIED.,
  .F.,.F.,(2,2),(-0.692820323028,5.080682368869),
  .PIECEWISE_BEZIER_KNOTS.);
#10761 = CARTESIAN_POINT('',(5.773502691896,-3.5));
#10762 = CARTESIAN_POINT('',(0.,-3.5));
#10763 = ( GEOMETRIC_REPRESENTATION_CONTEXT(2) 
PARAMETRIC_REPRESENTATION_CONTEXT() REPRESENTATION_CONTEXT('2D SPACE',''
  ) );
#10764 = PCURVE('',#5092,#10765);
#10765 = DEFINITIONAL_REPRESENTATION('',(#10766),#10769);
#10766 = B_SPLINE_CURVE_WITH_KNOTS('',1,(#10767,#10768),.UNSPECIFIED.,
  .F.,.F.,(2,2),(-0.692820323028,5.080682368869),
  .PIECEWISE_BEZIER_KNOTS.);
#10767 = CARTESIAN_POINT('',(-16.2,36.834947174298));
#10768 = CARTESIAN_POINT('',(-11.2,39.721698520246));
#10769 = ( GEOMETRIC_REPRESENTATION_CONTEXT(2) 
PARAMETRIC_REPRESENTATION_CONTEXT() REPRESENTATION_CONTEXT('2D SPACE',''
  ) );
#10770 = ORIENTED_EDGE('',*,*,#10613,.F.);
#10771 = ADVANCED_FACE('',(#10772),#3377,.T.);
#10772 = FACE_BOUND('',#10773,.T.);
#10773 = EDGE_LOOP('',(#10774,#10775,#10776,#10797));
#10774 = ORIENTED_EDGE('',*,*,#3362,.T.);
#10775 = ORIENTED_EDGE('',*,*,#10704,.T.);
#10776 = ORIENTED_EDGE('',*,*,#10777,.F.);
#10777 = EDGE_CURVE('',#10778,#10684,#10780,.T.);
#10778 = VERTEX_POINT('',#10779);
#10779 = CARTESIAN_POINT('',(-6.2,31.061444482402,40.));
#10780 = SURFACE_CURVE('',#10781,(#10785,#10791),.PCURVE_S1.);
#10781 = LINE('',#10782,#10783);
#10782 = CARTESIAN_POINT('',(-13.1,27.077727624993,40.));
#10783 = VECTOR('',#10784,1.);
#10784 = DIRECTION('',(-0.866025403784,-0.5,0.));
#10785 = PCURVE('',#3377,#10786);
#10786 = DEFINITIONAL_REPRESENTATION('',(#10787),#10790);
#10787 = B_SPLINE_CURVE_WITH_KNOTS('',1,(#10788,#10789),.UNSPECIFIED.,
  .F.,.F.,(2,2),(-7.967433714817,-2.193931022921),
  .PIECEWISE_BEZIER_KNOTS.);
#10788 = CARTESIAN_POINT('',(5.773502691896,-3.5));
#10789 = CARTESIAN_POINT('',(0.,-3.5));
#10790 = ( GEOMETRIC_REPRESENTATION_CONTEXT(2) 
PARAMETRIC_REPRESENTATION_CONTEXT() REPRESENTATION_CONTEXT('2D SPACE',''
  ) );
#10791 = PCURVE('',#5092,#10792);
#10792 = DEFINITIONAL_REPRESENTATION('',(#10793),#10796);
#10793 = B_SPLINE_CURVE_WITH_KNOTS('',1,(#10794,#10795),.UNSPECIFIED.,
  .F.,.F.,(2,2),(-7.967433714817,-2.193931022921),
  .PIECEWISE_BEZIER_KNOTS.);
#10794 = CARTESIAN_POINT('',(-6.2,31.061444482402));
#10795 = CARTESIAN_POINT('',(-11.2,28.174693136454));
#10796 = ( GEOMETRIC_REPRESENTATION_CONTEXT(2) 
PARAMETRIC_REPRESENTATION_CONTEXT() REPRESENTATION_CONTEXT('2D SPACE',''
  ) );
#10797 = ORIENTED_EDGE('',*,*,#10798,.F.);
#10798 = EDGE_CURVE('',#3337,#10778,#10799,.T.);
#10799 = SURFACE_CURVE('',#10800,(#10804,#10811),.PCURVE_S1.);
#10800 = LINE('',#10801,#10802);
#10801 = CARTESIAN_POINT('',(-6.2,31.061444482402,36.5));
#10802 = VECTOR('',#10803,1.);
#10803 = DIRECTION('',(0.,0.,1.));
#10804 = PCURVE('',#3377,#10805);
#10805 = DEFINITIONAL_REPRESENTATION('',(#10806),#10810);
#10806 = LINE('',#10807,#10808);
#10807 = CARTESIAN_POINT('',(5.773502691896,0.));
#10808 = VECTOR('',#10809,1.);
#10809 = DIRECTION('',(0.,-1.));
#10810 = ( GEOMETRIC_REPRESENTATION_CONTEXT(2) 
PARAMETRIC_REPRESENTATION_CONTEXT() REPRESENTATION_CONTEXT('2D SPACE',''
  ) );
#10811 = PCURVE('',#3351,#10812);
#10812 = DEFINITIONAL_REPRESENTATION('',(#10813),#10817);
#10813 = LINE('',#10814,#10815);
#10814 = CARTESIAN_POINT('',(0.,0.));
#10815 = VECTOR('',#10816,1.);
#10816 = DIRECTION('',(0.,-1.));
#10817 = ( GEOMETRIC_REPRESENTATION_CONTEXT(2) 
PARAMETRIC_REPRESENTATION_CONTEXT() REPRESENTATION_CONTEXT('2D SPACE',''
  ) );
#10818 = ADVANCED_FACE('',(#10819),#3325,.T.);
#10819 = FACE_BOUND('',#10820,.T.);
#10820 = EDGE_LOOP('',(#10821,#10822,#10845,#10864));
#10821 = ORIENTED_EDGE('',*,*,#3310,.T.);
#10822 = ORIENTED_EDGE('',*,*,#10823,.T.);
#10823 = EDGE_CURVE('',#3311,#10824,#10826,.T.);
#10824 = VERTEX_POINT('',#10825);
#10825 = CARTESIAN_POINT('',(-6.2,36.834947174298,40.));
#10826 = SURFACE_CURVE('',#10827,(#10831,#10838),.PCURVE_S1.);
#10827 = LINE('',#10828,#10829);
#10828 = CARTESIAN_POINT('',(-6.2,36.834947174298,36.5));
#10829 = VECTOR('',#10830,1.);
#10830 = DIRECTION('',(0.,0.,1.));
#10831 = PCURVE('',#3325,#10832);
#10832 = DEFINITIONAL_REPRESENTATION('',(#10833),#10837);
#10833 = LINE('',#10834,#10835);
#10834 = CARTESIAN_POINT('',(0.,0.));
#10835 = VECTOR('',#10836,1.);
#10836 = DIRECTION('',(0.,-1.));
#10837 = ( GEOMETRIC_REPRESENTATION_CONTEXT(2) 
PARAMETRIC_REPRESENTATION_CONTEXT() REPRESENTATION_CONTEXT('2D SPACE',''
  ) );
#10838 = PCURVE('',#3351,#10839);
#10839 = DEFINITIONAL_REPRESENTATION('',(#10840),#10844);
#10840 = LINE('',#10841,#10842);
#10841 = CARTESIAN_POINT('',(5.773502691896,0.));
#10842 = VECTOR('',#10843,1.);
#10843 = DIRECTION('',(0.,-1.));
#10844 = ( GEOMETRIC_REPRESENTATION_CONTEXT(2) 
PARAMETRIC_REPRESENTATION_CONTEXT() REPRESENTATION_CONTEXT('2D SPACE',''
  ) );
#10845 = ORIENTED_EDGE('',*,*,#10846,.F.);
#10846 = EDGE_CURVE('',#10730,#10824,#10847,.T.);
#10847 = SURFACE_CURVE('',#10848,(#10852,#10858),.PCURVE_S1.);
#10848 = LINE('',#10849,#10850);
#10849 = CARTESIAN_POINT('',(4.1,30.888239401645,40.));
#10850 = VECTOR('',#10851,1.);
#10851 = DIRECTION('',(0.866025403784,-0.5,0.));
#10852 = PCURVE('',#3325,#10853);
#10853 = DEFINITIONAL_REPRESENTATION('',(#10854),#10857);
#10854 = B_SPLINE_CURVE_WITH_KNOTS('',1,(#10855,#10856),.UNSPECIFIED.,
  .F.,.F.,(2,2),(-17.6669182372,-11.8934155453),
  .PIECEWISE_BEZIER_KNOTS.);
#10855 = CARTESIAN_POINT('',(5.773502691896,-3.5));
#10856 = CARTESIAN_POINT('',(0.,-3.5));
#10857 = ( GEOMETRIC_REPRESENTATION_CONTEXT(2) 
PARAMETRIC_REPRESENTATION_CONTEXT() REPRESENTATION_CONTEXT('2D SPACE',''
  ) );
#10858 = PCURVE('',#5092,#10859);
#10859 = DEFINITIONAL_REPRESENTATION('',(#10860),#10863);
#10860 = B_SPLINE_CURVE_WITH_KNOTS('',1,(#10861,#10862),.UNSPECIFIED.,
  .F.,.F.,(2,2),(-17.6669182372,-11.8934155453),
  .PIECEWISE_BEZIER_KNOTS.);
#10861 = CARTESIAN_POINT('',(-11.2,39.721698520246));
#10862 = CARTESIAN_POINT('',(-6.2,36.834947174298));
#10863 = ( GEOMETRIC_REPRESENTATION_CONTEXT(2) 
PARAMETRIC_REPRESENTATION_CONTEXT() REPRESENTATION_CONTEXT('2D SPACE',''
  ) );
#10864 = ORIENTED_EDGE('',*,*,#10729,.F.);
#10865 = ADVANCED_FACE('',(#10866),#3351,.T.);
#10866 = FACE_BOUND('',#10867,.T.);
#10867 = EDGE_LOOP('',(#10868,#10869,#10870,#10889));
#10868 = ORIENTED_EDGE('',*,*,#3336,.T.);
#10869 = ORIENTED_EDGE('',*,*,#10798,.T.);
#10870 = ORIENTED_EDGE('',*,*,#10871,.F.);
#10871 = EDGE_CURVE('',#10824,#10778,#10872,.T.);
#10872 = SURFACE_CURVE('',#10873,(#10877,#10883),.PCURVE_S1.);
#10873 = LINE('',#10874,#10875);
#10874 = CARTESIAN_POINT('',(-6.2,15.530722241201,40.));
#10875 = VECTOR('',#10876,1.);
#10876 = DIRECTION('',(-1.538370149107E-16,-1.,0.));
#10877 = PCURVE('',#3351,#10878);
#10878 = DEFINITIONAL_REPRESENTATION('',(#10879),#10882);
#10879 = B_SPLINE_CURVE_WITH_KNOTS('',1,(#10880,#10881),.UNSPECIFIED.,
  .F.,.F.,(2,2),(-21.30422493309,-15.5307222412),
  .PIECEWISE_BEZIER_KNOTS.);
#10880 = CARTESIAN_POINT('',(5.773502691896,-3.5));
#10881 = CARTESIAN_POINT('',(0.,-3.5));
#10882 = ( GEOMETRIC_REPRESENTATION_CONTEXT(2) 
PARAMETRIC_REPRESENTATION_CONTEXT() REPRESENTATION_CONTEXT('2D SPACE',''
  ) );
#10883 = PCURVE('',#5092,#10884);
#10884 = DEFINITIONAL_REPRESENTATION('',(#10885),#10888);
#10885 = B_SPLINE_CURVE_WITH_KNOTS('',1,(#10886,#10887),.UNSPECIFIED.,
  .F.,.F.,(2,2),(-21.30422493309,-15.5307222412),
  .PIECEWISE_BEZIER_KNOTS.);
#10886 = CARTESIAN_POINT('',(-6.2,36.834947174298));
#10887 = CARTESIAN_POINT('',(-6.2,31.061444482402));
#10888 = ( GEOMETRIC_REPRESENTATION_CONTEXT(2) 
PARAMETRIC_REPRESENTATION_CONTEXT() REPRESENTATION_CONTEXT('2D SPACE',''
  ) );
#10889 = ORIENTED_EDGE('',*,*,#10823,.F.);
#10890 = ADVANCED_FACE('',(#10891),#3431,.T.);
#10891 = FACE_BOUND('',#10892,.T.);
#10892 = EDGE_LOOP('',(#10893,#10894,#10917,#10938));
#10893 = ORIENTED_EDGE('',*,*,#3414,.T.);
#10894 = ORIENTED_EDGE('',*,*,#10895,.T.);
#10895 = EDGE_CURVE('',#3417,#10896,#10898,.T.);
#10896 = VERTEX_POINT('',#10897);
#10897 = CARTESIAN_POINT('',(0.6,7.736493607141,40.));
#10898 = SURFACE_CURVE('',#10899,(#10903,#10910),.PCURVE_S1.);
#10899 = LINE('',#10900,#10901);
#10900 = CARTESIAN_POINT('',(0.6,7.736493607141,36.5));
#10901 = VECTOR('',#10902,1.);
#10902 = DIRECTION('',(0.,0.,1.));
#10903 = PCURVE('',#3431,#10904);
#10904 = DEFINITIONAL_REPRESENTATION('',(#10905),#10909);
#10905 = LINE('',#10906,#10907);
#10906 = CARTESIAN_POINT('',(0.,0.));
#10907 = VECTOR('',#10908,1.);
#10908 = DIRECTION('',(0.,-1.));
#10909 = ( GEOMETRIC_REPRESENTATION_CONTEXT(2) 
PARAMETRIC_REPRESENTATION_CONTEXT() REPRESENTATION_CONTEXT('2D SPACE',''
  ) );
#10910 = PCURVE('',#3457,#10911);
#10911 = DEFINITIONAL_REPRESENTATION('',(#10912),#10916);
#10912 = LINE('',#10913,#10914);
#10913 = CARTESIAN_POINT('',(5.773502691896,0.));
#10914 = VECTOR('',#10915,1.);
#10915 = DIRECTION('',(0.,-1.));
#10916 = ( GEOMETRIC_REPRESENTATION_CONTEXT(2) 
PARAMETRIC_REPRESENTATION_CONTEXT() REPRESENTATION_CONTEXT('2D SPACE',''
  ) );
#10917 = ORIENTED_EDGE('',*,*,#10918,.F.);
#10918 = EDGE_CURVE('',#10919,#10896,#10921,.T.);
#10919 = VERTEX_POINT('',#10920);
#10920 = CARTESIAN_POINT('',(0.6,1.962990915245,40.));
#10921 = SURFACE_CURVE('',#10922,(#10926,#10932),.PCURVE_S1.);
#10922 = LINE('',#10923,#10924);
#10923 = CARTESIAN_POINT('',(0.6,3.86824680357,40.));
#10924 = VECTOR('',#10925,1.);
#10925 = DIRECTION('',(4.615110447321E-16,1.,-0.));
#10926 = PCURVE('',#3431,#10927);
#10927 = DEFINITIONAL_REPRESENTATION('',(#10928),#10931);
#10928 = B_SPLINE_CURVE_WITH_KNOTS('',1,(#10929,#10930),.UNSPECIFIED.,
  .F.,.F.,(2,2),(-1.905255888326,3.86824680357),
  .PIECEWISE_BEZIER_KNOTS.);
#10929 = CARTESIAN_POINT('',(5.773502691896,-3.5));
#10930 = CARTESIAN_POINT('',(0.,-3.5));
#10931 = ( GEOMETRIC_REPRESENTATION_CONTEXT(2) 
PARAMETRIC_REPRESENTATION_CONTEXT() REPRESENTATION_CONTEXT('2D SPACE',''
  ) );
#10932 = PCURVE('',#5092,#10933);
#10933 = DEFINITIONAL_REPRESENTATION('',(#10934),#10937);
#10934 = B_SPLINE_CURVE_WITH_KNOTS('',1,(#10935,#10936),.UNSPECIFIED.,
  .F.,.F.,(2,2),(-1.905255888326,3.86824680357),
  .PIECEWISE_BEZIER_KNOTS.);
#10935 = CARTESIAN_POINT('',(0.6,1.962990915245));
#10936 = CARTESIAN_POINT('',(0.6,7.736493607141));
#10937 = ( GEOMETRIC_REPRESENTATION_CONTEXT(2) 
PARAMETRIC_REPRESENTATION_CONTEXT() REPRESENTATION_CONTEXT('2D SPACE',''
  ) );
#10938 = ORIENTED_EDGE('',*,*,#10939,.F.);
#10939 = EDGE_CURVE('',#3415,#10919,#10940,.T.);
#10940 = SURFACE_CURVE('',#10941,(#10945,#10952),.PCURVE_S1.);
#10941 = LINE('',#10942,#10943);
#10942 = CARTESIAN_POINT('',(0.6,1.962990915245,36.5));
#10943 = VECTOR('',#10944,1.);
#10944 = DIRECTION('',(0.,0.,1.));
#10945 = PCURVE('',#3431,#10946);
#10946 = DEFINITIONAL_REPRESENTATION('',(#10947),#10951);
#10947 = LINE('',#10948,#10949);
#10948 = CARTESIAN_POINT('',(5.773502691896,0.));
#10949 = VECTOR('',#10950,1.);
#10950 = DIRECTION('',(0.,-1.));
#10951 = ( GEOMETRIC_REPRESENTATION_CONTEXT(2) 
PARAMETRIC_REPRESENTATION_CONTEXT() REPRESENTATION_CONTEXT('2D SPACE',''
  ) );
#10952 = PCURVE('',#3559,#10953);
#10953 = DEFINITIONAL_REPRESENTATION('',(#10954),#10958);
#10954 = LINE('',#10955,#10956);
#10955 = CARTESIAN_POINT('',(0.,0.));
#10956 = VECTOR('',#10957,1.);
#10957 = DIRECTION('',(0.,-1.));
#10958 = ( GEOMETRIC_REPRESENTATION_CONTEXT(2) 
PARAMETRIC_REPRESENTATION_CONTEXT() REPRESENTATION_CONTEXT('2D SPACE',''
  ) );
#10959 = ADVANCED_FACE('',(#10960),#3559,.T.);
#10960 = FACE_BOUND('',#10961,.T.);
#10961 = EDGE_LOOP('',(#10962,#10963,#10964,#10985));
#10962 = ORIENTED_EDGE('',*,*,#3546,.T.);
#10963 = ORIENTED_EDGE('',*,*,#10939,.T.);
#10964 = ORIENTED_EDGE('',*,*,#10965,.F.);
#10965 = EDGE_CURVE('',#10966,#10919,#10968,.T.);
#10966 = VERTEX_POINT('',#10967);
#10967 = CARTESIAN_POINT('',(5.6,-0.923760430703,40.));
#10968 = SURFACE_CURVE('',#10969,(#10973,#10979),.PCURVE_S1.);
#10969 = LINE('',#10970,#10971);
#10970 = CARTESIAN_POINT('',(0.8,1.847520861407,40.));
#10971 = VECTOR('',#10972,1.);
#10972 = DIRECTION('',(-0.866025403784,0.5,0.));
#10973 = PCURVE('',#3559,#10974);
#10974 = DEFINITIONAL_REPRESENTATION('',(#10975),#10978);
#10975 = B_SPLINE_CURVE_WITH_KNOTS('',1,(#10976,#10977),.UNSPECIFIED.,
  .F.,.F.,(2,2),(-5.54256258422,0.230940107676),
  .PIECEWISE_BEZIER_KNOTS.);
#10976 = CARTESIAN_POINT('',(5.773502691896,-3.5));
#10977 = CARTESIAN_POINT('',(0.,-3.5));
#10978 = ( GEOMETRIC_REPRESENTATION_CONTEXT(2) 
PARAMETRIC_REPRESENTATION_CONTEXT() REPRESENTATION_CONTEXT('2D SPACE',''
  ) );
#10979 = PCURVE('',#5092,#10980);
#10980 = DEFINITIONAL_REPRESENTATION('',(#10981),#10984);
#10981 = B_SPLINE_CURVE_WITH_KNOTS('',1,(#10982,#10983),.UNSPECIFIED.,
  .F.,.F.,(2,2),(-5.54256258422,0.230940107676),
  .PIECEWISE_BEZIER_KNOTS.);
#10982 = CARTESIAN_POINT('',(5.6,-0.923760430703));
#10983 = CARTESIAN_POINT('',(0.6,1.962990915245));
#10984 = ( GEOMETRIC_REPRESENTATION_CONTEXT(2) 
PARAMETRIC_REPRESENTATION_CONTEXT() REPRESENTATION_CONTEXT('2D SPACE',''
  ) );
#10985 = ORIENTED_EDGE('',*,*,#10986,.F.);
#10986 = EDGE_CURVE('',#3521,#10966,#10987,.T.);
#10987 = SURFACE_CURVE('',#10988,(#10992,#10999),.PCURVE_S1.);
#10988 = LINE('',#10989,#10990);
#10989 = CARTESIAN_POINT('',(5.6,-0.923760430703,36.5));
#10990 = VECTOR('',#10991,1.);
#10991 = DIRECTION('',(0.,0.,1.));
#10992 = PCURVE('',#3559,#10993);
#10993 = DEFINITIONAL_REPRESENTATION('',(#10994),#10998);
#10994 = LINE('',#10995,#10996);
#10995 = CARTESIAN_POINT('',(5.773502691896,0.));
#10996 = VECTOR('',#10997,1.);
#10997 = DIRECTION('',(0.,-1.));
#10998 = ( GEOMETRIC_REPRESENTATION_CONTEXT(2) 
PARAMETRIC_REPRESENTATION_CONTEXT() REPRESENTATION_CONTEXT('2D SPACE',''
  ) );
#10999 = PCURVE('',#3535,#11000);
#11000 = DEFINITIONAL_REPRESENTATION('',(#11001),#11005);
#11001 = LINE('',#11002,#11003);
#11002 = CARTESIAN_POINT('',(0.,0.));
#11003 = VECTOR('',#11004,1.);
#11004 = DIRECTION('',(0.,-1.));
#11005 = ( GEOMETRIC_REPRESENTATION_CONTEXT(2) 
PARAMETRIC_REPRESENTATION_CONTEXT() REPRESENTATION_CONTEXT('2D SPACE',''
  ) );
#11006 = ADVANCED_FACE('',(#11007),#3457,.T.);
#11007 = FACE_BOUND('',#11008,.T.);
#11008 = EDGE_LOOP('',(#11009,#11010,#11033,#11052));
#11009 = ORIENTED_EDGE('',*,*,#3442,.T.);
#11010 = ORIENTED_EDGE('',*,*,#11011,.T.);
#11011 = EDGE_CURVE('',#3443,#11012,#11014,.T.);
#11012 = VERTEX_POINT('',#11013);
#11013 = CARTESIAN_POINT('',(5.6,10.623244953089,40.));
#11014 = SURFACE_CURVE('',#11015,(#11019,#11026),.PCURVE_S1.);
#11015 = LINE('',#11016,#11017);
#11016 = CARTESIAN_POINT('',(5.6,10.623244953089,36.5));
#11017 = VECTOR('',#11018,1.);
#11018 = DIRECTION('',(0.,0.,1.));
#11019 = PCURVE('',#3457,#11020);
#11020 = DEFINITIONAL_REPRESENTATION('',(#11021),#11025);
#11021 = LINE('',#11022,#11023);
#11022 = CARTESIAN_POINT('',(0.,0.));
#11023 = VECTOR('',#11024,1.);
#11024 = DIRECTION('',(0.,-1.));
#11025 = ( GEOMETRIC_REPRESENTATION_CONTEXT(2) 
PARAMETRIC_REPRESENTATION_CONTEXT() REPRESENTATION_CONTEXT('2D SPACE',''
  ) );
#11026 = PCURVE('',#3483,#11027);
#11027 = DEFINITIONAL_REPRESENTATION('',(#11028),#11032);
#11028 = LINE('',#11029,#11030);
#11029 = CARTESIAN_POINT('',(5.773502691896,0.));
#11030 = VECTOR('',#11031,1.);
#11031 = DIRECTION('',(0.,-1.));
#11032 = ( GEOMETRIC_REPRESENTATION_CONTEXT(2) 
PARAMETRIC_REPRESENTATION_CONTEXT() REPRESENTATION_CONTEXT('2D SPACE',''
  ) );
#11033 = ORIENTED_EDGE('',*,*,#11034,.F.);
#11034 = EDGE_CURVE('',#10896,#11012,#11035,.T.);
#11035 = SURFACE_CURVE('',#11036,(#11040,#11046),.PCURVE_S1.);
#11036 = LINE('',#11037,#11038);
#11037 = CARTESIAN_POINT('',(1.2,8.082903768655,40.));
#11038 = VECTOR('',#11039,1.);
#11039 = DIRECTION('',(0.866025403784,0.5,-0.));
#11040 = PCURVE('',#3457,#11041);
#11041 = DEFINITIONAL_REPRESENTATION('',(#11042),#11045);
#11042 = B_SPLINE_CURVE_WITH_KNOTS('',1,(#11043,#11044),.UNSPECIFIED.,
  .F.,.F.,(2,2),(-0.692820323028,5.080682368869),
  .PIECEWISE_BEZIER_KNOTS.);
#11043 = CARTESIAN_POINT('',(5.773502691896,-3.5));
#11044 = CARTESIAN_POINT('',(0.,-3.5));
#11045 = ( GEOMETRIC_REPRESENTATION_CONTEXT(2) 
PARAMETRIC_REPRESENTATION_CONTEXT() REPRESENTATION_CONTEXT('2D SPACE',''
  ) );
#11046 = PCURVE('',#5092,#11047);
#11047 = DEFINITIONAL_REPRESENTATION('',(#11048),#11051);
#11048 = B_SPLINE_CURVE_WITH_KNOTS('',1,(#11049,#11050),.UNSPECIFIED.,
  .F.,.F.,(2,2),(-0.692820323028,5.080682368869),
  .PIECEWISE_BEZIER_KNOTS.);
#11049 = CARTESIAN_POINT('',(0.6,7.736493607141));
#11050 = CARTESIAN_POINT('',(5.6,10.623244953089));
#11051 = ( GEOMETRIC_REPRESENTATION_CONTEXT(2) 
PARAMETRIC_REPRESENTATION_CONTEXT() REPRESENTATION_CONTEXT('2D SPACE',''
  ) );
#11052 = ORIENTED_EDGE('',*,*,#10895,.F.);
#11053 = ADVANCED_FACE('',(#11054),#3535,.T.);
#11054 = FACE_BOUND('',#11055,.T.);
#11055 = EDGE_LOOP('',(#11056,#11057,#11058,#11079));
#11056 = ORIENTED_EDGE('',*,*,#3520,.T.);
#11057 = ORIENTED_EDGE('',*,*,#10986,.T.);
#11058 = ORIENTED_EDGE('',*,*,#11059,.F.);
#11059 = EDGE_CURVE('',#11060,#10966,#11062,.T.);
#11060 = VERTEX_POINT('',#11061);
#11061 = CARTESIAN_POINT('',(10.6,1.962990915245,40.));
#11062 = SURFACE_CURVE('',#11063,(#11067,#11073),.PCURVE_S1.);
#11063 = LINE('',#11064,#11065);
#11064 = CARTESIAN_POINT('',(3.7,-2.020725942164,40.));
#11065 = VECTOR('',#11066,1.);
#11066 = DIRECTION('',(-0.866025403784,-0.5,0.));
#11067 = PCURVE('',#3535,#11068);
#11068 = DEFINITIONAL_REPRESENTATION('',(#11069),#11072);
#11069 = B_SPLINE_CURVE_WITH_KNOTS('',1,(#11070,#11071),.UNSPECIFIED.,
  .F.,.F.,(2,2),(-7.967433714817,-2.193931022921),
  .PIECEWISE_BEZIER_KNOTS.);
#11070 = CARTESIAN_POINT('',(5.773502691896,-3.5));
#11071 = CARTESIAN_POINT('',(0.,-3.5));
#11072 = ( GEOMETRIC_REPRESENTATION_CONTEXT(2) 
PARAMETRIC_REPRESENTATION_CONTEXT() REPRESENTATION_CONTEXT('2D SPACE',''
  ) );
#11073 = PCURVE('',#5092,#11074);
#11074 = DEFINITIONAL_REPRESENTATION('',(#11075),#11078);
#11075 = B_SPLINE_CURVE_WITH_KNOTS('',1,(#11076,#11077),.UNSPECIFIED.,
  .F.,.F.,(2,2),(-7.967433714817,-2.193931022921),
  .PIECEWISE_BEZIER_KNOTS.);
#11076 = CARTESIAN_POINT('',(10.6,1.962990915245));
#11077 = CARTESIAN_POINT('',(5.6,-0.923760430703));
#11078 = ( GEOMETRIC_REPRESENTATION_CONTEXT(2) 
PARAMETRIC_REPRESENTATION_CONTEXT() REPRESENTATION_CONTEXT('2D SPACE',''
  ) );
#11079 = ORIENTED_EDGE('',*,*,#11080,.F.);
#11080 = EDGE_CURVE('',#3495,#11060,#11081,.T.);
#11081 = SURFACE_CURVE('',#11082,(#11086,#11093),.PCURVE_S1.);
#11082 = LINE('',#11083,#11084);
#11083 = CARTESIAN_POINT('',(10.6,1.962990915245,36.5));
#11084 = VECTOR('',#11085,1.);
#11085 = DIRECTION('',(0.,0.,1.));
#11086 = PCURVE('',#3535,#11087);
#11087 = DEFINITIONAL_REPRESENTATION('',(#11088),#11092);
#11088 = LINE('',#11089,#11090);
#11089 = CARTESIAN_POINT('',(5.773502691896,0.));
#11090 = VECTOR('',#11091,1.);
#11091 = DIRECTION('',(0.,-1.));
#11092 = ( GEOMETRIC_REPRESENTATION_CONTEXT(2) 
PARAMETRIC_REPRESENTATION_CONTEXT() REPRESENTATION_CONTEXT('2D SPACE',''
  ) );
#11093 = PCURVE('',#3509,#11094);
#11094 = DEFINITIONAL_REPRESENTATION('',(#11095),#11099);
#11095 = LINE('',#11096,#11097);
#11096 = CARTESIAN_POINT('',(0.,0.));
#11097 = VECTOR('',#11098,1.);
#11098 = DIRECTION('',(0.,-1.));
#11099 = ( GEOMETRIC_REPRESENTATION_CONTEXT(2) 
PARAMETRIC_REPRESENTATION_CONTEXT() REPRESENTATION_CONTEXT('2D SPACE',''
  ) );
#11100 = ADVANCED_FACE('',(#11101),#3483,.T.);
#11101 = FACE_BOUND('',#11102,.T.);
#11102 = EDGE_LOOP('',(#11103,#11104,#11127,#11146));
#11103 = ORIENTED_EDGE('',*,*,#3468,.T.);
#11104 = ORIENTED_EDGE('',*,*,#11105,.T.);
#11105 = EDGE_CURVE('',#3469,#11106,#11108,.T.);
#11106 = VERTEX_POINT('',#11107);
#11107 = CARTESIAN_POINT('',(10.6,7.736493607141,40.));
#11108 = SURFACE_CURVE('',#11109,(#11113,#11120),.PCURVE_S1.);
#11109 = LINE('',#11110,#11111);
#11110 = CARTESIAN_POINT('',(10.6,7.736493607141,36.5));
#11111 = VECTOR('',#11112,1.);
#11112 = DIRECTION('',(0.,0.,1.));
#11113 = PCURVE('',#3483,#11114);
#11114 = DEFINITIONAL_REPRESENTATION('',(#11115),#11119);
#11115 = LINE('',#11116,#11117);
#11116 = CARTESIAN_POINT('',(0.,0.));
#11117 = VECTOR('',#11118,1.);
#11118 = DIRECTION('',(0.,-1.));
#11119 = ( GEOMETRIC_REPRESENTATION_CONTEXT(2) 
PARAMETRIC_REPRESENTATION_CONTEXT() REPRESENTATION_CONTEXT('2D SPACE',''
  ) );
#11120 = PCURVE('',#3509,#11121);
#11121 = DEFINITIONAL_REPRESENTATION('',(#11122),#11126);
#11122 = LINE('',#11123,#11124);
#11123 = CARTESIAN_POINT('',(5.773502691896,0.));
#11124 = VECTOR('',#11125,1.);
#11125 = DIRECTION('',(0.,-1.));
#11126 = ( GEOMETRIC_REPRESENTATION_CONTEXT(2) 
PARAMETRIC_REPRESENTATION_CONTEXT() REPRESENTATION_CONTEXT('2D SPACE',''
  ) );
#11127 = ORIENTED_EDGE('',*,*,#11128,.F.);
#11128 = EDGE_CURVE('',#11012,#11106,#11129,.T.);
#11129 = SURFACE_CURVE('',#11130,(#11134,#11140),.PCURVE_S1.);
#11130 = LINE('',#11131,#11132);
#11131 = CARTESIAN_POINT('',(8.3,9.064399226277,40.));
#11132 = VECTOR('',#11133,1.);
#11133 = DIRECTION('',(0.866025403784,-0.5,0.));
#11134 = PCURVE('',#3483,#11135);
#11135 = DEFINITIONAL_REPRESENTATION('',(#11136),#11139);
#11136 = B_SPLINE_CURVE_WITH_KNOTS('',1,(#11137,#11138),.UNSPECIFIED.,
  .F.,.F.,(2,2),(-3.117691453624,2.655811238272),
  .PIECEWISE_BEZIER_KNOTS.);
#11137 = CARTESIAN_POINT('',(5.773502691896,-3.5));
#11138 = CARTESIAN_POINT('',(0.,-3.5));
#11139 = ( GEOMETRIC_REPRESENTATION_CONTEXT(2) 
PARAMETRIC_REPRESENTATION_CONTEXT() REPRESENTATION_CONTEXT('2D SPACE',''
  ) );
#11140 = PCURVE('',#5092,#11141);
#11141 = DEFINITIONAL_REPRESENTATION('',(#11142),#11145);
#11142 = B_SPLINE_CURVE_WITH_KNOTS('',1,(#11143,#11144),.UNSPECIFIED.,
  .F.,.F.,(2,2),(-3.117691453624,2.655811238272),
  .PIECEWISE_BEZIER_KNOTS.);
#11143 = CARTESIAN_POINT('',(5.6,10.623244953089));
#11144 = CARTESIAN_POINT('',(10.6,7.736493607141));
#11145 = ( GEOMETRIC_REPRESENTATION_CONTEXT(2) 
PARAMETRIC_REPRESENTATION_CONTEXT() REPRESENTATION_CONTEXT('2D SPACE',''
  ) );
#11146 = ORIENTED_EDGE('',*,*,#11011,.F.);
#11147 = ADVANCED_FACE('',(#11148),#3509,.T.);
#11148 = FACE_BOUND('',#11149,.T.);
#11149 = EDGE_LOOP('',(#11150,#11151,#11152,#11171));
#11150 = ORIENTED_EDGE('',*,*,#3494,.T.);
#11151 = ORIENTED_EDGE('',*,*,#11080,.T.);
#11152 = ORIENTED_EDGE('',*,*,#11153,.F.);
#11153 = EDGE_CURVE('',#11106,#11060,#11154,.T.);
#11154 = SURFACE_CURVE('',#11155,(#11159,#11165),.PCURVE_S1.);
#11155 = LINE('',#11156,#11157);
#11156 = CARTESIAN_POINT('',(10.6,0.981495457622,40.));
#11157 = VECTOR('',#11158,1.);
#11158 = DIRECTION('',(-1.538370149107E-16,-1.,0.));
#11159 = PCURVE('',#3509,#11160);
#11160 = DEFINITIONAL_REPRESENTATION('',(#11161),#11164);
#11161 = B_SPLINE_CURVE_WITH_KNOTS('',1,(#11162,#11163),.UNSPECIFIED.,
  .F.,.F.,(2,2),(-6.754998149519,-0.981495457622),
  .PIECEWISE_BEZIER_KNOTS.);
#11162 = CARTESIAN_POINT('',(5.773502691896,-3.5));
#11163 = CARTESIAN_POINT('',(0.,-3.5));
#11164 = ( GEOMETRIC_REPRESENTATION_CONTEXT(2) 
PARAMETRIC_REPRESENTATION_CONTEXT() REPRESENTATION_CONTEXT('2D SPACE',''
  ) );
#11165 = PCURVE('',#5092,#11166);
#11166 = DEFINITIONAL_REPRESENTATION('',(#11167),#11170);
#11167 = B_SPLINE_CURVE_WITH_KNOTS('',1,(#11168,#11169),.UNSPECIFIED.,
  .F.,.F.,(2,2),(-6.754998149519,-0.981495457622),
  .PIECEWISE_BEZIER_KNOTS.);
#11168 = CARTESIAN_POINT('',(10.6,7.736493607141));
#11169 = CARTESIAN_POINT('',(10.6,1.962990915245));
#11170 = ( GEOMETRIC_REPRESENTATION_CONTEXT(2) 
PARAMETRIC_REPRESENTATION_CONTEXT() REPRESENTATION_CONTEXT('2D SPACE',''
  ) );
#11171 = ORIENTED_EDGE('',*,*,#11105,.F.);
#11172 = ADVANCED_FACE('',(#11173),#3589,.T.);
#11173 = FACE_BOUND('',#11174,.T.);
#11174 = EDGE_LOOP('',(#11175,#11176,#11199,#11220));
#11175 = ORIENTED_EDGE('',*,*,#3572,.T.);
#11176 = ORIENTED_EDGE('',*,*,#11177,.T.);
#11177 = EDGE_CURVE('',#3575,#11178,#11180,.T.);
#11178 = VERTEX_POINT('',#11179);
#11179 = CARTESIAN_POINT('',(-5.,17.435978129527,40.));
#11180 = SURFACE_CURVE('',#11181,(#11185,#11192),.PCURVE_S1.);
#11181 = LINE('',#11182,#11183);
#11182 = CARTESIAN_POINT('',(-5.,17.435978129527,36.5));
#11183 = VECTOR('',#11184,1.);
#11184 = DIRECTION('',(0.,0.,1.));
#11185 = PCURVE('',#3589,#11186);
#11186 = DEFINITIONAL_REPRESENTATION('',(#11187),#11191);
#11187 = LINE('',#11188,#11189);
#11188 = CARTESIAN_POINT('',(0.,0.));
#11189 = VECTOR('',#11190,1.);
#11190 = DIRECTION('',(0.,-1.));
#11191 = ( GEOMETRIC_REPRESENTATION_CONTEXT(2) 
PARAMETRIC_REPRESENTATION_CONTEXT() REPRESENTATION_CONTEXT('2D SPACE',''
  ) );
#11192 = PCURVE('',#3615,#11193);
#11193 = DEFINITIONAL_REPRESENTATION('',(#11194),#11198);
#11194 = LINE('',#11195,#11196);
#11195 = CARTESIAN_POINT('',(5.773502691896,0.));
#11196 = VECTOR('',#11197,1.);
#11197 = DIRECTION('',(0.,-1.));
#11198 = ( GEOMETRIC_REPRESENTATION_CONTEXT(2) 
PARAMETRIC_REPRESENTATION_CONTEXT() REPRESENTATION_CONTEXT('2D SPACE',''
  ) );
#11199 = ORIENTED_EDGE('',*,*,#11200,.F.);
#11200 = EDGE_CURVE('',#11201,#11178,#11203,.T.);
#11201 = VERTEX_POINT('',#11202);
#11202 = CARTESIAN_POINT('',(-5.,11.66247543763,40.));
#11203 = SURFACE_CURVE('',#11204,(#11208,#11214),.PCURVE_S1.);
#11204 = LINE('',#11205,#11206);
#11205 = CARTESIAN_POINT('',(-5.,8.717989064763,40.));
#11206 = VECTOR('',#11207,1.);
#11207 = DIRECTION('',(4.615110447321E-16,1.,-0.));
#11208 = PCURVE('',#3589,#11209);
#11209 = DEFINITIONAL_REPRESENTATION('',(#11210),#11213);
#11210 = B_SPLINE_CURVE_WITH_KNOTS('',1,(#11211,#11212),.UNSPECIFIED.,
  .F.,.F.,(2,2),(2.944486372867,8.717989064763),
  .PIECEWISE_BEZIER_KNOTS.);
#11211 = CARTESIAN_POINT('',(5.773502691896,-3.5));
#11212 = CARTESIAN_POINT('',(0.,-3.5));
#11213 = ( GEOMETRIC_REPRESENTATION_CONTEXT(2) 
PARAMETRIC_REPRESENTATION_CONTEXT() REPRESENTATION_CONTEXT('2D SPACE',''
  ) );
#11214 = PCURVE('',#5092,#11215);
#11215 = DEFINITIONAL_REPRESENTATION('',(#11216),#11219);
#11216 = B_SPLINE_CURVE_WITH_KNOTS('',1,(#11217,#11218),.UNSPECIFIED.,
  .F.,.F.,(2,2),(2.944486372867,8.717989064763),
  .PIECEWISE_BEZIER_KNOTS.);
#11217 = CARTESIAN_POINT('',(-5.,11.66247543763));
#11218 = CARTESIAN_POINT('',(-5.,17.435978129527));
#11219 = ( GEOMETRIC_REPRESENTATION_CONTEXT(2) 
PARAMETRIC_REPRESENTATION_CONTEXT() REPRESENTATION_CONTEXT('2D SPACE',''
  ) );
#11220 = ORIENTED_EDGE('',*,*,#11221,.F.);
#11221 = EDGE_CURVE('',#3573,#11201,#11222,.T.);
#11222 = SURFACE_CURVE('',#11223,(#11227,#11234),.PCURVE_S1.);
#11223 = LINE('',#11224,#11225);
#11224 = CARTESIAN_POINT('',(-5.,11.66247543763,36.5));
#11225 = VECTOR('',#11226,1.);
#11226 = DIRECTION('',(0.,0.,1.));
#11227 = PCURVE('',#3589,#11228);
#11228 = DEFINITIONAL_REPRESENTATION('',(#11229),#11233);
#11229 = LINE('',#11230,#11231);
#11230 = CARTESIAN_POINT('',(5.773502691896,0.));
#11231 = VECTOR('',#11232,1.);
#11232 = DIRECTION('',(0.,-1.));
#11233 = ( GEOMETRIC_REPRESENTATION_CONTEXT(2) 
PARAMETRIC_REPRESENTATION_CONTEXT() REPRESENTATION_CONTEXT('2D SPACE',''
  ) );
#11234 = PCURVE('',#3717,#11235);
#11235 = DEFINITIONAL_REPRESENTATION('',(#11236),#11240);
#11236 = LINE('',#11237,#11238);
#11237 = CARTESIAN_POINT('',(0.,0.));
#11238 = VECTOR('',#11239,1.);
#11239 = DIRECTION('',(0.,-1.));
#11240 = ( GEOMETRIC_REPRESENTATION_CONTEXT(2) 
PARAMETRIC_REPRESENTATION_CONTEXT() REPRESENTATION_CONTEXT('2D SPACE',''
  ) );
#11241 = ADVANCED_FACE('',(#11242),#3717,.T.);
#11242 = FACE_BOUND('',#11243,.T.);
#11243 = EDGE_LOOP('',(#11244,#11245,#11246,#11267));
#11244 = ORIENTED_EDGE('',*,*,#3704,.T.);
#11245 = ORIENTED_EDGE('',*,*,#11221,.T.);
#11246 = ORIENTED_EDGE('',*,*,#11247,.F.);
#11247 = EDGE_CURVE('',#11248,#11201,#11250,.T.);
#11248 = VERTEX_POINT('',#11249);
#11249 = CARTESIAN_POINT('',(7.157816006753E-16,8.775724091682,40.));
#11250 = SURFACE_CURVE('',#11251,(#11255,#11261),.PCURVE_S1.);
#11251 = LINE('',#11252,#11253);
#11252 = CARTESIAN_POINT('',(-0.6,9.122134253196,40.));
#11253 = VECTOR('',#11254,1.);
#11254 = DIRECTION('',(-0.866025403784,0.5,0.));
#11255 = PCURVE('',#3717,#11256);
#11256 = DEFINITIONAL_REPRESENTATION('',(#11257),#11260);
#11257 = B_SPLINE_CURVE_WITH_KNOTS('',1,(#11258,#11259),.UNSPECIFIED.,
  .F.,.F.,(2,2),(-0.692820323028,5.080682368869),
  .PIECEWISE_BEZIER_KNOTS.);
#11258 = CARTESIAN_POINT('',(5.773502691896,-3.5));
#11259 = CARTESIAN_POINT('',(0.,-3.5));
#11260 = ( GEOMETRIC_REPRESENTATION_CONTEXT(2) 
PARAMETRIC_REPRESENTATION_CONTEXT() REPRESENTATION_CONTEXT('2D SPACE',''
  ) );
#11261 = PCURVE('',#5092,#11262);
#11262 = DEFINITIONAL_REPRESENTATION('',(#11263),#11266);
#11263 = B_SPLINE_CURVE_WITH_KNOTS('',1,(#11264,#11265),.UNSPECIFIED.,
  .F.,.F.,(2,2),(-0.692820323028,5.080682368869),
  .PIECEWISE_BEZIER_KNOTS.);
#11264 = CARTESIAN_POINT('',(2.455406559076E-15,8.775724091682));
#11265 = CARTESIAN_POINT('',(-5.,11.66247543763));
#11266 = ( GEOMETRIC_REPRESENTATION_CONTEXT(2) 
PARAMETRIC_REPRESENTATION_CONTEXT() REPRESENTATION_CONTEXT('2D SPACE',''
  ) );
#11267 = ORIENTED_EDGE('',*,*,#11268,.F.);
#11268 = EDGE_CURVE('',#3679,#11248,#11269,.T.);
#11269 = SURFACE_CURVE('',#11270,(#11274,#11281),.PCURVE_S1.);
#11270 = LINE('',#11271,#11272);
#11271 = CARTESIAN_POINT('',(7.157816006753E-16,8.775724091682,36.5));
#11272 = VECTOR('',#11273,1.);
#11273 = DIRECTION('',(0.,0.,1.));
#11274 = PCURVE('',#3717,#11275);
#11275 = DEFINITIONAL_REPRESENTATION('',(#11276),#11280);
#11276 = LINE('',#11277,#11278);
#11277 = CARTESIAN_POINT('',(5.773502691896,0.));
#11278 = VECTOR('',#11279,1.);
#11279 = DIRECTION('',(0.,-1.));
#11280 = ( GEOMETRIC_REPRESENTATION_CONTEXT(2) 
PARAMETRIC_REPRESENTATION_CONTEXT() REPRESENTATION_CONTEXT('2D SPACE',''
  ) );
#11281 = PCURVE('',#3693,#11282);
#11282 = DEFINITIONAL_REPRESENTATION('',(#11283),#11287);
#11283 = LINE('',#11284,#11285);
#11284 = CARTESIAN_POINT('',(0.,0.));
#11285 = VECTOR('',#11286,1.);
#11286 = DIRECTION('',(0.,-1.));
#11287 = ( GEOMETRIC_REPRESENTATION_CONTEXT(2) 
PARAMETRIC_REPRESENTATION_CONTEXT() REPRESENTATION_CONTEXT('2D SPACE',''
  ) );
#11288 = ADVANCED_FACE('',(#11289),#3615,.T.);
#11289 = FACE_BOUND('',#11290,.T.);
#11290 = EDGE_LOOP('',(#11291,#11292,#11315,#11334));
#11291 = ORIENTED_EDGE('',*,*,#3600,.T.);
#11292 = ORIENTED_EDGE('',*,*,#11293,.T.);
#11293 = EDGE_CURVE('',#3601,#11294,#11296,.T.);
#11294 = VERTEX_POINT('',#11295);
#11295 = CARTESIAN_POINT('',(2.129881918975E-15,20.322729475475,40.));
#11296 = SURFACE_CURVE('',#11297,(#11301,#11308),.PCURVE_S1.);
#11297 = LINE('',#11298,#11299);
#11298 = CARTESIAN_POINT('',(2.129881918975E-15,20.322729475475,36.5));
#11299 = VECTOR('',#11300,1.);
#11300 = DIRECTION('',(0.,0.,1.));
#11301 = PCURVE('',#3615,#11302);
#11302 = DEFINITIONAL_REPRESENTATION('',(#11303),#11307);
#11303 = LINE('',#11304,#11305);
#11304 = CARTESIAN_POINT('',(0.,0.));
#11305 = VECTOR('',#11306,1.);
#11306 = DIRECTION('',(0.,-1.));
#11307 = ( GEOMETRIC_REPRESENTATION_CONTEXT(2) 
PARAMETRIC_REPRESENTATION_CONTEXT() REPRESENTATION_CONTEXT('2D SPACE',''
  ) );
#11308 = PCURVE('',#3641,#11309);
#11309 = DEFINITIONAL_REPRESENTATION('',(#11310),#11314);
#11310 = LINE('',#11311,#11312);
#11311 = CARTESIAN_POINT('',(5.773502691896,0.));
#11312 = VECTOR('',#11313,1.);
#11313 = DIRECTION('',(0.,-1.));
#11314 = ( GEOMETRIC_REPRESENTATION_CONTEXT(2) 
PARAMETRIC_REPRESENTATION_CONTEXT() REPRESENTATION_CONTEXT('2D SPACE',''
  ) );
#11315 = ORIENTED_EDGE('',*,*,#11316,.F.);
#11316 = EDGE_CURVE('',#11178,#11294,#11317,.T.);
#11317 = SURFACE_CURVE('',#11318,(#11322,#11328),.PCURVE_S1.);
#11318 = LINE('',#11319,#11320);
#11319 = CARTESIAN_POINT('',(-4.4,17.78238829104,40.));
#11320 = VECTOR('',#11321,1.);
#11321 = DIRECTION('',(0.866025403784,0.5,-0.));
#11322 = PCURVE('',#3615,#11323);
#11323 = DEFINITIONAL_REPRESENTATION('',(#11324),#11327);
#11324 = B_SPLINE_CURVE_WITH_KNOTS('',1,(#11325,#11326),.UNSPECIFIED.,
  .F.,.F.,(2,2),(-0.692820323028,5.080682368869),
  .PIECEWISE_BEZIER_KNOTS.);
#11325 = CARTESIAN_POINT('',(5.773502691896,-3.5));
#11326 = CARTESIAN_POINT('',(0.,-3.5));
#11327 = ( GEOMETRIC_REPRESENTATION_CONTEXT(2) 
PARAMETRIC_REPRESENTATION_CONTEXT() REPRESENTATION_CONTEXT('2D SPACE',''
  ) );
#11328 = PCURVE('',#5092,#11329);
#11329 = DEFINITIONAL_REPRESENTATION('',(#11330),#11333);
#11330 = B_SPLINE_CURVE_WITH_KNOTS('',1,(#11331,#11332),.UNSPECIFIED.,
  .F.,.F.,(2,2),(-0.692820323028,5.080682368869),
  .PIECEWISE_BEZIER_KNOTS.);
#11331 = CARTESIAN_POINT('',(-5.,17.435978129527));
#11332 = CARTESIAN_POINT('',(1.186038076171E-15,20.322729475475));
#11333 = ( GEOMETRIC_REPRESENTATION_CONTEXT(2) 
PARAMETRIC_REPRESENTATION_CONTEXT() REPRESENTATION_CONTEXT('2D SPACE',''
  ) );
#11334 = ORIENTED_EDGE('',*,*,#11177,.F.);
#11335 = ADVANCED_FACE('',(#11336),#3693,.T.);
#11336 = FACE_BOUND('',#11337,.T.);
#11337 = EDGE_LOOP('',(#11338,#11339,#11340,#11361));
#11338 = ORIENTED_EDGE('',*,*,#3678,.T.);
#11339 = ORIENTED_EDGE('',*,*,#11268,.T.);
#11340 = ORIENTED_EDGE('',*,*,#11341,.F.);
#11341 = EDGE_CURVE('',#11342,#11248,#11344,.T.);
#11342 = VERTEX_POINT('',#11343);
#11343 = CARTESIAN_POINT('',(5.,11.66247543763,40.));
#11344 = SURFACE_CURVE('',#11345,(#11349,#11355),.PCURVE_S1.);
#11345 = LINE('',#11346,#11347);
#11346 = CARTESIAN_POINT('',(-1.9,7.678758580222,40.));
#11347 = VECTOR('',#11348,1.);
#11348 = DIRECTION('',(-0.866025403784,-0.5,0.));
#11349 = PCURVE('',#3693,#11350);
#11350 = DEFINITIONAL_REPRESENTATION('',(#11351),#11354);
#11351 = B_SPLINE_CURVE_WITH_KNOTS('',1,(#11352,#11353),.UNSPECIFIED.,
  .F.,.F.,(2,2),(-7.967433714817,-2.193931022921),
  .PIECEWISE_BEZIER_KNOTS.);
#11352 = CARTESIAN_POINT('',(5.773502691896,-3.5));
#11353 = CARTESIAN_POINT('',(0.,-3.5));
#11354 = ( GEOMETRIC_REPRESENTATION_CONTEXT(2) 
PARAMETRIC_REPRESENTATION_CONTEXT() REPRESENTATION_CONTEXT('2D SPACE',''
  ) );
#11355 = PCURVE('',#5092,#11356);
#11356 = DEFINITIONAL_REPRESENTATION('',(#11357),#11360);
#11357 = B_SPLINE_CURVE_WITH_KNOTS('',1,(#11358,#11359),.UNSPECIFIED.,
  .F.,.F.,(2,2),(-7.967433714817,-2.193931022921),
  .PIECEWISE_BEZIER_KNOTS.);
#11358 = CARTESIAN_POINT('',(5.,11.66247543763));
#11359 = CARTESIAN_POINT('',(7.316871831045E-16,8.775724091682));
#11360 = ( GEOMETRIC_REPRESENTATION_CONTEXT(2) 
PARAMETRIC_REPRESENTATION_CONTEXT() REPRESENTATION_CONTEXT('2D SPACE',''
  ) );
#11361 = ORIENTED_EDGE('',*,*,#11362,.F.);
#11362 = EDGE_CURVE('',#3653,#11342,#11363,.T.);
#11363 = SURFACE_CURVE('',#11364,(#11368,#11375),.PCURVE_S1.);
#11364 = LINE('',#11365,#11366);
#11365 = CARTESIAN_POINT('',(5.,11.66247543763,36.5));
#11366 = VECTOR('',#11367,1.);
#11367 = DIRECTION('',(0.,0.,1.));
#11368 = PCURVE('',#3693,#11369);
#11369 = DEFINITIONAL_REPRESENTATION('',(#11370),#11374);
#11370 = LINE('',#11371,#11372);
#11371 = CARTESIAN_POINT('',(5.773502691896,0.));
#11372 = VECTOR('',#11373,1.);
#11373 = DIRECTION('',(0.,-1.));
#11374 = ( GEOMETRIC_REPRESENTATION_CONTEXT(2) 
PARAMETRIC_REPRESENTATION_CONTEXT() REPRESENTATION_CONTEXT('2D SPACE',''
  ) );
#11375 = PCURVE('',#3667,#11376);
#11376 = DEFINITIONAL_REPRESENTATION('',(#11377),#11381);
#11377 = LINE('',#11378,#11379);
#11378 = CARTESIAN_POINT('',(0.,0.));
#11379 = VECTOR('',#11380,1.);
#11380 = DIRECTION('',(0.,-1.));
#11381 = ( GEOMETRIC_REPRESENTATION_CONTEXT(2) 
PARAMETRIC_REPRESENTATION_CONTEXT() REPRESENTATION_CONTEXT('2D SPACE',''
  ) );
#11382 = ADVANCED_FACE('',(#11383),#3641,.T.);
#11383 = FACE_BOUND('',#11384,.T.);
#11384 = EDGE_LOOP('',(#11385,#11386,#11409,#11428));
#11385 = ORIENTED_EDGE('',*,*,#3626,.T.);
#11386 = ORIENTED_EDGE('',*,*,#11387,.T.);
#11387 = EDGE_CURVE('',#3627,#11388,#11390,.T.);
#11388 = VERTEX_POINT('',#11389);
#11389 = CARTESIAN_POINT('',(5.,17.435978129527,40.));
#11390 = SURFACE_CURVE('',#11391,(#11395,#11402),.PCURVE_S1.);
#11391 = LINE('',#11392,#11393);
#11392 = CARTESIAN_POINT('',(5.,17.435978129527,36.5));
#11393 = VECTOR('',#11394,1.);
#11394 = DIRECTION('',(0.,0.,1.));
#11395 = PCURVE('',#3641,#11396);
#11396 = DEFINITIONAL_REPRESENTATION('',(#11397),#11401);
#11397 = LINE('',#11398,#11399);
#11398 = CARTESIAN_POINT('',(0.,0.));
#11399 = VECTOR('',#11400,1.);
#11400 = DIRECTION('',(0.,-1.));
#11401 = ( GEOMETRIC_REPRESENTATION_CONTEXT(2) 
PARAMETRIC_REPRESENTATION_CONTEXT() REPRESENTATION_CONTEXT('2D SPACE',''
  ) );
#11402 = PCURVE('',#3667,#11403);
#11403 = DEFINITIONAL_REPRESENTATION('',(#11404),#11408);
#11404 = LINE('',#11405,#11406);
#11405 = CARTESIAN_POINT('',(5.773502691896,0.));
#11406 = VECTOR('',#11407,1.);
#11407 = DIRECTION('',(0.,-1.));
#11408 = ( GEOMETRIC_REPRESENTATION_CONTEXT(2) 
PARAMETRIC_REPRESENTATION_CONTEXT() REPRESENTATION_CONTEXT('2D SPACE',''
  ) );
#11409 = ORIENTED_EDGE('',*,*,#11410,.F.);
#11410 = EDGE_CURVE('',#11294,#11388,#11411,.T.);
#11411 = SURFACE_CURVE('',#11412,(#11416,#11422),.PCURVE_S1.);
#11412 = LINE('',#11413,#11414);
#11413 = CARTESIAN_POINT('',(6.9,16.339012618066,40.));
#11414 = VECTOR('',#11415,1.);
#11415 = DIRECTION('',(0.866025403784,-0.5,0.));
#11416 = PCURVE('',#3641,#11417);
#11417 = DEFINITIONAL_REPRESENTATION('',(#11418),#11421);
#11418 = B_SPLINE_CURVE_WITH_KNOTS('',1,(#11419,#11420),.UNSPECIFIED.,
  .F.,.F.,(2,2),(-7.967433714817,-2.193931022921),
  .PIECEWISE_BEZIER_KNOTS.);
#11419 = CARTESIAN_POINT('',(5.773502691896,-3.5));
#11420 = CARTESIAN_POINT('',(0.,-3.5));
#11421 = ( GEOMETRIC_REPRESENTATION_CONTEXT(2) 
PARAMETRIC_REPRESENTATION_CONTEXT() REPRESENTATION_CONTEXT('2D SPACE',''
  ) );
#11422 = PCURVE('',#5092,#11423);
#11423 = DEFINITIONAL_REPRESENTATION('',(#11424),#11427);
#11424 = B_SPLINE_CURVE_WITH_KNOTS('',1,(#11425,#11426),.UNSPECIFIED.,
  .F.,.F.,(2,2),(-7.967433714817,-2.193931022921),
  .PIECEWISE_BEZIER_KNOTS.);
#11425 = CARTESIAN_POINT('',(8.879769899482E-17,20.322729475475));
#11426 = CARTESIAN_POINT('',(5.,17.435978129527));
#11427 = ( GEOMETRIC_REPRESENTATION_CONTEXT(2) 
PARAMETRIC_REPRESENTATION_CONTEXT() REPRESENTATION_CONTEXT('2D SPACE',''
  ) );
#11428 = ORIENTED_EDGE('',*,*,#11293,.F.);
#11429 = ADVANCED_FACE('',(#11430),#3667,.T.);
#11430 = FACE_BOUND('',#11431,.T.);
#11431 = EDGE_LOOP('',(#11432,#11433,#11434,#11453));
#11432 = ORIENTED_EDGE('',*,*,#3652,.T.);
#11433 = ORIENTED_EDGE('',*,*,#11362,.T.);
#11434 = ORIENTED_EDGE('',*,*,#11435,.F.);
#11435 = EDGE_CURVE('',#11388,#11342,#11436,.T.);
#11436 = SURFACE_CURVE('',#11437,(#11441,#11447),.PCURVE_S1.);
#11437 = LINE('',#11438,#11439);
#11438 = CARTESIAN_POINT('',(5.,5.831237718815,40.));
#11439 = VECTOR('',#11440,1.);
#11440 = DIRECTION('',(-1.538370149107E-16,-1.,0.));
#11441 = PCURVE('',#3667,#11442);
#11442 = DEFINITIONAL_REPRESENTATION('',(#11443),#11446);
#11443 = B_SPLINE_CURVE_WITH_KNOTS('',1,(#11444,#11445),.UNSPECIFIED.,
  .F.,.F.,(2,2),(-11.60474041071,-5.831237718815),
  .PIECEWISE_BEZIER_KNOTS.);
#11444 = CARTESIAN_POINT('',(5.773502691896,-3.5));
#11445 = CARTESIAN_POINT('',(0.,-3.5));
#11446 = ( GEOMETRIC_REPRESENTATION_CONTEXT(2) 
PARAMETRIC_REPRESENTATION_CONTEXT() REPRESENTATION_CONTEXT('2D SPACE',''
  ) );
#11447 = PCURVE('',#5092,#11448);
#11448 = DEFINITIONAL_REPRESENTATION('',(#11449),#11452);
#11449 = B_SPLINE_CURVE_WITH_KNOTS('',1,(#11450,#11451),.UNSPECIFIED.,
  .F.,.F.,(2,2),(-11.60474041071,-5.831237718815),
  .PIECEWISE_BEZIER_KNOTS.);
#11450 = CARTESIAN_POINT('',(5.,17.435978129527));
#11451 = CARTESIAN_POINT('',(5.,11.66247543763));
#11452 = ( GEOMETRIC_REPRESENTATION_CONTEXT(2) 
PARAMETRIC_REPRESENTATION_CONTEXT() REPRESENTATION_CONTEXT('2D SPACE',''
  ) );
#11453 = ORIENTED_EDGE('',*,*,#11387,.F.);
#11454 = ADVANCED_FACE('',(#11455),#3747,.T.);
#11455 = FACE_BOUND('',#11456,.T.);
#11456 = EDGE_LOOP('',(#11457,#11458,#11481,#11502));
#11457 = ORIENTED_EDGE('',*,*,#3730,.T.);
#11458 = ORIENTED_EDGE('',*,*,#11459,.T.);
#11459 = EDGE_CURVE('',#3733,#11460,#11462,.T.);
#11460 = VERTEX_POINT('',#11461);
#11461 = CARTESIAN_POINT('',(6.2,17.435978129527,40.));
#11462 = SURFACE_CURVE('',#11463,(#11467,#11474),.PCURVE_S1.);
#11463 = LINE('',#11464,#11465);
#11464 = CARTESIAN_POINT('',(6.2,17.435978129527,36.5));
#11465 = VECTOR('',#11466,1.);
#11466 = DIRECTION('',(0.,0.,1.));
#11467 = PCURVE('',#3747,#11468);
#11468 = DEFINITIONAL_REPRESENTATION('',(#11469),#11473);
#11469 = LINE('',#11470,#11471);
#11470 = CARTESIAN_POINT('',(0.,0.));
#11471 = VECTOR('',#11472,1.);
#11472 = DIRECTION('',(0.,-1.));
#11473 = ( GEOMETRIC_REPRESENTATION_CONTEXT(2) 
PARAMETRIC_REPRESENTATION_CONTEXT() REPRESENTATION_CONTEXT('2D SPACE',''
  ) );
#11474 = PCURVE('',#3773,#11475);
#11475 = DEFINITIONAL_REPRESENTATION('',(#11476),#11480);
#11476 = LINE('',#11477,#11478);
#11477 = CARTESIAN_POINT('',(5.773502691896,0.));
#11478 = VECTOR('',#11479,1.);
#11479 = DIRECTION('',(0.,-1.));
#11480 = ( GEOMETRIC_REPRESENTATION_CONTEXT(2) 
PARAMETRIC_REPRESENTATION_CONTEXT() REPRESENTATION_CONTEXT('2D SPACE',''
  ) );
#11481 = ORIENTED_EDGE('',*,*,#11482,.F.);
#11482 = EDGE_CURVE('',#11483,#11460,#11485,.T.);
#11483 = VERTEX_POINT('',#11484);
#11484 = CARTESIAN_POINT('',(6.2,11.66247543763,40.));
#11485 = SURFACE_CURVE('',#11486,(#11490,#11496),.PCURVE_S1.);
#11486 = LINE('',#11487,#11488);
#11487 = CARTESIAN_POINT('',(6.2,8.717989064763,40.));
#11488 = VECTOR('',#11489,1.);
#11489 = DIRECTION('',(4.615110447321E-16,1.,-0.));
#11490 = PCURVE('',#3747,#11491);
#11491 = DEFINITIONAL_REPRESENTATION('',(#11492),#11495);
#11492 = B_SPLINE_CURVE_WITH_KNOTS('',1,(#11493,#11494),.UNSPECIFIED.,
  .F.,.F.,(2,2),(2.944486372867,8.717989064763),
  .PIECEWISE_BEZIER_KNOTS.);
#11493 = CARTESIAN_POINT('',(5.773502691896,-3.5));
#11494 = CARTESIAN_POINT('',(0.,-3.5));
#11495 = ( GEOMETRIC_REPRESENTATION_CONTEXT(2) 
PARAMETRIC_REPRESENTATION_CONTEXT() REPRESENTATION_CONTEXT('2D SPACE',''
  ) );
#11496 = PCURVE('',#5092,#11497);
#11497 = DEFINITIONAL_REPRESENTATION('',(#11498),#11501);
#11498 = B_SPLINE_CURVE_WITH_KNOTS('',1,(#11499,#11500),.UNSPECIFIED.,
  .F.,.F.,(2,2),(2.944486372867,8.717989064763),
  .PIECEWISE_BEZIER_KNOTS.);
#11499 = CARTESIAN_POINT('',(6.2,11.66247543763));
#11500 = CARTESIAN_POINT('',(6.2,17.435978129527));
#11501 = ( GEOMETRIC_REPRESENTATION_CONTEXT(2) 
PARAMETRIC_REPRESENTATION_CONTEXT() REPRESENTATION_CONTEXT('2D SPACE',''
  ) );
#11502 = ORIENTED_EDGE('',*,*,#11503,.F.);
#11503 = EDGE_CURVE('',#3731,#11483,#11504,.T.);
#11504 = SURFACE_CURVE('',#11505,(#11509,#11516),.PCURVE_S1.);
#11505 = LINE('',#11506,#11507);
#11506 = CARTESIAN_POINT('',(6.2,11.66247543763,36.5));
#11507 = VECTOR('',#11508,1.);
#11508 = DIRECTION('',(0.,0.,1.));
#11509 = PCURVE('',#3747,#11510);
#11510 = DEFINITIONAL_REPRESENTATION('',(#11511),#11515);
#11511 = LINE('',#11512,#11513);
#11512 = CARTESIAN_POINT('',(5.773502691896,0.));
#11513 = VECTOR('',#11514,1.);
#11514 = DIRECTION('',(0.,-1.));
#11515 = ( GEOMETRIC_REPRESENTATION_CONTEXT(2) 
PARAMETRIC_REPRESENTATION_CONTEXT() REPRESENTATION_CONTEXT('2D SPACE',''
  ) );
#11516 = PCURVE('',#3875,#11517);
#11517 = DEFINITIONAL_REPRESENTATION('',(#11518),#11522);
#11518 = LINE('',#11519,#11520);
#11519 = CARTESIAN_POINT('',(0.,0.));
#11520 = VECTOR('',#11521,1.);
#11521 = DIRECTION('',(0.,-1.));
#11522 = ( GEOMETRIC_REPRESENTATION_CONTEXT(2) 
PARAMETRIC_REPRESENTATION_CONTEXT() REPRESENTATION_CONTEXT('2D SPACE',''
  ) );
#11523 = ADVANCED_FACE('',(#11524),#3875,.T.);
#11524 = FACE_BOUND('',#11525,.T.);
#11525 = EDGE_LOOP('',(#11526,#11527,#11528,#11549));
#11526 = ORIENTED_EDGE('',*,*,#3862,.T.);
#11527 = ORIENTED_EDGE('',*,*,#11503,.T.);
#11528 = ORIENTED_EDGE('',*,*,#11529,.F.);
#11529 = EDGE_CURVE('',#11530,#11483,#11532,.T.);
#11530 = VERTEX_POINT('',#11531);
#11531 = CARTESIAN_POINT('',(11.2,8.775724091682,40.));
#11532 = SURFACE_CURVE('',#11533,(#11537,#11543),.PCURVE_S1.);
#11533 = LINE('',#11534,#11535);
#11534 = CARTESIAN_POINT('',(6.4,11.547005383793,40.));
#11535 = VECTOR('',#11536,1.);
#11536 = DIRECTION('',(-0.866025403784,0.5,0.));
#11537 = PCURVE('',#3875,#11538);
#11538 = DEFINITIONAL_REPRESENTATION('',(#11539),#11542);
#11539 = B_SPLINE_CURVE_WITH_KNOTS('',1,(#11540,#11541),.UNSPECIFIED.,
  .F.,.F.,(2,2),(-5.54256258422,0.230940107676),
  .PIECEWISE_BEZIER_KNOTS.);
#11540 = CARTESIAN_POINT('',(5.773502691896,-3.5));
#11541 = CARTESIAN_POINT('',(0.,-3.5));
#11542 = ( GEOMETRIC_REPRESENTATION_CONTEXT(2) 
PARAMETRIC_REPRESENTATION_CONTEXT() REPRESENTATION_CONTEXT('2D SPACE',''
  ) );
#11543 = PCURVE('',#5092,#11544);
#11544 = DEFINITIONAL_REPRESENTATION('',(#11545),#11548);
#11545 = B_SPLINE_CURVE_WITH_KNOTS('',1,(#11546,#11547),.UNSPECIFIED.,
  .F.,.F.,(2,2),(-5.54256258422,0.230940107676),
  .PIECEWISE_BEZIER_KNOTS.);
#11546 = CARTESIAN_POINT('',(11.2,8.775724091682));
#11547 = CARTESIAN_POINT('',(6.2,11.66247543763));
#11548 = ( GEOMETRIC_REPRESENTATION_CONTEXT(2) 
PARAMETRIC_REPRESENTATION_CONTEXT() REPRESENTATION_CONTEXT('2D SPACE',''
  ) );
#11549 = ORIENTED_EDGE('',*,*,#11550,.F.);
#11550 = EDGE_CURVE('',#3837,#11530,#11551,.T.);
#11551 = SURFACE_CURVE('',#11552,(#11556,#11563),.PCURVE_S1.);
#11552 = LINE('',#11553,#11554);
#11553 = CARTESIAN_POINT('',(11.2,8.775724091682,36.5));
#11554 = VECTOR('',#11555,1.);
#11555 = DIRECTION('',(0.,0.,1.));
#11556 = PCURVE('',#3875,#11557);
#11557 = DEFINITIONAL_REPRESENTATION('',(#11558),#11562);
#11558 = LINE('',#11559,#11560);
#11559 = CARTESIAN_POINT('',(5.773502691896,0.));
#11560 = VECTOR('',#11561,1.);
#11561 = DIRECTION('',(0.,-1.));
#11562 = ( GEOMETRIC_REPRESENTATION_CONTEXT(2) 
PARAMETRIC_REPRESENTATION_CONTEXT() REPRESENTATION_CONTEXT('2D SPACE',''
  ) );
#11563 = PCURVE('',#3851,#11564);
#11564 = DEFINITIONAL_REPRESENTATION('',(#11565),#11569);
#11565 = LINE('',#11566,#11567);
#11566 = CARTESIAN_POINT('',(0.,0.));
#11567 = VECTOR('',#11568,1.);
#11568 = DIRECTION('',(0.,-1.));
#11569 = ( GEOMETRIC_REPRESENTATION_CONTEXT(2) 
PARAMETRIC_REPRESENTATION_CONTEXT() REPRESENTATION_CONTEXT('2D SPACE',''
  ) );
#11570 = ADVANCED_FACE('',(#11571),#3773,.T.);
#11571 = FACE_BOUND('',#11572,.T.);
#11572 = EDGE_LOOP('',(#11573,#11574,#11597,#11616));
#11573 = ORIENTED_EDGE('',*,*,#3758,.T.);
#11574 = ORIENTED_EDGE('',*,*,#11575,.T.);
#11575 = EDGE_CURVE('',#3759,#11576,#11578,.T.);
#11576 = VERTEX_POINT('',#11577);
#11577 = CARTESIAN_POINT('',(11.2,20.322729475475,40.));
#11578 = SURFACE_CURVE('',#11579,(#11583,#11590),.PCURVE_S1.);
#11579 = LINE('',#11580,#11581);
#11580 = CARTESIAN_POINT('',(11.2,20.322729475475,36.5));
#11581 = VECTOR('',#11582,1.);
#11582 = DIRECTION('',(0.,0.,1.));
#11583 = PCURVE('',#3773,#11584);
#11584 = DEFINITIONAL_REPRESENTATION('',(#11585),#11589);
#11585 = LINE('',#11586,#11587);
#11586 = CARTESIAN_POINT('',(0.,0.));
#11587 = VECTOR('',#11588,1.);
#11588 = DIRECTION('',(0.,-1.));
#11589 = ( GEOMETRIC_REPRESENTATION_CONTEXT(2) 
PARAMETRIC_REPRESENTATION_CONTEXT() REPRESENTATION_CONTEXT('2D SPACE',''
  ) );
#11590 = PCURVE('',#3799,#11591);
#11591 = DEFINITIONAL_REPRESENTATION('',(#11592),#11596);
#11592 = LINE('',#11593,#11594);
#11593 = CARTESIAN_POINT('',(5.773502691896,0.));
#11594 = VECTOR('',#11595,1.);
#11595 = DIRECTION('',(0.,-1.));
#11596 = ( GEOMETRIC_REPRESENTATION_CONTEXT(2) 
PARAMETRIC_REPRESENTATION_CONTEXT() REPRESENTATION_CONTEXT('2D SPACE',''
  ) );
#11597 = ORIENTED_EDGE('',*,*,#11598,.F.);
#11598 = EDGE_CURVE('',#11460,#11576,#11599,.T.);
#11599 = SURFACE_CURVE('',#11600,(#11604,#11610),.PCURVE_S1.);
#11600 = LINE('',#11601,#11602);
#11601 = CARTESIAN_POINT('',(2.6,15.357517160444,40.));
#11602 = VECTOR('',#11603,1.);
#11603 = DIRECTION('',(0.866025403784,0.5,-0.));
#11604 = PCURVE('',#3773,#11605);
#11605 = DEFINITIONAL_REPRESENTATION('',(#11606),#11609);
#11606 = B_SPLINE_CURVE_WITH_KNOTS('',1,(#11607,#11608),.UNSPECIFIED.,
  .F.,.F.,(2,2),(4.156921938165,9.930424630062),
  .PIECEWISE_BEZIER_KNOTS.);
#11607 = CARTESIAN_POINT('',(5.773502691896,-3.5));
#11608 = CARTESIAN_POINT('',(0.,-3.5));
#11609 = ( GEOMETRIC_REPRESENTATION_CONTEXT(2) 
PARAMETRIC_REPRESENTATION_CONTEXT() REPRESENTATION_CONTEXT('2D SPACE',''
  ) );
#11610 = PCURVE('',#5092,#11611);
#11611 = DEFINITIONAL_REPRESENTATION('',(#11612),#11615);
#11612 = B_SPLINE_CURVE_WITH_KNOTS('',1,(#11613,#11614),.UNSPECIFIED.,
  .F.,.F.,(2,2),(4.156921938165,9.930424630062),
  .PIECEWISE_BEZIER_KNOTS.);
#11613 = CARTESIAN_POINT('',(6.2,17.435978129527));
#11614 = CARTESIAN_POINT('',(11.2,20.322729475475));
#11615 = ( GEOMETRIC_REPRESENTATION_CONTEXT(2) 
PARAMETRIC_REPRESENTATION_CONTEXT() REPRESENTATION_CONTEXT('2D SPACE',''
  ) );
#11616 = ORIENTED_EDGE('',*,*,#11459,.F.);
#11617 = ADVANCED_FACE('',(#11618),#3851,.T.);
#11618 = FACE_BOUND('',#11619,.T.);
#11619 = EDGE_LOOP('',(#11620,#11621,#11622,#11643));
#11620 = ORIENTED_EDGE('',*,*,#3836,.T.);
#11621 = ORIENTED_EDGE('',*,*,#11550,.T.);
#11622 = ORIENTED_EDGE('',*,*,#11623,.F.);
#11623 = EDGE_CURVE('',#11624,#11530,#11626,.T.);
#11624 = VERTEX_POINT('',#11625);
#11625 = CARTESIAN_POINT('',(16.2,11.66247543763,40.));
#11626 = SURFACE_CURVE('',#11627,(#11631,#11637),.PCURVE_S1.);
#11627 = LINE('',#11628,#11629);
#11628 = CARTESIAN_POINT('',(5.1,5.253887449626,40.));
#11629 = VECTOR('',#11630,1.);
#11630 = DIRECTION('',(-0.866025403784,-0.5,0.));
#11631 = PCURVE('',#3851,#11632);
#11632 = DEFINITIONAL_REPRESENTATION('',(#11633),#11636);
#11633 = B_SPLINE_CURVE_WITH_KNOTS('',1,(#11634,#11635),.UNSPECIFIED.,
  .F.,.F.,(2,2),(-12.81717597601,-7.043673284113),
  .PIECEWISE_BEZIER_KNOTS.);
#11634 = CARTESIAN_POINT('',(5.773502691896,-3.5));
#11635 = CARTESIAN_POINT('',(0.,-3.5));
#11636 = ( GEOMETRIC_REPRESENTATION_CONTEXT(2) 
PARAMETRIC_REPRESENTATION_CONTEXT() REPRESENTATION_CONTEXT('2D SPACE',''
  ) );
#11637 = PCURVE('',#5092,#11638);
#11638 = DEFINITIONAL_REPRESENTATION('',(#11639),#11642);
#11639 = B_SPLINE_CURVE_WITH_KNOTS('',1,(#11640,#11641),.UNSPECIFIED.,
  .F.,.F.,(2,2),(-12.81717597601,-7.043673284113),
  .PIECEWISE_BEZIER_KNOTS.);
#11640 = CARTESIAN_POINT('',(16.2,11.66247543763));
#11641 = CARTESIAN_POINT('',(11.2,8.775724091682));
#11642 = ( GEOMETRIC_REPRESENTATION_CONTEXT(2) 
PARAMETRIC_REPRESENTATION_CONTEXT() REPRESENTATION_CONTEXT('2D SPACE',''
  ) );
#11643 = ORIENTED_EDGE('',*,*,#11644,.F.);
#11644 = EDGE_CURVE('',#3811,#11624,#11645,.T.);
#11645 = SURFACE_CURVE('',#11646,(#11650,#11657),.PCURVE_S1.);
#11646 = LINE('',#11647,#11648);
#11647 = CARTESIAN_POINT('',(16.2,11.66247543763,36.5));
#11648 = VECTOR('',#11649,1.);
#11649 = DIRECTION('',(0.,0.,1.));
#11650 = PCURVE('',#3851,#11651);
#11651 = DEFINITIONAL_REPRESENTATION('',(#11652),#11656);
#11652 = LINE('',#11653,#11654);
#11653 = CARTESIAN_POINT('',(5.773502691896,0.));
#11654 = VECTOR('',#11655,1.);
#11655 = DIRECTION('',(0.,-1.));
#11656 = ( GEOMETRIC_REPRESENTATION_CONTEXT(2) 
PARAMETRIC_REPRESENTATION_CONTEXT() REPRESENTATION_CONTEXT('2D SPACE',''
  ) );
#11657 = PCURVE('',#3825,#11658);
#11658 = DEFINITIONAL_REPRESENTATION('',(#11659),#11663);
#11659 = LINE('',#11660,#11661);
#11660 = CARTESIAN_POINT('',(0.,0.));
#11661 = VECTOR('',#11662,1.);
#11662 = DIRECTION('',(0.,-1.));
#11663 = ( GEOMETRIC_REPRESENTATION_CONTEXT(2) 
PARAMETRIC_REPRESENTATION_CONTEXT() REPRESENTATION_CONTEXT('2D SPACE',''
  ) );
#11664 = ADVANCED_FACE('',(#11665),#3799,.T.);
#11665 = FACE_BOUND('',#11666,.T.);
#11666 = EDGE_LOOP('',(#11667,#11668,#11691,#11710));
#11667 = ORIENTED_EDGE('',*,*,#3784,.T.);
#11668 = ORIENTED_EDGE('',*,*,#11669,.T.);
#11669 = EDGE_CURVE('',#3785,#11670,#11672,.T.);
#11670 = VERTEX_POINT('',#11671);
#11671 = CARTESIAN_POINT('',(16.2,17.435978129527,40.));
#11672 = SURFACE_CURVE('',#11673,(#11677,#11684),.PCURVE_S1.);
#11673 = LINE('',#11674,#11675);
#11674 = CARTESIAN_POINT('',(16.2,17.435978129527,36.5));
#11675 = VECTOR('',#11676,1.);
#11676 = DIRECTION('',(0.,0.,1.));
#11677 = PCURVE('',#3799,#11678);
#11678 = DEFINITIONAL_REPRESENTATION('',(#11679),#11683);
#11679 = LINE('',#11680,#11681);
#11680 = CARTESIAN_POINT('',(0.,0.));
#11681 = VECTOR('',#11682,1.);
#11682 = DIRECTION('',(0.,-1.));
#11683 = ( GEOMETRIC_REPRESENTATION_CONTEXT(2) 
PARAMETRIC_REPRESENTATION_CONTEXT() REPRESENTATION_CONTEXT('2D SPACE',''
  ) );
#11684 = PCURVE('',#3825,#11685);
#11685 = DEFINITIONAL_REPRESENTATION('',(#11686),#11690);
#11686 = LINE('',#11687,#11688);
#11687 = CARTESIAN_POINT('',(5.773502691896,0.));
#11688 = VECTOR('',#11689,1.);
#11689 = DIRECTION('',(0.,-1.));
#11690 = ( GEOMETRIC_REPRESENTATION_CONTEXT(2) 
PARAMETRIC_REPRESENTATION_CONTEXT() REPRESENTATION_CONTEXT('2D SPACE',''
  ) );
#11691 = ORIENTED_EDGE('',*,*,#11692,.F.);
#11692 = EDGE_CURVE('',#11576,#11670,#11693,.T.);
#11693 = SURFACE_CURVE('',#11694,(#11698,#11704),.PCURVE_S1.);
#11694 = LINE('',#11695,#11696);
#11695 = CARTESIAN_POINT('',(13.9,18.763883748663,40.));
#11696 = VECTOR('',#11697,1.);
#11697 = DIRECTION('',(0.866025403784,-0.5,0.));
#11698 = PCURVE('',#3799,#11699);
#11699 = DEFINITIONAL_REPRESENTATION('',(#11700),#11703);
#11700 = B_SPLINE_CURVE_WITH_KNOTS('',1,(#11701,#11702),.UNSPECIFIED.,
  .F.,.F.,(2,2),(-3.117691453624,2.655811238272),
  .PIECEWISE_BEZIER_KNOTS.);
#11701 = CARTESIAN_POINT('',(5.773502691896,-3.5));
#11702 = CARTESIAN_POINT('',(0.,-3.5));
#11703 = ( GEOMETRIC_REPRESENTATION_CONTEXT(2) 
PARAMETRIC_REPRESENTATION_CONTEXT() REPRESENTATION_CONTEXT('2D SPACE',''
  ) );
#11704 = PCURVE('',#5092,#11705);
#11705 = DEFINITIONAL_REPRESENTATION('',(#11706),#11709);
#11706 = B_SPLINE_CURVE_WITH_KNOTS('',1,(#11707,#11708),.UNSPECIFIED.,
  .F.,.F.,(2,2),(-3.117691453624,2.655811238272),
  .PIECEWISE_BEZIER_KNOTS.);
#11707 = CARTESIAN_POINT('',(11.2,20.322729475475));
#11708 = CARTESIAN_POINT('',(16.2,17.435978129527));
#11709 = ( GEOMETRIC_REPRESENTATION_CONTEXT(2) 
PARAMETRIC_REPRESENTATION_CONTEXT() REPRESENTATION_CONTEXT('2D SPACE',''
  ) );
#11710 = ORIENTED_EDGE('',*,*,#11575,.F.);
#11711 = ADVANCED_FACE('',(#11712),#3825,.T.);
#11712 = FACE_BOUND('',#11713,.T.);
#11713 = EDGE_LOOP('',(#11714,#11715,#11716,#11735));
#11714 = ORIENTED_EDGE('',*,*,#3810,.T.);
#11715 = ORIENTED_EDGE('',*,*,#11644,.T.);
#11716 = ORIENTED_EDGE('',*,*,#11717,.F.);
#11717 = EDGE_CURVE('',#11670,#11624,#11718,.T.);
#11718 = SURFACE_CURVE('',#11719,(#11723,#11729),.PCURVE_S1.);
#11719 = LINE('',#11720,#11721);
#11720 = CARTESIAN_POINT('',(16.2,5.831237718815,40.));
#11721 = VECTOR('',#11722,1.);
#11722 = DIRECTION('',(-1.538370149107E-16,-1.,0.));
#11723 = PCURVE('',#3825,#11724);
#11724 = DEFINITIONAL_REPRESENTATION('',(#11725),#11728);
#11725 = B_SPLINE_CURVE_WITH_KNOTS('',1,(#11726,#11727),.UNSPECIFIED.,
  .F.,.F.,(2,2),(-11.60474041071,-5.831237718815),
  .PIECEWISE_BEZIER_KNOTS.);
#11726 = CARTESIAN_POINT('',(5.773502691896,-3.5));
#11727 = CARTESIAN_POINT('',(0.,-3.5));
#11728 = ( GEOMETRIC_REPRESENTATION_CONTEXT(2) 
PARAMETRIC_REPRESENTATION_CONTEXT() REPRESENTATION_CONTEXT('2D SPACE',''
  ) );
#11729 = PCURVE('',#5092,#11730);
#11730 = DEFINITIONAL_REPRESENTATION('',(#11731),#11734);
#11731 = B_SPLINE_CURVE_WITH_KNOTS('',1,(#11732,#11733),.UNSPECIFIED.,
  .F.,.F.,(2,2),(-11.60474041071,-5.831237718815),
  .PIECEWISE_BEZIER_KNOTS.);
#11732 = CARTESIAN_POINT('',(16.2,17.435978129527));
#11733 = CARTESIAN_POINT('',(16.2,11.66247543763));
#11734 = ( GEOMETRIC_REPRESENTATION_CONTEXT(2) 
PARAMETRIC_REPRESENTATION_CONTEXT() REPRESENTATION_CONTEXT('2D SPACE',''
  ) );
#11735 = ORIENTED_EDGE('',*,*,#11669,.F.);
#11736 = ADVANCED_FACE('',(#11737),#3905,.T.);
#11737 = FACE_BOUND('',#11738,.T.);
#11738 = EDGE_LOOP('',(#11739,#11740,#11763,#11784));
#11739 = ORIENTED_EDGE('',*,*,#3888,.T.);
#11740 = ORIENTED_EDGE('',*,*,#11741,.T.);
#11741 = EDGE_CURVE('',#3891,#11742,#11744,.T.);
#11742 = VERTEX_POINT('',#11743);
#11743 = CARTESIAN_POINT('',(11.8,7.736493607141,40.));
#11744 = SURFACE_CURVE('',#11745,(#11749,#11756),.PCURVE_S1.);
#11745 = LINE('',#11746,#11747);
#11746 = CARTESIAN_POINT('',(11.8,7.736493607141,36.5));
#11747 = VECTOR('',#11748,1.);
#11748 = DIRECTION('',(0.,0.,1.));
#11749 = PCURVE('',#3905,#11750);
#11750 = DEFINITIONAL_REPRESENTATION('',(#11751),#11755);
#11751 = LINE('',#11752,#11753);
#11752 = CARTESIAN_POINT('',(0.,0.));
#11753 = VECTOR('',#11754,1.);
#11754 = DIRECTION('',(0.,-1.));
#11755 = ( GEOMETRIC_REPRESENTATION_CONTEXT(2) 
PARAMETRIC_REPRESENTATION_CONTEXT() REPRESENTATION_CONTEXT('2D SPACE',''
  ) );
#11756 = PCURVE('',#3931,#11757);
#11757 = DEFINITIONAL_REPRESENTATION('',(#11758),#11762);
#11758 = LINE('',#11759,#11760);
#11759 = CARTESIAN_POINT('',(5.773502691896,0.));
#11760 = VECTOR('',#11761,1.);
#11761 = DIRECTION('',(0.,-1.));
#11762 = ( GEOMETRIC_REPRESENTATION_CONTEXT(2) 
PARAMETRIC_REPRESENTATION_CONTEXT() REPRESENTATION_CONTEXT('2D SPACE',''
  ) );
#11763 = ORIENTED_EDGE('',*,*,#11764,.F.);
#11764 = EDGE_CURVE('',#11765,#11742,#11767,.T.);
#11765 = VERTEX_POINT('',#11766);
#11766 = CARTESIAN_POINT('',(11.8,1.962990915245,40.));
#11767 = SURFACE_CURVE('',#11768,(#11772,#11778),.PCURVE_S1.);
#11768 = LINE('',#11769,#11770);
#11769 = CARTESIAN_POINT('',(11.8,3.86824680357,40.));
#11770 = VECTOR('',#11771,1.);
#11771 = DIRECTION('',(4.615110447321E-16,1.,-0.));
#11772 = PCURVE('',#3905,#11773);
#11773 = DEFINITIONAL_REPRESENTATION('',(#11774),#11777);
#11774 = B_SPLINE_CURVE_WITH_KNOTS('',1,(#11775,#11776),.UNSPECIFIED.,
  .F.,.F.,(2,2),(-1.905255888326,3.86824680357),
  .PIECEWISE_BEZIER_KNOTS.);
#11775 = CARTESIAN_POINT('',(5.773502691896,-3.5));
#11776 = CARTESIAN_POINT('',(0.,-3.5));
#11777 = ( GEOMETRIC_REPRESENTATION_CONTEXT(2) 
PARAMETRIC_REPRESENTATION_CONTEXT() REPRESENTATION_CONTEXT('2D SPACE',''
  ) );
#11778 = PCURVE('',#5092,#11779);
#11779 = DEFINITIONAL_REPRESENTATION('',(#11780),#11783);
#11780 = B_SPLINE_CURVE_WITH_KNOTS('',1,(#11781,#11782),.UNSPECIFIED.,
  .F.,.F.,(2,2),(-1.905255888326,3.86824680357),
  .PIECEWISE_BEZIER_KNOTS.);
#11781 = CARTESIAN_POINT('',(11.8,1.962990915245));
#11782 = CARTESIAN_POINT('',(11.8,7.736493607141));
#11783 = ( GEOMETRIC_REPRESENTATION_CONTEXT(2) 
PARAMETRIC_REPRESENTATION_CONTEXT() REPRESENTATION_CONTEXT('2D SPACE',''
  ) );
#11784 = ORIENTED_EDGE('',*,*,#11785,.F.);
#11785 = EDGE_CURVE('',#3889,#11765,#11786,.T.);
#11786 = SURFACE_CURVE('',#11787,(#11791,#11798),.PCURVE_S1.);
#11787 = LINE('',#11788,#11789);
#11788 = CARTESIAN_POINT('',(11.8,1.962990915245,36.5));
#11789 = VECTOR('',#11790,1.);
#11790 = DIRECTION('',(0.,0.,1.));
#11791 = PCURVE('',#3905,#11792);
#11792 = DEFINITIONAL_REPRESENTATION('',(#11793),#11797);
#11793 = LINE('',#11794,#11795);
#11794 = CARTESIAN_POINT('',(5.773502691896,0.));
#11795 = VECTOR('',#11796,1.);
#11796 = DIRECTION('',(0.,-1.));
#11797 = ( GEOMETRIC_REPRESENTATION_CONTEXT(2) 
PARAMETRIC_REPRESENTATION_CONTEXT() REPRESENTATION_CONTEXT('2D SPACE',''
  ) );
#11798 = PCURVE('',#4033,#11799);
#11799 = DEFINITIONAL_REPRESENTATION('',(#11800),#11804);
#11800 = LINE('',#11801,#11802);
#11801 = CARTESIAN_POINT('',(0.,0.));
#11802 = VECTOR('',#11803,1.);
#11803 = DIRECTION('',(0.,-1.));
#11804 = ( GEOMETRIC_REPRESENTATION_CONTEXT(2) 
PARAMETRIC_REPRESENTATION_CONTEXT() REPRESENTATION_CONTEXT('2D SPACE',''
  ) );
#11805 = ADVANCED_FACE('',(#11806),#4033,.T.);
#11806 = FACE_BOUND('',#11807,.T.);
#11807 = EDGE_LOOP('',(#11808,#11809,#11810,#11831));
#11808 = ORIENTED_EDGE('',*,*,#4020,.T.);
#11809 = ORIENTED_EDGE('',*,*,#11785,.T.);
#11810 = ORIENTED_EDGE('',*,*,#11811,.F.);
#11811 = EDGE_CURVE('',#11812,#11765,#11814,.T.);
#11812 = VERTEX_POINT('',#11813);
#11813 = CARTESIAN_POINT('',(16.8,-0.923760430703,40.));
#11814 = SURFACE_CURVE('',#11815,(#11819,#11825),.PCURVE_S1.);
#11815 = LINE('',#11816,#11817);
#11816 = CARTESIAN_POINT('',(7.8,4.272391992003,40.));
#11817 = VECTOR('',#11818,1.);
#11818 = DIRECTION('',(-0.866025403784,0.5,0.));
#11819 = PCURVE('',#4033,#11820);
#11820 = DEFINITIONAL_REPRESENTATION('',(#11821),#11824);
#11821 = B_SPLINE_CURVE_WITH_KNOTS('',1,(#11822,#11823),.UNSPECIFIED.,
  .F.,.F.,(2,2),(-10.39230484541,-4.618802153517),
  .PIECEWISE_BEZIER_KNOTS.);
#11822 = CARTESIAN_POINT('',(5.773502691896,-3.5));
#11823 = CARTESIAN_POINT('',(0.,-3.5));
#11824 = ( GEOMETRIC_REPRESENTATION_CONTEXT(2) 
PARAMETRIC_REPRESENTATION_CONTEXT() REPRESENTATION_CONTEXT('2D SPACE',''
  ) );
#11825 = PCURVE('',#5092,#11826);
#11826 = DEFINITIONAL_REPRESENTATION('',(#11827),#11830);
#11827 = B_SPLINE_CURVE_WITH_KNOTS('',1,(#11828,#11829),.UNSPECIFIED.,
  .F.,.F.,(2,2),(-10.39230484541,-4.618802153517),
  .PIECEWISE_BEZIER_KNOTS.);
#11828 = CARTESIAN_POINT('',(16.8,-0.923760430703));
#11829 = CARTESIAN_POINT('',(11.8,1.962990915245));
#11830 = ( GEOMETRIC_REPRESENTATION_CONTEXT(2) 
PARAMETRIC_REPRESENTATION_CONTEXT() REPRESENTATION_CONTEXT('2D SPACE',''
  ) );
#11831 = ORIENTED_EDGE('',*,*,#11832,.F.);
#11832 = EDGE_CURVE('',#3995,#11812,#11833,.T.);
#11833 = SURFACE_CURVE('',#11834,(#11838,#11845),.PCURVE_S1.);
#11834 = LINE('',#11835,#11836);
#11835 = CARTESIAN_POINT('',(16.8,-0.923760430703,36.5));
#11836 = VECTOR('',#11837,1.);
#11837 = DIRECTION('',(0.,0.,1.));
#11838 = PCURVE('',#4033,#11839);
#11839 = DEFINITIONAL_REPRESENTATION('',(#11840),#11844);
#11840 = LINE('',#11841,#11842);
#11841 = CARTESIAN_POINT('',(5.773502691896,0.));
#11842 = VECTOR('',#11843,1.);
#11843 = DIRECTION('',(0.,-1.));
#11844 = ( GEOMETRIC_REPRESENTATION_CONTEXT(2) 
PARAMETRIC_REPRESENTATION_CONTEXT() REPRESENTATION_CONTEXT('2D SPACE',''
  ) );
#11845 = PCURVE('',#4009,#11846);
#11846 = DEFINITIONAL_REPRESENTATION('',(#11847),#11851);
#11847 = LINE('',#11848,#11849);
#11848 = CARTESIAN_POINT('',(0.,0.));
#11849 = VECTOR('',#11850,1.);
#11850 = DIRECTION('',(0.,-1.));
#11851 = ( GEOMETRIC_REPRESENTATION_CONTEXT(2) 
PARAMETRIC_REPRESENTATION_CONTEXT() REPRESENTATION_CONTEXT('2D SPACE',''
  ) );
#11852 = ADVANCED_FACE('',(#11853),#3931,.T.);
#11853 = FACE_BOUND('',#11854,.T.);
#11854 = EDGE_LOOP('',(#11855,#11856,#11879,#11898));
#11855 = ORIENTED_EDGE('',*,*,#3916,.T.);
#11856 = ORIENTED_EDGE('',*,*,#11857,.T.);
#11857 = EDGE_CURVE('',#3917,#11858,#11860,.T.);
#11858 = VERTEX_POINT('',#11859);
#11859 = CARTESIAN_POINT('',(16.8,10.623244953089,40.));
#11860 = SURFACE_CURVE('',#11861,(#11865,#11872),.PCURVE_S1.);
#11861 = LINE('',#11862,#11863);
#11862 = CARTESIAN_POINT('',(16.8,10.623244953089,36.5));
#11863 = VECTOR('',#11864,1.);
#11864 = DIRECTION('',(0.,0.,1.));
#11865 = PCURVE('',#3931,#11866);
#11866 = DEFINITIONAL_REPRESENTATION('',(#11867),#11871);
#11867 = LINE('',#11868,#11869);
#11868 = CARTESIAN_POINT('',(0.,0.));
#11869 = VECTOR('',#11870,1.);
#11870 = DIRECTION('',(0.,-1.));
#11871 = ( GEOMETRIC_REPRESENTATION_CONTEXT(2) 
PARAMETRIC_REPRESENTATION_CONTEXT() REPRESENTATION_CONTEXT('2D SPACE',''
  ) );
#11872 = PCURVE('',#3957,#11873);
#11873 = DEFINITIONAL_REPRESENTATION('',(#11874),#11878);
#11874 = LINE('',#11875,#11876);
#11875 = CARTESIAN_POINT('',(5.773502691896,0.));
#11876 = VECTOR('',#11877,1.);
#11877 = DIRECTION('',(0.,-1.));
#11878 = ( GEOMETRIC_REPRESENTATION_CONTEXT(2) 
PARAMETRIC_REPRESENTATION_CONTEXT() REPRESENTATION_CONTEXT('2D SPACE',''
  ) );
#11879 = ORIENTED_EDGE('',*,*,#11880,.F.);
#11880 = EDGE_CURVE('',#11742,#11858,#11881,.T.);
#11881 = SURFACE_CURVE('',#11882,(#11886,#11892),.PCURVE_S1.);
#11882 = LINE('',#11883,#11884);
#11883 = CARTESIAN_POINT('',(8.2,5.658032638058,40.));
#11884 = VECTOR('',#11885,1.);
#11885 = DIRECTION('',(0.866025403784,0.5,-0.));
#11886 = PCURVE('',#3931,#11887);
#11887 = DEFINITIONAL_REPRESENTATION('',(#11888),#11891);
#11888 = B_SPLINE_CURVE_WITH_KNOTS('',1,(#11889,#11890),.UNSPECIFIED.,
  .F.,.F.,(2,2),(4.156921938165,9.930424630062),
  .PIECEWISE_BEZIER_KNOTS.);
#11889 = CARTESIAN_POINT('',(5.773502691896,-3.5));
#11890 = CARTESIAN_POINT('',(0.,-3.5));
#11891 = ( GEOMETRIC_REPRESENTATION_CONTEXT(2) 
PARAMETRIC_REPRESENTATION_CONTEXT() REPRESENTATION_CONTEXT('2D SPACE',''
  ) );
#11892 = PCURVE('',#5092,#11893);
#11893 = DEFINITIONAL_REPRESENTATION('',(#11894),#11897);
#11894 = B_SPLINE_CURVE_WITH_KNOTS('',1,(#11895,#11896),.UNSPECIFIED.,
  .F.,.F.,(2,2),(4.156921938165,9.930424630062),
  .PIECEWISE_BEZIER_KNOTS.);
#11895 = CARTESIAN_POINT('',(11.8,7.736493607141));
#11896 = CARTESIAN_POINT('',(16.8,10.623244953089));
#11897 = ( GEOMETRIC_REPRESENTATION_CONTEXT(2) 
PARAMETRIC_REPRESENTATION_CONTEXT() REPRESENTATION_CONTEXT('2D SPACE',''
  ) );
#11898 = ORIENTED_EDGE('',*,*,#11741,.F.);
#11899 = ADVANCED_FACE('',(#11900),#4009,.T.);
#11900 = FACE_BOUND('',#11901,.T.);
#11901 = EDGE_LOOP('',(#11902,#11903,#11904,#11925));
#11902 = ORIENTED_EDGE('',*,*,#3994,.T.);
#11903 = ORIENTED_EDGE('',*,*,#11832,.T.);
#11904 = ORIENTED_EDGE('',*,*,#11905,.F.);
#11905 = EDGE_CURVE('',#11906,#11812,#11908,.T.);
#11906 = VERTEX_POINT('',#11907);
#11907 = CARTESIAN_POINT('',(21.8,1.962990915245,40.));
#11908 = SURFACE_CURVE('',#11909,(#11913,#11919),.PCURVE_S1.);
#11909 = LINE('',#11910,#11911);
#11910 = CARTESIAN_POINT('',(10.7,-4.44559707276,40.));
#11911 = VECTOR('',#11912,1.);
#11912 = DIRECTION('',(-0.866025403784,-0.5,0.));
#11913 = PCURVE('',#4009,#11914);
#11914 = DEFINITIONAL_REPRESENTATION('',(#11915),#11918);
#11915 = B_SPLINE_CURVE_WITH_KNOTS('',1,(#11916,#11917),.UNSPECIFIED.,
  .F.,.F.,(2,2),(-12.81717597601,-7.043673284113),
  .PIECEWISE_BEZIER_KNOTS.);
#11916 = CARTESIAN_POINT('',(5.773502691896,-3.5));
#11917 = CARTESIAN_POINT('',(0.,-3.5));
#11918 = ( GEOMETRIC_REPRESENTATION_CONTEXT(2) 
PARAMETRIC_REPRESENTATION_CONTEXT() REPRESENTATION_CONTEXT('2D SPACE',''
  ) );
#11919 = PCURVE('',#5092,#11920);
#11920 = DEFINITIONAL_REPRESENTATION('',(#11921),#11924);
#11921 = B_SPLINE_CURVE_WITH_KNOTS('',1,(#11922,#11923),.UNSPECIFIED.,
  .F.,.F.,(2,2),(-12.81717597601,-7.043673284113),
  .PIECEWISE_BEZIER_KNOTS.);
#11922 = CARTESIAN_POINT('',(21.8,1.962990915245));
#11923 = CARTESIAN_POINT('',(16.8,-0.923760430703));
#11924 = ( GEOMETRIC_REPRESENTATION_CONTEXT(2) 
PARAMETRIC_REPRESENTATION_CONTEXT() REPRESENTATION_CONTEXT('2D SPACE',''
  ) );
#11925 = ORIENTED_EDGE('',*,*,#11926,.F.);
#11926 = EDGE_CURVE('',#3969,#11906,#11927,.T.);
#11927 = SURFACE_CURVE('',#11928,(#11932,#11939),.PCURVE_S1.);
#11928 = LINE('',#11929,#11930);
#11929 = CARTESIAN_POINT('',(21.8,1.962990915245,36.5));
#11930 = VECTOR('',#11931,1.);
#11931 = DIRECTION('',(0.,0.,1.));
#11932 = PCURVE('',#4009,#11933);
#11933 = DEFINITIONAL_REPRESENTATION('',(#11934),#11938);
#11934 = LINE('',#11935,#11936);
#11935 = CARTESIAN_POINT('',(5.773502691896,0.));
#11936 = VECTOR('',#11937,1.);
#11937 = DIRECTION('',(0.,-1.));
#11938 = ( GEOMETRIC_REPRESENTATION_CONTEXT(2) 
PARAMETRIC_REPRESENTATION_CONTEXT() REPRESENTATION_CONTEXT('2D SPACE',''
  ) );
#11939 = PCURVE('',#3983,#11940);
#11940 = DEFINITIONAL_REPRESENTATION('',(#11941),#11945);
#11941 = LINE('',#11942,#11943);
#11942 = CARTESIAN_POINT('',(0.,0.));
#11943 = VECTOR('',#11944,1.);
#11944 = DIRECTION('',(0.,-1.));
#11945 = ( GEOMETRIC_REPRESENTATION_CONTEXT(2) 
PARAMETRIC_REPRESENTATION_CONTEXT() REPRESENTATION_CONTEXT('2D SPACE',''
  ) );
#11946 = ADVANCED_FACE('',(#11947),#3957,.T.);
#11947 = FACE_BOUND('',#11948,.T.);
#11948 = EDGE_LOOP('',(#11949,#11950,#11973,#11992));
#11949 = ORIENTED_EDGE('',*,*,#3942,.T.);
#11950 = ORIENTED_EDGE('',*,*,#11951,.T.);
#11951 = EDGE_CURVE('',#3943,#11952,#11954,.T.);
#11952 = VERTEX_POINT('',#11953);
#11953 = CARTESIAN_POINT('',(21.8,7.736493607141,40.));
#11954 = SURFACE_CURVE('',#11955,(#11959,#11966),.PCURVE_S1.);
#11955 = LINE('',#11956,#11957);
#11956 = CARTESIAN_POINT('',(21.8,7.736493607141,36.5));
#11957 = VECTOR('',#11958,1.);
#11958 = DIRECTION('',(0.,0.,1.));
#11959 = PCURVE('',#3957,#11960);
#11960 = DEFINITIONAL_REPRESENTATION('',(#11961),#11965);
#11961 = LINE('',#11962,#11963);
#11962 = CARTESIAN_POINT('',(0.,0.));
#11963 = VECTOR('',#11964,1.);
#11964 = DIRECTION('',(0.,-1.));
#11965 = ( GEOMETRIC_REPRESENTATION_CONTEXT(2) 
PARAMETRIC_REPRESENTATION_CONTEXT() REPRESENTATION_CONTEXT('2D SPACE',''
  ) );
#11966 = PCURVE('',#3983,#11967);
#11967 = DEFINITIONAL_REPRESENTATION('',(#11968),#11972);
#11968 = LINE('',#11969,#11970);
#11969 = CARTESIAN_POINT('',(5.773502691896,0.));
#11970 = VECTOR('',#11971,1.);
#11971 = DIRECTION('',(0.,-1.));
#11972 = ( GEOMETRIC_REPRESENTATION_CONTEXT(2) 
PARAMETRIC_REPRESENTATION_CONTEXT() REPRESENTATION_CONTEXT('2D SPACE',''
  ) );
#11973 = ORIENTED_EDGE('',*,*,#11974,.F.);
#11974 = EDGE_CURVE('',#11858,#11952,#11975,.T.);
#11975 = SURFACE_CURVE('',#11976,(#11980,#11986),.PCURVE_S1.);
#11976 = LINE('',#11977,#11978);
#11977 = CARTESIAN_POINT('',(15.3,11.489270356874,40.));
#11978 = VECTOR('',#11979,1.);
#11979 = DIRECTION('',(0.866025403784,-0.5,0.));
#11980 = PCURVE('',#3957,#11981);
#11981 = DEFINITIONAL_REPRESENTATION('',(#11982),#11985);
#11982 = B_SPLINE_CURVE_WITH_KNOTS('',1,(#11983,#11984),.UNSPECIFIED.,
  .F.,.F.,(2,2),(1.732050807569,7.505553499465),
  .PIECEWISE_BEZIER_KNOTS.);
#11983 = CARTESIAN_POINT('',(5.773502691896,-3.5));
#11984 = CARTESIAN_POINT('',(0.,-3.5));
#11985 = ( GEOMETRIC_REPRESENTATION_CONTEXT(2) 
PARAMETRIC_REPRESENTATION_CONTEXT() REPRESENTATION_CONTEXT('2D SPACE',''
  ) );
#11986 = PCURVE('',#5092,#11987);
#11987 = DEFINITIONAL_REPRESENTATION('',(#11988),#11991);
#11988 = B_SPLINE_CURVE_WITH_KNOTS('',1,(#11989,#11990),.UNSPECIFIED.,
  .F.,.F.,(2,2),(1.732050807569,7.505553499465),
  .PIECEWISE_BEZIER_KNOTS.);
#11989 = CARTESIAN_POINT('',(16.8,10.623244953089));
#11990 = CARTESIAN_POINT('',(21.8,7.736493607141));
#11991 = ( GEOMETRIC_REPRESENTATION_CONTEXT(2) 
PARAMETRIC_REPRESENTATION_CONTEXT() REPRESENTATION_CONTEXT('2D SPACE',''
  ) );
#11992 = ORIENTED_EDGE('',*,*,#11857,.F.);
#11993 = ADVANCED_FACE('',(#11994),#3983,.T.);
#11994 = FACE_BOUND('',#11995,.T.);
#11995 = EDGE_LOOP('',(#11996,#11997,#11998,#12017));
#11996 = ORIENTED_EDGE('',*,*,#3968,.T.);
#11997 = ORIENTED_EDGE('',*,*,#11926,.T.);
#11998 = ORIENTED_EDGE('',*,*,#11999,.F.);
#11999 = EDGE_CURVE('',#11952,#11906,#12000,.T.);
#12000 = SURFACE_CURVE('',#12001,(#12005,#12011),.PCURVE_S1.);
#12001 = LINE('',#12002,#12003);
#12002 = CARTESIAN_POINT('',(21.8,0.981495457622,40.));
#12003 = VECTOR('',#12004,1.);
#12004 = DIRECTION('',(-1.538370149107E-16,-1.,0.));
#12005 = PCURVE('',#3983,#12006);
#12006 = DEFINITIONAL_REPRESENTATION('',(#12007),#12010);
#12007 = B_SPLINE_CURVE_WITH_KNOTS('',1,(#12008,#12009),.UNSPECIFIED.,
  .F.,.F.,(2,2),(-6.754998149519,-0.981495457622),
  .PIECEWISE_BEZIER_KNOTS.);
#12008 = CARTESIAN_POINT('',(5.773502691896,-3.5));
#12009 = CARTESIAN_POINT('',(0.,-3.5));
#12010 = ( GEOMETRIC_REPRESENTATION_CONTEXT(2) 
PARAMETRIC_REPRESENTATION_CONTEXT() REPRESENTATION_CONTEXT('2D SPACE',''
  ) );
#12011 = PCURVE('',#5092,#12012);
#12012 = DEFINITIONAL_REPRESENTATION('',(#12013),#12016);
#12013 = B_SPLINE_CURVE_WITH_KNOTS('',1,(#12014,#12015),.UNSPECIFIED.,
  .F.,.F.,(2,2),(-6.754998149519,-0.981495457622),
  .PIECEWISE_BEZIER_KNOTS.);
#12014 = CARTESIAN_POINT('',(21.8,7.736493607141));
#12015 = CARTESIAN_POINT('',(21.8,1.962990915245));
#12016 = ( GEOMETRIC_REPRESENTATION_CONTEXT(2) 
PARAMETRIC_REPRESENTATION_CONTEXT() REPRESENTATION_CONTEXT('2D SPACE',''
  ) );
#12017 = ORIENTED_EDGE('',*,*,#11951,.F.);
#12018 = ADVANCED_FACE('',(#12019),#4063,.T.);
#12019 = FACE_BOUND('',#12020,.T.);
#12020 = EDGE_LOOP('',(#12021,#12022,#12045,#12066));
#12021 = ORIENTED_EDGE('',*,*,#4046,.T.);
#12022 = ORIENTED_EDGE('',*,*,#12023,.T.);
#12023 = EDGE_CURVE('',#4049,#12024,#12026,.T.);
#12024 = VERTEX_POINT('',#12025);
#12025 = CARTESIAN_POINT('',(0.6,27.135462651912,40.));
#12026 = SURFACE_CURVE('',#12027,(#12031,#12038),.PCURVE_S1.);
#12027 = LINE('',#12028,#12029);
#12028 = CARTESIAN_POINT('',(0.6,27.135462651912,36.5));
#12029 = VECTOR('',#12030,1.);
#12030 = DIRECTION('',(0.,0.,1.));
#12031 = PCURVE('',#4063,#12032);
#12032 = DEFINITIONAL_REPRESENTATION('',(#12033),#12037);
#12033 = LINE('',#12034,#12035);
#12034 = CARTESIAN_POINT('',(0.,0.));
#12035 = VECTOR('',#12036,1.);
#12036 = DIRECTION('',(0.,-1.));
#12037 = ( GEOMETRIC_REPRESENTATION_CONTEXT(2) 
PARAMETRIC_REPRESENTATION_CONTEXT() REPRESENTATION_CONTEXT('2D SPACE',''
  ) );
#12038 = PCURVE('',#4089,#12039);
#12039 = DEFINITIONAL_REPRESENTATION('',(#12040),#12044);
#12040 = LINE('',#12041,#12042);
#12041 = CARTESIAN_POINT('',(5.773502691896,0.));
#12042 = VECTOR('',#12043,1.);
#12043 = DIRECTION('',(0.,-1.));
#12044 = ( GEOMETRIC_REPRESENTATION_CONTEXT(2) 
PARAMETRIC_REPRESENTATION_CONTEXT() REPRESENTATION_CONTEXT('2D SPACE',''
  ) );
#12045 = ORIENTED_EDGE('',*,*,#12046,.F.);
#12046 = EDGE_CURVE('',#12047,#12024,#12049,.T.);
#12047 = VERTEX_POINT('',#12048);
#12048 = CARTESIAN_POINT('',(0.6,21.361959960016,40.));
#12049 = SURFACE_CURVE('',#12050,(#12054,#12060),.PCURVE_S1.);
#12050 = LINE('',#12051,#12052);
#12051 = CARTESIAN_POINT('',(0.6,13.567731325956,40.));
#12052 = VECTOR('',#12053,1.);
#12053 = DIRECTION('',(4.615110447321E-16,1.,-0.));
#12054 = PCURVE('',#4063,#12055);
#12055 = DEFINITIONAL_REPRESENTATION('',(#12056),#12059);
#12056 = B_SPLINE_CURVE_WITH_KNOTS('',1,(#12057,#12058),.UNSPECIFIED.,
  .F.,.F.,(2,2),(7.79422863406,13.567731325956),
  .PIECEWISE_BEZIER_KNOTS.);
#12057 = CARTESIAN_POINT('',(5.773502691896,-3.5));
#12058 = CARTESIAN_POINT('',(0.,-3.5));
#12059 = ( GEOMETRIC_REPRESENTATION_CONTEXT(2) 
PARAMETRIC_REPRESENTATION_CONTEXT() REPRESENTATION_CONTEXT('2D SPACE',''
  ) );
#12060 = PCURVE('',#5092,#12061);
#12061 = DEFINITIONAL_REPRESENTATION('',(#12062),#12065);
#12062 = B_SPLINE_CURVE_WITH_KNOTS('',1,(#12063,#12064),.UNSPECIFIED.,
  .F.,.F.,(2,2),(7.79422863406,13.567731325956),
  .PIECEWISE_BEZIER_KNOTS.);
#12063 = CARTESIAN_POINT('',(0.6,21.361959960016));
#12064 = CARTESIAN_POINT('',(0.6,27.135462651912));
#12065 = ( GEOMETRIC_REPRESENTATION_CONTEXT(2) 
PARAMETRIC_REPRESENTATION_CONTEXT() REPRESENTATION_CONTEXT('2D SPACE',''
  ) );
#12066 = ORIENTED_EDGE('',*,*,#12067,.F.);
#12067 = EDGE_CURVE('',#4047,#12047,#12068,.T.);
#12068 = SURFACE_CURVE('',#12069,(#12073,#12080),.PCURVE_S1.);
#12069 = LINE('',#12070,#12071);
#12070 = CARTESIAN_POINT('',(0.6,21.361959960016,36.5));
#12071 = VECTOR('',#12072,1.);
#12072 = DIRECTION('',(0.,0.,1.));
#12073 = PCURVE('',#4063,#12074);
#12074 = DEFINITIONAL_REPRESENTATION('',(#12075),#12079);
#12075 = LINE('',#12076,#12077);
#12076 = CARTESIAN_POINT('',(5.773502691896,0.));
#12077 = VECTOR('',#12078,1.);
#12078 = DIRECTION('',(0.,-1.));
#12079 = ( GEOMETRIC_REPRESENTATION_CONTEXT(2) 
PARAMETRIC_REPRESENTATION_CONTEXT() REPRESENTATION_CONTEXT('2D SPACE',''
  ) );
#12080 = PCURVE('',#4191,#12081);
#12081 = DEFINITIONAL_REPRESENTATION('',(#12082),#12086);
#12082 = LINE('',#12083,#12084);
#12083 = CARTESIAN_POINT('',(0.,0.));
#12084 = VECTOR('',#12085,1.);
#12085 = DIRECTION('',(0.,-1.));
#12086 = ( GEOMETRIC_REPRESENTATION_CONTEXT(2) 
PARAMETRIC_REPRESENTATION_CONTEXT() REPRESENTATION_CONTEXT('2D SPACE',''
  ) );
#12087 = ADVANCED_FACE('',(#12088),#4191,.T.);
#12088 = FACE_BOUND('',#12089,.T.);
#12089 = EDGE_LOOP('',(#12090,#12091,#12092,#12113));
#12090 = ORIENTED_EDGE('',*,*,#4178,.T.);
#12091 = ORIENTED_EDGE('',*,*,#12067,.T.);
#12092 = ORIENTED_EDGE('',*,*,#12093,.F.);
#12093 = EDGE_CURVE('',#12094,#12047,#12096,.T.);
#12094 = VERTEX_POINT('',#12095);
#12095 = CARTESIAN_POINT('',(5.6,18.475208614068,40.));
#12096 = SURFACE_CURVE('',#12097,(#12101,#12107),.PCURVE_S1.);
#12097 = LINE('',#12098,#12099);
#12098 = CARTESIAN_POINT('',(5.,18.821618775582,40.));
#12099 = VECTOR('',#12100,1.);
#12100 = DIRECTION('',(-0.866025403784,0.5,0.));
#12101 = PCURVE('',#4191,#12102);
#12102 = DEFINITIONAL_REPRESENTATION('',(#12103),#12106);
#12103 = B_SPLINE_CURVE_WITH_KNOTS('',1,(#12104,#12105),.UNSPECIFIED.,
  .F.,.F.,(2,2),(-0.692820323028,5.080682368869),
  .PIECEWISE_BEZIER_KNOTS.);
#12104 = CARTESIAN_POINT('',(5.773502691896,-3.5));
#12105 = CARTESIAN_POINT('',(0.,-3.5));
#12106 = ( GEOMETRIC_REPRESENTATION_CONTEXT(2) 
PARAMETRIC_REPRESENTATION_CONTEXT() REPRESENTATION_CONTEXT('2D SPACE',''
  ) );
#12107 = PCURVE('',#5092,#12108);
#12108 = DEFINITIONAL_REPRESENTATION('',(#12109),#12112);
#12109 = B_SPLINE_CURVE_WITH_KNOTS('',1,(#12110,#12111),.UNSPECIFIED.,
  .F.,.F.,(2,2),(-0.692820323028,5.080682368869),
  .PIECEWISE_BEZIER_KNOTS.);
#12110 = CARTESIAN_POINT('',(5.6,18.475208614068));
#12111 = CARTESIAN_POINT('',(0.6,21.361959960016));
#12112 = ( GEOMETRIC_REPRESENTATION_CONTEXT(2) 
PARAMETRIC_REPRESENTATION_CONTEXT() REPRESENTATION_CONTEXT('2D SPACE',''
  ) );
#12113 = ORIENTED_EDGE('',*,*,#12114,.F.);
#12114 = EDGE_CURVE('',#4153,#12094,#12115,.T.);
#12115 = SURFACE_CURVE('',#12116,(#12120,#12127),.PCURVE_S1.);
#12116 = LINE('',#12117,#12118);
#12117 = CARTESIAN_POINT('',(5.6,18.475208614068,36.5));
#12118 = VECTOR('',#12119,1.);
#12119 = DIRECTION('',(0.,0.,1.));
#12120 = PCURVE('',#4191,#12121);
#12121 = DEFINITIONAL_REPRESENTATION('',(#12122),#12126);
#12122 = LINE('',#12123,#12124);
#12123 = CARTESIAN_POINT('',(5.773502691896,0.));
#12124 = VECTOR('',#12125,1.);
#12125 = DIRECTION('',(0.,-1.));
#12126 = ( GEOMETRIC_REPRESENTATION_CONTEXT(2) 
PARAMETRIC_REPRESENTATION_CONTEXT() REPRESENTATION_CONTEXT('2D SPACE',''
  ) );
#12127 = PCURVE('',#4167,#12128);
#12128 = DEFINITIONAL_REPRESENTATION('',(#12129),#12133);
#12129 = LINE('',#12130,#12131);
#12130 = CARTESIAN_POINT('',(0.,0.));
#12131 = VECTOR('',#12132,1.);
#12132 = DIRECTION('',(0.,-1.));
#12133 = ( GEOMETRIC_REPRESENTATION_CONTEXT(2) 
PARAMETRIC_REPRESENTATION_CONTEXT() REPRESENTATION_CONTEXT('2D SPACE',''
  ) );
#12134 = ADVANCED_FACE('',(#12135),#4089,.T.);
#12135 = FACE_BOUND('',#12136,.T.);
#12136 = EDGE_LOOP('',(#12137,#12138,#12161,#12180));
#12137 = ORIENTED_EDGE('',*,*,#4074,.T.);
#12138 = ORIENTED_EDGE('',*,*,#12139,.T.);
#12139 = EDGE_CURVE('',#4075,#12140,#12142,.T.);
#12140 = VERTEX_POINT('',#12141);
#12141 = CARTESIAN_POINT('',(5.6,30.022213997861,40.));
#12142 = SURFACE_CURVE('',#12143,(#12147,#12154),.PCURVE_S1.);
#12143 = LINE('',#12144,#12145);
#12144 = CARTESIAN_POINT('',(5.6,30.022213997861,36.5));
#12145 = VECTOR('',#12146,1.);
#12146 = DIRECTION('',(0.,0.,1.));
#12147 = PCURVE('',#4089,#12148);
#12148 = DEFINITIONAL_REPRESENTATION('',(#12149),#12153);
#12149 = LINE('',#12150,#12151);
#12150 = CARTESIAN_POINT('',(0.,0.));
#12151 = VECTOR('',#12152,1.);
#12152 = DIRECTION('',(0.,-1.));
#12153 = ( GEOMETRIC_REPRESENTATION_CONTEXT(2) 
PARAMETRIC_REPRESENTATION_CONTEXT() REPRESENTATION_CONTEXT('2D SPACE',''
  ) );
#12154 = PCURVE('',#4115,#12155);
#12155 = DEFINITIONAL_REPRESENTATION('',(#12156),#12160);
#12156 = LINE('',#12157,#12158);
#12157 = CARTESIAN_POINT('',(5.773502691896,0.));
#12158 = VECTOR('',#12159,1.);
#12159 = DIRECTION('',(0.,-1.));
#12160 = ( GEOMETRIC_REPRESENTATION_CONTEXT(2) 
PARAMETRIC_REPRESENTATION_CONTEXT() REPRESENTATION_CONTEXT('2D SPACE',''
  ) );
#12161 = ORIENTED_EDGE('',*,*,#12162,.F.);
#12162 = EDGE_CURVE('',#12024,#12140,#12163,.T.);
#12163 = SURFACE_CURVE('',#12164,(#12168,#12174),.PCURVE_S1.);
#12164 = LINE('',#12165,#12166);
#12165 = CARTESIAN_POINT('',(-3.,25.05700168283,40.));
#12166 = VECTOR('',#12167,1.);
#12167 = DIRECTION('',(0.866025403784,0.5,-0.));
#12168 = PCURVE('',#4089,#12169);
#12169 = DEFINITIONAL_REPRESENTATION('',(#12170),#12173);
#12170 = B_SPLINE_CURVE_WITH_KNOTS('',1,(#12171,#12172),.UNSPECIFIED.,
  .F.,.F.,(2,2),(4.156921938165,9.930424630062),
  .PIECEWISE_BEZIER_KNOTS.);
#12171 = CARTESIAN_POINT('',(5.773502691896,-3.5));
#12172 = CARTESIAN_POINT('',(0.,-3.5));
#12173 = ( GEOMETRIC_REPRESENTATION_CONTEXT(2) 
PARAMETRIC_REPRESENTATION_CONTEXT() REPRESENTATION_CONTEXT('2D SPACE',''
  ) );
#12174 = PCURVE('',#5092,#12175);
#12175 = DEFINITIONAL_REPRESENTATION('',(#12176),#12179);
#12176 = B_SPLINE_CURVE_WITH_KNOTS('',1,(#12177,#12178),.UNSPECIFIED.,
  .F.,.F.,(2,2),(4.156921938165,9.930424630062),
  .PIECEWISE_BEZIER_KNOTS.);
#12177 = CARTESIAN_POINT('',(0.6,27.135462651912));
#12178 = CARTESIAN_POINT('',(5.6,30.022213997861));
#12179 = ( GEOMETRIC_REPRESENTATION_CONTEXT(2) 
PARAMETRIC_REPRESENTATION_CONTEXT() REPRESENTATION_CONTEXT('2D SPACE',''
  ) );
#12180 = ORIENTED_EDGE('',*,*,#12023,.F.);
#12181 = ADVANCED_FACE('',(#12182),#4167,.T.);
#12182 = FACE_BOUND('',#12183,.T.);
#12183 = EDGE_LOOP('',(#12184,#12185,#12186,#12207));
#12184 = ORIENTED_EDGE('',*,*,#4152,.T.);
#12185 = ORIENTED_EDGE('',*,*,#12114,.T.);
#12186 = ORIENTED_EDGE('',*,*,#12187,.F.);
#12187 = EDGE_CURVE('',#12188,#12094,#12190,.T.);
#12188 = VERTEX_POINT('',#12189);
#12189 = CARTESIAN_POINT('',(10.6,21.361959960016,40.));
#12190 = SURFACE_CURVE('',#12191,(#12195,#12201),.PCURVE_S1.);
#12191 = LINE('',#12192,#12193);
#12192 = CARTESIAN_POINT('',(-0.5,14.953371972011,40.));
#12193 = VECTOR('',#12194,1.);
#12194 = DIRECTION('',(-0.866025403784,-0.5,0.));
#12195 = PCURVE('',#4167,#12196);
#12196 = DEFINITIONAL_REPRESENTATION('',(#12197),#12200);
#12197 = B_SPLINE_CURVE_WITH_KNOTS('',1,(#12198,#12199),.UNSPECIFIED.,
  .F.,.F.,(2,2),(-12.81717597601,-7.043673284113),
  .PIECEWISE_BEZIER_KNOTS.);
#12198 = CARTESIAN_POINT('',(5.773502691896,-3.5));
#12199 = CARTESIAN_POINT('',(0.,-3.5));
#12200 = ( GEOMETRIC_REPRESENTATION_CONTEXT(2) 
PARAMETRIC_REPRESENTATION_CONTEXT() REPRESENTATION_CONTEXT('2D SPACE',''
  ) );
#12201 = PCURVE('',#5092,#12202);
#12202 = DEFINITIONAL_REPRESENTATION('',(#12203),#12206);
#12203 = B_SPLINE_CURVE_WITH_KNOTS('',1,(#12204,#12205),.UNSPECIFIED.,
  .F.,.F.,(2,2),(-12.81717597601,-7.043673284113),
  .PIECEWISE_BEZIER_KNOTS.);
#12204 = CARTESIAN_POINT('',(10.6,21.361959960016));
#12205 = CARTESIAN_POINT('',(5.6,18.475208614068));
#12206 = ( GEOMETRIC_REPRESENTATION_CONTEXT(2) 
PARAMETRIC_REPRESENTATION_CONTEXT() REPRESENTATION_CONTEXT('2D SPACE',''
  ) );
#12207 = ORIENTED_EDGE('',*,*,#12208,.F.);
#12208 = EDGE_CURVE('',#4127,#12188,#12209,.T.);
#12209 = SURFACE_CURVE('',#12210,(#12214,#12221),.PCURVE_S1.);
#12210 = LINE('',#12211,#12212);
#12211 = CARTESIAN_POINT('',(10.6,21.361959960016,36.5));
#12212 = VECTOR('',#12213,1.);
#12213 = DIRECTION('',(0.,0.,1.));
#12214 = PCURVE('',#4167,#12215);
#12215 = DEFINITIONAL_REPRESENTATION('',(#12216),#12220);
#12216 = LINE('',#12217,#12218);
#12217 = CARTESIAN_POINT('',(5.773502691896,0.));
#12218 = VECTOR('',#12219,1.);
#12219 = DIRECTION('',(0.,-1.));
#12220 = ( GEOMETRIC_REPRESENTATION_CONTEXT(2) 
PARAMETRIC_REPRESENTATION_CONTEXT() REPRESENTATION_CONTEXT('2D SPACE',''
  ) );
#12221 = PCURVE('',#4141,#12222);
#12222 = DEFINITIONAL_REPRESENTATION('',(#12223),#12227);
#12223 = LINE('',#12224,#12225);
#12224 = CARTESIAN_POINT('',(0.,0.));
#12225 = VECTOR('',#12226,1.);
#12226 = DIRECTION('',(0.,-1.));
#12227 = ( GEOMETRIC_REPRESENTATION_CONTEXT(2) 
PARAMETRIC_REPRESENTATION_CONTEXT() REPRESENTATION_CONTEXT('2D SPACE',''
  ) );
#12228 = ADVANCED_FACE('',(#12229),#4115,.T.);
#12229 = FACE_BOUND('',#12230,.T.);
#12230 = EDGE_LOOP('',(#12231,#12232,#12255,#12274));
#12231 = ORIENTED_EDGE('',*,*,#4100,.T.);
#12232 = ORIENTED_EDGE('',*,*,#12233,.T.);
#12233 = EDGE_CURVE('',#4101,#12234,#12236,.T.);
#12234 = VERTEX_POINT('',#12235);
#12235 = CARTESIAN_POINT('',(10.6,27.135462651912,40.));
#12236 = SURFACE_CURVE('',#12237,(#12241,#12248),.PCURVE_S1.);
#12237 = LINE('',#12238,#12239);
#12238 = CARTESIAN_POINT('',(10.6,27.135462651912,36.5));
#12239 = VECTOR('',#12240,1.);
#12240 = DIRECTION('',(0.,0.,1.));
#12241 = PCURVE('',#4115,#12242);
#12242 = DEFINITIONAL_REPRESENTATION('',(#12243),#12247);
#12243 = LINE('',#12244,#12245);
#12244 = CARTESIAN_POINT('',(0.,0.));
#12245 = VECTOR('',#12246,1.);
#12246 = DIRECTION('',(0.,-1.));
#12247 = ( GEOMETRIC_REPRESENTATION_CONTEXT(2) 
PARAMETRIC_REPRESENTATION_CONTEXT() REPRESENTATION_CONTEXT('2D SPACE',''
  ) );
#12248 = PCURVE('',#4141,#12249);
#12249 = DEFINITIONAL_REPRESENTATION('',(#12250),#12254);
#12250 = LINE('',#12251,#12252);
#12251 = CARTESIAN_POINT('',(5.773502691896,0.));
#12252 = VECTOR('',#12253,1.);
#12253 = DIRECTION('',(0.,-1.));
#12254 = ( GEOMETRIC_REPRESENTATION_CONTEXT(2) 
PARAMETRIC_REPRESENTATION_CONTEXT() REPRESENTATION_CONTEXT('2D SPACE',''
  ) );
#12255 = ORIENTED_EDGE('',*,*,#12256,.F.);
#12256 = EDGE_CURVE('',#12140,#12234,#12257,.T.);
#12257 = SURFACE_CURVE('',#12258,(#12262,#12268),.PCURVE_S1.);
#12258 = LINE('',#12259,#12260);
#12259 = CARTESIAN_POINT('',(12.5,26.038497140452,40.));
#12260 = VECTOR('',#12261,1.);
#12261 = DIRECTION('',(0.866025403784,-0.5,0.));
#12262 = PCURVE('',#4115,#12263);
#12263 = DEFINITIONAL_REPRESENTATION('',(#12264),#12267);
#12264 = B_SPLINE_CURVE_WITH_KNOTS('',1,(#12265,#12266),.UNSPECIFIED.,
  .F.,.F.,(2,2),(-7.967433714817,-2.193931022921),
  .PIECEWISE_BEZIER_KNOTS.);
#12265 = CARTESIAN_POINT('',(5.773502691896,-3.5));
#12266 = CARTESIAN_POINT('',(0.,-3.5));
#12267 = ( GEOMETRIC_REPRESENTATION_CONTEXT(2) 
PARAMETRIC_REPRESENTATION_CONTEXT() REPRESENTATION_CONTEXT('2D SPACE',''
  ) );
#12268 = PCURVE('',#5092,#12269);
#12269 = DEFINITIONAL_REPRESENTATION('',(#12270),#12273);
#12270 = B_SPLINE_CURVE_WITH_KNOTS('',1,(#12271,#12272),.UNSPECIFIED.,
  .F.,.F.,(2,2),(-7.967433714817,-2.193931022921),
  .PIECEWISE_BEZIER_KNOTS.);
#12271 = CARTESIAN_POINT('',(5.6,30.022213997861));
#12272 = CARTESIAN_POINT('',(10.6,27.135462651912));
#12273 = ( GEOMETRIC_REPRESENTATION_CONTEXT(2) 
PARAMETRIC_REPRESENTATION_CONTEXT() REPRESENTATION_CONTEXT('2D SPACE',''
  ) );
#12274 = ORIENTED_EDGE('',*,*,#12139,.F.);
#12275 = ADVANCED_FACE('',(#12276),#4141,.T.);
#12276 = FACE_BOUND('',#12277,.T.);
#12277 = EDGE_LOOP('',(#12278,#12279,#12280,#12299));
#12278 = ORIENTED_EDGE('',*,*,#4126,.T.);
#12279 = ORIENTED_EDGE('',*,*,#12208,.T.);
#12280 = ORIENTED_EDGE('',*,*,#12281,.F.);
#12281 = EDGE_CURVE('',#12234,#12188,#12282,.T.);
#12282 = SURFACE_CURVE('',#12283,(#12287,#12293),.PCURVE_S1.);
#12283 = LINE('',#12284,#12285);
#12284 = CARTESIAN_POINT('',(10.6,10.680979980008,40.));
#12285 = VECTOR('',#12286,1.);
#12286 = DIRECTION('',(-1.538370149107E-16,-1.,0.));
#12287 = PCURVE('',#4141,#12288);
#12288 = DEFINITIONAL_REPRESENTATION('',(#12289),#12292);
#12289 = B_SPLINE_CURVE_WITH_KNOTS('',1,(#12290,#12291),.UNSPECIFIED.,
  .F.,.F.,(2,2),(-16.4544826719,-10.68097998),.PIECEWISE_BEZIER_KNOTS.);
#12290 = CARTESIAN_POINT('',(5.773502691896,-3.5));
#12291 = CARTESIAN_POINT('',(0.,-3.5));
#12292 = ( GEOMETRIC_REPRESENTATION_CONTEXT(2) 
PARAMETRIC_REPRESENTATION_CONTEXT() REPRESENTATION_CONTEXT('2D SPACE',''
  ) );
#12293 = PCURVE('',#5092,#12294);
#12294 = DEFINITIONAL_REPRESENTATION('',(#12295),#12298);
#12295 = B_SPLINE_CURVE_WITH_KNOTS('',1,(#12296,#12297),.UNSPECIFIED.,
  .F.,.F.,(2,2),(-16.4544826719,-10.68097998),.PIECEWISE_BEZIER_KNOTS.);
#12296 = CARTESIAN_POINT('',(10.6,27.135462651912));
#12297 = CARTESIAN_POINT('',(10.6,21.361959960016));
#12298 = ( GEOMETRIC_REPRESENTATION_CONTEXT(2) 
PARAMETRIC_REPRESENTATION_CONTEXT() REPRESENTATION_CONTEXT('2D SPACE',''
  ) );
#12299 = ORIENTED_EDGE('',*,*,#12233,.F.);
#12300 = ADVANCED_FACE('',(#12301),#4221,.T.);
#12301 = FACE_BOUND('',#12302,.T.);
#12302 = EDGE_LOOP('',(#12303,#12304,#12327,#12348));
#12303 = ORIENTED_EDGE('',*,*,#4204,.T.);
#12304 = ORIENTED_EDGE('',*,*,#12305,.T.);
#12305 = EDGE_CURVE('',#4207,#12306,#12308,.T.);
#12306 = VERTEX_POINT('',#12307);
#12307 = CARTESIAN_POINT('',(-5.,36.834947174298,40.));
#12308 = SURFACE_CURVE('',#12309,(#12313,#12320),.PCURVE_S1.);
#12309 = LINE('',#12310,#12311);
#12310 = CARTESIAN_POINT('',(-5.,36.834947174298,36.5));
#12311 = VECTOR('',#12312,1.);
#12312 = DIRECTION('',(0.,0.,1.));
#12313 = PCURVE('',#4221,#12314);
#12314 = DEFINITIONAL_REPRESENTATION('',(#12315),#12319);
#12315 = LINE('',#12316,#12317);
#12316 = CARTESIAN_POINT('',(0.,0.));
#12317 = VECTOR('',#12318,1.);
#12318 = DIRECTION('',(0.,-1.));
#12319 = ( GEOMETRIC_REPRESENTATION_CONTEXT(2) 
PARAMETRIC_REPRESENTATION_CONTEXT() REPRESENTATION_CONTEXT('2D SPACE',''
  ) );
#12320 = PCURVE('',#4247,#12321);
#12321 = DEFINITIONAL_REPRESENTATION('',(#12322),#12326);
#12322 = LINE('',#12323,#12324);
#12323 = CARTESIAN_POINT('',(5.773502691896,0.));
#12324 = VECTOR('',#12325,1.);
#12325 = DIRECTION('',(0.,-1.));
#12326 = ( GEOMETRIC_REPRESENTATION_CONTEXT(2) 
PARAMETRIC_REPRESENTATION_CONTEXT() REPRESENTATION_CONTEXT('2D SPACE',''
  ) );
#12327 = ORIENTED_EDGE('',*,*,#12328,.F.);
#12328 = EDGE_CURVE('',#12329,#12306,#12331,.T.);
#12329 = VERTEX_POINT('',#12330);
#12330 = CARTESIAN_POINT('',(-5.,31.061444482402,40.));
#12331 = SURFACE_CURVE('',#12332,(#12336,#12342),.PCURVE_S1.);
#12332 = LINE('',#12333,#12334);
#12333 = CARTESIAN_POINT('',(-5.,18.417473587149,40.));
#12334 = VECTOR('',#12335,1.);
#12335 = DIRECTION('',(4.615110447321E-16,1.,-0.));
#12336 = PCURVE('',#4221,#12337);
#12337 = DEFINITIONAL_REPRESENTATION('',(#12338),#12341);
#12338 = B_SPLINE_CURVE_WITH_KNOTS('',1,(#12339,#12340),.UNSPECIFIED.,
  .F.,.F.,(2,2),(12.643970895253,18.417473587149),
  .PIECEWISE_BEZIER_KNOTS.);
#12339 = CARTESIAN_POINT('',(5.773502691896,-3.5));
#12340 = CARTESIAN_POINT('',(0.,-3.5));
#12341 = ( GEOMETRIC_REPRESENTATION_CONTEXT(2) 
PARAMETRIC_REPRESENTATION_CONTEXT() REPRESENTATION_CONTEXT('2D SPACE',''
  ) );
#12342 = PCURVE('',#5092,#12343);
#12343 = DEFINITIONAL_REPRESENTATION('',(#12344),#12347);
#12344 = B_SPLINE_CURVE_WITH_KNOTS('',1,(#12345,#12346),.UNSPECIFIED.,
  .F.,.F.,(2,2),(12.643970895253,18.417473587149),
  .PIECEWISE_BEZIER_KNOTS.);
#12345 = CARTESIAN_POINT('',(-5.,31.061444482402));
#12346 = CARTESIAN_POINT('',(-5.,36.834947174298));
#12347 = ( GEOMETRIC_REPRESENTATION_CONTEXT(2) 
PARAMETRIC_REPRESENTATION_CONTEXT() REPRESENTATION_CONTEXT('2D SPACE',''
  ) );
#12348 = ORIENTED_EDGE('',*,*,#12349,.F.);
#12349 = EDGE_CURVE('',#4205,#12329,#12350,.T.);
#12350 = SURFACE_CURVE('',#12351,(#12355,#12362),.PCURVE_S1.);
#12351 = LINE('',#12352,#12353);
#12352 = CARTESIAN_POINT('',(-5.,31.061444482402,36.5));
#12353 = VECTOR('',#12354,1.);
#12354 = DIRECTION('',(0.,0.,1.));
#12355 = PCURVE('',#4221,#12356);
#12356 = DEFINITIONAL_REPRESENTATION('',(#12357),#12361);
#12357 = LINE('',#12358,#12359);
#12358 = CARTESIAN_POINT('',(5.773502691896,0.));
#12359 = VECTOR('',#12360,1.);
#12360 = DIRECTION('',(0.,-1.));
#12361 = ( GEOMETRIC_REPRESENTATION_CONTEXT(2) 
PARAMETRIC_REPRESENTATION_CONTEXT() REPRESENTATION_CONTEXT('2D SPACE',''
  ) );
#12362 = PCURVE('',#4349,#12363);
#12363 = DEFINITIONAL_REPRESENTATION('',(#12364),#12368);
#12364 = LINE('',#12365,#12366);
#12365 = CARTESIAN_POINT('',(0.,0.));
#12366 = VECTOR('',#12367,1.);
#12367 = DIRECTION('',(0.,-1.));
#12368 = ( GEOMETRIC_REPRESENTATION_CONTEXT(2) 
PARAMETRIC_REPRESENTATION_CONTEXT() REPRESENTATION_CONTEXT('2D SPACE',''
  ) );
#12369 = ADVANCED_FACE('',(#12370),#4349,.T.);
#12370 = FACE_BOUND('',#12371,.T.);
#12371 = EDGE_LOOP('',(#12372,#12373,#12374,#12395));
#12372 = ORIENTED_EDGE('',*,*,#4336,.T.);
#12373 = ORIENTED_EDGE('',*,*,#12349,.T.);
#12374 = ORIENTED_EDGE('',*,*,#12375,.F.);
#12375 = EDGE_CURVE('',#12376,#12329,#12378,.T.);
#12376 = VERTEX_POINT('',#12377);
#12377 = CARTESIAN_POINT('',(7.157816006753E-16,28.174693136454,40.));
#12378 = SURFACE_CURVE('',#12379,(#12383,#12389),.PCURVE_S1.);
#12379 = LINE('',#12380,#12381);
#12380 = CARTESIAN_POINT('',(3.6,26.096232167371,40.));
#12381 = VECTOR('',#12382,1.);
#12382 = DIRECTION('',(-0.866025403784,0.5,0.));
#12383 = PCURVE('',#4349,#12384);
#12384 = DEFINITIONAL_REPRESENTATION('',(#12385),#12388);
#12385 = B_SPLINE_CURVE_WITH_KNOTS('',1,(#12386,#12387),.UNSPECIFIED.,
  .F.,.F.,(2,2),(4.156921938165,9.930424630062),
  .PIECEWISE_BEZIER_KNOTS.);
#12386 = CARTESIAN_POINT('',(5.773502691896,-3.5));
#12387 = CARTESIAN_POINT('',(0.,-3.5));
#12388 = ( GEOMETRIC_REPRESENTATION_CONTEXT(2) 
PARAMETRIC_REPRESENTATION_CONTEXT() REPRESENTATION_CONTEXT('2D SPACE',''
  ) );
#12389 = PCURVE('',#5092,#12390);
#12390 = DEFINITIONAL_REPRESENTATION('',(#12391),#12394);
#12391 = B_SPLINE_CURVE_WITH_KNOTS('',1,(#12392,#12393),.UNSPECIFIED.,
  .F.,.F.,(2,2),(4.156921938165,9.930424630062),
  .PIECEWISE_BEZIER_KNOTS.);
#12392 = CARTESIAN_POINT('',(1.222888029407E-15,28.174693136454));
#12393 = CARTESIAN_POINT('',(-5.,31.061444482402));
#12394 = ( GEOMETRIC_REPRESENTATION_CONTEXT(2) 
PARAMETRIC_REPRESENTATION_CONTEXT() REPRESENTATION_CONTEXT('2D SPACE',''
  ) );
#12395 = ORIENTED_EDGE('',*,*,#12396,.F.);
#12396 = EDGE_CURVE('',#4311,#12376,#12397,.T.);
#12397 = SURFACE_CURVE('',#12398,(#12402,#12409),.PCURVE_S1.);
#12398 = LINE('',#12399,#12400);
#12399 = CARTESIAN_POINT('',(7.157816006753E-16,28.174693136454,36.5));
#12400 = VECTOR('',#12401,1.);
#12401 = DIRECTION('',(0.,0.,1.));
#12402 = PCURVE('',#4349,#12403);
#12403 = DEFINITIONAL_REPRESENTATION('',(#12404),#12408);
#12404 = LINE('',#12405,#12406);
#12405 = CARTESIAN_POINT('',(5.773502691896,0.));
#12406 = VECTOR('',#12407,1.);
#12407 = DIRECTION('',(0.,-1.));
#12408 = ( GEOMETRIC_REPRESENTATION_CONTEXT(2) 
PARAMETRIC_REPRESENTATION_CONTEXT() REPRESENTATION_CONTEXT('2D SPACE',''
  ) );
#12409 = PCURVE('',#4325,#12410);
#12410 = DEFINITIONAL_REPRESENTATION('',(#12411),#12415);
#12411 = LINE('',#12412,#12413);
#12412 = CARTESIAN_POINT('',(0.,0.));
#12413 = VECTOR('',#12414,1.);
#12414 = DIRECTION('',(0.,-1.));
#12415 = ( GEOMETRIC_REPRESENTATION_CONTEXT(2) 
PARAMETRIC_REPRESENTATION_CONTEXT() REPRESENTATION_CONTEXT('2D SPACE',''
  ) );
#12416 = ADVANCED_FACE('',(#12417),#4247,.T.);
#12417 = FACE_BOUND('',#12418,.T.);
#12418 = EDGE_LOOP('',(#12419,#12420,#12443,#12462));
#12419 = ORIENTED_EDGE('',*,*,#4232,.T.);
#12420 = ORIENTED_EDGE('',*,*,#12421,.T.);
#12421 = EDGE_CURVE('',#4233,#12422,#12424,.T.);
#12422 = VERTEX_POINT('',#12423);
#12423 = CARTESIAN_POINT('',(2.129881918975E-15,39.721698520246,40.));
#12424 = SURFACE_CURVE('',#12425,(#12429,#12436),.PCURVE_S1.);
#12425 = LINE('',#12426,#12427);
#12426 = CARTESIAN_POINT('',(2.129881918975E-15,39.721698520246,36.5));
#12427 = VECTOR('',#12428,1.);
#12428 = DIRECTION('',(0.,0.,1.));
#12429 = PCURVE('',#4247,#12430);
#12430 = DEFINITIONAL_REPRESENTATION('',(#12431),#12435);
#12431 = LINE('',#12432,#12433);
#12432 = CARTESIAN_POINT('',(0.,0.));
#12433 = VECTOR('',#12434,1.);
#12434 = DIRECTION('',(0.,-1.));
#12435 = ( GEOMETRIC_REPRESENTATION_CONTEXT(2) 
PARAMETRIC_REPRESENTATION_CONTEXT() REPRESENTATION_CONTEXT('2D SPACE',''
  ) );
#12436 = PCURVE('',#4273,#12437);
#12437 = DEFINITIONAL_REPRESENTATION('',(#12438),#12442);
#12438 = LINE('',#12439,#12440);
#12439 = CARTESIAN_POINT('',(5.773502691896,0.));
#12440 = VECTOR('',#12441,1.);
#12441 = DIRECTION('',(0.,-1.));
#12442 = ( GEOMETRIC_REPRESENTATION_CONTEXT(2) 
PARAMETRIC_REPRESENTATION_CONTEXT() REPRESENTATION_CONTEXT('2D SPACE',''
  ) );
#12443 = ORIENTED_EDGE('',*,*,#12444,.F.);
#12444 = EDGE_CURVE('',#12306,#12422,#12445,.T.);
#12445 = SURFACE_CURVE('',#12446,(#12450,#12456),.PCURVE_S1.);
#12446 = LINE('',#12447,#12448);
#12447 = CARTESIAN_POINT('',(-8.6,34.756486205215,40.));
#12448 = VECTOR('',#12449,1.);
#12449 = DIRECTION('',(0.866025403784,0.5,-0.));
#12450 = PCURVE('',#4247,#12451);
#12451 = DEFINITIONAL_REPRESENTATION('',(#12452),#12455);
#12452 = B_SPLINE_CURVE_WITH_KNOTS('',1,(#12453,#12454),.UNSPECIFIED.,
  .F.,.F.,(2,2),(4.156921938165,9.930424630062),
  .PIECEWISE_BEZIER_KNOTS.);
#12453 = CARTESIAN_POINT('',(5.773502691896,-3.5));
#12454 = CARTESIAN_POINT('',(0.,-3.5));
#12455 = ( GEOMETRIC_REPRESENTATION_CONTEXT(2) 
PARAMETRIC_REPRESENTATION_CONTEXT() REPRESENTATION_CONTEXT('2D SPACE',''
  ) );
#12456 = PCURVE('',#5092,#12457);
#12457 = DEFINITIONAL_REPRESENTATION('',(#12458),#12461);
#12458 = B_SPLINE_CURVE_WITH_KNOTS('',1,(#12459,#12460),.UNSPECIFIED.,
  .F.,.F.,(2,2),(4.156921938165,9.930424630062),
  .PIECEWISE_BEZIER_KNOTS.);
#12459 = CARTESIAN_POINT('',(-5.,36.834947174298));
#12460 = CARTESIAN_POINT('',(1.647891781773E-15,39.721698520246));
#12461 = ( GEOMETRIC_REPRESENTATION_CONTEXT(2) 
PARAMETRIC_REPRESENTATION_CONTEXT() REPRESENTATION_CONTEXT('2D SPACE',''
  ) );
#12462 = ORIENTED_EDGE('',*,*,#12305,.F.);
#12463 = ADVANCED_FACE('',(#12464),#4325,.T.);
#12464 = FACE_BOUND('',#12465,.T.);
#12465 = EDGE_LOOP('',(#12466,#12467,#12468,#12489));
#12466 = ORIENTED_EDGE('',*,*,#4310,.T.);
#12467 = ORIENTED_EDGE('',*,*,#12396,.T.);
#12468 = ORIENTED_EDGE('',*,*,#12469,.F.);
#12469 = EDGE_CURVE('',#12470,#12376,#12472,.T.);
#12470 = VERTEX_POINT('',#12471);
#12471 = CARTESIAN_POINT('',(5.,31.061444482402,40.));
#12472 = SURFACE_CURVE('',#12473,(#12477,#12483),.PCURVE_S1.);
#12473 = LINE('',#12474,#12475);
#12474 = CARTESIAN_POINT('',(-6.1,24.652856494397,40.));
#12475 = VECTOR('',#12476,1.);
#12476 = DIRECTION('',(-0.866025403784,-0.5,0.));
#12477 = PCURVE('',#4325,#12478);
#12478 = DEFINITIONAL_REPRESENTATION('',(#12479),#12482);
#12479 = B_SPLINE_CURVE_WITH_KNOTS('',1,(#12480,#12481),.UNSPECIFIED.,
  .F.,.F.,(2,2),(-12.81717597601,-7.043673284113),
  .PIECEWISE_BEZIER_KNOTS.);
#12480 = CARTESIAN_POINT('',(5.773502691896,-3.5));
#12481 = CARTESIAN_POINT('',(0.,-3.5));
#12482 = ( GEOMETRIC_REPRESENTATION_CONTEXT(2) 
PARAMETRIC_REPRESENTATION_CONTEXT() REPRESENTATION_CONTEXT('2D SPACE',''
  ) );
#12483 = PCURVE('',#5092,#12484);
#12484 = DEFINITIONAL_REPRESENTATION('',(#12485),#12488);
#12485 = B_SPLINE_CURVE_WITH_KNOTS('',1,(#12486,#12487),.UNSPECIFIED.,
  .F.,.F.,(2,2),(-12.81717597601,-7.043673284113),
  .PIECEWISE_BEZIER_KNOTS.);
#12486 = CARTESIAN_POINT('',(5.,31.061444482402));
#12487 = CARTESIAN_POINT('',(2.618078818016E-16,28.174693136454));
#12488 = ( GEOMETRIC_REPRESENTATION_CONTEXT(2) 
PARAMETRIC_REPRESENTATION_CONTEXT() REPRESENTATION_CONTEXT('2D SPACE',''
  ) );
#12489 = ORIENTED_EDGE('',*,*,#12490,.F.);
#12490 = EDGE_CURVE('',#4285,#12470,#12491,.T.);
#12491 = SURFACE_CURVE('',#12492,(#12496,#12503),.PCURVE_S1.);
#12492 = LINE('',#12493,#12494);
#12493 = CARTESIAN_POINT('',(5.,31.061444482402,36.5));
#12494 = VECTOR('',#12495,1.);
#12495 = DIRECTION('',(0.,0.,1.));
#12496 = PCURVE('',#4325,#12497);
#12497 = DEFINITIONAL_REPRESENTATION('',(#12498),#12502);
#12498 = LINE('',#12499,#12500);
#12499 = CARTESIAN_POINT('',(5.773502691896,0.));
#12500 = VECTOR('',#12501,1.);
#12501 = DIRECTION('',(0.,-1.));
#12502 = ( GEOMETRIC_REPRESENTATION_CONTEXT(2) 
PARAMETRIC_REPRESENTATION_CONTEXT() REPRESENTATION_CONTEXT('2D SPACE',''
  ) );
#12503 = PCURVE('',#4299,#12504);
#12504 = DEFINITIONAL_REPRESENTATION('',(#12505),#12509);
#12505 = LINE('',#12506,#12507);
#12506 = CARTESIAN_POINT('',(0.,0.));
#12507 = VECTOR('',#12508,1.);
#12508 = DIRECTION('',(0.,-1.));
#12509 = ( GEOMETRIC_REPRESENTATION_CONTEXT(2) 
PARAMETRIC_REPRESENTATION_CONTEXT() REPRESENTATION_CONTEXT('2D SPACE',''
  ) );
#12510 = ADVANCED_FACE('',(#12511),#4273,.T.);
#12511 = FACE_BOUND('',#12512,.T.);
#12512 = EDGE_LOOP('',(#12513,#12514,#12537,#12556));
#12513 = ORIENTED_EDGE('',*,*,#4258,.T.);
#12514 = ORIENTED_EDGE('',*,*,#12515,.T.);
#12515 = EDGE_CURVE('',#4259,#12516,#12518,.T.);
#12516 = VERTEX_POINT('',#12517);
#12517 = CARTESIAN_POINT('',(5.,36.834947174298,40.));
#12518 = SURFACE_CURVE('',#12519,(#12523,#12530),.PCURVE_S1.);
#12519 = LINE('',#12520,#12521);
#12520 = CARTESIAN_POINT('',(5.,36.834947174298,36.5));
#12521 = VECTOR('',#12522,1.);
#12522 = DIRECTION('',(0.,0.,1.));
#12523 = PCURVE('',#4273,#12524);
#12524 = DEFINITIONAL_REPRESENTATION('',(#12525),#12529);
#12525 = LINE('',#12526,#12527);
#12526 = CARTESIAN_POINT('',(0.,0.));
#12527 = VECTOR('',#12528,1.);
#12528 = DIRECTION('',(0.,-1.));
#12529 = ( GEOMETRIC_REPRESENTATION_CONTEXT(2) 
PARAMETRIC_REPRESENTATION_CONTEXT() REPRESENTATION_CONTEXT('2D SPACE',''
  ) );
#12530 = PCURVE('',#4299,#12531);
#12531 = DEFINITIONAL_REPRESENTATION('',(#12532),#12536);
#12532 = LINE('',#12533,#12534);
#12533 = CARTESIAN_POINT('',(5.773502691896,0.));
#12534 = VECTOR('',#12535,1.);
#12535 = DIRECTION('',(0.,-1.));
#12536 = ( GEOMETRIC_REPRESENTATION_CONTEXT(2) 
PARAMETRIC_REPRESENTATION_CONTEXT() REPRESENTATION_CONTEXT('2D SPACE',''
  ) );
#12537 = ORIENTED_EDGE('',*,*,#12538,.F.);
#12538 = EDGE_CURVE('',#12422,#12516,#12539,.T.);
#12539 = SURFACE_CURVE('',#12540,(#12544,#12550),.PCURVE_S1.);
#12540 = LINE('',#12541,#12542);
#12541 = CARTESIAN_POINT('',(11.1,33.313110532241,40.));
#12542 = VECTOR('',#12543,1.);
#12543 = DIRECTION('',(0.866025403784,-0.5,0.));
#12544 = PCURVE('',#4273,#12545);
#12545 = DEFINITIONAL_REPRESENTATION('',(#12546),#12549);
#12546 = B_SPLINE_CURVE_WITH_KNOTS('',1,(#12547,#12548),.UNSPECIFIED.,
  .F.,.F.,(2,2),(-12.81717597601,-7.043673284113),
  .PIECEWISE_BEZIER_KNOTS.);
#12547 = CARTESIAN_POINT('',(5.773502691896,-3.5));
#12548 = CARTESIAN_POINT('',(0.,-3.5));
#12549 = ( GEOMETRIC_REPRESENTATION_CONTEXT(2) 
PARAMETRIC_REPRESENTATION_CONTEXT() REPRESENTATION_CONTEXT('2D SPACE',''
  ) );
#12550 = PCURVE('',#5092,#12551);
#12551 = DEFINITIONAL_REPRESENTATION('',(#12552),#12555);
#12552 = B_SPLINE_CURVE_WITH_KNOTS('',1,(#12553,#12554),.UNSPECIFIED.,
  .F.,.F.,(2,2),(-12.81717597601,-7.043673284113),
  .PIECEWISE_BEZIER_KNOTS.);
#12553 = CARTESIAN_POINT('',(3.067895494974E-15,39.721698520246));
#12554 = CARTESIAN_POINT('',(5.,36.834947174298));
#12555 = ( GEOMETRIC_REPRESENTATION_CONTEXT(2) 
PARAMETRIC_REPRESENTATION_CONTEXT() REPRESENTATION_CONTEXT('2D SPACE',''
  ) );
#12556 = ORIENTED_EDGE('',*,*,#12421,.F.);
#12557 = ADVANCED_FACE('',(#12558),#4299,.T.);
#12558 = FACE_BOUND('',#12559,.T.);
#12559 = EDGE_LOOP('',(#12560,#12561,#12562,#12581));
#12560 = ORIENTED_EDGE('',*,*,#4284,.T.);
#12561 = ORIENTED_EDGE('',*,*,#12490,.T.);
#12562 = ORIENTED_EDGE('',*,*,#12563,.F.);
#12563 = EDGE_CURVE('',#12516,#12470,#12564,.T.);
#12564 = SURFACE_CURVE('',#12565,(#12569,#12575),.PCURVE_S1.);
#12565 = LINE('',#12566,#12567);
#12566 = CARTESIAN_POINT('',(5.,15.530722241201,40.));
#12567 = VECTOR('',#12568,1.);
#12568 = DIRECTION('',(-1.538370149107E-16,-1.,0.));
#12569 = PCURVE('',#4299,#12570);
#12570 = DEFINITIONAL_REPRESENTATION('',(#12571),#12574);
#12571 = B_SPLINE_CURVE_WITH_KNOTS('',1,(#12572,#12573),.UNSPECIFIED.,
  .F.,.F.,(2,2),(-21.30422493309,-15.5307222412),
  .PIECEWISE_BEZIER_KNOTS.);
#12572 = CARTESIAN_POINT('',(5.773502691896,-3.5));
#12573 = CARTESIAN_POINT('',(0.,-3.5));
#12574 = ( GEOMETRIC_REPRESENTATION_CONTEXT(2) 
PARAMETRIC_REPRESENTATION_CONTEXT() REPRESENTATION_CONTEXT('2D SPACE',''
  ) );
#12575 = PCURVE('',#5092,#12576);
#12576 = DEFINITIONAL_REPRESENTATION('',(#12577),#12580);
#12577 = B_SPLINE_CURVE_WITH_KNOTS('',1,(#12578,#12579),.UNSPECIFIED.,
  .F.,.F.,(2,2),(-21.30422493309,-15.5307222412),
  .PIECEWISE_BEZIER_KNOTS.);
#12578 = CARTESIAN_POINT('',(5.,36.834947174298));
#12579 = CARTESIAN_POINT('',(5.,31.061444482402));
#12580 = ( GEOMETRIC_REPRESENTATION_CONTEXT(2) 
PARAMETRIC_REPRESENTATION_CONTEXT() REPRESENTATION_CONTEXT('2D SPACE',''
  ) );
#12581 = ORIENTED_EDGE('',*,*,#12515,.F.);
#12582 = ADVANCED_FACE('',(#12583),#4379,.T.);
#12583 = FACE_BOUND('',#12584,.T.);
#12584 = EDGE_LOOP('',(#12585,#12586,#12609,#12630));
#12585 = ORIENTED_EDGE('',*,*,#4362,.T.);
#12586 = ORIENTED_EDGE('',*,*,#12587,.T.);
#12587 = EDGE_CURVE('',#4365,#12588,#12590,.T.);
#12588 = VERTEX_POINT('',#12589);
#12589 = CARTESIAN_POINT('',(6.2,36.834947174298,40.));
#12590 = SURFACE_CURVE('',#12591,(#12595,#12602),.PCURVE_S1.);
#12591 = LINE('',#12592,#12593);
#12592 = CARTESIAN_POINT('',(6.2,36.834947174298,36.5));
#12593 = VECTOR('',#12594,1.);
#12594 = DIRECTION('',(0.,0.,1.));
#12595 = PCURVE('',#4379,#12596);
#12596 = DEFINITIONAL_REPRESENTATION('',(#12597),#12601);
#12597 = LINE('',#12598,#12599);
#12598 = CARTESIAN_POINT('',(0.,0.));
#12599 = VECTOR('',#12600,1.);
#12600 = DIRECTION('',(0.,-1.));
#12601 = ( GEOMETRIC_REPRESENTATION_CONTEXT(2) 
PARAMETRIC_REPRESENTATION_CONTEXT() REPRESENTATION_CONTEXT('2D SPACE',''
  ) );
#12602 = PCURVE('',#4405,#12603);
#12603 = DEFINITIONAL_REPRESENTATION('',(#12604),#12608);
#12604 = LINE('',#12605,#12606);
#12605 = CARTESIAN_POINT('',(5.773502691896,0.));
#12606 = VECTOR('',#12607,1.);
#12607 = DIRECTION('',(0.,-1.));
#12608 = ( GEOMETRIC_REPRESENTATION_CONTEXT(2) 
PARAMETRIC_REPRESENTATION_CONTEXT() REPRESENTATION_CONTEXT('2D SPACE',''
  ) );
#12609 = ORIENTED_EDGE('',*,*,#12610,.F.);
#12610 = EDGE_CURVE('',#12611,#12588,#12613,.T.);
#12611 = VERTEX_POINT('',#12612);
#12612 = CARTESIAN_POINT('',(6.2,31.061444482402,40.));
#12613 = SURFACE_CURVE('',#12614,(#12618,#12624),.PCURVE_S1.);
#12614 = LINE('',#12615,#12616);
#12615 = CARTESIAN_POINT('',(6.2,18.417473587149,40.));
#12616 = VECTOR('',#12617,1.);
#12617 = DIRECTION('',(4.615110447321E-16,1.,-0.));
#12618 = PCURVE('',#4379,#12619);
#12619 = DEFINITIONAL_REPRESENTATION('',(#12620),#12623);
#12620 = B_SPLINE_CURVE_WITH_KNOTS('',1,(#12621,#12622),.UNSPECIFIED.,
  .F.,.F.,(2,2),(12.643970895253,18.417473587149),
  .PIECEWISE_BEZIER_KNOTS.);
#12621 = CARTESIAN_POINT('',(5.773502691896,-3.5));
#12622 = CARTESIAN_POINT('',(0.,-3.5));
#12623 = ( GEOMETRIC_REPRESENTATION_CONTEXT(2) 
PARAMETRIC_REPRESENTATION_CONTEXT() REPRESENTATION_CONTEXT('2D SPACE',''
  ) );
#12624 = PCURVE('',#5092,#12625);
#12625 = DEFINITIONAL_REPRESENTATION('',(#12626),#12629);
#12626 = B_SPLINE_CURVE_WITH_KNOTS('',1,(#12627,#12628),.UNSPECIFIED.,
  .F.,.F.,(2,2),(12.643970895253,18.417473587149),
  .PIECEWISE_BEZIER_KNOTS.);
#12627 = CARTESIAN_POINT('',(6.2,31.061444482402));
#12628 = CARTESIAN_POINT('',(6.2,36.834947174298));
#12629 = ( GEOMETRIC_REPRESENTATION_CONTEXT(2) 
PARAMETRIC_REPRESENTATION_CONTEXT() REPRESENTATION_CONTEXT('2D SPACE',''
  ) );
#12630 = ORIENTED_EDGE('',*,*,#12631,.F.);
#12631 = EDGE_CURVE('',#4363,#12611,#12632,.T.);
#12632 = SURFACE_CURVE('',#12633,(#12637,#12644),.PCURVE_S1.);
#12633 = LINE('',#12634,#12635);
#12634 = CARTESIAN_POINT('',(6.2,31.061444482402,36.5));
#12635 = VECTOR('',#12636,1.);
#12636 = DIRECTION('',(0.,0.,1.));
#12637 = PCURVE('',#4379,#12638);
#12638 = DEFINITIONAL_REPRESENTATION('',(#12639),#12643);
#12639 = LINE('',#12640,#12641);
#12640 = CARTESIAN_POINT('',(5.773502691896,0.));
#12641 = VECTOR('',#12642,1.);
#12642 = DIRECTION('',(0.,-1.));
#12643 = ( GEOMETRIC_REPRESENTATION_CONTEXT(2) 
PARAMETRIC_REPRESENTATION_CONTEXT() REPRESENTATION_CONTEXT('2D SPACE',''
  ) );
#12644 = PCURVE('',#4507,#12645);
#12645 = DEFINITIONAL_REPRESENTATION('',(#12646),#12650);
#12646 = LINE('',#12647,#12648);
#12647 = CARTESIAN_POINT('',(0.,0.));
#12648 = VECTOR('',#12649,1.);
#12649 = DIRECTION('',(0.,-1.));
#12650 = ( GEOMETRIC_REPRESENTATION_CONTEXT(2) 
PARAMETRIC_REPRESENTATION_CONTEXT() REPRESENTATION_CONTEXT('2D SPACE',''
  ) );
#12651 = ADVANCED_FACE('',(#12652),#4507,.T.);
#12652 = FACE_BOUND('',#12653,.T.);
#12653 = EDGE_LOOP('',(#12654,#12655,#12656,#12677));
#12654 = ORIENTED_EDGE('',*,*,#4494,.T.);
#12655 = ORIENTED_EDGE('',*,*,#12631,.T.);
#12656 = ORIENTED_EDGE('',*,*,#12657,.F.);
#12657 = EDGE_CURVE('',#12658,#12611,#12660,.T.);
#12658 = VERTEX_POINT('',#12659);
#12659 = CARTESIAN_POINT('',(11.2,28.174693136454,40.));
#12660 = SURFACE_CURVE('',#12661,(#12665,#12671),.PCURVE_S1.);
#12661 = LINE('',#12662,#12663);
#12662 = CARTESIAN_POINT('',(10.6,28.521103297968,40.));
#12663 = VECTOR('',#12664,1.);
#12664 = DIRECTION('',(-0.866025403784,0.5,0.));
#12665 = PCURVE('',#4507,#12666);
#12666 = DEFINITIONAL_REPRESENTATION('',(#12667),#12670);
#12667 = B_SPLINE_CURVE_WITH_KNOTS('',1,(#12668,#12669),.UNSPECIFIED.,
  .F.,.F.,(2,2),(-0.692820323028,5.080682368869),
  .PIECEWISE_BEZIER_KNOTS.);
#12668 = CARTESIAN_POINT('',(5.773502691896,-3.5));
#12669 = CARTESIAN_POINT('',(0.,-3.5));
#12670 = ( GEOMETRIC_REPRESENTATION_CONTEXT(2) 
PARAMETRIC_REPRESENTATION_CONTEXT() REPRESENTATION_CONTEXT('2D SPACE',''
  ) );
#12671 = PCURVE('',#5092,#12672);
#12672 = DEFINITIONAL_REPRESENTATION('',(#12673),#12676);
#12673 = B_SPLINE_CURVE_WITH_KNOTS('',1,(#12674,#12675),.UNSPECIFIED.,
  .F.,.F.,(2,2),(-0.692820323028,5.080682368869),
  .PIECEWISE_BEZIER_KNOTS.);
#12674 = CARTESIAN_POINT('',(11.2,28.174693136454));
#12675 = CARTESIAN_POINT('',(6.2,31.061444482402));
#12676 = ( GEOMETRIC_REPRESENTATION_CONTEXT(2) 
PARAMETRIC_REPRESENTATION_CONTEXT() REPRESENTATION_CONTEXT('2D SPACE',''
  ) );
#12677 = ORIENTED_EDGE('',*,*,#12678,.F.);
#12678 = EDGE_CURVE('',#4469,#12658,#12679,.T.);
#12679 = SURFACE_CURVE('',#12680,(#12684,#12691),.PCURVE_S1.);
#12680 = LINE('',#12681,#12682);
#12681 = CARTESIAN_POINT('',(11.2,28.174693136454,36.5));
#12682 = VECTOR('',#12683,1.);
#12683 = DIRECTION('',(0.,0.,1.));
#12684 = PCURVE('',#4507,#12685);
#12685 = DEFINITIONAL_REPRESENTATION('',(#12686),#12690);
#12686 = LINE('',#12687,#12688);
#12687 = CARTESIAN_POINT('',(5.773502691896,0.));
#12688 = VECTOR('',#12689,1.);
#12689 = DIRECTION('',(0.,-1.));
#12690 = ( GEOMETRIC_REPRESENTATION_CONTEXT(2) 
PARAMETRIC_REPRESENTATION_CONTEXT() REPRESENTATION_CONTEXT('2D SPACE',''
  ) );
#12691 = PCURVE('',#4483,#12692);
#12692 = DEFINITIONAL_REPRESENTATION('',(#12693),#12697);
#12693 = LINE('',#12694,#12695);
#12694 = CARTESIAN_POINT('',(0.,0.));
#12695 = VECTOR('',#12696,1.);
#12696 = DIRECTION('',(0.,-1.));
#12697 = ( GEOMETRIC_REPRESENTATION_CONTEXT(2) 
PARAMETRIC_REPRESENTATION_CONTEXT() REPRESENTATION_CONTEXT('2D SPACE',''
  ) );
#12698 = ADVANCED_FACE('',(#12699),#4405,.T.);
#12699 = FACE_BOUND('',#12700,.T.);
#12700 = EDGE_LOOP('',(#12701,#12702,#12725,#12744));
#12701 = ORIENTED_EDGE('',*,*,#4390,.T.);
#12702 = ORIENTED_EDGE('',*,*,#12703,.T.);
#12703 = EDGE_CURVE('',#4391,#12704,#12706,.T.);
#12704 = VERTEX_POINT('',#12705);
#12705 = CARTESIAN_POINT('',(11.2,39.721698520246,40.));
#12706 = SURFACE_CURVE('',#12707,(#12711,#12718),.PCURVE_S1.);
#12707 = LINE('',#12708,#12709);
#12708 = CARTESIAN_POINT('',(11.2,39.721698520246,36.5));
#12709 = VECTOR('',#12710,1.);
#12710 = DIRECTION('',(0.,0.,1.));
#12711 = PCURVE('',#4405,#12712);
#12712 = DEFINITIONAL_REPRESENTATION('',(#12713),#12717);
#12713 = LINE('',#12714,#12715);
#12714 = CARTESIAN_POINT('',(0.,0.));
#12715 = VECTOR('',#12716,1.);
#12716 = DIRECTION('',(0.,-1.));
#12717 = ( GEOMETRIC_REPRESENTATION_CONTEXT(2) 
PARAMETRIC_REPRESENTATION_CONTEXT() REPRESENTATION_CONTEXT('2D SPACE',''
  ) );
#12718 = PCURVE('',#4431,#12719);
#12719 = DEFINITIONAL_REPRESENTATION('',(#12720),#12724);
#12720 = LINE('',#12721,#12722);
#12721 = CARTESIAN_POINT('',(5.773502691896,0.));
#12722 = VECTOR('',#12723,1.);
#12723 = DIRECTION('',(0.,-1.));
#12724 = ( GEOMETRIC_REPRESENTATION_CONTEXT(2) 
PARAMETRIC_REPRESENTATION_CONTEXT() REPRESENTATION_CONTEXT('2D SPACE',''
  ) );
#12725 = ORIENTED_EDGE('',*,*,#12726,.F.);
#12726 = EDGE_CURVE('',#12588,#12704,#12727,.T.);
#12727 = SURFACE_CURVE('',#12728,(#12732,#12738),.PCURVE_S1.);
#12728 = LINE('',#12729,#12730);
#12729 = CARTESIAN_POINT('',(-1.6,32.331615074619,40.));
#12730 = VECTOR('',#12731,1.);
#12731 = DIRECTION('',(0.866025403784,0.5,-0.));
#12732 = PCURVE('',#4405,#12733);
#12733 = DEFINITIONAL_REPRESENTATION('',(#12734),#12737);
#12734 = B_SPLINE_CURVE_WITH_KNOTS('',1,(#12735,#12736),.UNSPECIFIED.,
  .F.,.F.,(2,2),(9.006664199358,14.780166891254),
  .PIECEWISE_BEZIER_KNOTS.);
#12735 = CARTESIAN_POINT('',(5.773502691896,-3.5));
#12736 = CARTESIAN_POINT('',(0.,-3.5));
#12737 = ( GEOMETRIC_REPRESENTATION_CONTEXT(2) 
PARAMETRIC_REPRESENTATION_CONTEXT() REPRESENTATION_CONTEXT('2D SPACE',''
  ) );
#12738 = PCURVE('',#5092,#12739);
#12739 = DEFINITIONAL_REPRESENTATION('',(#12740),#12743);
#12740 = B_SPLINE_CURVE_WITH_KNOTS('',1,(#12741,#12742),.UNSPECIFIED.,
  .F.,.F.,(2,2),(9.006664199358,14.780166891254),
  .PIECEWISE_BEZIER_KNOTS.);
#12741 = CARTESIAN_POINT('',(6.2,36.834947174298));
#12742 = CARTESIAN_POINT('',(11.2,39.721698520246));
#12743 = ( GEOMETRIC_REPRESENTATION_CONTEXT(2) 
PARAMETRIC_REPRESENTATION_CONTEXT() REPRESENTATION_CONTEXT('2D SPACE',''
  ) );
#12744 = ORIENTED_EDGE('',*,*,#12587,.F.);
#12745 = ADVANCED_FACE('',(#12746),#4483,.T.);
#12746 = FACE_BOUND('',#12747,.T.);
#12747 = EDGE_LOOP('',(#12748,#12749,#12750,#12771));
#12748 = ORIENTED_EDGE('',*,*,#4468,.T.);
#12749 = ORIENTED_EDGE('',*,*,#12678,.T.);
#12750 = ORIENTED_EDGE('',*,*,#12751,.F.);
#12751 = EDGE_CURVE('',#12752,#12658,#12754,.T.);
#12752 = VERTEX_POINT('',#12753);
#12753 = CARTESIAN_POINT('',(16.2,31.061444482402,40.));
#12754 = SURFACE_CURVE('',#12755,(#12759,#12765),.PCURVE_S1.);
#12755 = LINE('',#12756,#12757);
#12756 = CARTESIAN_POINT('',(0.9,22.227985363801,40.));
#12757 = VECTOR('',#12758,1.);
#12758 = DIRECTION('',(-0.866025403784,-0.5,0.));
#12759 = PCURVE('',#4483,#12760);
#12760 = DEFINITIONAL_REPRESENTATION('',(#12761),#12764);
#12761 = B_SPLINE_CURVE_WITH_KNOTS('',1,(#12762,#12763),.UNSPECIFIED.,
  .F.,.F.,(2,2),(-17.6669182372,-11.8934155453),
  .PIECEWISE_BEZIER_KNOTS.);
#12762 = CARTESIAN_POINT('',(5.773502691896,-3.5));
#12763 = CARTESIAN_POINT('',(0.,-3.5));
#12764 = ( GEOMETRIC_REPRESENTATION_CONTEXT(2) 
PARAMETRIC_REPRESENTATION_CONTEXT() REPRESENTATION_CONTEXT('2D SPACE',''
  ) );
#12765 = PCURVE('',#5092,#12766);
#12766 = DEFINITIONAL_REPRESENTATION('',(#12767),#12770);
#12767 = B_SPLINE_CURVE_WITH_KNOTS('',1,(#12768,#12769),.UNSPECIFIED.,
  .F.,.F.,(2,2),(-17.6669182372,-11.8934155453),
  .PIECEWISE_BEZIER_KNOTS.);
#12768 = CARTESIAN_POINT('',(16.2,31.061444482402));
#12769 = CARTESIAN_POINT('',(11.2,28.174693136454));
#12770 = ( GEOMETRIC_REPRESENTATION_CONTEXT(2) 
PARAMETRIC_REPRESENTATION_CONTEXT() REPRESENTATION_CONTEXT('2D SPACE',''
  ) );
#12771 = ORIENTED_EDGE('',*,*,#12772,.F.);
#12772 = EDGE_CURVE('',#4443,#12752,#12773,.T.);
#12773 = SURFACE_CURVE('',#12774,(#12778,#12785),.PCURVE_S1.);
#12774 = LINE('',#12775,#12776);
#12775 = CARTESIAN_POINT('',(16.2,31.061444482402,36.5));
#12776 = VECTOR('',#12777,1.);
#12777 = DIRECTION('',(0.,0.,1.));
#12778 = PCURVE('',#4483,#12779);
#12779 = DEFINITIONAL_REPRESENTATION('',(#12780),#12784);
#12780 = LINE('',#12781,#12782);
#12781 = CARTESIAN_POINT('',(5.773502691896,0.));
#12782 = VECTOR('',#12783,1.);
#12783 = DIRECTION('',(0.,-1.));
#12784 = ( GEOMETRIC_REPRESENTATION_CONTEXT(2) 
PARAMETRIC_REPRESENTATION_CONTEXT() REPRESENTATION_CONTEXT('2D SPACE',''
  ) );
#12785 = PCURVE('',#4457,#12786);
#12786 = DEFINITIONAL_REPRESENTATION('',(#12787),#12791);
#12787 = LINE('',#12788,#12789);
#12788 = CARTESIAN_POINT('',(0.,0.));
#12789 = VECTOR('',#12790,1.);
#12790 = DIRECTION('',(0.,-1.));
#12791 = ( GEOMETRIC_REPRESENTATION_CONTEXT(2) 
PARAMETRIC_REPRESENTATION_CONTEXT() REPRESENTATION_CONTEXT('2D SPACE',''
  ) );
#12792 = ADVANCED_FACE('',(#12793),#4431,.T.);
#12793 = FACE_BOUND('',#12794,.T.);
#12794 = EDGE_LOOP('',(#12795,#12796,#12819,#12838));
#12795 = ORIENTED_EDGE('',*,*,#4416,.T.);
#12796 = ORIENTED_EDGE('',*,*,#12797,.T.);
#12797 = EDGE_CURVE('',#4417,#12798,#12800,.T.);
#12798 = VERTEX_POINT('',#12799);
#12799 = CARTESIAN_POINT('',(16.2,36.834947174298,40.));
#12800 = SURFACE_CURVE('',#12801,(#12805,#12812),.PCURVE_S1.);
#12801 = LINE('',#12802,#12803);
#12802 = CARTESIAN_POINT('',(16.2,36.834947174298,36.5));
#12803 = VECTOR('',#12804,1.);
#12804 = DIRECTION('',(0.,0.,1.));
#12805 = PCURVE('',#4431,#12806);
#12806 = DEFINITIONAL_REPRESENTATION('',(#12807),#12811);
#12807 = LINE('',#12808,#12809);
#12808 = CARTESIAN_POINT('',(0.,0.));
#12809 = VECTOR('',#12810,1.);
#12810 = DIRECTION('',(0.,-1.));
#12811 = ( GEOMETRIC_REPRESENTATION_CONTEXT(2) 
PARAMETRIC_REPRESENTATION_CONTEXT() REPRESENTATION_CONTEXT('2D SPACE',''
  ) );
#12812 = PCURVE('',#4457,#12813);
#12813 = DEFINITIONAL_REPRESENTATION('',(#12814),#12818);
#12814 = LINE('',#12815,#12816);
#12815 = CARTESIAN_POINT('',(5.773502691896,0.));
#12816 = VECTOR('',#12817,1.);
#12817 = DIRECTION('',(0.,-1.));
#12818 = ( GEOMETRIC_REPRESENTATION_CONTEXT(2) 
PARAMETRIC_REPRESENTATION_CONTEXT() REPRESENTATION_CONTEXT('2D SPACE',''
  ) );
#12819 = ORIENTED_EDGE('',*,*,#12820,.F.);
#12820 = EDGE_CURVE('',#12704,#12798,#12821,.T.);
#12821 = SURFACE_CURVE('',#12822,(#12826,#12832),.PCURVE_S1.);
#12822 = LINE('',#12823,#12824);
#12823 = CARTESIAN_POINT('',(18.1,35.737981662838,40.));
#12824 = VECTOR('',#12825,1.);
#12825 = DIRECTION('',(0.866025403784,-0.5,0.));
#12826 = PCURVE('',#4431,#12827);
#12827 = DEFINITIONAL_REPRESENTATION('',(#12828),#12831);
#12828 = B_SPLINE_CURVE_WITH_KNOTS('',1,(#12829,#12830),.UNSPECIFIED.,
  .F.,.F.,(2,2),(-7.967433714817,-2.193931022921),
  .PIECEWISE_BEZIER_KNOTS.);
#12829 = CARTESIAN_POINT('',(5.773502691896,-3.5));
#12830 = CARTESIAN_POINT('',(0.,-3.5));
#12831 = ( GEOMETRIC_REPRESENTATION_CONTEXT(2) 
PARAMETRIC_REPRESENTATION_CONTEXT() REPRESENTATION_CONTEXT('2D SPACE',''
  ) );
#12832 = PCURVE('',#5092,#12833);
#12833 = DEFINITIONAL_REPRESENTATION('',(#12834),#12837);
#12834 = B_SPLINE_CURVE_WITH_KNOTS('',1,(#12835,#12836),.UNSPECIFIED.,
  .F.,.F.,(2,2),(-7.967433714817,-2.193931022921),
  .PIECEWISE_BEZIER_KNOTS.);
#12835 = CARTESIAN_POINT('',(11.2,39.721698520246));
#12836 = CARTESIAN_POINT('',(16.2,36.834947174298));
#12837 = ( GEOMETRIC_REPRESENTATION_CONTEXT(2) 
PARAMETRIC_REPRESENTATION_CONTEXT() REPRESENTATION_CONTEXT('2D SPACE',''
  ) );
#12838 = ORIENTED_EDGE('',*,*,#12703,.F.);
#12839 = ADVANCED_FACE('',(#12840),#4457,.T.);
#12840 = FACE_BOUND('',#12841,.T.);
#12841 = EDGE_LOOP('',(#12842,#12843,#12844,#12863));
#12842 = ORIENTED_EDGE('',*,*,#4442,.T.);
#12843 = ORIENTED_EDGE('',*,*,#12772,.T.);
#12844 = ORIENTED_EDGE('',*,*,#12845,.F.);
#12845 = EDGE_CURVE('',#12798,#12752,#12846,.T.);
#12846 = SURFACE_CURVE('',#12847,(#12851,#12857),.PCURVE_S1.);
#12847 = LINE('',#12848,#12849);
#12848 = CARTESIAN_POINT('',(16.2,15.530722241201,40.));
#12849 = VECTOR('',#12850,1.);
#12850 = DIRECTION('',(-1.538370149107E-16,-1.,0.));
#12851 = PCURVE('',#4457,#12852);
#12852 = DEFINITIONAL_REPRESENTATION('',(#12853),#12856);
#12853 = B_SPLINE_CURVE_WITH_KNOTS('',1,(#12854,#12855),.UNSPECIFIED.,
  .F.,.F.,(2,2),(-21.30422493309,-15.5307222412),
  .PIECEWISE_BEZIER_KNOTS.);
#12854 = CARTESIAN_POINT('',(5.773502691896,-3.5));
#12855 = CARTESIAN_POINT('',(0.,-3.5));
#12856 = ( GEOMETRIC_REPRESENTATION_CONTEXT(2) 
PARAMETRIC_REPRESENTATION_CONTEXT() REPRESENTATION_CONTEXT('2D SPACE',''
  ) );
#12857 = PCURVE('',#5092,#12858);
#12858 = DEFINITIONAL_REPRESENTATION('',(#12859),#12862);
#12859 = B_SPLINE_CURVE_WITH_KNOTS('',1,(#12860,#12861),.UNSPECIFIED.,
  .F.,.F.,(2,2),(-21.30422493309,-15.5307222412),
  .PIECEWISE_BEZIER_KNOTS.);
#12860 = CARTESIAN_POINT('',(16.2,36.834947174298));
#12861 = CARTESIAN_POINT('',(16.2,31.061444482402));
#12862 = ( GEOMETRIC_REPRESENTATION_CONTEXT(2) 
PARAMETRIC_REPRESENTATION_CONTEXT() REPRESENTATION_CONTEXT('2D SPACE',''
  ) );
#12863 = ORIENTED_EDGE('',*,*,#12797,.F.);
#12864 = ADVANCED_FACE('',(#12865),#4537,.T.);
#12865 = FACE_BOUND('',#12866,.T.);
#12866 = EDGE_LOOP('',(#12867,#12868,#12891,#12912));
#12867 = ORIENTED_EDGE('',*,*,#4520,.T.);
#12868 = ORIENTED_EDGE('',*,*,#12869,.T.);
#12869 = EDGE_CURVE('',#4523,#12870,#12872,.T.);
#12870 = VERTEX_POINT('',#12871);
#12871 = CARTESIAN_POINT('',(11.8,27.135462651912,40.));
#12872 = SURFACE_CURVE('',#12873,(#12877,#12884),.PCURVE_S1.);
#12873 = LINE('',#12874,#12875);
#12874 = CARTESIAN_POINT('',(11.8,27.135462651912,36.5));
#12875 = VECTOR('',#12876,1.);
#12876 = DIRECTION('',(0.,0.,1.));
#12877 = PCURVE('',#4537,#12878);
#12878 = DEFINITIONAL_REPRESENTATION('',(#12879),#12883);
#12879 = LINE('',#12880,#12881);
#12880 = CARTESIAN_POINT('',(0.,0.));
#12881 = VECTOR('',#12882,1.);
#12882 = DIRECTION('',(0.,-1.));
#12883 = ( GEOMETRIC_REPRESENTATION_CONTEXT(2) 
PARAMETRIC_REPRESENTATION_CONTEXT() REPRESENTATION_CONTEXT('2D SPACE',''
  ) );
#12884 = PCURVE('',#4563,#12885);
#12885 = DEFINITIONAL_REPRESENTATION('',(#12886),#12890);
#12886 = LINE('',#12887,#12888);
#12887 = CARTESIAN_POINT('',(5.773502691896,0.));
#12888 = VECTOR('',#12889,1.);
#12889 = DIRECTION('',(0.,-1.));
#12890 = ( GEOMETRIC_REPRESENTATION_CONTEXT(2) 
PARAMETRIC_REPRESENTATION_CONTEXT() REPRESENTATION_CONTEXT('2D SPACE',''
  ) );
#12891 = ORIENTED_EDGE('',*,*,#12892,.F.);
#12892 = EDGE_CURVE('',#12893,#12870,#12895,.T.);
#12893 = VERTEX_POINT('',#12894);
#12894 = CARTESIAN_POINT('',(11.8,21.361959960016,40.));
#12895 = SURFACE_CURVE('',#12896,(#12900,#12906),.PCURVE_S1.);
#12896 = LINE('',#12897,#12898);
#12897 = CARTESIAN_POINT('',(11.8,13.567731325956,40.));
#12898 = VECTOR('',#12899,1.);
#12899 = DIRECTION('',(4.615110447321E-16,1.,-0.));
#12900 = PCURVE('',#4537,#12901);
#12901 = DEFINITIONAL_REPRESENTATION('',(#12902),#12905);
#12902 = B_SPLINE_CURVE_WITH_KNOTS('',1,(#12903,#12904),.UNSPECIFIED.,
  .F.,.F.,(2,2),(7.79422863406,13.567731325956),
  .PIECEWISE_BEZIER_KNOTS.);
#12903 = CARTESIAN_POINT('',(5.773502691896,-3.5));
#12904 = CARTESIAN_POINT('',(0.,-3.5));
#12905 = ( GEOMETRIC_REPRESENTATION_CONTEXT(2) 
PARAMETRIC_REPRESENTATION_CONTEXT() REPRESENTATION_CONTEXT('2D SPACE',''
  ) );
#12906 = PCURVE('',#5092,#12907);
#12907 = DEFINITIONAL_REPRESENTATION('',(#12908),#12911);
#12908 = B_SPLINE_CURVE_WITH_KNOTS('',1,(#12909,#12910),.UNSPECIFIED.,
  .F.,.F.,(2,2),(7.79422863406,13.567731325956),
  .PIECEWISE_BEZIER_KNOTS.);
#12909 = CARTESIAN_POINT('',(11.8,21.361959960016));
#12910 = CARTESIAN_POINT('',(11.8,27.135462651912));
#12911 = ( GEOMETRIC_REPRESENTATION_CONTEXT(2) 
PARAMETRIC_REPRESENTATION_CONTEXT() REPRESENTATION_CONTEXT('2D SPACE',''
  ) );
#12912 = ORIENTED_EDGE('',*,*,#12913,.F.);
#12913 = EDGE_CURVE('',#4521,#12893,#12914,.T.);
#12914 = SURFACE_CURVE('',#12915,(#12919,#12926),.PCURVE_S1.);
#12915 = LINE('',#12916,#12917);
#12916 = CARTESIAN_POINT('',(11.8,21.361959960016,36.5));
#12917 = VECTOR('',#12918,1.);
#12918 = DIRECTION('',(0.,0.,1.));
#12919 = PCURVE('',#4537,#12920);
#12920 = DEFINITIONAL_REPRESENTATION('',(#12921),#12925);
#12921 = LINE('',#12922,#12923);
#12922 = CARTESIAN_POINT('',(5.773502691896,0.));
#12923 = VECTOR('',#12924,1.);
#12924 = DIRECTION('',(0.,-1.));
#12925 = ( GEOMETRIC_REPRESENTATION_CONTEXT(2) 
PARAMETRIC_REPRESENTATION_CONTEXT() REPRESENTATION_CONTEXT('2D SPACE',''
  ) );
#12926 = PCURVE('',#4665,#12927);
#12927 = DEFINITIONAL_REPRESENTATION('',(#12928),#12932);
#12928 = LINE('',#12929,#12930);
#12929 = CARTESIAN_POINT('',(0.,0.));
#12930 = VECTOR('',#12931,1.);
#12931 = DIRECTION('',(0.,-1.));
#12932 = ( GEOMETRIC_REPRESENTATION_CONTEXT(2) 
PARAMETRIC_REPRESENTATION_CONTEXT() REPRESENTATION_CONTEXT('2D SPACE',''
  ) );
#12933 = ADVANCED_FACE('',(#12934),#4665,.T.);
#12934 = FACE_BOUND('',#12935,.T.);
#12935 = EDGE_LOOP('',(#12936,#12937,#12938,#12959));
#12936 = ORIENTED_EDGE('',*,*,#4652,.T.);
#12937 = ORIENTED_EDGE('',*,*,#12913,.T.);
#12938 = ORIENTED_EDGE('',*,*,#12939,.F.);
#12939 = EDGE_CURVE('',#12940,#12893,#12942,.T.);
#12940 = VERTEX_POINT('',#12941);
#12941 = CARTESIAN_POINT('',(16.8,18.475208614068,40.));
#12942 = SURFACE_CURVE('',#12943,(#12947,#12953),.PCURVE_S1.);
#12943 = LINE('',#12944,#12945);
#12944 = CARTESIAN_POINT('',(12.,21.246489906178,40.));
#12945 = VECTOR('',#12946,1.);
#12946 = DIRECTION('',(-0.866025403784,0.5,0.));
#12947 = PCURVE('',#4665,#12948);
#12948 = DEFINITIONAL_REPRESENTATION('',(#12949),#12952);
#12949 = B_SPLINE_CURVE_WITH_KNOTS('',1,(#12950,#12951),.UNSPECIFIED.,
  .F.,.F.,(2,2),(-5.54256258422,0.230940107676),
  .PIECEWISE_BEZIER_KNOTS.);
#12950 = CARTESIAN_POINT('',(5.773502691896,-3.5));
#12951 = CARTESIAN_POINT('',(0.,-3.5));
#12952 = ( GEOMETRIC_REPRESENTATION_CONTEXT(2) 
PARAMETRIC_REPRESENTATION_CONTEXT() REPRESENTATION_CONTEXT('2D SPACE',''
  ) );
#12953 = PCURVE('',#5092,#12954);
#12954 = DEFINITIONAL_REPRESENTATION('',(#12955),#12958);
#12955 = B_SPLINE_CURVE_WITH_KNOTS('',1,(#12956,#12957),.UNSPECIFIED.,
  .F.,.F.,(2,2),(-5.54256258422,0.230940107676),
  .PIECEWISE_BEZIER_KNOTS.);
#12956 = CARTESIAN_POINT('',(16.8,18.475208614068));
#12957 = CARTESIAN_POINT('',(11.8,21.361959960016));
#12958 = ( GEOMETRIC_REPRESENTATION_CONTEXT(2) 
PARAMETRIC_REPRESENTATION_CONTEXT() REPRESENTATION_CONTEXT('2D SPACE',''
  ) );
#12959 = ORIENTED_EDGE('',*,*,#12960,.F.);
#12960 = EDGE_CURVE('',#4627,#12940,#12961,.T.);
#12961 = SURFACE_CURVE('',#12962,(#12966,#12973),.PCURVE_S1.);
#12962 = LINE('',#12963,#12964);
#12963 = CARTESIAN_POINT('',(16.8,18.475208614068,36.5));
#12964 = VECTOR('',#12965,1.);
#12965 = DIRECTION('',(0.,0.,1.));
#12966 = PCURVE('',#4665,#12967);
#12967 = DEFINITIONAL_REPRESENTATION('',(#12968),#12972);
#12968 = LINE('',#12969,#12970);
#12969 = CARTESIAN_POINT('',(5.773502691896,0.));
#12970 = VECTOR('',#12971,1.);
#12971 = DIRECTION('',(0.,-1.));
#12972 = ( GEOMETRIC_REPRESENTATION_CONTEXT(2) 
PARAMETRIC_REPRESENTATION_CONTEXT() REPRESENTATION_CONTEXT('2D SPACE',''
  ) );
#12973 = PCURVE('',#4641,#12974);
#12974 = DEFINITIONAL_REPRESENTATION('',(#12975),#12979);
#12975 = LINE('',#12976,#12977);
#12976 = CARTESIAN_POINT('',(0.,0.));
#12977 = VECTOR('',#12978,1.);
#12978 = DIRECTION('',(0.,-1.));
#12979 = ( GEOMETRIC_REPRESENTATION_CONTEXT(2) 
PARAMETRIC_REPRESENTATION_CONTEXT() REPRESENTATION_CONTEXT('2D SPACE',''
  ) );
#12980 = ADVANCED_FACE('',(#12981),#4563,.T.);
#12981 = FACE_BOUND('',#12982,.T.);
#12982 = EDGE_LOOP('',(#12983,#12984,#13007,#13026));
#12983 = ORIENTED_EDGE('',*,*,#4548,.T.);
#12984 = ORIENTED_EDGE('',*,*,#12985,.T.);
#12985 = EDGE_CURVE('',#4549,#12986,#12988,.T.);
#12986 = VERTEX_POINT('',#12987);
#12987 = CARTESIAN_POINT('',(16.8,30.022213997861,40.));
#12988 = SURFACE_CURVE('',#12989,(#12993,#13000),.PCURVE_S1.);
#12989 = LINE('',#12990,#12991);
#12990 = CARTESIAN_POINT('',(16.8,30.022213997861,36.5));
#12991 = VECTOR('',#12992,1.);
#12992 = DIRECTION('',(0.,0.,1.));
#12993 = PCURVE('',#4563,#12994);
#12994 = DEFINITIONAL_REPRESENTATION('',(#12995),#12999);
#12995 = LINE('',#12996,#12997);
#12996 = CARTESIAN_POINT('',(0.,0.));
#12997 = VECTOR('',#12998,1.);
#12998 = DIRECTION('',(0.,-1.));
#12999 = ( GEOMETRIC_REPRESENTATION_CONTEXT(2) 
PARAMETRIC_REPRESENTATION_CONTEXT() REPRESENTATION_CONTEXT('2D SPACE',''
  ) );
#13000 = PCURVE('',#4589,#13001);
#13001 = DEFINITIONAL_REPRESENTATION('',(#13002),#13006);
#13002 = LINE('',#13003,#13004);
#13003 = CARTESIAN_POINT('',(5.773502691896,0.));
#13004 = VECTOR('',#13005,1.);
#13005 = DIRECTION('',(0.,-1.));
#13006 = ( GEOMETRIC_REPRESENTATION_CONTEXT(2) 
PARAMETRIC_REPRESENTATION_CONTEXT() REPRESENTATION_CONTEXT('2D SPACE',''
  ) );
#13007 = ORIENTED_EDGE('',*,*,#13008,.F.);
#13008 = EDGE_CURVE('',#12870,#12986,#13009,.T.);
#13009 = SURFACE_CURVE('',#13010,(#13014,#13020),.PCURVE_S1.);
#13010 = LINE('',#13011,#13012);
#13011 = CARTESIAN_POINT('',(4.,22.632130552233,40.));
#13012 = VECTOR('',#13013,1.);
#13013 = DIRECTION('',(0.866025403784,0.5,-0.));
#13014 = PCURVE('',#4563,#13015);
#13015 = DEFINITIONAL_REPRESENTATION('',(#13016),#13019);
#13016 = B_SPLINE_CURVE_WITH_KNOTS('',1,(#13017,#13018),.UNSPECIFIED.,
  .F.,.F.,(2,2),(9.006664199358,14.780166891254),
  .PIECEWISE_BEZIER_KNOTS.);
#13017 = CARTESIAN_POINT('',(5.773502691896,-3.5));
#13018 = CARTESIAN_POINT('',(0.,-3.5));
#13019 = ( GEOMETRIC_REPRESENTATION_CONTEXT(2) 
PARAMETRIC_REPRESENTATION_CONTEXT() REPRESENTATION_CONTEXT('2D SPACE',''
  ) );
#13020 = PCURVE('',#5092,#13021);
#13021 = DEFINITIONAL_REPRESENTATION('',(#13022),#13025);
#13022 = B_SPLINE_CURVE_WITH_KNOTS('',1,(#13023,#13024),.UNSPECIFIED.,
  .F.,.F.,(2,2),(9.006664199358,14.780166891254),
  .PIECEWISE_BEZIER_KNOTS.);
#13023 = CARTESIAN_POINT('',(11.8,27.135462651912));
#13024 = CARTESIAN_POINT('',(16.8,30.022213997861));
#13025 = ( GEOMETRIC_REPRESENTATION_CONTEXT(2) 
PARAMETRIC_REPRESENTATION_CONTEXT() REPRESENTATION_CONTEXT('2D SPACE',''
  ) );
#13026 = ORIENTED_EDGE('',*,*,#12869,.F.);
#13027 = ADVANCED_FACE('',(#13028),#4641,.T.);
#13028 = FACE_BOUND('',#13029,.T.);
#13029 = EDGE_LOOP('',(#13030,#13031,#13032,#13053));
#13030 = ORIENTED_EDGE('',*,*,#4626,.T.);
#13031 = ORIENTED_EDGE('',*,*,#12960,.T.);
#13032 = ORIENTED_EDGE('',*,*,#13033,.F.);
#13033 = EDGE_CURVE('',#13034,#12940,#13036,.T.);
#13034 = VERTEX_POINT('',#13035);
#13035 = CARTESIAN_POINT('',(21.8,21.361959960016,40.));
#13036 = SURFACE_CURVE('',#13037,(#13041,#13047),.PCURVE_S1.);
#13037 = LINE('',#13038,#13039);
#13038 = CARTESIAN_POINT('',(6.5,12.528500841415,40.));
#13039 = VECTOR('',#13040,1.);
#13040 = DIRECTION('',(-0.866025403784,-0.5,0.));
#13041 = PCURVE('',#4641,#13042);
#13042 = DEFINITIONAL_REPRESENTATION('',(#13043),#13046);
#13043 = B_SPLINE_CURVE_WITH_KNOTS('',1,(#13044,#13045),.UNSPECIFIED.,
  .F.,.F.,(2,2),(-17.6669182372,-11.8934155453),
  .PIECEWISE_BEZIER_KNOTS.);
#13044 = CARTESIAN_POINT('',(5.773502691896,-3.5));
#13045 = CARTESIAN_POINT('',(0.,-3.5));
#13046 = ( GEOMETRIC_REPRESENTATION_CONTEXT(2) 
PARAMETRIC_REPRESENTATION_CONTEXT() REPRESENTATION_CONTEXT('2D SPACE',''
  ) );
#13047 = PCURVE('',#5092,#13048);
#13048 = DEFINITIONAL_REPRESENTATION('',(#13049),#13052);
#13049 = B_SPLINE_CURVE_WITH_KNOTS('',1,(#13050,#13051),.UNSPECIFIED.,
  .F.,.F.,(2,2),(-17.6669182372,-11.8934155453),
  .PIECEWISE_BEZIER_KNOTS.);
#13050 = CARTESIAN_POINT('',(21.8,21.361959960016));
#13051 = CARTESIAN_POINT('',(16.8,18.475208614068));
#13052 = ( GEOMETRIC_REPRESENTATION_CONTEXT(2) 
PARAMETRIC_REPRESENTATION_CONTEXT() REPRESENTATION_CONTEXT('2D SPACE',''
  ) );
#13053 = ORIENTED_EDGE('',*,*,#13054,.F.);
#13054 = EDGE_CURVE('',#4601,#13034,#13055,.T.);
#13055 = SURFACE_CURVE('',#13056,(#13060,#13067),.PCURVE_S1.);
#13056 = LINE('',#13057,#13058);
#13057 = CARTESIAN_POINT('',(21.8,21.361959960016,36.5));
#13058 = VECTOR('',#13059,1.);
#13059 = DIRECTION('',(0.,0.,1.));
#13060 = PCURVE('',#4641,#13061);
#13061 = DEFINITIONAL_REPRESENTATION('',(#13062),#13066);
#13062 = LINE('',#13063,#13064);
#13063 = CARTESIAN_POINT('',(5.773502691896,0.));
#13064 = VECTOR('',#13065,1.);
#13065 = DIRECTION('',(0.,-1.));
#13066 = ( GEOMETRIC_REPRESENTATION_CONTEXT(2) 
PARAMETRIC_REPRESENTATION_CONTEXT() REPRESENTATION_CONTEXT('2D SPACE',''
  ) );
#13067 = PCURVE('',#4615,#13068);
#13068 = DEFINITIONAL_REPRESENTATION('',(#13069),#13073);
#13069 = LINE('',#13070,#13071);
#13070 = CARTESIAN_POINT('',(0.,0.));
#13071 = VECTOR('',#13072,1.);
#13072 = DIRECTION('',(0.,-1.));
#13073 = ( GEOMETRIC_REPRESENTATION_CONTEXT(2) 
PARAMETRIC_REPRESENTATION_CONTEXT() REPRESENTATION_CONTEXT('2D SPACE',''
  ) );
#13074 = ADVANCED_FACE('',(#13075),#4589,.T.);
#13075 = FACE_BOUND('',#13076,.T.);
#13076 = EDGE_LOOP('',(#13077,#13078,#13101,#13120));
#13077 = ORIENTED_EDGE('',*,*,#4574,.T.);
#13078 = ORIENTED_EDGE('',*,*,#13079,.T.);
#13079 = EDGE_CURVE('',#4575,#13080,#13082,.T.);
#13080 = VERTEX_POINT('',#13081);
#13081 = CARTESIAN_POINT('',(21.8,27.135462651912,40.));
#13082 = SURFACE_CURVE('',#13083,(#13087,#13094),.PCURVE_S1.);
#13083 = LINE('',#13084,#13085);
#13084 = CARTESIAN_POINT('',(21.8,27.135462651912,36.5));
#13085 = VECTOR('',#13086,1.);
#13086 = DIRECTION('',(0.,0.,1.));
#13087 = PCURVE('',#4589,#13088);
#13088 = DEFINITIONAL_REPRESENTATION('',(#13089),#13093);
#13089 = LINE('',#13090,#13091);
#13090 = CARTESIAN_POINT('',(0.,0.));
#13091 = VECTOR('',#13092,1.);
#13092 = DIRECTION('',(0.,-1.));
#13093 = ( GEOMETRIC_REPRESENTATION_CONTEXT(2) 
PARAMETRIC_REPRESENTATION_CONTEXT() REPRESENTATION_CONTEXT('2D SPACE',''
  ) );
#13094 = PCURVE('',#4615,#13095);
#13095 = DEFINITIONAL_REPRESENTATION('',(#13096),#13100);
#13096 = LINE('',#13097,#13098);
#13097 = CARTESIAN_POINT('',(5.773502691896,0.));
#13098 = VECTOR('',#13099,1.);
#13099 = DIRECTION('',(0.,-1.));
#13100 = ( GEOMETRIC_REPRESENTATION_CONTEXT(2) 
PARAMETRIC_REPRESENTATION_CONTEXT() REPRESENTATION_CONTEXT('2D SPACE',''
  ) );
#13101 = ORIENTED_EDGE('',*,*,#13102,.F.);
#13102 = EDGE_CURVE('',#12986,#13080,#13103,.T.);
#13103 = SURFACE_CURVE('',#13104,(#13108,#13114),.PCURVE_S1.);
#13104 = LINE('',#13105,#13106);
#13105 = CARTESIAN_POINT('',(19.5,28.463368271049,40.));
#13106 = VECTOR('',#13107,1.);
#13107 = DIRECTION('',(0.866025403784,-0.5,0.));
#13108 = PCURVE('',#4589,#13109);
#13109 = DEFINITIONAL_REPRESENTATION('',(#13110),#13113);
#13110 = B_SPLINE_CURVE_WITH_KNOTS('',1,(#13111,#13112),.UNSPECIFIED.,
  .F.,.F.,(2,2),(-3.117691453624,2.655811238272),
  .PIECEWISE_BEZIER_KNOTS.);
#13111 = CARTESIAN_POINT('',(5.773502691896,-3.5));
#13112 = CARTESIAN_POINT('',(0.,-3.5));
#13113 = ( GEOMETRIC_REPRESENTATION_CONTEXT(2) 
PARAMETRIC_REPRESENTATION_CONTEXT() REPRESENTATION_CONTEXT('2D SPACE',''
  ) );
#13114 = PCURVE('',#5092,#13115);
#13115 = DEFINITIONAL_REPRESENTATION('',(#13116),#13119);
#13116 = B_SPLINE_CURVE_WITH_KNOTS('',1,(#13117,#13118),.UNSPECIFIED.,
  .F.,.F.,(2,2),(-3.117691453624,2.655811238272),
  .PIECEWISE_BEZIER_KNOTS.);
#13117 = CARTESIAN_POINT('',(16.8,30.022213997861));
#13118 = CARTESIAN_POINT('',(21.8,27.135462651912));
#13119 = ( GEOMETRIC_REPRESENTATION_CONTEXT(2) 
PARAMETRIC_REPRESENTATION_CONTEXT() REPRESENTATION_CONTEXT('2D SPACE',''
  ) );
#13120 = ORIENTED_EDGE('',*,*,#12985,.F.);
#13121 = ADVANCED_FACE('',(#13122),#4615,.T.);
#13122 = FACE_BOUND('',#13123,.T.);
#13123 = EDGE_LOOP('',(#13124,#13125,#13126,#13145));
#13124 = ORIENTED_EDGE('',*,*,#4600,.T.);
#13125 = ORIENTED_EDGE('',*,*,#13054,.T.);
#13126 = ORIENTED_EDGE('',*,*,#13127,.F.);
#13127 = EDGE_CURVE('',#13080,#13034,#13128,.T.);
#13128 = SURFACE_CURVE('',#13129,(#13133,#13139),.PCURVE_S1.);
#13129 = LINE('',#13130,#13131);
#13130 = CARTESIAN_POINT('',(21.8,10.680979980008,40.));
#13131 = VECTOR('',#13132,1.);
#13132 = DIRECTION('',(-1.538370149107E-16,-1.,0.));
#13133 = PCURVE('',#4615,#13134);
#13134 = DEFINITIONAL_REPRESENTATION('',(#13135),#13138);
#13135 = B_SPLINE_CURVE_WITH_KNOTS('',1,(#13136,#13137),.UNSPECIFIED.,
  .F.,.F.,(2,2),(-16.4544826719,-10.68097998),.PIECEWISE_BEZIER_KNOTS.);
#13136 = CARTESIAN_POINT('',(5.773502691896,-3.5));
#13137 = CARTESIAN_POINT('',(0.,-3.5));
#13138 = ( GEOMETRIC_REPRESENTATION_CONTEXT(2) 
PARAMETRIC_REPRESENTATION_CONTEXT() REPRESENTATION_CONTEXT('2D SPACE',''
  ) );
#13139 = PCURVE('',#5092,#13140);
#13140 = DEFINITIONAL_REPRESENTATION('',(#13141),#13144);
#13141 = B_SPLINE_CURVE_WITH_KNOTS('',1,(#13142,#13143),.UNSPECIFIED.,
  .F.,.F.,(2,2),(-16.4544826719,-10.68097998),.PIECEWISE_BEZIER_KNOTS.);
#13142 = CARTESIAN_POINT('',(21.8,27.135462651912));
#13143 = CARTESIAN_POINT('',(21.8,21.361959960016));
#13144 = ( GEOMETRIC_REPRESENTATION_CONTEXT(2) 
PARAMETRIC_REPRESENTATION_CONTEXT() REPRESENTATION_CONTEXT('2D SPACE',''
  ) );
#13145 = ORIENTED_EDGE('',*,*,#13079,.F.);
#13146 = ADVANCED_FACE('',(#13147),#4696,.F.);
#13147 = FACE_BOUND('',#13148,.T.);
#13148 = EDGE_LOOP('',(#13149,#13183,#13211,#13243));
#13149 = ORIENTED_EDGE('',*,*,#13150,.T.);
#13150 = EDGE_CURVE('',#4679,#13151,#13153,.T.);
#13151 = VERTEX_POINT('',#13152);
#13152 = CARTESIAN_POINT('',(28.8,-3.,37.));
#13153 = SURFACE_CURVE('',#13154,(#13159,#13171),.PCURVE_S1.);
#13154 = ELLIPSE('',#13155,0.707106781187,0.5);
#13155 = AXIS2_PLACEMENT_3D('',#13156,#13157,#13158);
#13156 = CARTESIAN_POINT('',(29.3,-3.5,37.));
#13157 = DIRECTION('',(-0.707106781187,-0.707106781187,-0.));
#13158 = DIRECTION('',(-0.707106781187,0.707106781187,0.));
#13159 = PCURVE('',#4696,#13160);
#13160 = DEFINITIONAL_REPRESENTATION('',(#13161),#13170);
#13161 = B_SPLINE_CURVE_WITH_KNOTS('',7,(#13162,#13163,#13164,#13165,
    #13166,#13167,#13168,#13169),.UNSPECIFIED.,.F.,.F.,(8,8),(
    4.712388980385,6.28318530718),.PIECEWISE_BEZIER_KNOTS.);
#13162 = CARTESIAN_POINT('',(0.,-0.5));
#13163 = CARTESIAN_POINT('',(-0.224399475256,-0.387800262372));
#13164 = CARTESIAN_POINT('',(-0.448798950513,-0.275600980341));
#13165 = CARTESIAN_POINT('',(-0.673198425769,-0.172626587113));
#13166 = CARTESIAN_POINT('',(-0.897597901026,-8.811874768751E-02));
#13167 = CARTESIAN_POINT('',(-1.121997376282,-2.937433630496E-02));
#13168 = CARTESIAN_POINT('',(-1.346396851538,0.));
#13169 = CARTESIAN_POINT('',(-1.570796326795,0.));
#13170 = ( GEOMETRIC_REPRESENTATION_CONTEXT(2) 
PARAMETRIC_REPRESENTATION_CONTEXT() REPRESENTATION_CONTEXT('2D SPACE',''
  ) );
#13171 = PCURVE('',#4724,#13172);
#13172 = DEFINITIONAL_REPRESENTATION('',(#13173),#13182);
#13173 = B_SPLINE_CURVE_WITH_KNOTS('',7,(#13174,#13175,#13176,#13177,
    #13178,#13179,#13180,#13181),.UNSPECIFIED.,.F.,.F.,(8,8),(
    4.712388980385,6.28318530718),.PIECEWISE_BEZIER_KNOTS.);
#13174 = CARTESIAN_POINT('',(0.,1.5));
#13175 = CARTESIAN_POINT('',(-0.224399475256,1.387800262372));
#13176 = CARTESIAN_POINT('',(-0.448798950513,1.275600980341));
#13177 = CARTESIAN_POINT('',(-0.67319842577,1.172626587113));
#13178 = CARTESIAN_POINT('',(-0.897597901026,1.088118747688));
#13179 = CARTESIAN_POINT('',(-1.121997376282,1.029374336305));
#13180 = CARTESIAN_POINT('',(-1.346396851538,1.));
#13181 = CARTESIAN_POINT('',(-1.570796326795,1.));
#13182 = ( GEOMETRIC_REPRESENTATION_CONTEXT(2) 
PARAMETRIC_REPRESENTATION_CONTEXT() REPRESENTATION_CONTEXT('2D SPACE',''
  ) );
#13183 = ORIENTED_EDGE('',*,*,#13184,.T.);
#13184 = EDGE_CURVE('',#13151,#13185,#13187,.T.);
#13185 = VERTEX_POINT('',#13186);
#13186 = CARTESIAN_POINT('',(28.8,3.,37.));
#13187 = SURFACE_CURVE('',#13188,(#13192,#13199),.PCURVE_S1.);
#13188 = LINE('',#13189,#13190);
#13189 = CARTESIAN_POINT('',(28.8,-3.,37.));
#13190 = VECTOR('',#13191,1.);
#13191 = DIRECTION('',(0.,1.,0.));
#13192 = PCURVE('',#4696,#13193);
#13193 = DEFINITIONAL_REPRESENTATION('',(#13194),#13198);
#13194 = LINE('',#13195,#13196);
#13195 = CARTESIAN_POINT('',(-1.570796326795,0.));
#13196 = VECTOR('',#13197,1.);
#13197 = DIRECTION('',(-0.,1.));
#13198 = ( GEOMETRIC_REPRESENTATION_CONTEXT(2) 
PARAMETRIC_REPRESENTATION_CONTEXT() REPRESENTATION_CONTEXT('2D SPACE',''
  ) );
#13199 = PCURVE('',#13200,#13205);
#13200 = PLANE('',#13201);
#13201 = AXIS2_PLACEMENT_3D('',#13202,#13203,#13204);
#13202 = CARTESIAN_POINT('',(28.8,-3.,31.5));
#13203 = DIRECTION('',(1.,0.,0.));
#13204 = DIRECTION('',(0.,0.,1.));
#13205 = DEFINITIONAL_REPRESENTATION('',(#13206),#13210);
#13206 = LINE('',#13207,#13208);
#13207 = CARTESIAN_POINT('',(5.5,0.));
#13208 = VECTOR('',#13209,1.);
#13209 = DIRECTION('',(0.,-1.));
#13210 = ( GEOMETRIC_REPRESENTATION_CONTEXT(2) 
PARAMETRIC_REPRESENTATION_CONTEXT() REPRESENTATION_CONTEXT('2D SPACE',''
  ) );
#13211 = ORIENTED_EDGE('',*,*,#13212,.F.);
#13212 = EDGE_CURVE('',#4681,#13185,#13213,.T.);
#13213 = SURFACE_CURVE('',#13214,(#13219,#13231),.PCURVE_S1.);
#13214 = ELLIPSE('',#13215,0.707106781187,0.5);
#13215 = AXIS2_PLACEMENT_3D('',#13216,#13217,#13218);
#13216 = CARTESIAN_POINT('',(29.3,3.5,37.));
#13217 = DIRECTION('',(0.707106781187,-0.707106781187,-0.));
#13218 = DIRECTION('',(0.707106781187,0.707106781187,0.));
#13219 = PCURVE('',#4696,#13220);
#13220 = DEFINITIONAL_REPRESENTATION('',(#13221),#13230);
#13221 = B_SPLINE_CURVE_WITH_KNOTS('',7,(#13222,#13223,#13224,#13225,
    #13226,#13227,#13228,#13229),.UNSPECIFIED.,.F.,.F.,(8,8),(
    1.570796326795,3.14159265359),.PIECEWISE_BEZIER_KNOTS.);
#13222 = CARTESIAN_POINT('',(0.,6.5));
#13223 = CARTESIAN_POINT('',(-0.224399475256,6.387800262372));
#13224 = CARTESIAN_POINT('',(-0.448798950513,6.27560098034));
#13225 = CARTESIAN_POINT('',(-0.673198425769,6.172626587114));
#13226 = CARTESIAN_POINT('',(-0.897597901026,6.088118747688));
#13227 = CARTESIAN_POINT('',(-1.121997376282,6.029374336305));
#13228 = CARTESIAN_POINT('',(-1.346396851538,6.));
#13229 = CARTESIAN_POINT('',(-1.570796326795,6.));
#13230 = ( GEOMETRIC_REPRESENTATION_CONTEXT(2) 
PARAMETRIC_REPRESENTATION_CONTEXT() REPRESENTATION_CONTEXT('2D SPACE',''
  ) );
#13231 = PCURVE('',#4778,#13232);
#13232 = DEFINITIONAL_REPRESENTATION('',(#13233),#13242);
#13233 = B_SPLINE_CURVE_WITH_KNOTS('',7,(#13234,#13235,#13236,#13237,
    #13238,#13239,#13240,#13241),.UNSPECIFIED.,.F.,.F.,(8,8),(
    1.570796326795,3.14159265359),.PIECEWISE_BEZIER_KNOTS.);
#13234 = CARTESIAN_POINT('',(0.,1.5));
#13235 = CARTESIAN_POINT('',(0.224399475256,1.387800262372));
#13236 = CARTESIAN_POINT('',(0.448798950513,1.275600980341));
#13237 = CARTESIAN_POINT('',(0.67319842577,1.172626587113));
#13238 = CARTESIAN_POINT('',(0.897597901025,1.088118747688));
#13239 = CARTESIAN_POINT('',(1.121997376282,1.029374336305));
#13240 = CARTESIAN_POINT('',(1.346396851538,1.));
#13241 = CARTESIAN_POINT('',(1.570796326795,1.));
#13242 = ( GEOMETRIC_REPRESENTATION_CONTEXT(2) 
PARAMETRIC_REPRESENTATION_CONTEXT() REPRESENTATION_CONTEXT('2D SPACE',''
  ) );
#13243 = ORIENTED_EDGE('',*,*,#4678,.F.);
#13244 = ADVANCED_FACE('',(#13245),#4724,.F.);
#13245 = FACE_BOUND('',#13246,.T.);
#13246 = EDGE_LOOP('',(#13247,#13281,#13307,#13308));
#13247 = ORIENTED_EDGE('',*,*,#13248,.T.);
#13248 = EDGE_CURVE('',#4709,#13249,#13251,.T.);
#13249 = VERTEX_POINT('',#13250);
#13250 = CARTESIAN_POINT('',(27.8,-3.,37.));
#13251 = SURFACE_CURVE('',#13252,(#13257,#13269),.PCURVE_S1.);
#13252 = ELLIPSE('',#13253,0.707106781187,0.5);
#13253 = AXIS2_PLACEMENT_3D('',#13254,#13255,#13256);
#13254 = CARTESIAN_POINT('',(27.3,-3.5,37.));
#13255 = DIRECTION('',(-0.707106781187,0.707106781187,0.));
#13256 = DIRECTION('',(0.707106781187,0.707106781187,0.));
#13257 = PCURVE('',#4724,#13258);
#13258 = DEFINITIONAL_REPRESENTATION('',(#13259),#13268);
#13259 = B_SPLINE_CURVE_WITH_KNOTS('',7,(#13260,#13261,#13262,#13263,
    #13264,#13265,#13266,#13267),.UNSPECIFIED.,.F.,.F.,(8,8),(
    4.712388980385,6.28318530718),.PIECEWISE_BEZIER_KNOTS.);
#13260 = CARTESIAN_POINT('',(0.,-0.5));
#13261 = CARTESIAN_POINT('',(-0.224399475256,-0.387800262372));
#13262 = CARTESIAN_POINT('',(-0.448798950513,-0.27560098034));
#13263 = CARTESIAN_POINT('',(-0.67319842577,-0.172626587113));
#13264 = CARTESIAN_POINT('',(-0.897597901026,-8.811874768739E-02));
#13265 = CARTESIAN_POINT('',(-1.121997376282,-2.937433630501E-02));
#13266 = CARTESIAN_POINT('',(-1.346396851538,0.));
#13267 = CARTESIAN_POINT('',(-1.570796326795,0.));
#13268 = ( GEOMETRIC_REPRESENTATION_CONTEXT(2) 
PARAMETRIC_REPRESENTATION_CONTEXT() REPRESENTATION_CONTEXT('2D SPACE',''
  ) );
#13269 = PCURVE('',#4752,#13270);
#13270 = DEFINITIONAL_REPRESENTATION('',(#13271),#13280);
#13271 = B_SPLINE_CURVE_WITH_KNOTS('',7,(#13272,#13273,#13274,#13275,
    #13276,#13277,#13278,#13279),.UNSPECIFIED.,.F.,.F.,(8,8),(
    4.712388980385,6.28318530718),.PIECEWISE_BEZIER_KNOTS.);
#13272 = CARTESIAN_POINT('',(0.,-0.5));
#13273 = CARTESIAN_POINT('',(0.224399475256,-0.387800262372));
#13274 = CARTESIAN_POINT('',(0.448798950513,-0.275600980341));
#13275 = CARTESIAN_POINT('',(0.673198425769,-0.172626587113));
#13276 = CARTESIAN_POINT('',(0.897597901026,-8.811874768751E-02));
#13277 = CARTESIAN_POINT('',(1.121997376282,-2.937433630496E-02));
#13278 = CARTESIAN_POINT('',(1.346396851538,0.));
#13279 = CARTESIAN_POINT('',(1.570796326795,0.));
#13280 = ( GEOMETRIC_REPRESENTATION_CONTEXT(2) 
PARAMETRIC_REPRESENTATION_CONTEXT() REPRESENTATION_CONTEXT('2D SPACE',''
  ) );
#13281 = ORIENTED_EDGE('',*,*,#13282,.T.);
#13282 = EDGE_CURVE('',#13249,#13151,#13283,.T.);
#13283 = SURFACE_CURVE('',#13284,(#13288,#13295),.PCURVE_S1.);
#13284 = LINE('',#13285,#13286);
#13285 = CARTESIAN_POINT('',(27.8,-3.,37.));
#13286 = VECTOR('',#13287,1.);
#13287 = DIRECTION('',(1.,0.,0.));
#13288 = PCURVE('',#4724,#13289);
#13289 = DEFINITIONAL_REPRESENTATION('',(#13290),#13294);
#13290 = LINE('',#13291,#13292);
#13291 = CARTESIAN_POINT('',(-1.570796326795,0.));
#13292 = VECTOR('',#13293,1.);
#13293 = DIRECTION('',(-0.,1.));
#13294 = ( GEOMETRIC_REPRESENTATION_CONTEXT(2) 
PARAMETRIC_REPRESENTATION_CONTEXT() REPRESENTATION_CONTEXT('2D SPACE',''
  ) );
#13295 = PCURVE('',#13296,#13301);
#13296 = PLANE('',#13297);
#13297 = AXIS2_PLACEMENT_3D('',#13298,#13299,#13300);
#13298 = CARTESIAN_POINT('',(28.970738489166,-3.,32.488353597507));
#13299 = DIRECTION('',(0.,-1.,0.));
#13300 = DIRECTION('',(1.,0.,0.));
#13301 = DEFINITIONAL_REPRESENTATION('',(#13302),#13306);
#13302 = LINE('',#13303,#13304);
#13303 = CARTESIAN_POINT('',(-1.170738489166,4.511646402493));
#13304 = VECTOR('',#13305,1.);
#13305 = DIRECTION('',(1.,0.));
#13306 = ( GEOMETRIC_REPRESENTATION_CONTEXT(2) 
PARAMETRIC_REPRESENTATION_CONTEXT() REPRESENTATION_CONTEXT('2D SPACE',''
  ) );
#13307 = ORIENTED_EDGE('',*,*,#13150,.F.);
#13308 = ORIENTED_EDGE('',*,*,#4708,.F.);
#13309 = ADVANCED_FACE('',(#13310),#4778,.F.);
#13310 = FACE_BOUND('',#13311,.F.);
#13311 = EDGE_LOOP('',(#13312,#13346,#13372,#13373));
#13312 = ORIENTED_EDGE('',*,*,#13313,.T.);
#13313 = EDGE_CURVE('',#4737,#13314,#13316,.T.);
#13314 = VERTEX_POINT('',#13315);
#13315 = CARTESIAN_POINT('',(27.8,3.,37.));
#13316 = SURFACE_CURVE('',#13317,(#13322,#13334),.PCURVE_S1.);
#13317 = ELLIPSE('',#13318,0.707106781187,0.5);
#13318 = AXIS2_PLACEMENT_3D('',#13319,#13320,#13321);
#13319 = CARTESIAN_POINT('',(27.3,3.5,37.));
#13320 = DIRECTION('',(0.707106781187,0.707106781187,0.));
#13321 = DIRECTION('',(0.707106781187,-0.707106781187,0.));
#13322 = PCURVE('',#4778,#13323);
#13323 = DEFINITIONAL_REPRESENTATION('',(#13324),#13333);
#13324 = B_SPLINE_CURVE_WITH_KNOTS('',7,(#13325,#13326,#13327,#13328,
    #13329,#13330,#13331,#13332),.UNSPECIFIED.,.F.,.F.,(8,8),(
    4.712388980385,6.28318530718),.PIECEWISE_BEZIER_KNOTS.);
#13325 = CARTESIAN_POINT('',(0.,-0.5));
#13326 = CARTESIAN_POINT('',(0.224399475256,-0.387800262372));
#13327 = CARTESIAN_POINT('',(0.448798950513,-0.275600980341));
#13328 = CARTESIAN_POINT('',(0.67319842577,-0.172626587113));
#13329 = CARTESIAN_POINT('',(0.897597901025,-8.811874768741E-02));
#13330 = CARTESIAN_POINT('',(1.121997376282,-2.9374336305E-02));
#13331 = CARTESIAN_POINT('',(1.346396851538,-2.748100991031E-17));
#13332 = CARTESIAN_POINT('',(1.570796326795,0.));
#13333 = ( GEOMETRIC_REPRESENTATION_CONTEXT(2) 
PARAMETRIC_REPRESENTATION_CONTEXT() REPRESENTATION_CONTEXT('2D SPACE',''
  ) );
#13334 = PCURVE('',#4752,#13335);
#13335 = DEFINITIONAL_REPRESENTATION('',(#13336),#13345);
#13336 = B_SPLINE_CURVE_WITH_KNOTS('',7,(#13337,#13338,#13339,#13340,
    #13341,#13342,#13343,#13344),.UNSPECIFIED.,.F.,.F.,(8,8),(
    4.712388980385,6.28318530718),.PIECEWISE_BEZIER_KNOTS.);
#13337 = CARTESIAN_POINT('',(0.,6.5));
#13338 = CARTESIAN_POINT('',(0.224399475256,6.387800262372));
#13339 = CARTESIAN_POINT('',(0.448798950513,6.275600980339));
#13340 = CARTESIAN_POINT('',(0.673198425769,6.172626587116));
#13341 = CARTESIAN_POINT('',(0.897597901026,6.088118747684));
#13342 = CARTESIAN_POINT('',(1.121997376282,6.029374336306));
#13343 = CARTESIAN_POINT('',(1.346396851538,6.));
#13344 = CARTESIAN_POINT('',(1.570796326795,6.));
#13345 = ( GEOMETRIC_REPRESENTATION_CONTEXT(2) 
PARAMETRIC_REPRESENTATION_CONTEXT() REPRESENTATION_CONTEXT('2D SPACE',''
  ) );
#13346 = ORIENTED_EDGE('',*,*,#13347,.T.);
#13347 = EDGE_CURVE('',#13314,#13185,#13348,.T.);
#13348 = SURFACE_CURVE('',#13349,(#13353,#13360),.PCURVE_S1.);
#13349 = LINE('',#13350,#13351);
#13350 = CARTESIAN_POINT('',(27.8,3.,37.));
#13351 = VECTOR('',#13352,1.);
#13352 = DIRECTION('',(1.,0.,0.));
#13353 = PCURVE('',#4778,#13354);
#13354 = DEFINITIONAL_REPRESENTATION('',(#13355),#13359);
#13355 = LINE('',#13356,#13357);
#13356 = CARTESIAN_POINT('',(1.570796326795,0.));
#13357 = VECTOR('',#13358,1.);
#13358 = DIRECTION('',(0.,1.));
#13359 = ( GEOMETRIC_REPRESENTATION_CONTEXT(2) 
PARAMETRIC_REPRESENTATION_CONTEXT() REPRESENTATION_CONTEXT('2D SPACE',''
  ) );
#13360 = PCURVE('',#13361,#13366);
#13361 = PLANE('',#13362);
#13362 = AXIS2_PLACEMENT_3D('',#13363,#13364,#13365);
#13363 = CARTESIAN_POINT('',(27.8,3.,31.5));
#13364 = DIRECTION('',(0.,1.,0.));
#13365 = DIRECTION('',(0.,0.,1.));
#13366 = DEFINITIONAL_REPRESENTATION('',(#13367),#13371);
#13367 = LINE('',#13368,#13369);
#13368 = CARTESIAN_POINT('',(5.5,0.));
#13369 = VECTOR('',#13370,1.);
#13370 = DIRECTION('',(0.,1.));
#13371 = ( GEOMETRIC_REPRESENTATION_CONTEXT(2) 
PARAMETRIC_REPRESENTATION_CONTEXT() REPRESENTATION_CONTEXT('2D SPACE',''
  ) );
#13372 = ORIENTED_EDGE('',*,*,#13212,.F.);
#13373 = ORIENTED_EDGE('',*,*,#4764,.F.);
#13374 = ADVANCED_FACE('',(#13375),#4752,.F.);
#13375 = FACE_BOUND('',#13376,.F.);
#13376 = EDGE_LOOP('',(#13377,#13378,#13404,#13405));
#13377 = ORIENTED_EDGE('',*,*,#13248,.T.);
#13378 = ORIENTED_EDGE('',*,*,#13379,.T.);
#13379 = EDGE_CURVE('',#13249,#13314,#13380,.T.);
#13380 = SURFACE_CURVE('',#13381,(#13385,#13392),.PCURVE_S1.);
#13381 = LINE('',#13382,#13383);
#13382 = CARTESIAN_POINT('',(27.8,-3.,37.));
#13383 = VECTOR('',#13384,1.);
#13384 = DIRECTION('',(0.,1.,0.));
#13385 = PCURVE('',#4752,#13386);
#13386 = DEFINITIONAL_REPRESENTATION('',(#13387),#13391);
#13387 = LINE('',#13388,#13389);
#13388 = CARTESIAN_POINT('',(1.570796326795,0.));
#13389 = VECTOR('',#13390,1.);
#13390 = DIRECTION('',(0.,1.));
#13391 = ( GEOMETRIC_REPRESENTATION_CONTEXT(2) 
PARAMETRIC_REPRESENTATION_CONTEXT() REPRESENTATION_CONTEXT('2D SPACE',''
  ) );
#13392 = PCURVE('',#13393,#13398);
#13393 = PLANE('',#13394);
#13394 = AXIS2_PLACEMENT_3D('',#13395,#13396,#13397);
#13395 = CARTESIAN_POINT('',(27.8,-3.,31.5));
#13396 = DIRECTION('',(1.,0.,0.));
#13397 = DIRECTION('',(0.,0.,1.));
#13398 = DEFINITIONAL_REPRESENTATION('',(#13399),#13403);
#13399 = LINE('',#13400,#13401);
#13400 = CARTESIAN_POINT('',(5.5,0.));
#13401 = VECTOR('',#13402,1.);
#13402 = DIRECTION('',(0.,-1.));
#13403 = ( GEOMETRIC_REPRESENTATION_CONTEXT(2) 
PARAMETRIC_REPRESENTATION_CONTEXT() REPRESENTATION_CONTEXT('2D SPACE',''
  ) );
#13404 = ORIENTED_EDGE('',*,*,#13313,.F.);
#13405 = ORIENTED_EDGE('',*,*,#4736,.F.);
#13406 = ADVANCED_FACE('',(#13407),#4843,.T.);
#13407 = FACE_BOUND('',#13408,.T.);
#13408 = EDGE_LOOP('',(#13409,#13432,#13460,#13481));
#13409 = ORIENTED_EDGE('',*,*,#13410,.F.);
#13410 = EDGE_CURVE('',#13411,#4794,#13413,.T.);
#13411 = VERTEX_POINT('',#13412);
#13412 = CARTESIAN_POINT('',(-28.8,3.,33.3));
#13413 = SURFACE_CURVE('',#13414,(#13418,#13425),.PCURVE_S1.);
#13414 = LINE('',#13415,#13416);
#13415 = CARTESIAN_POINT('',(-28.8,3.,31.5));
#13416 = VECTOR('',#13417,1.);
#13417 = DIRECTION('',(0.,0.,1.));
#13418 = PCURVE('',#4843,#13419);
#13419 = DEFINITIONAL_REPRESENTATION('',(#13420),#13424);
#13420 = LINE('',#13421,#13422);
#13421 = CARTESIAN_POINT('',(0.,0.));
#13422 = VECTOR('',#13423,1.);
#13423 = DIRECTION('',(1.,0.));
#13424 = ( GEOMETRIC_REPRESENTATION_CONTEXT(2) 
PARAMETRIC_REPRESENTATION_CONTEXT() REPRESENTATION_CONTEXT('2D SPACE',''
  ) );
#13425 = PCURVE('',#4939,#13426);
#13426 = DEFINITIONAL_REPRESENTATION('',(#13427),#13431);
#13427 = LINE('',#13428,#13429);
#13428 = CARTESIAN_POINT('',(-0.170738489166,-0.988353597507));
#13429 = VECTOR('',#13430,1.);
#13430 = DIRECTION('',(0.,1.));
#13431 = ( GEOMETRIC_REPRESENTATION_CONTEXT(2) 
PARAMETRIC_REPRESENTATION_CONTEXT() REPRESENTATION_CONTEXT('2D SPACE',''
  ) );
#13432 = ORIENTED_EDGE('',*,*,#13433,.F.);
#13433 = EDGE_CURVE('',#13434,#13411,#13436,.T.);
#13434 = VERTEX_POINT('',#13435);
#13435 = CARTESIAN_POINT('',(-28.8,-3.,33.3));
#13436 = SURFACE_CURVE('',#13437,(#13441,#13448),.PCURVE_S1.);
#13437 = LINE('',#13438,#13439);
#13438 = CARTESIAN_POINT('',(-28.8,-3.,33.3));
#13439 = VECTOR('',#13440,1.);
#13440 = DIRECTION('',(1.224646799147E-16,1.,0.));
#13441 = PCURVE('',#4843,#13442);
#13442 = DEFINITIONAL_REPRESENTATION('',(#13443),#13447);
#13443 = LINE('',#13444,#13445);
#13444 = CARTESIAN_POINT('',(1.8,-6.));
#13445 = VECTOR('',#13446,1.);
#13446 = DIRECTION('',(0.,1.));
#13447 = ( GEOMETRIC_REPRESENTATION_CONTEXT(2) 
PARAMETRIC_REPRESENTATION_CONTEXT() REPRESENTATION_CONTEXT('2D SPACE',''
  ) );
#13448 = PCURVE('',#13449,#13454);
#13449 = PLANE('',#13450);
#13450 = AXIS2_PLACEMENT_3D('',#13451,#13452,#13453);
#13451 = CARTESIAN_POINT('',(-29.25,5.510910596163E-17,33.3));
#13452 = DIRECTION('',(0.,0.,-1.));
#13453 = DIRECTION('',(1.,-1.224646799147E-16,0.));
#13454 = DEFINITIONAL_REPRESENTATION('',(#13455),#13459);
#13455 = LINE('',#13456,#13457);
#13456 = CARTESIAN_POINT('',(0.45,3.));
#13457 = VECTOR('',#13458,1.);
#13458 = DIRECTION('',(0.,-1.));
#13459 = ( GEOMETRIC_REPRESENTATION_CONTEXT(2) 
PARAMETRIC_REPRESENTATION_CONTEXT() REPRESENTATION_CONTEXT('2D SPACE',''
  ) );
#13460 = ORIENTED_EDGE('',*,*,#13461,.T.);
#13461 = EDGE_CURVE('',#13434,#4828,#13462,.T.);
#13462 = SURFACE_CURVE('',#13463,(#13467,#13474),.PCURVE_S1.);
#13463 = LINE('',#13464,#13465);
#13464 = CARTESIAN_POINT('',(-28.8,-3.,31.5));
#13465 = VECTOR('',#13466,1.);
#13466 = DIRECTION('',(0.,0.,1.));
#13467 = PCURVE('',#4843,#13468);
#13468 = DEFINITIONAL_REPRESENTATION('',(#13469),#13473);
#13469 = LINE('',#13470,#13471);
#13470 = CARTESIAN_POINT('',(0.,-6.));
#13471 = VECTOR('',#13472,1.);
#13472 = DIRECTION('',(1.,0.));
#13473 = ( GEOMETRIC_REPRESENTATION_CONTEXT(2) 
PARAMETRIC_REPRESENTATION_CONTEXT() REPRESENTATION_CONTEXT('2D SPACE',''
  ) );
#13474 = PCURVE('',#5004,#13475);
#13475 = DEFINITIONAL_REPRESENTATION('',(#13476),#13480);
#13476 = LINE('',#13477,#13478);
#13477 = CARTESIAN_POINT('',(0.,1.));
#13478 = VECTOR('',#13479,1.);
#13479 = DIRECTION('',(1.,0.));
#13480 = ( GEOMETRIC_REPRESENTATION_CONTEXT(2) 
PARAMETRIC_REPRESENTATION_CONTEXT() REPRESENTATION_CONTEXT('2D SPACE',''
  ) );
#13481 = ORIENTED_EDGE('',*,*,#4827,.F.);
#13482 = ADVANCED_FACE('',(#13483),#4939,.T.);
#13483 = FACE_BOUND('',#13484,.T.);
#13484 = EDGE_LOOP('',(#13485,#13486,#13487,#13510,#13538,#13566,#13594)
  );
#13485 = ORIENTED_EDGE('',*,*,#13410,.T.);
#13486 = ORIENTED_EDGE('',*,*,#4925,.F.);
#13487 = ORIENTED_EDGE('',*,*,#13488,.F.);
#13488 = EDGE_CURVE('',#13489,#4892,#13491,.T.);
#13489 = VERTEX_POINT('',#13490);
#13490 = CARTESIAN_POINT('',(-27.8,3.,31.5));
#13491 = SURFACE_CURVE('',#13492,(#13496,#13503),.PCURVE_S1.);
#13492 = LINE('',#13493,#13494);
#13493 = CARTESIAN_POINT('',(-27.8,3.,31.5));
#13494 = VECTOR('',#13495,1.);
#13495 = DIRECTION('',(0.,0.,1.));
#13496 = PCURVE('',#4939,#13497);
#13497 = DEFINITIONAL_REPRESENTATION('',(#13498),#13502);
#13498 = LINE('',#13499,#13500);
#13499 = CARTESIAN_POINT('',(-1.170738489166,-0.988353597507));
#13500 = VECTOR('',#13501,1.);
#13501 = DIRECTION('',(0.,1.));
#13502 = ( GEOMETRIC_REPRESENTATION_CONTEXT(2) 
PARAMETRIC_REPRESENTATION_CONTEXT() REPRESENTATION_CONTEXT('2D SPACE',''
  ) );
#13503 = PCURVE('',#5036,#13504);
#13504 = DEFINITIONAL_REPRESENTATION('',(#13505),#13509);
#13505 = LINE('',#13506,#13507);
#13506 = CARTESIAN_POINT('',(0.,0.));
#13507 = VECTOR('',#13508,1.);
#13508 = DIRECTION('',(1.,0.));
#13509 = ( GEOMETRIC_REPRESENTATION_CONTEXT(2) 
PARAMETRIC_REPRESENTATION_CONTEXT() REPRESENTATION_CONTEXT('2D SPACE',''
  ) );
#13510 = ORIENTED_EDGE('',*,*,#13511,.T.);
#13511 = EDGE_CURVE('',#13489,#13512,#13514,.T.);
#13512 = VERTEX_POINT('',#13513);
#13513 = CARTESIAN_POINT('',(-28.8,3.,31.5));
#13514 = SURFACE_CURVE('',#13515,(#13519,#13526),.PCURVE_S1.);
#13515 = LINE('',#13516,#13517);
#13516 = CARTESIAN_POINT('',(-27.8,3.,31.5));
#13517 = VECTOR('',#13518,1.);
#13518 = DIRECTION('',(-1.,1.224646799147E-16,0.));
#13519 = PCURVE('',#4939,#13520);
#13520 = DEFINITIONAL_REPRESENTATION('',(#13521),#13525);
#13521 = LINE('',#13522,#13523);
#13522 = CARTESIAN_POINT('',(-1.170738489166,-0.988353597507));
#13523 = VECTOR('',#13524,1.);
#13524 = DIRECTION('',(1.,0.));
#13525 = ( GEOMETRIC_REPRESENTATION_CONTEXT(2) 
PARAMETRIC_REPRESENTATION_CONTEXT() REPRESENTATION_CONTEXT('2D SPACE',''
  ) );
#13526 = PCURVE('',#13527,#13532);
#13527 = PLANE('',#13528);
#13528 = AXIS2_PLACEMENT_3D('',#13529,#13530,#13531);
#13529 = CARTESIAN_POINT('',(-27.8,3.,31.5));
#13530 = DIRECTION('',(0.,0.,1.));
#13531 = DIRECTION('',(-1.,1.224646799147E-16,0.));
#13532 = DEFINITIONAL_REPRESENTATION('',(#13533),#13537);
#13533 = LINE('',#13534,#13535);
#13534 = CARTESIAN_POINT('',(0.,0.));
#13535 = VECTOR('',#13536,1.);
#13536 = DIRECTION('',(1.,0.));
#13537 = ( GEOMETRIC_REPRESENTATION_CONTEXT(2) 
PARAMETRIC_REPRESENTATION_CONTEXT() REPRESENTATION_CONTEXT('2D SPACE',''
  ) );
#13538 = ORIENTED_EDGE('',*,*,#13539,.T.);
#13539 = EDGE_CURVE('',#13512,#13540,#13542,.T.);
#13540 = VERTEX_POINT('',#13541);
#13541 = CARTESIAN_POINT('',(-29.25,3.,32.5));
#13542 = SURFACE_CURVE('',#13543,(#13547,#13554),.PCURVE_S1.);
#13543 = LINE('',#13544,#13545);
#13544 = CARTESIAN_POINT('',(-28.8,3.,31.5));
#13545 = VECTOR('',#13546,1.);
#13546 = DIRECTION('',(-0.410364677329,5.025517885738E-17,0.911921505175
    ));
#13547 = PCURVE('',#4939,#13548);
#13548 = DEFINITIONAL_REPRESENTATION('',(#13549),#13553);
#13549 = LINE('',#13550,#13551);
#13550 = CARTESIAN_POINT('',(-0.170738489166,-0.988353597507));
#13551 = VECTOR('',#13552,1.);
#13552 = DIRECTION('',(0.410364677329,0.911921505175));
#13553 = ( GEOMETRIC_REPRESENTATION_CONTEXT(2) 
PARAMETRIC_REPRESENTATION_CONTEXT() REPRESENTATION_CONTEXT('2D SPACE',''
  ) );
#13554 = PCURVE('',#13555,#13560);
#13555 = PLANE('',#13556);
#13556 = AXIS2_PLACEMENT_3D('',#13557,#13558,#13559);
#13557 = CARTESIAN_POINT('',(-28.8,0.,31.5));
#13558 = DIRECTION('',(0.911921505175,-1.116781752386E-16,0.410364677329
    ));
#13559 = DIRECTION('',(-0.410364677329,5.025517885738E-17,0.911921505175
    ));
#13560 = DEFINITIONAL_REPRESENTATION('',(#13561),#13565);
#13561 = LINE('',#13562,#13563);
#13562 = CARTESIAN_POINT('',(0.,-3.));
#13563 = VECTOR('',#13564,1.);
#13564 = DIRECTION('',(1.,0.));
#13565 = ( GEOMETRIC_REPRESENTATION_CONTEXT(2) 
PARAMETRIC_REPRESENTATION_CONTEXT() REPRESENTATION_CONTEXT('2D SPACE',''
  ) );
#13566 = ORIENTED_EDGE('',*,*,#13567,.T.);
#13567 = EDGE_CURVE('',#13540,#13568,#13570,.T.);
#13568 = VERTEX_POINT('',#13569);
#13569 = CARTESIAN_POINT('',(-29.25,3.,33.3));
#13570 = SURFACE_CURVE('',#13571,(#13575,#13582),.PCURVE_S1.);
#13571 = LINE('',#13572,#13573);
#13572 = CARTESIAN_POINT('',(-29.25,3.,32.5));
#13573 = VECTOR('',#13574,1.);
#13574 = DIRECTION('',(0.,0.,1.));
#13575 = PCURVE('',#4939,#13576);
#13576 = DEFINITIONAL_REPRESENTATION('',(#13577),#13581);
#13577 = LINE('',#13578,#13579);
#13578 = CARTESIAN_POINT('',(0.279261510834,1.164640249327E-02));
#13579 = VECTOR('',#13580,1.);
#13580 = DIRECTION('',(0.,1.));
#13581 = ( GEOMETRIC_REPRESENTATION_CONTEXT(2) 
PARAMETRIC_REPRESENTATION_CONTEXT() REPRESENTATION_CONTEXT('2D SPACE',''
  ) );
#13582 = PCURVE('',#13583,#13588);
#13583 = PLANE('',#13584);
#13584 = AXIS2_PLACEMENT_3D('',#13585,#13586,#13587);
#13585 = CARTESIAN_POINT('',(-29.25,5.510910596163E-17,32.5));
#13586 = DIRECTION('',(1.,-1.224646799147E-16,0.));
#13587 = DIRECTION('',(0.,0.,1.));
#13588 = DEFINITIONAL_REPRESENTATION('',(#13589),#13593);
#13589 = LINE('',#13590,#13591);
#13590 = CARTESIAN_POINT('',(0.,-3.));
#13591 = VECTOR('',#13592,1.);
#13592 = DIRECTION('',(1.,0.));
#13593 = ( GEOMETRIC_REPRESENTATION_CONTEXT(2) 
PARAMETRIC_REPRESENTATION_CONTEXT() REPRESENTATION_CONTEXT('2D SPACE',''
  ) );
#13594 = ORIENTED_EDGE('',*,*,#13595,.T.);
#13595 = EDGE_CURVE('',#13568,#13411,#13596,.T.);
#13596 = SURFACE_CURVE('',#13597,(#13601,#13608),.PCURVE_S1.);
#13597 = LINE('',#13598,#13599);
#13598 = CARTESIAN_POINT('',(-29.25,3.,33.3));
#13599 = VECTOR('',#13600,1.);
#13600 = DIRECTION('',(1.,-1.224646799147E-16,0.));
#13601 = PCURVE('',#4939,#13602);
#13602 = DEFINITIONAL_REPRESENTATION('',(#13603),#13607);
#13603 = LINE('',#13604,#13605);
#13604 = CARTESIAN_POINT('',(0.279261510834,0.811646402493));
#13605 = VECTOR('',#13606,1.);
#13606 = DIRECTION('',(-1.,0.));
#13607 = ( GEOMETRIC_REPRESENTATION_CONTEXT(2) 
PARAMETRIC_REPRESENTATION_CONTEXT() REPRESENTATION_CONTEXT('2D SPACE',''
  ) );
#13608 = PCURVE('',#13449,#13609);
#13609 = DEFINITIONAL_REPRESENTATION('',(#13610),#13614);
#13610 = LINE('',#13611,#13612);
#13611 = CARTESIAN_POINT('',(0.,-3.));
#13612 = VECTOR('',#13613,1.);
#13613 = DIRECTION('',(1.,0.));
#13614 = ( GEOMETRIC_REPRESENTATION_CONTEXT(2) 
PARAMETRIC_REPRESENTATION_CONTEXT() REPRESENTATION_CONTEXT('2D SPACE',''
  ) );
#13615 = ADVANCED_FACE('',(#13616),#5004,.T.);
#13616 = FACE_BOUND('',#13617,.T.);
#13617 = EDGE_LOOP('',(#13618,#13641,#13642,#13643,#13666,#13689,#13712)
  );
#13618 = ORIENTED_EDGE('',*,*,#13619,.T.);
#13619 = EDGE_CURVE('',#13620,#4957,#13622,.T.);
#13620 = VERTEX_POINT('',#13621);
#13621 = CARTESIAN_POINT('',(-27.8,-3.,31.5));
#13622 = SURFACE_CURVE('',#13623,(#13627,#13634),.PCURVE_S1.);
#13623 = LINE('',#13624,#13625);
#13624 = CARTESIAN_POINT('',(-27.8,-3.,31.5));
#13625 = VECTOR('',#13626,1.);
#13626 = DIRECTION('',(0.,0.,1.));
#13627 = PCURVE('',#5004,#13628);
#13628 = DEFINITIONAL_REPRESENTATION('',(#13629),#13633);
#13629 = LINE('',#13630,#13631);
#13630 = CARTESIAN_POINT('',(0.,0.));
#13631 = VECTOR('',#13632,1.);
#13632 = DIRECTION('',(1.,0.));
#13633 = ( GEOMETRIC_REPRESENTATION_CONTEXT(2) 
PARAMETRIC_REPRESENTATION_CONTEXT() REPRESENTATION_CONTEXT('2D SPACE',''
  ) );
#13634 = PCURVE('',#5036,#13635);
#13635 = DEFINITIONAL_REPRESENTATION('',(#13636),#13640);
#13636 = LINE('',#13637,#13638);
#13637 = CARTESIAN_POINT('',(0.,-6.));
#13638 = VECTOR('',#13639,1.);
#13639 = DIRECTION('',(1.,0.));
#13640 = ( GEOMETRIC_REPRESENTATION_CONTEXT(2) 
PARAMETRIC_REPRESENTATION_CONTEXT() REPRESENTATION_CONTEXT('2D SPACE',''
  ) );
#13641 = ORIENTED_EDGE('',*,*,#4990,.T.);
#13642 = ORIENTED_EDGE('',*,*,#13461,.F.);
#13643 = ORIENTED_EDGE('',*,*,#13644,.F.);
#13644 = EDGE_CURVE('',#13645,#13434,#13647,.T.);
#13645 = VERTEX_POINT('',#13646);
#13646 = CARTESIAN_POINT('',(-29.25,-3.,33.3));
#13647 = SURFACE_CURVE('',#13648,(#13652,#13659),.PCURVE_S1.);
#13648 = LINE('',#13649,#13650);
#13649 = CARTESIAN_POINT('',(-29.25,-3.,33.3));
#13650 = VECTOR('',#13651,1.);
#13651 = DIRECTION('',(1.,-1.224646799147E-16,0.));
#13652 = PCURVE('',#5004,#13653);
#13653 = DEFINITIONAL_REPRESENTATION('',(#13654),#13658);
#13654 = LINE('',#13655,#13656);
#13655 = CARTESIAN_POINT('',(1.8,1.45));
#13656 = VECTOR('',#13657,1.);
#13657 = DIRECTION('',(0.,-1.));
#13658 = ( GEOMETRIC_REPRESENTATION_CONTEXT(2) 
PARAMETRIC_REPRESENTATION_CONTEXT() REPRESENTATION_CONTEXT('2D SPACE',''
  ) );
#13659 = PCURVE('',#13449,#13660);
#13660 = DEFINITIONAL_REPRESENTATION('',(#13661),#13665);
#13661 = LINE('',#13662,#13663);
#13662 = CARTESIAN_POINT('',(0.,3.));
#13663 = VECTOR('',#13664,1.);
#13664 = DIRECTION('',(1.,0.));
#13665 = ( GEOMETRIC_REPRESENTATION_CONTEXT(2) 
PARAMETRIC_REPRESENTATION_CONTEXT() REPRESENTATION_CONTEXT('2D SPACE',''
  ) );
#13666 = ORIENTED_EDGE('',*,*,#13667,.F.);
#13667 = EDGE_CURVE('',#13668,#13645,#13670,.T.);
#13668 = VERTEX_POINT('',#13669);
#13669 = CARTESIAN_POINT('',(-29.25,-3.,32.5));
#13670 = SURFACE_CURVE('',#13671,(#13675,#13682),.PCURVE_S1.);
#13671 = LINE('',#13672,#13673);
#13672 = CARTESIAN_POINT('',(-29.25,-3.,32.5));
#13673 = VECTOR('',#13674,1.);
#13674 = DIRECTION('',(0.,0.,1.));
#13675 = PCURVE('',#5004,#13676);
#13676 = DEFINITIONAL_REPRESENTATION('',(#13677),#13681);
#13677 = LINE('',#13678,#13679);
#13678 = CARTESIAN_POINT('',(1.,1.45));
#13679 = VECTOR('',#13680,1.);
#13680 = DIRECTION('',(1.,0.));
#13681 = ( GEOMETRIC_REPRESENTATION_CONTEXT(2) 
PARAMETRIC_REPRESENTATION_CONTEXT() REPRESENTATION_CONTEXT('2D SPACE',''
  ) );
#13682 = PCURVE('',#13583,#13683);
#13683 = DEFINITIONAL_REPRESENTATION('',(#13684),#13688);
#13684 = LINE('',#13685,#13686);
#13685 = CARTESIAN_POINT('',(0.,3.));
#13686 = VECTOR('',#13687,1.);
#13687 = DIRECTION('',(1.,0.));
#13688 = ( GEOMETRIC_REPRESENTATION_CONTEXT(2) 
PARAMETRIC_REPRESENTATION_CONTEXT() REPRESENTATION_CONTEXT('2D SPACE',''
  ) );
#13689 = ORIENTED_EDGE('',*,*,#13690,.F.);
#13690 = EDGE_CURVE('',#13691,#13668,#13693,.T.);
#13691 = VERTEX_POINT('',#13692);
#13692 = CARTESIAN_POINT('',(-28.8,-3.,31.5));
#13693 = SURFACE_CURVE('',#13694,(#13698,#13705),.PCURVE_S1.);
#13694 = LINE('',#13695,#13696);
#13695 = CARTESIAN_POINT('',(-28.8,-3.,31.5));
#13696 = VECTOR('',#13697,1.);
#13697 = DIRECTION('',(-0.410364677329,5.025517885738E-17,0.911921505175
    ));
#13698 = PCURVE('',#5004,#13699);
#13699 = DEFINITIONAL_REPRESENTATION('',(#13700),#13704);
#13700 = LINE('',#13701,#13702);
#13701 = CARTESIAN_POINT('',(0.,1.));
#13702 = VECTOR('',#13703,1.);
#13703 = DIRECTION('',(0.911921505175,0.410364677329));
#13704 = ( GEOMETRIC_REPRESENTATION_CONTEXT(2) 
PARAMETRIC_REPRESENTATION_CONTEXT() REPRESENTATION_CONTEXT('2D SPACE',''
  ) );
#13705 = PCURVE('',#13555,#13706);
#13706 = DEFINITIONAL_REPRESENTATION('',(#13707),#13711);
#13707 = LINE('',#13708,#13709);
#13708 = CARTESIAN_POINT('',(0.,3.));
#13709 = VECTOR('',#13710,1.);
#13710 = DIRECTION('',(1.,0.));
#13711 = ( GEOMETRIC_REPRESENTATION_CONTEXT(2) 
PARAMETRIC_REPRESENTATION_CONTEXT() REPRESENTATION_CONTEXT('2D SPACE',''
  ) );
#13712 = ORIENTED_EDGE('',*,*,#13713,.F.);
#13713 = EDGE_CURVE('',#13620,#13691,#13714,.T.);
#13714 = SURFACE_CURVE('',#13715,(#13719,#13726),.PCURVE_S1.);
#13715 = LINE('',#13716,#13717);
#13716 = CARTESIAN_POINT('',(-27.8,-3.,31.5));
#13717 = VECTOR('',#13718,1.);
#13718 = DIRECTION('',(-1.,1.224646799147E-16,0.));
#13719 = PCURVE('',#5004,#13720);
#13720 = DEFINITIONAL_REPRESENTATION('',(#13721),#13725);
#13721 = LINE('',#13722,#13723);
#13722 = CARTESIAN_POINT('',(0.,0.));
#13723 = VECTOR('',#13724,1.);
#13724 = DIRECTION('',(0.,1.));
#13725 = ( GEOMETRIC_REPRESENTATION_CONTEXT(2) 
PARAMETRIC_REPRESENTATION_CONTEXT() REPRESENTATION_CONTEXT('2D SPACE',''
  ) );
#13726 = PCURVE('',#13527,#13727);
#13727 = DEFINITIONAL_REPRESENTATION('',(#13728),#13732);
#13728 = LINE('',#13729,#13730);
#13729 = CARTESIAN_POINT('',(0.,6.));
#13730 = VECTOR('',#13731,1.);
#13731 = DIRECTION('',(1.,0.));
#13732 = ( GEOMETRIC_REPRESENTATION_CONTEXT(2) 
PARAMETRIC_REPRESENTATION_CONTEXT() REPRESENTATION_CONTEXT('2D SPACE',''
  ) );
#13733 = ADVANCED_FACE('',(#13734),#5036,.F.);
#13734 = FACE_BOUND('',#13735,.F.);
#13735 = EDGE_LOOP('',(#13736,#13737,#13758,#13759));
#13736 = ORIENTED_EDGE('',*,*,#13488,.F.);
#13737 = ORIENTED_EDGE('',*,*,#13738,.T.);
#13738 = EDGE_CURVE('',#13489,#13620,#13739,.T.);
#13739 = SURFACE_CURVE('',#13740,(#13744,#13751),.PCURVE_S1.);
#13740 = LINE('',#13741,#13742);
#13741 = CARTESIAN_POINT('',(-27.8,3.,31.5));
#13742 = VECTOR('',#13743,1.);
#13743 = DIRECTION('',(-1.224646799147E-16,-1.,0.));
#13744 = PCURVE('',#5036,#13745);
#13745 = DEFINITIONAL_REPRESENTATION('',(#13746),#13750);
#13746 = LINE('',#13747,#13748);
#13747 = CARTESIAN_POINT('',(0.,0.));
#13748 = VECTOR('',#13749,1.);
#13749 = DIRECTION('',(0.,-1.));
#13750 = ( GEOMETRIC_REPRESENTATION_CONTEXT(2) 
PARAMETRIC_REPRESENTATION_CONTEXT() REPRESENTATION_CONTEXT('2D SPACE',''
  ) );
#13751 = PCURVE('',#13527,#13752);
#13752 = DEFINITIONAL_REPRESENTATION('',(#13753),#13757);
#13753 = LINE('',#13754,#13755);
#13754 = CARTESIAN_POINT('',(0.,0.));
#13755 = VECTOR('',#13756,1.);
#13756 = DIRECTION('',(0.,1.));
#13757 = ( GEOMETRIC_REPRESENTATION_CONTEXT(2) 
PARAMETRIC_REPRESENTATION_CONTEXT() REPRESENTATION_CONTEXT('2D SPACE',''
  ) );
#13758 = ORIENTED_EDGE('',*,*,#13619,.T.);
#13759 = ORIENTED_EDGE('',*,*,#5022,.F.);
#13760 = ADVANCED_FACE('',(#13761,#13767,#13775,#13783,#13791,#13799,
    #13807,#13815,#13823,#13831,#13839,#13847,#13855,#13863,#13871,
    #13879,#13887,#13895,#13903,#13911,#13919,#13927,#13935,#13943,
    #13951,#13959,#13967,#13975,#13983),#5092,.T.);
#13761 = FACE_BOUND('',#13762,.T.);
#13762 = EDGE_LOOP('',(#13763,#13764,#13765,#13766));
#13763 = ORIENTED_EDGE('',*,*,#5076,.F.);
#13764 = ORIENTED_EDGE('',*,*,#5130,.T.);
#13765 = ORIENTED_EDGE('',*,*,#5228,.T.);
#13766 = ORIENTED_EDGE('',*,*,#5179,.F.);
#13767 = FACE_BOUND('',#13768,.T.);
#13768 = EDGE_LOOP('',(#13769,#13770,#13771,#13772,#13773,#13774));
#13769 = ORIENTED_EDGE('',*,*,#5278,.T.);
#13770 = ORIENTED_EDGE('',*,*,#5394,.T.);
#13771 = ORIENTED_EDGE('',*,*,#5488,.T.);
#13772 = ORIENTED_EDGE('',*,*,#5513,.T.);
#13773 = ORIENTED_EDGE('',*,*,#5419,.T.);
#13774 = ORIENTED_EDGE('',*,*,#5325,.T.);
#13775 = FACE_BOUND('',#13776,.T.);
#13776 = EDGE_LOOP('',(#13777,#13778,#13779,#13780,#13781,#13782));
#13777 = ORIENTED_EDGE('',*,*,#5842,.T.);
#13778 = ORIENTED_EDGE('',*,*,#5958,.T.);
#13779 = ORIENTED_EDGE('',*,*,#6052,.T.);
#13780 = ORIENTED_EDGE('',*,*,#6077,.T.);
#13781 = ORIENTED_EDGE('',*,*,#5983,.T.);
#13782 = ORIENTED_EDGE('',*,*,#5889,.T.);
#13783 = FACE_BOUND('',#13784,.T.);
#13784 = EDGE_LOOP('',(#13785,#13786,#13787,#13788,#13789,#13790));
#13785 = ORIENTED_EDGE('',*,*,#5560,.T.);
#13786 = ORIENTED_EDGE('',*,*,#5676,.T.);
#13787 = ORIENTED_EDGE('',*,*,#5770,.T.);
#13788 = ORIENTED_EDGE('',*,*,#5795,.T.);
#13789 = ORIENTED_EDGE('',*,*,#5701,.T.);
#13790 = ORIENTED_EDGE('',*,*,#5607,.T.);
#13791 = FACE_BOUND('',#13792,.T.);
#13792 = EDGE_LOOP('',(#13793,#13794,#13795,#13796,#13797,#13798));
#13793 = ORIENTED_EDGE('',*,*,#7252,.T.);
#13794 = ORIENTED_EDGE('',*,*,#7368,.T.);
#13795 = ORIENTED_EDGE('',*,*,#7462,.T.);
#13796 = ORIENTED_EDGE('',*,*,#7487,.T.);
#13797 = ORIENTED_EDGE('',*,*,#7393,.T.);
#13798 = ORIENTED_EDGE('',*,*,#7299,.T.);
#13799 = FACE_BOUND('',#13800,.T.);
#13800 = EDGE_LOOP('',(#13801,#13802,#13803,#13804,#13805,#13806));
#13801 = ORIENTED_EDGE('',*,*,#6124,.T.);
#13802 = ORIENTED_EDGE('',*,*,#6240,.T.);
#13803 = ORIENTED_EDGE('',*,*,#6334,.T.);
#13804 = ORIENTED_EDGE('',*,*,#6359,.T.);
#13805 = ORIENTED_EDGE('',*,*,#6265,.T.);
#13806 = ORIENTED_EDGE('',*,*,#6171,.T.);
#13807 = FACE_BOUND('',#13808,.T.);
#13808 = EDGE_LOOP('',(#13809,#13810,#13811,#13812,#13813,#13814));
#13809 = ORIENTED_EDGE('',*,*,#6688,.T.);
#13810 = ORIENTED_EDGE('',*,*,#6804,.T.);
#13811 = ORIENTED_EDGE('',*,*,#6898,.T.);
#13812 = ORIENTED_EDGE('',*,*,#6923,.T.);
#13813 = ORIENTED_EDGE('',*,*,#6829,.T.);
#13814 = ORIENTED_EDGE('',*,*,#6735,.T.);
#13815 = FACE_BOUND('',#13816,.T.);
#13816 = EDGE_LOOP('',(#13817,#13818,#13819,#13820,#13821,#13822));
#13817 = ORIENTED_EDGE('',*,*,#6406,.T.);
#13818 = ORIENTED_EDGE('',*,*,#6522,.T.);
#13819 = ORIENTED_EDGE('',*,*,#6616,.T.);
#13820 = ORIENTED_EDGE('',*,*,#6641,.T.);
#13821 = ORIENTED_EDGE('',*,*,#6547,.T.);
#13822 = ORIENTED_EDGE('',*,*,#6453,.T.);
#13823 = FACE_BOUND('',#13824,.T.);
#13824 = EDGE_LOOP('',(#13825,#13826,#13827,#13828,#13829,#13830));
#13825 = ORIENTED_EDGE('',*,*,#8380,.T.);
#13826 = ORIENTED_EDGE('',*,*,#8496,.T.);
#13827 = ORIENTED_EDGE('',*,*,#8590,.T.);
#13828 = ORIENTED_EDGE('',*,*,#8615,.T.);
#13829 = ORIENTED_EDGE('',*,*,#8521,.T.);
#13830 = ORIENTED_EDGE('',*,*,#8427,.T.);
#13831 = FACE_BOUND('',#13832,.T.);
#13832 = EDGE_LOOP('',(#13833,#13834,#13835,#13836,#13837,#13838));
#13833 = ORIENTED_EDGE('',*,*,#6970,.T.);
#13834 = ORIENTED_EDGE('',*,*,#7086,.T.);
#13835 = ORIENTED_EDGE('',*,*,#7180,.T.);
#13836 = ORIENTED_EDGE('',*,*,#7205,.T.);
#13837 = ORIENTED_EDGE('',*,*,#7111,.T.);
#13838 = ORIENTED_EDGE('',*,*,#7017,.T.);
#13839 = FACE_BOUND('',#13840,.T.);
#13840 = EDGE_LOOP('',(#13841,#13842,#13843,#13844,#13845,#13846));
#13841 = ORIENTED_EDGE('',*,*,#7816,.T.);
#13842 = ORIENTED_EDGE('',*,*,#7932,.T.);
#13843 = ORIENTED_EDGE('',*,*,#8026,.T.);
#13844 = ORIENTED_EDGE('',*,*,#8051,.T.);
#13845 = ORIENTED_EDGE('',*,*,#7957,.T.);
#13846 = ORIENTED_EDGE('',*,*,#7863,.T.);
#13847 = FACE_BOUND('',#13848,.T.);
#13848 = EDGE_LOOP('',(#13849,#13850,#13851,#13852,#13853,#13854));
#13849 = ORIENTED_EDGE('',*,*,#7534,.T.);
#13850 = ORIENTED_EDGE('',*,*,#7650,.T.);
#13851 = ORIENTED_EDGE('',*,*,#7744,.T.);
#13852 = ORIENTED_EDGE('',*,*,#7769,.T.);
#13853 = ORIENTED_EDGE('',*,*,#7675,.T.);
#13854 = ORIENTED_EDGE('',*,*,#7581,.T.);
#13855 = FACE_BOUND('',#13856,.T.);
#13856 = EDGE_LOOP('',(#13857,#13858,#13859,#13860,#13861,#13862));
#13857 = ORIENTED_EDGE('',*,*,#8098,.T.);
#13858 = ORIENTED_EDGE('',*,*,#8214,.T.);
#13859 = ORIENTED_EDGE('',*,*,#8308,.T.);
#13860 = ORIENTED_EDGE('',*,*,#8333,.T.);
#13861 = ORIENTED_EDGE('',*,*,#8239,.T.);
#13862 = ORIENTED_EDGE('',*,*,#8145,.T.);
#13863 = FACE_BOUND('',#13864,.T.);
#13864 = EDGE_LOOP('',(#13865,#13866,#13867,#13868,#13869,#13870));
#13865 = ORIENTED_EDGE('',*,*,#8944,.T.);
#13866 = ORIENTED_EDGE('',*,*,#9060,.T.);
#13867 = ORIENTED_EDGE('',*,*,#9154,.T.);
#13868 = ORIENTED_EDGE('',*,*,#9179,.T.);
#13869 = ORIENTED_EDGE('',*,*,#9085,.T.);
#13870 = ORIENTED_EDGE('',*,*,#8991,.T.);
#13871 = FACE_BOUND('',#13872,.T.);
#13872 = EDGE_LOOP('',(#13873,#13874,#13875,#13876,#13877,#13878));
#13873 = ORIENTED_EDGE('',*,*,#8662,.T.);
#13874 = ORIENTED_EDGE('',*,*,#8778,.T.);
#13875 = ORIENTED_EDGE('',*,*,#8872,.T.);
#13876 = ORIENTED_EDGE('',*,*,#8897,.T.);
#13877 = ORIENTED_EDGE('',*,*,#8803,.T.);
#13878 = ORIENTED_EDGE('',*,*,#8709,.T.);
#13879 = FACE_BOUND('',#13880,.T.);
#13880 = EDGE_LOOP('',(#13881,#13882,#13883,#13884,#13885,#13886));
#13881 = ORIENTED_EDGE('',*,*,#9226,.T.);
#13882 = ORIENTED_EDGE('',*,*,#9342,.T.);
#13883 = ORIENTED_EDGE('',*,*,#9436,.T.);
#13884 = ORIENTED_EDGE('',*,*,#9461,.T.);
#13885 = ORIENTED_EDGE('',*,*,#9367,.T.);
#13886 = ORIENTED_EDGE('',*,*,#9273,.T.);
#13887 = FACE_BOUND('',#13888,.T.);
#13888 = EDGE_LOOP('',(#13889,#13890,#13891,#13892,#13893,#13894));
#13889 = ORIENTED_EDGE('',*,*,#9790,.T.);
#13890 = ORIENTED_EDGE('',*,*,#9906,.T.);
#13891 = ORIENTED_EDGE('',*,*,#10000,.T.);
#13892 = ORIENTED_EDGE('',*,*,#10025,.T.);
#13893 = ORIENTED_EDGE('',*,*,#9931,.T.);
#13894 = ORIENTED_EDGE('',*,*,#9837,.T.);
#13895 = FACE_BOUND('',#13896,.T.);
#13896 = EDGE_LOOP('',(#13897,#13898,#13899,#13900,#13901,#13902));
#13897 = ORIENTED_EDGE('',*,*,#9508,.T.);
#13898 = ORIENTED_EDGE('',*,*,#9624,.T.);
#13899 = ORIENTED_EDGE('',*,*,#9718,.T.);
#13900 = ORIENTED_EDGE('',*,*,#9743,.T.);
#13901 = ORIENTED_EDGE('',*,*,#9649,.T.);
#13902 = ORIENTED_EDGE('',*,*,#9555,.T.);
#13903 = FACE_BOUND('',#13904,.T.);
#13904 = EDGE_LOOP('',(#13905,#13906,#13907,#13908,#13909,#13910));
#13905 = ORIENTED_EDGE('',*,*,#11200,.T.);
#13906 = ORIENTED_EDGE('',*,*,#11316,.T.);
#13907 = ORIENTED_EDGE('',*,*,#11410,.T.);
#13908 = ORIENTED_EDGE('',*,*,#11435,.T.);
#13909 = ORIENTED_EDGE('',*,*,#11341,.T.);
#13910 = ORIENTED_EDGE('',*,*,#11247,.T.);
#13911 = FACE_BOUND('',#13912,.T.);
#13912 = EDGE_LOOP('',(#13913,#13914,#13915,#13916,#13917,#13918));
#13913 = ORIENTED_EDGE('',*,*,#10072,.T.);
#13914 = ORIENTED_EDGE('',*,*,#10188,.T.);
#13915 = ORIENTED_EDGE('',*,*,#10282,.T.);
#13916 = ORIENTED_EDGE('',*,*,#10307,.T.);
#13917 = ORIENTED_EDGE('',*,*,#10213,.T.);
#13918 = ORIENTED_EDGE('',*,*,#10119,.T.);
#13919 = FACE_BOUND('',#13920,.T.);
#13920 = EDGE_LOOP('',(#13921,#13922,#13923,#13924,#13925,#13926));
#13921 = ORIENTED_EDGE('',*,*,#10636,.T.);
#13922 = ORIENTED_EDGE('',*,*,#10752,.T.);
#13923 = ORIENTED_EDGE('',*,*,#10846,.T.);
#13924 = ORIENTED_EDGE('',*,*,#10871,.T.);
#13925 = ORIENTED_EDGE('',*,*,#10777,.T.);
#13926 = ORIENTED_EDGE('',*,*,#10683,.T.);
#13927 = FACE_BOUND('',#13928,.T.);
#13928 = EDGE_LOOP('',(#13929,#13930,#13931,#13932,#13933,#13934));
#13929 = ORIENTED_EDGE('',*,*,#10354,.T.);
#13930 = ORIENTED_EDGE('',*,*,#10470,.T.);
#13931 = ORIENTED_EDGE('',*,*,#10564,.T.);
#13932 = ORIENTED_EDGE('',*,*,#10589,.T.);
#13933 = ORIENTED_EDGE('',*,*,#10495,.T.);
#13934 = ORIENTED_EDGE('',*,*,#10401,.T.);
#13935 = FACE_BOUND('',#13936,.T.);
#13936 = EDGE_LOOP('',(#13937,#13938,#13939,#13940,#13941,#13942));
#13937 = ORIENTED_EDGE('',*,*,#12328,.T.);
#13938 = ORIENTED_EDGE('',*,*,#12444,.T.);
#13939 = ORIENTED_EDGE('',*,*,#12538,.T.);
#13940 = ORIENTED_EDGE('',*,*,#12563,.T.);
#13941 = ORIENTED_EDGE('',*,*,#12469,.T.);
#13942 = ORIENTED_EDGE('',*,*,#12375,.T.);
#13943 = FACE_BOUND('',#13944,.T.);
#13944 = EDGE_LOOP('',(#13945,#13946,#13947,#13948,#13949,#13950));
#13945 = ORIENTED_EDGE('',*,*,#10918,.T.);
#13946 = ORIENTED_EDGE('',*,*,#11034,.T.);
#13947 = ORIENTED_EDGE('',*,*,#11128,.T.);
#13948 = ORIENTED_EDGE('',*,*,#11153,.T.);
#13949 = ORIENTED_EDGE('',*,*,#11059,.T.);
#13950 = ORIENTED_EDGE('',*,*,#10965,.T.);
#13951 = FACE_BOUND('',#13952,.T.);
#13952 = EDGE_LOOP('',(#13953,#13954,#13955,#13956,#13957,#13958));
#13953 = ORIENTED_EDGE('',*,*,#11764,.T.);
#13954 = ORIENTED_EDGE('',*,*,#11880,.T.);
#13955 = ORIENTED_EDGE('',*,*,#11974,.T.);
#13956 = ORIENTED_EDGE('',*,*,#11999,.T.);
#13957 = ORIENTED_EDGE('',*,*,#11905,.T.);
#13958 = ORIENTED_EDGE('',*,*,#11811,.T.);
#13959 = FACE_BOUND('',#13960,.T.);
#13960 = EDGE_LOOP('',(#13961,#13962,#13963,#13964,#13965,#13966));
#13961 = ORIENTED_EDGE('',*,*,#11482,.T.);
#13962 = ORIENTED_EDGE('',*,*,#11598,.T.);
#13963 = ORIENTED_EDGE('',*,*,#11692,.T.);
#13964 = ORIENTED_EDGE('',*,*,#11717,.T.);
#13965 = ORIENTED_EDGE('',*,*,#11623,.T.);
#13966 = ORIENTED_EDGE('',*,*,#11529,.T.);
#13967 = FACE_BOUND('',#13968,.T.);
#13968 = EDGE_LOOP('',(#13969,#13970,#13971,#13972,#13973,#13974));
#13969 = ORIENTED_EDGE('',*,*,#12046,.T.);
#13970 = ORIENTED_EDGE('',*,*,#12162,.T.);
#13971 = ORIENTED_EDGE('',*,*,#12256,.T.);
#13972 = ORIENTED_EDGE('',*,*,#12281,.T.);
#13973 = ORIENTED_EDGE('',*,*,#12187,.T.);
#13974 = ORIENTED_EDGE('',*,*,#12093,.T.);
#13975 = FACE_BOUND('',#13976,.T.);
#13976 = EDGE_LOOP('',(#13977,#13978,#13979,#13980,#13981,#13982));
#13977 = ORIENTED_EDGE('',*,*,#12892,.T.);
#13978 = ORIENTED_EDGE('',*,*,#13008,.T.);
#13979 = ORIENTED_EDGE('',*,*,#13102,.T.);
#13980 = ORIENTED_EDGE('',*,*,#13127,.T.);
#13981 = ORIENTED_EDGE('',*,*,#13033,.T.);
#13982 = ORIENTED_EDGE('',*,*,#12939,.T.);
#13983 = FACE_BOUND('',#13984,.T.);
#13984 = EDGE_LOOP('',(#13985,#13986,#13987,#13988,#13989,#13990));
#13985 = ORIENTED_EDGE('',*,*,#12610,.T.);
#13986 = ORIENTED_EDGE('',*,*,#12726,.T.);
#13987 = ORIENTED_EDGE('',*,*,#12820,.T.);
#13988 = ORIENTED_EDGE('',*,*,#12845,.T.);
#13989 = ORIENTED_EDGE('',*,*,#12751,.T.);
#13990 = ORIENTED_EDGE('',*,*,#12657,.T.);
#13991 = ADVANCED_FACE('',(#13992),#13200,.T.);
#13992 = FACE_BOUND('',#13993,.T.);
#13993 = EDGE_LOOP('',(#13994,#14017,#14045,#14066));
#13994 = ORIENTED_EDGE('',*,*,#13995,.F.);
#13995 = EDGE_CURVE('',#13996,#13151,#13998,.T.);
#13996 = VERTEX_POINT('',#13997);
#13997 = CARTESIAN_POINT('',(28.8,-3.,33.3));
#13998 = SURFACE_CURVE('',#13999,(#14003,#14010),.PCURVE_S1.);
#13999 = LINE('',#14000,#14001);
#14000 = CARTESIAN_POINT('',(28.8,-3.,31.5));
#14001 = VECTOR('',#14002,1.);
#14002 = DIRECTION('',(0.,0.,1.));
#14003 = PCURVE('',#13200,#14004);
#14004 = DEFINITIONAL_REPRESENTATION('',(#14005),#14009);
#14005 = LINE('',#14006,#14007);
#14006 = CARTESIAN_POINT('',(0.,0.));
#14007 = VECTOR('',#14008,1.);
#14008 = DIRECTION('',(1.,0.));
#14009 = ( GEOMETRIC_REPRESENTATION_CONTEXT(2) 
PARAMETRIC_REPRESENTATION_CONTEXT() REPRESENTATION_CONTEXT('2D SPACE',''
  ) );
#14010 = PCURVE('',#13296,#14011);
#14011 = DEFINITIONAL_REPRESENTATION('',(#14012),#14016);
#14012 = LINE('',#14013,#14014);
#14013 = CARTESIAN_POINT('',(-0.170738489166,-0.988353597507));
#14014 = VECTOR('',#14015,1.);
#14015 = DIRECTION('',(0.,1.));
#14016 = ( GEOMETRIC_REPRESENTATION_CONTEXT(2) 
PARAMETRIC_REPRESENTATION_CONTEXT() REPRESENTATION_CONTEXT('2D SPACE',''
  ) );
#14017 = ORIENTED_EDGE('',*,*,#14018,.F.);
#14018 = EDGE_CURVE('',#14019,#13996,#14021,.T.);
#14019 = VERTEX_POINT('',#14020);
#14020 = CARTESIAN_POINT('',(28.8,3.,33.3));
#14021 = SURFACE_CURVE('',#14022,(#14026,#14033),.PCURVE_S1.);
#14022 = LINE('',#14023,#14024);
#14023 = CARTESIAN_POINT('',(28.8,3.,33.3));
#14024 = VECTOR('',#14025,1.);
#14025 = DIRECTION('',(0.,-1.,0.));
#14026 = PCURVE('',#13200,#14027);
#14027 = DEFINITIONAL_REPRESENTATION('',(#14028),#14032);
#14028 = LINE('',#14029,#14030);
#14029 = CARTESIAN_POINT('',(1.8,-6.));
#14030 = VECTOR('',#14031,1.);
#14031 = DIRECTION('',(0.,1.));
#14032 = ( GEOMETRIC_REPRESENTATION_CONTEXT(2) 
PARAMETRIC_REPRESENTATION_CONTEXT() REPRESENTATION_CONTEXT('2D SPACE',''
  ) );
#14033 = PCURVE('',#14034,#14039);
#14034 = PLANE('',#14035);
#14035 = AXIS2_PLACEMENT_3D('',#14036,#14037,#14038);
#14036 = CARTESIAN_POINT('',(29.25,0.,33.3));
#14037 = DIRECTION('',(-0.,-0.,-1.));
#14038 = DIRECTION('',(-1.,0.,0.));
#14039 = DEFINITIONAL_REPRESENTATION('',(#14040),#14044);
#14040 = LINE('',#14041,#14042);
#14041 = CARTESIAN_POINT('',(0.45,3.));
#14042 = VECTOR('',#14043,1.);
#14043 = DIRECTION('',(0.,-1.));
#14044 = ( GEOMETRIC_REPRESENTATION_CONTEXT(2) 
PARAMETRIC_REPRESENTATION_CONTEXT() REPRESENTATION_CONTEXT('2D SPACE',''
  ) );
#14045 = ORIENTED_EDGE('',*,*,#14046,.T.);
#14046 = EDGE_CURVE('',#14019,#13185,#14047,.T.);
#14047 = SURFACE_CURVE('',#14048,(#14052,#14059),.PCURVE_S1.);
#14048 = LINE('',#14049,#14050);
#14049 = CARTESIAN_POINT('',(28.8,3.,31.5));
#14050 = VECTOR('',#14051,1.);
#14051 = DIRECTION('',(0.,0.,1.));
#14052 = PCURVE('',#13200,#14053);
#14053 = DEFINITIONAL_REPRESENTATION('',(#14054),#14058);
#14054 = LINE('',#14055,#14056);
#14055 = CARTESIAN_POINT('',(0.,-6.));
#14056 = VECTOR('',#14057,1.);
#14057 = DIRECTION('',(1.,0.));
#14058 = ( GEOMETRIC_REPRESENTATION_CONTEXT(2) 
PARAMETRIC_REPRESENTATION_CONTEXT() REPRESENTATION_CONTEXT('2D SPACE',''
  ) );
#14059 = PCURVE('',#13361,#14060);
#14060 = DEFINITIONAL_REPRESENTATION('',(#14061),#14065);
#14061 = LINE('',#14062,#14063);
#14062 = CARTESIAN_POINT('',(0.,1.));
#14063 = VECTOR('',#14064,1.);
#14064 = DIRECTION('',(1.,0.));
#14065 = ( GEOMETRIC_REPRESENTATION_CONTEXT(2) 
PARAMETRIC_REPRESENTATION_CONTEXT() REPRESENTATION_CONTEXT('2D SPACE',''
  ) );
#14066 = ORIENTED_EDGE('',*,*,#13184,.F.);
#14067 = ADVANCED_FACE('',(#14068),#13296,.T.);
#14068 = FACE_BOUND('',#14069,.T.);
#14069 = EDGE_LOOP('',(#14070,#14071,#14072,#14095,#14123,#14151,#14179)
  );
#14070 = ORIENTED_EDGE('',*,*,#13995,.T.);
#14071 = ORIENTED_EDGE('',*,*,#13282,.F.);
#14072 = ORIENTED_EDGE('',*,*,#14073,.F.);
#14073 = EDGE_CURVE('',#14074,#13249,#14076,.T.);
#14074 = VERTEX_POINT('',#14075);
#14075 = CARTESIAN_POINT('',(27.8,-3.,31.5));
#14076 = SURFACE_CURVE('',#14077,(#14081,#14088),.PCURVE_S1.);
#14077 = LINE('',#14078,#14079);
#14078 = CARTESIAN_POINT('',(27.8,-3.,31.5));
#14079 = VECTOR('',#14080,1.);
#14080 = DIRECTION('',(0.,0.,1.));
#14081 = PCURVE('',#13296,#14082);
#14082 = DEFINITIONAL_REPRESENTATION('',(#14083),#14087);
#14083 = LINE('',#14084,#14085);
#14084 = CARTESIAN_POINT('',(-1.170738489166,-0.988353597507));
#14085 = VECTOR('',#14086,1.);
#14086 = DIRECTION('',(0.,1.));
#14087 = ( GEOMETRIC_REPRESENTATION_CONTEXT(2) 
PARAMETRIC_REPRESENTATION_CONTEXT() REPRESENTATION_CONTEXT('2D SPACE',''
  ) );
#14088 = PCURVE('',#13393,#14089);
#14089 = DEFINITIONAL_REPRESENTATION('',(#14090),#14094);
#14090 = LINE('',#14091,#14092);
#14091 = CARTESIAN_POINT('',(0.,0.));
#14092 = VECTOR('',#14093,1.);
#14093 = DIRECTION('',(1.,0.));
#14094 = ( GEOMETRIC_REPRESENTATION_CONTEXT(2) 
PARAMETRIC_REPRESENTATION_CONTEXT() REPRESENTATION_CONTEXT('2D SPACE',''
  ) );
#14095 = ORIENTED_EDGE('',*,*,#14096,.T.);
#14096 = EDGE_CURVE('',#14074,#14097,#14099,.T.);
#14097 = VERTEX_POINT('',#14098);
#14098 = CARTESIAN_POINT('',(28.8,-3.,31.5));
#14099 = SURFACE_CURVE('',#14100,(#14104,#14111),.PCURVE_S1.);
#14100 = LINE('',#14101,#14102);
#14101 = CARTESIAN_POINT('',(27.8,-3.,31.5));
#14102 = VECTOR('',#14103,1.);
#14103 = DIRECTION('',(1.,0.,0.));
#14104 = PCURVE('',#13296,#14105);
#14105 = DEFINITIONAL_REPRESENTATION('',(#14106),#14110);
#14106 = LINE('',#14107,#14108);
#14107 = CARTESIAN_POINT('',(-1.170738489166,-0.988353597507));
#14108 = VECTOR('',#14109,1.);
#14109 = DIRECTION('',(1.,0.));
#14110 = ( GEOMETRIC_REPRESENTATION_CONTEXT(2) 
PARAMETRIC_REPRESENTATION_CONTEXT() REPRESENTATION_CONTEXT('2D SPACE',''
  ) );
#14111 = PCURVE('',#14112,#14117);
#14112 = PLANE('',#14113);
#14113 = AXIS2_PLACEMENT_3D('',#14114,#14115,#14116);
#14114 = CARTESIAN_POINT('',(27.8,-3.,31.5));
#14115 = DIRECTION('',(0.,0.,1.));
#14116 = DIRECTION('',(1.,0.,0.));
#14117 = DEFINITIONAL_REPRESENTATION('',(#14118),#14122);
#14118 = LINE('',#14119,#14120);
#14119 = CARTESIAN_POINT('',(0.,0.));
#14120 = VECTOR('',#14121,1.);
#14121 = DIRECTION('',(1.,0.));
#14122 = ( GEOMETRIC_REPRESENTATION_CONTEXT(2) 
PARAMETRIC_REPRESENTATION_CONTEXT() REPRESENTATION_CONTEXT('2D SPACE',''
  ) );
#14123 = ORIENTED_EDGE('',*,*,#14124,.T.);
#14124 = EDGE_CURVE('',#14097,#14125,#14127,.T.);
#14125 = VERTEX_POINT('',#14126);
#14126 = CARTESIAN_POINT('',(29.25,-3.,32.5));
#14127 = SURFACE_CURVE('',#14128,(#14132,#14139),.PCURVE_S1.);
#14128 = LINE('',#14129,#14130);
#14129 = CARTESIAN_POINT('',(28.8,-3.,31.5));
#14130 = VECTOR('',#14131,1.);
#14131 = DIRECTION('',(0.410364677329,0.,0.911921505175));
#14132 = PCURVE('',#13296,#14133);
#14133 = DEFINITIONAL_REPRESENTATION('',(#14134),#14138);
#14134 = LINE('',#14135,#14136);
#14135 = CARTESIAN_POINT('',(-0.170738489166,-0.988353597507));
#14136 = VECTOR('',#14137,1.);
#14137 = DIRECTION('',(0.410364677329,0.911921505175));
#14138 = ( GEOMETRIC_REPRESENTATION_CONTEXT(2) 
PARAMETRIC_REPRESENTATION_CONTEXT() REPRESENTATION_CONTEXT('2D SPACE',''
  ) );
#14139 = PCURVE('',#14140,#14145);
#14140 = PLANE('',#14141);
#14141 = AXIS2_PLACEMENT_3D('',#14142,#14143,#14144);
#14142 = CARTESIAN_POINT('',(28.8,0.,31.5));
#14143 = DIRECTION('',(-0.911921505175,0.,0.410364677329));
#14144 = DIRECTION('',(0.410364677329,0.,0.911921505175));
#14145 = DEFINITIONAL_REPRESENTATION('',(#14146),#14150);
#14146 = LINE('',#14147,#14148);
#14147 = CARTESIAN_POINT('',(0.,-3.));
#14148 = VECTOR('',#14149,1.);
#14149 = DIRECTION('',(1.,0.));
#14150 = ( GEOMETRIC_REPRESENTATION_CONTEXT(2) 
PARAMETRIC_REPRESENTATION_CONTEXT() REPRESENTATION_CONTEXT('2D SPACE',''
  ) );
#14151 = ORIENTED_EDGE('',*,*,#14152,.T.);
#14152 = EDGE_CURVE('',#14125,#14153,#14155,.T.);
#14153 = VERTEX_POINT('',#14154);
#14154 = CARTESIAN_POINT('',(29.25,-3.,33.3));
#14155 = SURFACE_CURVE('',#14156,(#14160,#14167),.PCURVE_S1.);
#14156 = LINE('',#14157,#14158);
#14157 = CARTESIAN_POINT('',(29.25,-3.,32.5));
#14158 = VECTOR('',#14159,1.);
#14159 = DIRECTION('',(0.,0.,1.));
#14160 = PCURVE('',#13296,#14161);
#14161 = DEFINITIONAL_REPRESENTATION('',(#14162),#14166);
#14162 = LINE('',#14163,#14164);
#14163 = CARTESIAN_POINT('',(0.279261510834,1.164640249327E-02));
#14164 = VECTOR('',#14165,1.);
#14165 = DIRECTION('',(0.,1.));
#14166 = ( GEOMETRIC_REPRESENTATION_CONTEXT(2) 
PARAMETRIC_REPRESENTATION_CONTEXT() REPRESENTATION_CONTEXT('2D SPACE',''
  ) );
#14167 = PCURVE('',#14168,#14173);
#14168 = PLANE('',#14169);
#14169 = AXIS2_PLACEMENT_3D('',#14170,#14171,#14172);
#14170 = CARTESIAN_POINT('',(29.25,0.,32.5));
#14171 = DIRECTION('',(-1.,0.,0.));
#14172 = DIRECTION('',(0.,0.,1.));
#14173 = DEFINITIONAL_REPRESENTATION('',(#14174),#14178);
#14174 = LINE('',#14175,#14176);
#14175 = CARTESIAN_POINT('',(0.,-3.));
#14176 = VECTOR('',#14177,1.);
#14177 = DIRECTION('',(1.,0.));
#14178 = ( GEOMETRIC_REPRESENTATION_CONTEXT(2) 
PARAMETRIC_REPRESENTATION_CONTEXT() REPRESENTATION_CONTEXT('2D SPACE',''
  ) );
#14179 = ORIENTED_EDGE('',*,*,#14180,.T.);
#14180 = EDGE_CURVE('',#14153,#13996,#14181,.T.);
#14181 = SURFACE_CURVE('',#14182,(#14186,#14193),.PCURVE_S1.);
#14182 = LINE('',#14183,#14184);
#14183 = CARTESIAN_POINT('',(29.25,-3.,33.3));
#14184 = VECTOR('',#14185,1.);
#14185 = DIRECTION('',(-1.,0.,0.));
#14186 = PCURVE('',#13296,#14187);
#14187 = DEFINITIONAL_REPRESENTATION('',(#14188),#14192);
#14188 = LINE('',#14189,#14190);
#14189 = CARTESIAN_POINT('',(0.279261510834,0.811646402493));
#14190 = VECTOR('',#14191,1.);
#14191 = DIRECTION('',(-1.,0.));
#14192 = ( GEOMETRIC_REPRESENTATION_CONTEXT(2) 
PARAMETRIC_REPRESENTATION_CONTEXT() REPRESENTATION_CONTEXT('2D SPACE',''
  ) );
#14193 = PCURVE('',#14034,#14194);
#14194 = DEFINITIONAL_REPRESENTATION('',(#14195),#14199);
#14195 = LINE('',#14196,#14197);
#14196 = CARTESIAN_POINT('',(0.,-3.));
#14197 = VECTOR('',#14198,1.);
#14198 = DIRECTION('',(1.,0.));
#14199 = ( GEOMETRIC_REPRESENTATION_CONTEXT(2) 
PARAMETRIC_REPRESENTATION_CONTEXT() REPRESENTATION_CONTEXT('2D SPACE',''
  ) );
#14200 = ADVANCED_FACE('',(#14201),#13361,.T.);
#14201 = FACE_BOUND('',#14202,.T.);
#14202 = EDGE_LOOP('',(#14203,#14226,#14227,#14228,#14251,#14274,#14297)
  );
#14203 = ORIENTED_EDGE('',*,*,#14204,.T.);
#14204 = EDGE_CURVE('',#14205,#13314,#14207,.T.);
#14205 = VERTEX_POINT('',#14206);
#14206 = CARTESIAN_POINT('',(27.8,3.,31.5));
#14207 = SURFACE_CURVE('',#14208,(#14212,#14219),.PCURVE_S1.);
#14208 = LINE('',#14209,#14210);
#14209 = CARTESIAN_POINT('',(27.8,3.,31.5));
#14210 = VECTOR('',#14211,1.);
#14211 = DIRECTION('',(0.,0.,1.));
#14212 = PCURVE('',#13361,#14213);
#14213 = DEFINITIONAL_REPRESENTATION('',(#14214),#14218);
#14214 = LINE('',#14215,#14216);
#14215 = CARTESIAN_POINT('',(0.,0.));
#14216 = VECTOR('',#14217,1.);
#14217 = DIRECTION('',(1.,0.));
#14218 = ( GEOMETRIC_REPRESENTATION_CONTEXT(2) 
PARAMETRIC_REPRESENTATION_CONTEXT() REPRESENTATION_CONTEXT('2D SPACE',''
  ) );
#14219 = PCURVE('',#13393,#14220);
#14220 = DEFINITIONAL_REPRESENTATION('',(#14221),#14225);
#14221 = LINE('',#14222,#14223);
#14222 = CARTESIAN_POINT('',(0.,-6.));
#14223 = VECTOR('',#14224,1.);
#14224 = DIRECTION('',(1.,0.));
#14225 = ( GEOMETRIC_REPRESENTATION_CONTEXT(2) 
PARAMETRIC_REPRESENTATION_CONTEXT() REPRESENTATION_CONTEXT('2D SPACE',''
  ) );
#14226 = ORIENTED_EDGE('',*,*,#13347,.T.);
#14227 = ORIENTED_EDGE('',*,*,#14046,.F.);
#14228 = ORIENTED_EDGE('',*,*,#14229,.F.);
#14229 = EDGE_CURVE('',#14230,#14019,#14232,.T.);
#14230 = VERTEX_POINT('',#14231);
#14231 = CARTESIAN_POINT('',(29.25,3.,33.3));
#14232 = SURFACE_CURVE('',#14233,(#14237,#14244),.PCURVE_S1.);
#14233 = LINE('',#14234,#14235);
#14234 = CARTESIAN_POINT('',(29.25,3.,33.3));
#14235 = VECTOR('',#14236,1.);
#14236 = DIRECTION('',(-1.,0.,0.));
#14237 = PCURVE('',#13361,#14238);
#14238 = DEFINITIONAL_REPRESENTATION('',(#14239),#14243);
#14239 = LINE('',#14240,#14241);
#14240 = CARTESIAN_POINT('',(1.8,1.45));
#14241 = VECTOR('',#14242,1.);
#14242 = DIRECTION('',(0.,-1.));
#14243 = ( GEOMETRIC_REPRESENTATION_CONTEXT(2) 
PARAMETRIC_REPRESENTATION_CONTEXT() REPRESENTATION_CONTEXT('2D SPACE',''
  ) );
#14244 = PCURVE('',#14034,#14245);
#14245 = DEFINITIONAL_REPRESENTATION('',(#14246),#14250);
#14246 = LINE('',#14247,#14248);
#14247 = CARTESIAN_POINT('',(0.,3.));
#14248 = VECTOR('',#14249,1.);
#14249 = DIRECTION('',(1.,0.));
#14250 = ( GEOMETRIC_REPRESENTATION_CONTEXT(2) 
PARAMETRIC_REPRESENTATION_CONTEXT() REPRESENTATION_CONTEXT('2D SPACE',''
  ) );
#14251 = ORIENTED_EDGE('',*,*,#14252,.F.);
#14252 = EDGE_CURVE('',#14253,#14230,#14255,.T.);
#14253 = VERTEX_POINT('',#14254);
#14254 = CARTESIAN_POINT('',(29.25,3.,32.5));
#14255 = SURFACE_CURVE('',#14256,(#14260,#14267),.PCURVE_S1.);
#14256 = LINE('',#14257,#14258);
#14257 = CARTESIAN_POINT('',(29.25,3.,32.5));
#14258 = VECTOR('',#14259,1.);
#14259 = DIRECTION('',(0.,0.,1.));
#14260 = PCURVE('',#13361,#14261);
#14261 = DEFINITIONAL_REPRESENTATION('',(#14262),#14266);
#14262 = LINE('',#14263,#14264);
#14263 = CARTESIAN_POINT('',(1.,1.45));
#14264 = VECTOR('',#14265,1.);
#14265 = DIRECTION('',(1.,0.));
#14266 = ( GEOMETRIC_REPRESENTATION_CONTEXT(2) 
PARAMETRIC_REPRESENTATION_CONTEXT() REPRESENTATION_CONTEXT('2D SPACE',''
  ) );
#14267 = PCURVE('',#14168,#14268);
#14268 = DEFINITIONAL_REPRESENTATION('',(#14269),#14273);
#14269 = LINE('',#14270,#14271);
#14270 = CARTESIAN_POINT('',(0.,3.));
#14271 = VECTOR('',#14272,1.);
#14272 = DIRECTION('',(1.,0.));
#14273 = ( GEOMETRIC_REPRESENTATION_CONTEXT(2) 
PARAMETRIC_REPRESENTATION_CONTEXT() REPRESENTATION_CONTEXT('2D SPACE',''
  ) );
#14274 = ORIENTED_EDGE('',*,*,#14275,.F.);
#14275 = EDGE_CURVE('',#14276,#14253,#14278,.T.);
#14276 = VERTEX_POINT('',#14277);
#14277 = CARTESIAN_POINT('',(28.8,3.,31.5));
#14278 = SURFACE_CURVE('',#14279,(#14283,#14290),.PCURVE_S1.);
#14279 = LINE('',#14280,#14281);
#14280 = CARTESIAN_POINT('',(28.8,3.,31.5));
#14281 = VECTOR('',#14282,1.);
#14282 = DIRECTION('',(0.410364677329,0.,0.911921505175));
#14283 = PCURVE('',#13361,#14284);
#14284 = DEFINITIONAL_REPRESENTATION('',(#14285),#14289);
#14285 = LINE('',#14286,#14287);
#14286 = CARTESIAN_POINT('',(0.,1.));
#14287 = VECTOR('',#14288,1.);
#14288 = DIRECTION('',(0.911921505175,0.410364677329));
#14289 = ( GEOMETRIC_REPRESENTATION_CONTEXT(2) 
PARAMETRIC_REPRESENTATION_CONTEXT() REPRESENTATION_CONTEXT('2D SPACE',''
  ) );
#14290 = PCURVE('',#14140,#14291);
#14291 = DEFINITIONAL_REPRESENTATION('',(#14292),#14296);
#14292 = LINE('',#14293,#14294);
#14293 = CARTESIAN_POINT('',(0.,3.));
#14294 = VECTOR('',#14295,1.);
#14295 = DIRECTION('',(1.,0.));
#14296 = ( GEOMETRIC_REPRESENTATION_CONTEXT(2) 
PARAMETRIC_REPRESENTATION_CONTEXT() REPRESENTATION_CONTEXT('2D SPACE',''
  ) );
#14297 = ORIENTED_EDGE('',*,*,#14298,.F.);
#14298 = EDGE_CURVE('',#14205,#14276,#14299,.T.);
#14299 = SURFACE_CURVE('',#14300,(#14304,#14311),.PCURVE_S1.);
#14300 = LINE('',#14301,#14302);
#14301 = CARTESIAN_POINT('',(27.8,3.,31.5));
#14302 = VECTOR('',#14303,1.);
#14303 = DIRECTION('',(1.,0.,0.));
#14304 = PCURVE('',#13361,#14305);
#14305 = DEFINITIONAL_REPRESENTATION('',(#14306),#14310);
#14306 = LINE('',#14307,#14308);
#14307 = CARTESIAN_POINT('',(0.,0.));
#14308 = VECTOR('',#14309,1.);
#14309 = DIRECTION('',(0.,1.));
#14310 = ( GEOMETRIC_REPRESENTATION_CONTEXT(2) 
PARAMETRIC_REPRESENTATION_CONTEXT() REPRESENTATION_CONTEXT('2D SPACE',''
  ) );
#14311 = PCURVE('',#14112,#14312);
#14312 = DEFINITIONAL_REPRESENTATION('',(#14313),#14317);
#14313 = LINE('',#14314,#14315);
#14314 = CARTESIAN_POINT('',(0.,6.));
#14315 = VECTOR('',#14316,1.);
#14316 = DIRECTION('',(1.,0.));
#14317 = ( GEOMETRIC_REPRESENTATION_CONTEXT(2) 
PARAMETRIC_REPRESENTATION_CONTEXT() REPRESENTATION_CONTEXT('2D SPACE',''
  ) );
#14318 = ADVANCED_FACE('',(#14319),#13393,.F.);
#14319 = FACE_BOUND('',#14320,.F.);
#14320 = EDGE_LOOP('',(#14321,#14322,#14343,#14344));
#14321 = ORIENTED_EDGE('',*,*,#14073,.F.);
#14322 = ORIENTED_EDGE('',*,*,#14323,.T.);
#14323 = EDGE_CURVE('',#14074,#14205,#14324,.T.);
#14324 = SURFACE_CURVE('',#14325,(#14329,#14336),.PCURVE_S1.);
#14325 = LINE('',#14326,#14327);
#14326 = CARTESIAN_POINT('',(27.8,-3.,31.5));
#14327 = VECTOR('',#14328,1.);
#14328 = DIRECTION('',(0.,1.,0.));
#14329 = PCURVE('',#13393,#14330);
#14330 = DEFINITIONAL_REPRESENTATION('',(#14331),#14335);
#14331 = LINE('',#14332,#14333);
#14332 = CARTESIAN_POINT('',(0.,0.));
#14333 = VECTOR('',#14334,1.);
#14334 = DIRECTION('',(0.,-1.));
#14335 = ( GEOMETRIC_REPRESENTATION_CONTEXT(2) 
PARAMETRIC_REPRESENTATION_CONTEXT() REPRESENTATION_CONTEXT('2D SPACE',''
  ) );
#14336 = PCURVE('',#14112,#14337);
#14337 = DEFINITIONAL_REPRESENTATION('',(#14338),#14342);
#14338 = LINE('',#14339,#14340);
#14339 = CARTESIAN_POINT('',(0.,0.));
#14340 = VECTOR('',#14341,1.);
#14341 = DIRECTION('',(0.,1.));
#14342 = ( GEOMETRIC_REPRESENTATION_CONTEXT(2) 
PARAMETRIC_REPRESENTATION_CONTEXT() REPRESENTATION_CONTEXT('2D SPACE',''
  ) );
#14343 = ORIENTED_EDGE('',*,*,#14204,.T.);
#14344 = ORIENTED_EDGE('',*,*,#13379,.F.);
#14345 = ADVANCED_FACE('',(#14346),#13449,.F.);
#14346 = FACE_BOUND('',#14347,.F.);
#14347 = EDGE_LOOP('',(#14348,#14349,#14350,#14351));
#14348 = ORIENTED_EDGE('',*,*,#13595,.T.);
#14349 = ORIENTED_EDGE('',*,*,#13433,.F.);
#14350 = ORIENTED_EDGE('',*,*,#13644,.F.);
#14351 = ORIENTED_EDGE('',*,*,#14352,.T.);
#14352 = EDGE_CURVE('',#13645,#13568,#14353,.T.);
#14353 = SURFACE_CURVE('',#14354,(#14358,#14365),.PCURVE_S1.);
#14354 = LINE('',#14355,#14356);
#14355 = CARTESIAN_POINT('',(-29.25,-3.,33.3));
#14356 = VECTOR('',#14357,1.);
#14357 = DIRECTION('',(1.224646799147E-16,1.,0.));
#14358 = PCURVE('',#13449,#14359);
#14359 = DEFINITIONAL_REPRESENTATION('',(#14360),#14364);
#14360 = LINE('',#14361,#14362);
#14361 = CARTESIAN_POINT('',(0.,3.));
#14362 = VECTOR('',#14363,1.);
#14363 = DIRECTION('',(0.,-1.));
#14364 = ( GEOMETRIC_REPRESENTATION_CONTEXT(2) 
PARAMETRIC_REPRESENTATION_CONTEXT() REPRESENTATION_CONTEXT('2D SPACE',''
  ) );
#14365 = PCURVE('',#13583,#14366);
#14366 = DEFINITIONAL_REPRESENTATION('',(#14367),#14371);
#14367 = LINE('',#14368,#14369);
#14368 = CARTESIAN_POINT('',(0.8,3.));
#14369 = VECTOR('',#14370,1.);
#14370 = DIRECTION('',(0.,-1.));
#14371 = ( GEOMETRIC_REPRESENTATION_CONTEXT(2) 
PARAMETRIC_REPRESENTATION_CONTEXT() REPRESENTATION_CONTEXT('2D SPACE',''
  ) );
#14372 = ADVANCED_FACE('',(#14373),#13583,.F.);
#14373 = FACE_BOUND('',#14374,.F.);
#14374 = EDGE_LOOP('',(#14375,#14376,#14377,#14378));
#14375 = ORIENTED_EDGE('',*,*,#13567,.T.);
#14376 = ORIENTED_EDGE('',*,*,#14352,.F.);
#14377 = ORIENTED_EDGE('',*,*,#13667,.F.);
#14378 = ORIENTED_EDGE('',*,*,#14379,.T.);
#14379 = EDGE_CURVE('',#13668,#13540,#14380,.T.);
#14380 = SURFACE_CURVE('',#14381,(#14385,#14392),.PCURVE_S1.);
#14381 = LINE('',#14382,#14383);
#14382 = CARTESIAN_POINT('',(-29.25,-3.,32.5));
#14383 = VECTOR('',#14384,1.);
#14384 = DIRECTION('',(1.224646799147E-16,1.,0.));
#14385 = PCURVE('',#13583,#14386);
#14386 = DEFINITIONAL_REPRESENTATION('',(#14387),#14391);
#14387 = LINE('',#14388,#14389);
#14388 = CARTESIAN_POINT('',(0.,3.));
#14389 = VECTOR('',#14390,1.);
#14390 = DIRECTION('',(0.,-1.));
#14391 = ( GEOMETRIC_REPRESENTATION_CONTEXT(2) 
PARAMETRIC_REPRESENTATION_CONTEXT() REPRESENTATION_CONTEXT('2D SPACE',''
  ) );
#14392 = PCURVE('',#13555,#14393);
#14393 = DEFINITIONAL_REPRESENTATION('',(#14394),#14398);
#14394 = LINE('',#14395,#14396);
#14395 = CARTESIAN_POINT('',(1.096585609973,3.));
#14396 = VECTOR('',#14397,1.);
#14397 = DIRECTION('',(0.,-1.));
#14398 = ( GEOMETRIC_REPRESENTATION_CONTEXT(2) 
PARAMETRIC_REPRESENTATION_CONTEXT() REPRESENTATION_CONTEXT('2D SPACE',''
  ) );
#14399 = ADVANCED_FACE('',(#14400),#13527,.F.);
#14400 = FACE_BOUND('',#14401,.F.);
#14401 = EDGE_LOOP('',(#14402,#14403,#14404,#14425));
#14402 = ORIENTED_EDGE('',*,*,#13738,.F.);
#14403 = ORIENTED_EDGE('',*,*,#13511,.T.);
#14404 = ORIENTED_EDGE('',*,*,#14405,.T.);
#14405 = EDGE_CURVE('',#13512,#13691,#14406,.T.);
#14406 = SURFACE_CURVE('',#14407,(#14411,#14418),.PCURVE_S1.);
#14407 = LINE('',#14408,#14409);
#14408 = CARTESIAN_POINT('',(-28.8,3.,31.5));
#14409 = VECTOR('',#14410,1.);
#14410 = DIRECTION('',(-1.224646799147E-16,-1.,0.));
#14411 = PCURVE('',#13527,#14412);
#14412 = DEFINITIONAL_REPRESENTATION('',(#14413),#14417);
#14413 = LINE('',#14414,#14415);
#14414 = CARTESIAN_POINT('',(1.,0.));
#14415 = VECTOR('',#14416,1.);
#14416 = DIRECTION('',(0.,1.));
#14417 = ( GEOMETRIC_REPRESENTATION_CONTEXT(2) 
PARAMETRIC_REPRESENTATION_CONTEXT() REPRESENTATION_CONTEXT('2D SPACE',''
  ) );
#14418 = PCURVE('',#13555,#14419);
#14419 = DEFINITIONAL_REPRESENTATION('',(#14420),#14424);
#14420 = LINE('',#14421,#14422);
#14421 = CARTESIAN_POINT('',(0.,-3.));
#14422 = VECTOR('',#14423,1.);
#14423 = DIRECTION('',(0.,1.));
#14424 = ( GEOMETRIC_REPRESENTATION_CONTEXT(2) 
PARAMETRIC_REPRESENTATION_CONTEXT() REPRESENTATION_CONTEXT('2D SPACE',''
  ) );
#14425 = ORIENTED_EDGE('',*,*,#13713,.F.);
#14426 = ADVANCED_FACE('',(#14427),#13555,.F.);
#14427 = FACE_BOUND('',#14428,.F.);
#14428 = EDGE_LOOP('',(#14429,#14430,#14431,#14432));
#14429 = ORIENTED_EDGE('',*,*,#14405,.F.);
#14430 = ORIENTED_EDGE('',*,*,#13539,.T.);
#14431 = ORIENTED_EDGE('',*,*,#14379,.F.);
#14432 = ORIENTED_EDGE('',*,*,#13690,.F.);
#14433 = ADVANCED_FACE('',(#14434),#14034,.F.);
#14434 = FACE_BOUND('',#14435,.F.);
#14435 = EDGE_LOOP('',(#14436,#14437,#14438,#14439));
#14436 = ORIENTED_EDGE('',*,*,#14180,.T.);
#14437 = ORIENTED_EDGE('',*,*,#14018,.F.);
#14438 = ORIENTED_EDGE('',*,*,#14229,.F.);
#14439 = ORIENTED_EDGE('',*,*,#14440,.T.);
#14440 = EDGE_CURVE('',#14230,#14153,#14441,.T.);
#14441 = SURFACE_CURVE('',#14442,(#14446,#14453),.PCURVE_S1.);
#14442 = LINE('',#14443,#14444);
#14443 = CARTESIAN_POINT('',(29.25,3.,33.3));
#14444 = VECTOR('',#14445,1.);
#14445 = DIRECTION('',(0.,-1.,0.));
#14446 = PCURVE('',#14034,#14447);
#14447 = DEFINITIONAL_REPRESENTATION('',(#14448),#14452);
#14448 = LINE('',#14449,#14450);
#14449 = CARTESIAN_POINT('',(0.,3.));
#14450 = VECTOR('',#14451,1.);
#14451 = DIRECTION('',(0.,-1.));
#14452 = ( GEOMETRIC_REPRESENTATION_CONTEXT(2) 
PARAMETRIC_REPRESENTATION_CONTEXT() REPRESENTATION_CONTEXT('2D SPACE',''
  ) );
#14453 = PCURVE('',#14168,#14454);
#14454 = DEFINITIONAL_REPRESENTATION('',(#14455),#14459);
#14455 = LINE('',#14456,#14457);
#14456 = CARTESIAN_POINT('',(0.8,3.));
#14457 = VECTOR('',#14458,1.);
#14458 = DIRECTION('',(0.,-1.));
#14459 = ( GEOMETRIC_REPRESENTATION_CONTEXT(2) 
PARAMETRIC_REPRESENTATION_CONTEXT() REPRESENTATION_CONTEXT('2D SPACE',''
  ) );
#14460 = ADVANCED_FACE('',(#14461),#14168,.F.);
#14461 = FACE_BOUND('',#14462,.F.);
#14462 = EDGE_LOOP('',(#14463,#14464,#14465,#14466));
#14463 = ORIENTED_EDGE('',*,*,#14152,.T.);
#14464 = ORIENTED_EDGE('',*,*,#14440,.F.);
#14465 = ORIENTED_EDGE('',*,*,#14252,.F.);
#14466 = ORIENTED_EDGE('',*,*,#14467,.T.);
#14467 = EDGE_CURVE('',#14253,#14125,#14468,.T.);
#14468 = SURFACE_CURVE('',#14469,(#14473,#14480),.PCURVE_S1.);
#14469 = LINE('',#14470,#14471);
#14470 = CARTESIAN_POINT('',(29.25,3.,32.5));
#14471 = VECTOR('',#14472,1.);
#14472 = DIRECTION('',(0.,-1.,0.));
#14473 = PCURVE('',#14168,#14474);
#14474 = DEFINITIONAL_REPRESENTATION('',(#14475),#14479);
#14475 = LINE('',#14476,#14477);
#14476 = CARTESIAN_POINT('',(0.,3.));
#14477 = VECTOR('',#14478,1.);
#14478 = DIRECTION('',(0.,-1.));
#14479 = ( GEOMETRIC_REPRESENTATION_CONTEXT(2) 
PARAMETRIC_REPRESENTATION_CONTEXT() REPRESENTATION_CONTEXT('2D SPACE',''
  ) );
#14480 = PCURVE('',#14140,#14481);
#14481 = DEFINITIONAL_REPRESENTATION('',(#14482),#14486);
#14482 = LINE('',#14483,#14484);
#14483 = CARTESIAN_POINT('',(1.096585609973,3.));
#14484 = VECTOR('',#14485,1.);
#14485 = DIRECTION('',(0.,-1.));
#14486 = ( GEOMETRIC_REPRESENTATION_CONTEXT(2) 
PARAMETRIC_REPRESENTATION_CONTEXT() REPRESENTATION_CONTEXT('2D SPACE',''
  ) );
#14487 = ADVANCED_FACE('',(#14488),#14112,.F.);
#14488 = FACE_BOUND('',#14489,.F.);
#14489 = EDGE_LOOP('',(#14490,#14491,#14492,#14513));
#14490 = ORIENTED_EDGE('',*,*,#14323,.F.);
#14491 = ORIENTED_EDGE('',*,*,#14096,.T.);
#14492 = ORIENTED_EDGE('',*,*,#14493,.T.);
#14493 = EDGE_CURVE('',#14097,#14276,#14494,.T.);
#14494 = SURFACE_CURVE('',#14495,(#14499,#14506),.PCURVE_S1.);
#14495 = LINE('',#14496,#14497);
#14496 = CARTESIAN_POINT('',(28.8,-3.,31.5));
#14497 = VECTOR('',#14498,1.);
#14498 = DIRECTION('',(0.,1.,0.));
#14499 = PCURVE('',#14112,#14500);
#14500 = DEFINITIONAL_REPRESENTATION('',(#14501),#14505);
#14501 = LINE('',#14502,#14503);
#14502 = CARTESIAN_POINT('',(1.,0.));
#14503 = VECTOR('',#14504,1.);
#14504 = DIRECTION('',(0.,1.));
#14505 = ( GEOMETRIC_REPRESENTATION_CONTEXT(2) 
PARAMETRIC_REPRESENTATION_CONTEXT() REPRESENTATION_CONTEXT('2D SPACE',''
  ) );
#14506 = PCURVE('',#14140,#14507);
#14507 = DEFINITIONAL_REPRESENTATION('',(#14508),#14512);
#14508 = LINE('',#14509,#14510);
#14509 = CARTESIAN_POINT('',(0.,-3.));
#14510 = VECTOR('',#14511,1.);
#14511 = DIRECTION('',(0.,1.));
#14512 = ( GEOMETRIC_REPRESENTATION_CONTEXT(2) 
PARAMETRIC_REPRESENTATION_CONTEXT() REPRESENTATION_CONTEXT('2D SPACE',''
  ) );
#14513 = ORIENTED_EDGE('',*,*,#14298,.F.);
#14514 = ADVANCED_FACE('',(#14515),#14140,.F.);
#14515 = FACE_BOUND('',#14516,.F.);
#14516 = EDGE_LOOP('',(#14517,#14518,#14519,#14520));
#14517 = ORIENTED_EDGE('',*,*,#14493,.F.);
#14518 = ORIENTED_EDGE('',*,*,#14124,.T.);
#14519 = ORIENTED_EDGE('',*,*,#14467,.F.);
#14520 = ORIENTED_EDGE('',*,*,#14275,.F.);
#14521 = ( GEOMETRIC_REPRESENTATION_CONTEXT(3) 
GLOBAL_UNCERTAINTY_ASSIGNED_CONTEXT((#14525)) 
GLOBAL_UNIT_ASSIGNED_CONTEXT((#14522,#14523,#14524)) 
REPRESENTATION_CONTEXT('Context #1',
  '3D Context with UNIT and UNCERTAINTY') );
#14522 = ( LENGTH_UNIT() NAMED_UNIT(*) SI_UNIT(.MILLI.,.METRE.) );
#14523 = ( NAMED_UNIT(*) PLANE_ANGLE_UNIT() SI_UNIT($,.RADIAN.) );
#14524 = ( NAMED_UNIT(*) SI_UNIT($,.STERADIAN.) SOLID_ANGLE_UNIT() );
#14525 = UNCERTAINTY_MEASURE_WITH_UNIT(LENGTH_MEASURE(2.E-07),#14522,
  'distance_accuracy_value','confusion accuracy');
#14526 = PRODUCT_RELATED_PRODUCT_CATEGORY('part',$,(#7));
ENDSEC;
END-ISO-10303-21;
