ISO-10303-21;
HEADER;
FILE_DESCRIPTION(('Open CASCADE Model'),'2;1');
FILE_NAME('Open CASCADE Shape Model','2026-04-18T01:16:37',('Author'),(
    'Open CASCADE'),'Open CASCADE STEP processor 7.8','build123d',
  'Unknown');
FILE_SCHEMA(('AUTOMOTIVE_DESIGN { 1 0 10303 214 1 1 1 1 }'));
ENDSEC;
DATA;
#1 = APPLICATION_PROTOCOL_DEFINITION('international standard',
  'automotive_design',2000,#2);
#2 = APPLICATION_CONTEXT(
  'core data for automotive mechanical design processes');
#3 = SHAPE_DEFINITION_REPRESENTATION(#4,#10);
#4 = PRODUCT_DEFINITION_SHAPE('','',#5);
#5 = PRODUCT_DEFINITION('design','',#6,#9);
#6 = PRODUCT_DEFINITION_FORMATION('','',#7);
#7 = PRODUCT('COMPOUND','COMPOUND','',(#8));
#8 = PRODUCT_CONTEXT('',#2,'mechanical');
#9 = PRODUCT_DEFINITION_CONTEXT('part definition',#2,'design');
#10 = ADVANCED_BREP_SHAPE_REPRESENTATION('',(#11,#15),#14761);
#11 = AXIS2_PLACEMENT_3D('',#12,#13,#14);
#12 = CARTESIAN_POINT('',(0.,0.,0.));
#13 = DIRECTION('',(0.,0.,1.));
#14 = DIRECTION('',(1.,0.,-0.));
#15 = MANIFOLD_SOLID_BREP('',#16);
#16 = CLOSED_SHELL('',(#17,#355,#487,#536,#586,#5059,#5335,#5384,#5434,
    #5506,#5580,#5627,#5674,#5699,#5726,#5753,#5890,#5964,#6011,#6058,
    #6105,#6152,#6177,#6246,#6293,#6340,#6387,#6434,#6459,#6528,#6575,
    #6622,#6669,#6716,#6741,#6810,#6857,#6904,#6951,#6998,#7023,#7092,
    #7139,#7186,#7233,#7280,#7305,#7374,#7421,#7468,#7515,#7562,#7587,
    #7656,#7703,#7750,#7797,#7844,#7869,#7938,#7985,#8032,#8079,#8126,
    #8151,#8220,#8267,#8314,#8361,#8408,#8433,#8502,#8549,#8596,#8643,
    #8690,#8715,#8784,#8831,#8878,#8925,#8972,#8997,#9066,#9113,#9160,
    #9207,#9254,#9279,#9348,#9395,#9442,#9489,#9536,#9561,#9630,#9677,
    #9724,#9771,#9818,#9843,#9912,#9959,#10006,#10053,#10100,#10125,
    #10194,#10241,#10288,#10335,#10382,#10407,#10476,#10523,#10570,
    #10617,#10664,#10689,#10758,#10805,#10852,#10899,#10946,#10971,
    #11040,#11087,#11134,#11181,#11228,#11253,#11322,#11369,#11416,
    #11463,#11510,#11535,#11604,#11651,#11698,#11745,#11792,#11817,
    #11886,#11933,#11980,#12027,#12074,#12099,#12168,#12215,#12262,
    #12309,#12356,#12381,#12450,#12497,#12544,#12591,#12638,#12663,
    #12732,#12779,#12826,#12873,#12920,#12945,#13014,#13061,#13108,
    #13155,#13202,#13227,#13296,#13343,#13390,#13437,#13484,#13509,
    #13578,#13625,#13672,#13719,#13766,#13791,#13818,#13825,#13901,
    #13950,#13999,#14026,#14135,#14209,#14256,#14303,#14328,#14623,
    #14694,#14721,#14748));
#17 = ADVANCED_FACE('',(#18,#249),#32,.F.);
#18 = FACE_BOUND('',#19,.F.);
#19 = EDGE_LOOP('',(#20,#55,#83,#111,#139,#167,#195,#223));
#20 = ORIENTED_EDGE('',*,*,#21,.F.);
#21 = EDGE_CURVE('',#22,#24,#26,.T.);
#22 = VERTEX_POINT('',#23);
#23 = CARTESIAN_POINT('',(-31.,-56.5,2.2));
#24 = VERTEX_POINT('',#25);
#25 = CARTESIAN_POINT('',(-31.,-44.5,2.2));
#26 = SURFACE_CURVE('',#27,(#31,#43),.PCURVE_S1.);
#27 = LINE('',#28,#29);
#28 = CARTESIAN_POINT('',(-31.,-56.5,2.2));
#29 = VECTOR('',#30,1.);
#30 = DIRECTION('',(0.,1.,0.));
#31 = PCURVE('',#32,#37);
#32 = PLANE('',#33);
#33 = AXIS2_PLACEMENT_3D('',#34,#35,#36);
#34 = CARTESIAN_POINT('',(-31.,-56.5,0.));
#35 = DIRECTION('',(1.,0.,0.));
#36 = DIRECTION('',(0.,0.,1.));
#37 = DEFINITIONAL_REPRESENTATION('',(#38),#42);
#38 = LINE('',#39,#40);
#39 = CARTESIAN_POINT('',(2.2,0.));
#40 = VECTOR('',#41,1.);
#41 = DIRECTION('',(0.,-1.));
#42 = ( GEOMETRIC_REPRESENTATION_CONTEXT(2) 
PARAMETRIC_REPRESENTATION_CONTEXT() REPRESENTATION_CONTEXT('2D SPACE',''
  ) );
#43 = PCURVE('',#44,#49);
#44 = PLANE('',#45);
#45 = AXIS2_PLACEMENT_3D('',#46,#47,#48);
#46 = CARTESIAN_POINT('',(-31.,-56.5,2.2));
#47 = DIRECTION('',(0.,0.,1.));
#48 = DIRECTION('',(1.,0.,0.));
#49 = DEFINITIONAL_REPRESENTATION('',(#50),#54);
#50 = LINE('',#51,#52);
#51 = CARTESIAN_POINT('',(0.,0.));
#52 = VECTOR('',#53,1.);
#53 = DIRECTION('',(0.,1.));
#54 = ( GEOMETRIC_REPRESENTATION_CONTEXT(2) 
PARAMETRIC_REPRESENTATION_CONTEXT() REPRESENTATION_CONTEXT('2D SPACE',''
  ) );
#55 = ORIENTED_EDGE('',*,*,#56,.F.);
#56 = EDGE_CURVE('',#57,#22,#59,.T.);
#57 = VERTEX_POINT('',#58);
#58 = CARTESIAN_POINT('',(-31.,-56.5,0.));
#59 = SURFACE_CURVE('',#60,(#64,#71),.PCURVE_S1.);
#60 = LINE('',#61,#62);
#61 = CARTESIAN_POINT('',(-31.,-56.5,0.));
#62 = VECTOR('',#63,1.);
#63 = DIRECTION('',(0.,0.,1.));
#64 = PCURVE('',#32,#65);
#65 = DEFINITIONAL_REPRESENTATION('',(#66),#70);
#66 = LINE('',#67,#68);
#67 = CARTESIAN_POINT('',(0.,0.));
#68 = VECTOR('',#69,1.);
#69 = DIRECTION('',(1.,0.));
#70 = ( GEOMETRIC_REPRESENTATION_CONTEXT(2) 
PARAMETRIC_REPRESENTATION_CONTEXT() REPRESENTATION_CONTEXT('2D SPACE',''
  ) );
#71 = PCURVE('',#72,#77);
#72 = PLANE('',#73);
#73 = AXIS2_PLACEMENT_3D('',#74,#75,#76);
#74 = CARTESIAN_POINT('',(-31.,-56.5,0.));
#75 = DIRECTION('',(0.,1.,0.));
#76 = DIRECTION('',(0.,0.,1.));
#77 = DEFINITIONAL_REPRESENTATION('',(#78),#82);
#78 = LINE('',#79,#80);
#79 = CARTESIAN_POINT('',(0.,0.));
#80 = VECTOR('',#81,1.);
#81 = DIRECTION('',(1.,0.));
#82 = ( GEOMETRIC_REPRESENTATION_CONTEXT(2) 
PARAMETRIC_REPRESENTATION_CONTEXT() REPRESENTATION_CONTEXT('2D SPACE',''
  ) );
#83 = ORIENTED_EDGE('',*,*,#84,.F.);
#84 = EDGE_CURVE('',#85,#57,#87,.T.);
#85 = VERTEX_POINT('',#86);
#86 = CARTESIAN_POINT('',(-31.,56.5,0.));
#87 = SURFACE_CURVE('',#88,(#92,#99),.PCURVE_S1.);
#88 = LINE('',#89,#90);
#89 = CARTESIAN_POINT('',(-31.,56.5,0.));
#90 = VECTOR('',#91,1.);
#91 = DIRECTION('',(0.,-1.,0.));
#92 = PCURVE('',#32,#93);
#93 = DEFINITIONAL_REPRESENTATION('',(#94),#98);
#94 = LINE('',#95,#96);
#95 = CARTESIAN_POINT('',(0.,-113.));
#96 = VECTOR('',#97,1.);
#97 = DIRECTION('',(0.,1.));
#98 = ( GEOMETRIC_REPRESENTATION_CONTEXT(2) 
PARAMETRIC_REPRESENTATION_CONTEXT() REPRESENTATION_CONTEXT('2D SPACE',''
  ) );
#99 = PCURVE('',#100,#105);
#100 = PLANE('',#101);
#101 = AXIS2_PLACEMENT_3D('',#102,#103,#104);
#102 = CARTESIAN_POINT('',(-31.,-56.5,0.));
#103 = DIRECTION('',(0.,0.,1.));
#104 = DIRECTION('',(1.,0.,0.));
#105 = DEFINITIONAL_REPRESENTATION('',(#106),#110);
#106 = LINE('',#107,#108);
#107 = CARTESIAN_POINT('',(0.,113.));
#108 = VECTOR('',#109,1.);
#109 = DIRECTION('',(0.,-1.));
#110 = ( GEOMETRIC_REPRESENTATION_CONTEXT(2) 
PARAMETRIC_REPRESENTATION_CONTEXT() REPRESENTATION_CONTEXT('2D SPACE',''
  ) );
#111 = ORIENTED_EDGE('',*,*,#112,.T.);
#112 = EDGE_CURVE('',#85,#113,#115,.T.);
#113 = VERTEX_POINT('',#114);
#114 = CARTESIAN_POINT('',(-31.,56.5,2.2));
#115 = SURFACE_CURVE('',#116,(#120,#127),.PCURVE_S1.);
#116 = LINE('',#117,#118);
#117 = CARTESIAN_POINT('',(-31.,56.5,0.));
#118 = VECTOR('',#119,1.);
#119 = DIRECTION('',(0.,0.,1.));
#120 = PCURVE('',#32,#121);
#121 = DEFINITIONAL_REPRESENTATION('',(#122),#126);
#122 = LINE('',#123,#124);
#123 = CARTESIAN_POINT('',(0.,-113.));
#124 = VECTOR('',#125,1.);
#125 = DIRECTION('',(1.,0.));
#126 = ( GEOMETRIC_REPRESENTATION_CONTEXT(2) 
PARAMETRIC_REPRESENTATION_CONTEXT() REPRESENTATION_CONTEXT('2D SPACE',''
  ) );
#127 = PCURVE('',#128,#133);
#128 = PLANE('',#129);
#129 = AXIS2_PLACEMENT_3D('',#130,#131,#132);
#130 = CARTESIAN_POINT('',(-31.,56.5,0.));
#131 = DIRECTION('',(0.,1.,0.));
#132 = DIRECTION('',(0.,0.,1.));
#133 = DEFINITIONAL_REPRESENTATION('',(#134),#138);
#134 = LINE('',#135,#136);
#135 = CARTESIAN_POINT('',(0.,0.));
#136 = VECTOR('',#137,1.);
#137 = DIRECTION('',(1.,0.));
#138 = ( GEOMETRIC_REPRESENTATION_CONTEXT(2) 
PARAMETRIC_REPRESENTATION_CONTEXT() REPRESENTATION_CONTEXT('2D SPACE',''
  ) );
#139 = ORIENTED_EDGE('',*,*,#140,.F.);
#140 = EDGE_CURVE('',#141,#113,#143,.T.);
#141 = VERTEX_POINT('',#142);
#142 = CARTESIAN_POINT('',(-31.,44.5,2.2));
#143 = SURFACE_CURVE('',#144,(#148,#155),.PCURVE_S1.);
#144 = LINE('',#145,#146);
#145 = CARTESIAN_POINT('',(-31.,-56.5,2.2));
#146 = VECTOR('',#147,1.);
#147 = DIRECTION('',(0.,1.,0.));
#148 = PCURVE('',#32,#149);
#149 = DEFINITIONAL_REPRESENTATION('',(#150),#154);
#150 = LINE('',#151,#152);
#151 = CARTESIAN_POINT('',(2.2,0.));
#152 = VECTOR('',#153,1.);
#153 = DIRECTION('',(0.,-1.));
#154 = ( GEOMETRIC_REPRESENTATION_CONTEXT(2) 
PARAMETRIC_REPRESENTATION_CONTEXT() REPRESENTATION_CONTEXT('2D SPACE',''
  ) );
#155 = PCURVE('',#156,#161);
#156 = PLANE('',#157);
#157 = AXIS2_PLACEMENT_3D('',#158,#159,#160);
#158 = CARTESIAN_POINT('',(-31.,-56.5,2.2));
#159 = DIRECTION('',(0.,0.,1.));
#160 = DIRECTION('',(1.,0.,0.));
#161 = DEFINITIONAL_REPRESENTATION('',(#162),#166);
#162 = LINE('',#163,#164);
#163 = CARTESIAN_POINT('',(0.,0.));
#164 = VECTOR('',#165,1.);
#165 = DIRECTION('',(0.,1.));
#166 = ( GEOMETRIC_REPRESENTATION_CONTEXT(2) 
PARAMETRIC_REPRESENTATION_CONTEXT() REPRESENTATION_CONTEXT('2D SPACE',''
  ) );
#167 = ORIENTED_EDGE('',*,*,#168,.T.);
#168 = EDGE_CURVE('',#141,#169,#171,.T.);
#169 = VERTEX_POINT('',#170);
#170 = CARTESIAN_POINT('',(-31.,44.5,40.));
#171 = SURFACE_CURVE('',#172,(#176,#183),.PCURVE_S1.);
#172 = LINE('',#173,#174);
#173 = CARTESIAN_POINT('',(-31.,44.5,0.));
#174 = VECTOR('',#175,1.);
#175 = DIRECTION('',(0.,0.,1.));
#176 = PCURVE('',#32,#177);
#177 = DEFINITIONAL_REPRESENTATION('',(#178),#182);
#178 = LINE('',#179,#180);
#179 = CARTESIAN_POINT('',(0.,-101.));
#180 = VECTOR('',#181,1.);
#181 = DIRECTION('',(1.,0.));
#182 = ( GEOMETRIC_REPRESENTATION_CONTEXT(2) 
PARAMETRIC_REPRESENTATION_CONTEXT() REPRESENTATION_CONTEXT('2D SPACE',''
  ) );
#183 = PCURVE('',#184,#189);
#184 = CYLINDRICAL_SURFACE('',#185,2.);
#185 = AXIS2_PLACEMENT_3D('',#186,#187,#188);
#186 = CARTESIAN_POINT('',(-29.,44.5,0.));
#187 = DIRECTION('',(0.,0.,1.));
#188 = DIRECTION('',(-1.,-0.,0.));
#189 = DEFINITIONAL_REPRESENTATION('',(#190),#194);
#190 = LINE('',#191,#192);
#191 = CARTESIAN_POINT('',(-0.,0.));
#192 = VECTOR('',#193,1.);
#193 = DIRECTION('',(-0.,1.));
#194 = ( GEOMETRIC_REPRESENTATION_CONTEXT(2) 
PARAMETRIC_REPRESENTATION_CONTEXT() REPRESENTATION_CONTEXT('2D SPACE',''
  ) );
#195 = ORIENTED_EDGE('',*,*,#196,.F.);
#196 = EDGE_CURVE('',#197,#169,#199,.T.);
#197 = VERTEX_POINT('',#198);
#198 = CARTESIAN_POINT('',(-31.,-44.5,40.));
#199 = SURFACE_CURVE('',#200,(#204,#211),.PCURVE_S1.);
#200 = LINE('',#201,#202);
#201 = CARTESIAN_POINT('',(-31.,-46.5,40.));
#202 = VECTOR('',#203,1.);
#203 = DIRECTION('',(0.,1.,0.));
#204 = PCURVE('',#32,#205);
#205 = DEFINITIONAL_REPRESENTATION('',(#206),#210);
#206 = LINE('',#207,#208);
#207 = CARTESIAN_POINT('',(40.,-10.));
#208 = VECTOR('',#209,1.);
#209 = DIRECTION('',(0.,-1.));
#210 = ( GEOMETRIC_REPRESENTATION_CONTEXT(2) 
PARAMETRIC_REPRESENTATION_CONTEXT() REPRESENTATION_CONTEXT('2D SPACE',''
  ) );
#211 = PCURVE('',#212,#217);
#212 = PLANE('',#213);
#213 = AXIS2_PLACEMENT_3D('',#214,#215,#216);
#214 = CARTESIAN_POINT('',(-31.,-46.5,40.));
#215 = DIRECTION('',(0.,0.,1.));
#216 = DIRECTION('',(1.,0.,0.));
#217 = DEFINITIONAL_REPRESENTATION('',(#218),#222);
#218 = LINE('',#219,#220);
#219 = CARTESIAN_POINT('',(0.,0.));
#220 = VECTOR('',#221,1.);
#221 = DIRECTION('',(0.,1.));
#222 = ( GEOMETRIC_REPRESENTATION_CONTEXT(2) 
PARAMETRIC_REPRESENTATION_CONTEXT() REPRESENTATION_CONTEXT('2D SPACE',''
  ) );
#223 = ORIENTED_EDGE('',*,*,#224,.F.);
#224 = EDGE_CURVE('',#24,#197,#225,.T.);
#225 = SURFACE_CURVE('',#226,(#230,#237),.PCURVE_S1.);
#226 = LINE('',#227,#228);
#227 = CARTESIAN_POINT('',(-31.,-44.5,0.));
#228 = VECTOR('',#229,1.);
#229 = DIRECTION('',(0.,0.,1.));
#230 = PCURVE('',#32,#231);
#231 = DEFINITIONAL_REPRESENTATION('',(#232),#236);
#232 = LINE('',#233,#234);
#233 = CARTESIAN_POINT('',(0.,-12.));
#234 = VECTOR('',#235,1.);
#235 = DIRECTION('',(1.,0.));
#236 = ( GEOMETRIC_REPRESENTATION_CONTEXT(2) 
PARAMETRIC_REPRESENTATION_CONTEXT() REPRESENTATION_CONTEXT('2D SPACE',''
  ) );
#237 = PCURVE('',#238,#243);
#238 = CYLINDRICAL_SURFACE('',#239,2.);
#239 = AXIS2_PLACEMENT_3D('',#240,#241,#242);
#240 = CARTESIAN_POINT('',(-29.,-44.5,0.));
#241 = DIRECTION('',(0.,0.,1.));
#242 = DIRECTION('',(-1.,-0.,0.));
#243 = DEFINITIONAL_REPRESENTATION('',(#244),#248);
#244 = LINE('',#245,#246);
#245 = CARTESIAN_POINT('',(0.,0.));
#246 = VECTOR('',#247,1.);
#247 = DIRECTION('',(0.,1.));
#248 = ( GEOMETRIC_REPRESENTATION_CONTEXT(2) 
PARAMETRIC_REPRESENTATION_CONTEXT() REPRESENTATION_CONTEXT('2D SPACE',''
  ) );
#249 = FACE_BOUND('',#250,.F.);
#250 = EDGE_LOOP('',(#251,#279,#305,#331));
#251 = ORIENTED_EDGE('',*,*,#252,.F.);
#252 = EDGE_CURVE('',#253,#255,#257,.T.);
#253 = VERTEX_POINT('',#254);
#254 = CARTESIAN_POINT('',(-31.,-3.3,33.5));
#255 = VERTEX_POINT('',#256);
#256 = CARTESIAN_POINT('',(-31.,-3.3,32.3));
#257 = SURFACE_CURVE('',#258,(#262,#268),.PCURVE_S1.);
#258 = LINE('',#259,#260);
#259 = CARTESIAN_POINT('',(-31.,-3.3,16.15));
#260 = VECTOR('',#261,1.);
#261 = DIRECTION('',(0.,0.,-1.));
#262 = PCURVE('',#32,#263);
#263 = DEFINITIONAL_REPRESENTATION('',(#264),#267);
#264 = B_SPLINE_CURVE_WITH_KNOTS('',1,(#265,#266),.UNSPECIFIED.,.F.,.F.,
  (2,2),(-17.35,-16.15),.PIECEWISE_BEZIER_KNOTS.);
#265 = CARTESIAN_POINT('',(33.5,-53.2));
#266 = CARTESIAN_POINT('',(32.3,-53.2));
#267 = ( GEOMETRIC_REPRESENTATION_CONTEXT(2) 
PARAMETRIC_REPRESENTATION_CONTEXT() REPRESENTATION_CONTEXT('2D SPACE',''
  ) );
#268 = PCURVE('',#269,#274);
#269 = PLANE('',#270);
#270 = AXIS2_PLACEMENT_3D('',#271,#272,#273);
#271 = CARTESIAN_POINT('',(-32.,-3.3,32.3));
#272 = DIRECTION('',(0.,-1.,0.));
#273 = DIRECTION('',(0.,0.,1.));
#274 = DEFINITIONAL_REPRESENTATION('',(#275),#278);
#275 = B_SPLINE_CURVE_WITH_KNOTS('',1,(#276,#277),.UNSPECIFIED.,.F.,.F.,
  (2,2),(-17.35,-16.15),.PIECEWISE_BEZIER_KNOTS.);
#276 = CARTESIAN_POINT('',(1.2,-1.));
#277 = CARTESIAN_POINT('',(0.,-1.));
#278 = ( GEOMETRIC_REPRESENTATION_CONTEXT(2) 
PARAMETRIC_REPRESENTATION_CONTEXT() REPRESENTATION_CONTEXT('2D SPACE',''
  ) );
#279 = ORIENTED_EDGE('',*,*,#280,.F.);
#280 = EDGE_CURVE('',#281,#253,#283,.T.);
#281 = VERTEX_POINT('',#282);
#282 = CARTESIAN_POINT('',(-31.,3.3,33.5));
#283 = SURFACE_CURVE('',#284,(#288,#294),.PCURVE_S1.);
#284 = LINE('',#285,#286);
#285 = CARTESIAN_POINT('',(-31.,-29.9,33.5));
#286 = VECTOR('',#287,1.);
#287 = DIRECTION('',(0.,-1.,0.));
#288 = PCURVE('',#32,#289);
#289 = DEFINITIONAL_REPRESENTATION('',(#290),#293);
#290 = B_SPLINE_CURVE_WITH_KNOTS('',1,(#291,#292),.UNSPECIFIED.,.F.,.F.,
  (2,2),(-33.2,-26.6),.PIECEWISE_BEZIER_KNOTS.);
#291 = CARTESIAN_POINT('',(33.5,-59.8));
#292 = CARTESIAN_POINT('',(33.5,-53.2));
#293 = ( GEOMETRIC_REPRESENTATION_CONTEXT(2) 
PARAMETRIC_REPRESENTATION_CONTEXT() REPRESENTATION_CONTEXT('2D SPACE',''
  ) );
#294 = PCURVE('',#295,#300);
#295 = PLANE('',#296);
#296 = AXIS2_PLACEMENT_3D('',#297,#298,#299);
#297 = CARTESIAN_POINT('',(-32.,-3.3,33.5));
#298 = DIRECTION('',(0.,0.,1.));
#299 = DIRECTION('',(0.,1.,0.));
#300 = DEFINITIONAL_REPRESENTATION('',(#301),#304);
#301 = B_SPLINE_CURVE_WITH_KNOTS('',1,(#302,#303),.UNSPECIFIED.,.F.,.F.,
  (2,2),(-33.2,-26.6),.PIECEWISE_BEZIER_KNOTS.);
#302 = CARTESIAN_POINT('',(6.6,-1.));
#303 = CARTESIAN_POINT('',(0.,-1.));
#304 = ( GEOMETRIC_REPRESENTATION_CONTEXT(2) 
PARAMETRIC_REPRESENTATION_CONTEXT() REPRESENTATION_CONTEXT('2D SPACE',''
  ) );
#305 = ORIENTED_EDGE('',*,*,#306,.T.);
#306 = EDGE_CURVE('',#281,#307,#309,.T.);
#307 = VERTEX_POINT('',#308);
#308 = CARTESIAN_POINT('',(-31.,3.3,32.3));
#309 = SURFACE_CURVE('',#310,(#314,#320),.PCURVE_S1.);
#310 = LINE('',#311,#312);
#311 = CARTESIAN_POINT('',(-31.,3.3,16.15));
#312 = VECTOR('',#313,1.);
#313 = DIRECTION('',(0.,0.,-1.));
#314 = PCURVE('',#32,#315);
#315 = DEFINITIONAL_REPRESENTATION('',(#316),#319);
#316 = B_SPLINE_CURVE_WITH_KNOTS('',1,(#317,#318),.UNSPECIFIED.,.F.,.F.,
  (2,2),(-17.35,-16.15),.PIECEWISE_BEZIER_KNOTS.);
#317 = CARTESIAN_POINT('',(33.5,-59.8));
#318 = CARTESIAN_POINT('',(32.3,-59.8));
#319 = ( GEOMETRIC_REPRESENTATION_CONTEXT(2) 
PARAMETRIC_REPRESENTATION_CONTEXT() REPRESENTATION_CONTEXT('2D SPACE',''
  ) );
#320 = PCURVE('',#321,#326);
#321 = PLANE('',#322);
#322 = AXIS2_PLACEMENT_3D('',#323,#324,#325);
#323 = CARTESIAN_POINT('',(-32.,3.3,32.3));
#324 = DIRECTION('',(0.,-1.,0.));
#325 = DIRECTION('',(0.,0.,1.));
#326 = DEFINITIONAL_REPRESENTATION('',(#327),#330);
#327 = B_SPLINE_CURVE_WITH_KNOTS('',1,(#328,#329),.UNSPECIFIED.,.F.,.F.,
  (2,2),(-17.35,-16.15),.PIECEWISE_BEZIER_KNOTS.);
#328 = CARTESIAN_POINT('',(1.2,-1.));
#329 = CARTESIAN_POINT('',(0.,-1.));
#330 = ( GEOMETRIC_REPRESENTATION_CONTEXT(2) 
PARAMETRIC_REPRESENTATION_CONTEXT() REPRESENTATION_CONTEXT('2D SPACE',''
  ) );
#331 = ORIENTED_EDGE('',*,*,#332,.T.);
#332 = EDGE_CURVE('',#307,#255,#333,.T.);
#333 = SURFACE_CURVE('',#334,(#338,#344),.PCURVE_S1.);
#334 = LINE('',#335,#336);
#335 = CARTESIAN_POINT('',(-31.,-29.9,32.3));
#336 = VECTOR('',#337,1.);
#337 = DIRECTION('',(0.,-1.,0.));
#338 = PCURVE('',#32,#339);
#339 = DEFINITIONAL_REPRESENTATION('',(#340),#343);
#340 = B_SPLINE_CURVE_WITH_KNOTS('',1,(#341,#342),.UNSPECIFIED.,.F.,.F.,
  (2,2),(-33.2,-26.6),.PIECEWISE_BEZIER_KNOTS.);
#341 = CARTESIAN_POINT('',(32.3,-59.8));
#342 = CARTESIAN_POINT('',(32.3,-53.2));
#343 = ( GEOMETRIC_REPRESENTATION_CONTEXT(2) 
PARAMETRIC_REPRESENTATION_CONTEXT() REPRESENTATION_CONTEXT('2D SPACE',''
  ) );
#344 = PCURVE('',#345,#350);
#345 = PLANE('',#346);
#346 = AXIS2_PLACEMENT_3D('',#347,#348,#349);
#347 = CARTESIAN_POINT('',(-32.,-3.3,32.3));
#348 = DIRECTION('',(0.,0.,1.));
#349 = DIRECTION('',(0.,1.,0.));
#350 = DEFINITIONAL_REPRESENTATION('',(#351),#354);
#351 = B_SPLINE_CURVE_WITH_KNOTS('',1,(#352,#353),.UNSPECIFIED.,.F.,.F.,
  (2,2),(-33.2,-26.6),.PIECEWISE_BEZIER_KNOTS.);
#352 = CARTESIAN_POINT('',(6.6,-1.));
#353 = CARTESIAN_POINT('',(0.,-1.));
#354 = ( GEOMETRIC_REPRESENTATION_CONTEXT(2) 
PARAMETRIC_REPRESENTATION_CONTEXT() REPRESENTATION_CONTEXT('2D SPACE',''
  ) );
#355 = ADVANCED_FACE('',(#356),#44,.T.);
#356 = FACE_BOUND('',#357,.T.);
#357 = EDGE_LOOP('',(#358,#359,#382,#410,#439,#465));
#358 = ORIENTED_EDGE('',*,*,#21,.F.);
#359 = ORIENTED_EDGE('',*,*,#360,.T.);
#360 = EDGE_CURVE('',#22,#361,#363,.T.);
#361 = VERTEX_POINT('',#362);
#362 = CARTESIAN_POINT('',(31.,-56.5,2.2));
#363 = SURFACE_CURVE('',#364,(#368,#375),.PCURVE_S1.);
#364 = LINE('',#365,#366);
#365 = CARTESIAN_POINT('',(-31.,-56.5,2.2));
#366 = VECTOR('',#367,1.);
#367 = DIRECTION('',(1.,0.,0.));
#368 = PCURVE('',#44,#369);
#369 = DEFINITIONAL_REPRESENTATION('',(#370),#374);
#370 = LINE('',#371,#372);
#371 = CARTESIAN_POINT('',(0.,0.));
#372 = VECTOR('',#373,1.);
#373 = DIRECTION('',(1.,0.));
#374 = ( GEOMETRIC_REPRESENTATION_CONTEXT(2) 
PARAMETRIC_REPRESENTATION_CONTEXT() REPRESENTATION_CONTEXT('2D SPACE',''
  ) );
#375 = PCURVE('',#72,#376);
#376 = DEFINITIONAL_REPRESENTATION('',(#377),#381);
#377 = LINE('',#378,#379);
#378 = CARTESIAN_POINT('',(2.2,0.));
#379 = VECTOR('',#380,1.);
#380 = DIRECTION('',(0.,1.));
#381 = ( GEOMETRIC_REPRESENTATION_CONTEXT(2) 
PARAMETRIC_REPRESENTATION_CONTEXT() REPRESENTATION_CONTEXT('2D SPACE',''
  ) );
#382 = ORIENTED_EDGE('',*,*,#383,.T.);
#383 = EDGE_CURVE('',#361,#384,#386,.T.);
#384 = VERTEX_POINT('',#385);
#385 = CARTESIAN_POINT('',(31.,-44.5,2.2));
#386 = SURFACE_CURVE('',#387,(#391,#398),.PCURVE_S1.);
#387 = LINE('',#388,#389);
#388 = CARTESIAN_POINT('',(31.,-56.5,2.2));
#389 = VECTOR('',#390,1.);
#390 = DIRECTION('',(0.,1.,0.));
#391 = PCURVE('',#44,#392);
#392 = DEFINITIONAL_REPRESENTATION('',(#393),#397);
#393 = LINE('',#394,#395);
#394 = CARTESIAN_POINT('',(62.,0.));
#395 = VECTOR('',#396,1.);
#396 = DIRECTION('',(0.,1.));
#397 = ( GEOMETRIC_REPRESENTATION_CONTEXT(2) 
PARAMETRIC_REPRESENTATION_CONTEXT() REPRESENTATION_CONTEXT('2D SPACE',''
  ) );
#398 = PCURVE('',#399,#404);
#399 = PLANE('',#400);
#400 = AXIS2_PLACEMENT_3D('',#401,#402,#403);
#401 = CARTESIAN_POINT('',(31.,-56.5,0.));
#402 = DIRECTION('',(1.,0.,0.));
#403 = DIRECTION('',(0.,0.,1.));
#404 = DEFINITIONAL_REPRESENTATION('',(#405),#409);
#405 = LINE('',#406,#407);
#406 = CARTESIAN_POINT('',(2.2,0.));
#407 = VECTOR('',#408,1.);
#408 = DIRECTION('',(0.,-1.));
#409 = ( GEOMETRIC_REPRESENTATION_CONTEXT(2) 
PARAMETRIC_REPRESENTATION_CONTEXT() REPRESENTATION_CONTEXT('2D SPACE',''
  ) );
#410 = ORIENTED_EDGE('',*,*,#411,.F.);
#411 = EDGE_CURVE('',#412,#384,#414,.T.);
#412 = VERTEX_POINT('',#413);
#413 = CARTESIAN_POINT('',(29.,-46.5,2.2));
#414 = SURFACE_CURVE('',#415,(#420,#427),.PCURVE_S1.);
#415 = CIRCLE('',#416,2.);
#416 = AXIS2_PLACEMENT_3D('',#417,#418,#419);
#417 = CARTESIAN_POINT('',(29.,-44.5,2.2));
#418 = DIRECTION('',(0.,0.,1.));
#419 = DIRECTION('',(1.,0.,-0.));
#420 = PCURVE('',#44,#421);
#421 = DEFINITIONAL_REPRESENTATION('',(#422),#426);
#422 = CIRCLE('',#423,2.);
#423 = AXIS2_PLACEMENT_2D('',#424,#425);
#424 = CARTESIAN_POINT('',(60.,12.));
#425 = DIRECTION('',(1.,0.));
#426 = ( GEOMETRIC_REPRESENTATION_CONTEXT(2) 
PARAMETRIC_REPRESENTATION_CONTEXT() REPRESENTATION_CONTEXT('2D SPACE',''
  ) );
#427 = PCURVE('',#428,#433);
#428 = CYLINDRICAL_SURFACE('',#429,2.);
#429 = AXIS2_PLACEMENT_3D('',#430,#431,#432);
#430 = CARTESIAN_POINT('',(29.,-44.5,0.));
#431 = DIRECTION('',(0.,0.,1.));
#432 = DIRECTION('',(1.,0.,-0.));
#433 = DEFINITIONAL_REPRESENTATION('',(#434),#438);
#434 = LINE('',#435,#436);
#435 = CARTESIAN_POINT('',(-6.28318530718,2.2));
#436 = VECTOR('',#437,1.);
#437 = DIRECTION('',(1.,-0.));
#438 = ( GEOMETRIC_REPRESENTATION_CONTEXT(2) 
PARAMETRIC_REPRESENTATION_CONTEXT() REPRESENTATION_CONTEXT('2D SPACE',''
  ) );
#439 = ORIENTED_EDGE('',*,*,#440,.F.);
#440 = EDGE_CURVE('',#441,#412,#443,.T.);
#441 = VERTEX_POINT('',#442);
#442 = CARTESIAN_POINT('',(-29.,-46.5,2.2));
#443 = SURFACE_CURVE('',#444,(#448,#454),.PCURVE_S1.);
#444 = LINE('',#445,#446);
#445 = CARTESIAN_POINT('',(-31.,-46.5,2.2));
#446 = VECTOR('',#447,1.);
#447 = DIRECTION('',(1.,0.,0.));
#448 = PCURVE('',#44,#449);
#449 = DEFINITIONAL_REPRESENTATION('',(#450),#453);
#450 = B_SPLINE_CURVE_WITH_KNOTS('',1,(#451,#452),.UNSPECIFIED.,.F.,.F.,
  (2,2),(2.,60.),.PIECEWISE_BEZIER_KNOTS.);
#451 = CARTESIAN_POINT('',(2.,10.));
#452 = CARTESIAN_POINT('',(60.,10.));
#453 = ( GEOMETRIC_REPRESENTATION_CONTEXT(2) 
PARAMETRIC_REPRESENTATION_CONTEXT() REPRESENTATION_CONTEXT('2D SPACE',''
  ) );
#454 = PCURVE('',#455,#460);
#455 = PLANE('',#456);
#456 = AXIS2_PLACEMENT_3D('',#457,#458,#459);
#457 = CARTESIAN_POINT('',(-31.,-46.5,0.));
#458 = DIRECTION('',(0.,1.,0.));
#459 = DIRECTION('',(0.,0.,1.));
#460 = DEFINITIONAL_REPRESENTATION('',(#461),#464);
#461 = B_SPLINE_CURVE_WITH_KNOTS('',1,(#462,#463),.UNSPECIFIED.,.F.,.F.,
  (2,2),(2.,60.),.PIECEWISE_BEZIER_KNOTS.);
#462 = CARTESIAN_POINT('',(2.2,2.));
#463 = CARTESIAN_POINT('',(2.2,60.));
#464 = ( GEOMETRIC_REPRESENTATION_CONTEXT(2) 
PARAMETRIC_REPRESENTATION_CONTEXT() REPRESENTATION_CONTEXT('2D SPACE',''
  ) );
#465 = ORIENTED_EDGE('',*,*,#466,.F.);
#466 = EDGE_CURVE('',#24,#441,#467,.T.);
#467 = SURFACE_CURVE('',#468,(#473,#480),.PCURVE_S1.);
#468 = CIRCLE('',#469,2.);
#469 = AXIS2_PLACEMENT_3D('',#470,#471,#472);
#470 = CARTESIAN_POINT('',(-29.,-44.5,2.2));
#471 = DIRECTION('',(0.,0.,1.));
#472 = DIRECTION('',(-1.,-0.,0.));
#473 = PCURVE('',#44,#474);
#474 = DEFINITIONAL_REPRESENTATION('',(#475),#479);
#475 = CIRCLE('',#476,2.);
#476 = AXIS2_PLACEMENT_2D('',#477,#478);
#477 = CARTESIAN_POINT('',(2.,12.));
#478 = DIRECTION('',(-1.,0.));
#479 = ( GEOMETRIC_REPRESENTATION_CONTEXT(2) 
PARAMETRIC_REPRESENTATION_CONTEXT() REPRESENTATION_CONTEXT('2D SPACE',''
  ) );
#480 = PCURVE('',#238,#481);
#481 = DEFINITIONAL_REPRESENTATION('',(#482),#486);
#482 = LINE('',#483,#484);
#483 = CARTESIAN_POINT('',(0.,2.2));
#484 = VECTOR('',#485,1.);
#485 = DIRECTION('',(1.,0.));
#486 = ( GEOMETRIC_REPRESENTATION_CONTEXT(2) 
PARAMETRIC_REPRESENTATION_CONTEXT() REPRESENTATION_CONTEXT('2D SPACE',''
  ) );
#487 = ADVANCED_FACE('',(#488),#72,.F.);
#488 = FACE_BOUND('',#489,.F.);
#489 = EDGE_LOOP('',(#490,#513,#514,#515));
#490 = ORIENTED_EDGE('',*,*,#491,.F.);
#491 = EDGE_CURVE('',#57,#492,#494,.T.);
#492 = VERTEX_POINT('',#493);
#493 = CARTESIAN_POINT('',(31.,-56.5,0.));
#494 = SURFACE_CURVE('',#495,(#499,#506),.PCURVE_S1.);
#495 = LINE('',#496,#497);
#496 = CARTESIAN_POINT('',(-31.,-56.5,0.));
#497 = VECTOR('',#498,1.);
#498 = DIRECTION('',(1.,0.,0.));
#499 = PCURVE('',#72,#500);
#500 = DEFINITIONAL_REPRESENTATION('',(#501),#505);
#501 = LINE('',#502,#503);
#502 = CARTESIAN_POINT('',(0.,0.));
#503 = VECTOR('',#504,1.);
#504 = DIRECTION('',(0.,1.));
#505 = ( GEOMETRIC_REPRESENTATION_CONTEXT(2) 
PARAMETRIC_REPRESENTATION_CONTEXT() REPRESENTATION_CONTEXT('2D SPACE',''
  ) );
#506 = PCURVE('',#100,#507);
#507 = DEFINITIONAL_REPRESENTATION('',(#508),#512);
#508 = LINE('',#509,#510);
#509 = CARTESIAN_POINT('',(0.,0.));
#510 = VECTOR('',#511,1.);
#511 = DIRECTION('',(1.,0.));
#512 = ( GEOMETRIC_REPRESENTATION_CONTEXT(2) 
PARAMETRIC_REPRESENTATION_CONTEXT() REPRESENTATION_CONTEXT('2D SPACE',''
  ) );
#513 = ORIENTED_EDGE('',*,*,#56,.T.);
#514 = ORIENTED_EDGE('',*,*,#360,.T.);
#515 = ORIENTED_EDGE('',*,*,#516,.F.);
#516 = EDGE_CURVE('',#492,#361,#517,.T.);
#517 = SURFACE_CURVE('',#518,(#522,#529),.PCURVE_S1.);
#518 = LINE('',#519,#520);
#519 = CARTESIAN_POINT('',(31.,-56.5,0.));
#520 = VECTOR('',#521,1.);
#521 = DIRECTION('',(0.,0.,1.));
#522 = PCURVE('',#72,#523);
#523 = DEFINITIONAL_REPRESENTATION('',(#524),#528);
#524 = LINE('',#525,#526);
#525 = CARTESIAN_POINT('',(0.,62.));
#526 = VECTOR('',#527,1.);
#527 = DIRECTION('',(1.,0.));
#528 = ( GEOMETRIC_REPRESENTATION_CONTEXT(2) 
PARAMETRIC_REPRESENTATION_CONTEXT() REPRESENTATION_CONTEXT('2D SPACE',''
  ) );
#529 = PCURVE('',#399,#530);
#530 = DEFINITIONAL_REPRESENTATION('',(#531),#535);
#531 = LINE('',#532,#533);
#532 = CARTESIAN_POINT('',(0.,0.));
#533 = VECTOR('',#534,1.);
#534 = DIRECTION('',(1.,0.));
#535 = ( GEOMETRIC_REPRESENTATION_CONTEXT(2) 
PARAMETRIC_REPRESENTATION_CONTEXT() REPRESENTATION_CONTEXT('2D SPACE',''
  ) );
#536 = ADVANCED_FACE('',(#537),#238,.T.);
#537 = FACE_BOUND('',#538,.T.);
#538 = EDGE_LOOP('',(#539,#540,#541,#564));
#539 = ORIENTED_EDGE('',*,*,#224,.F.);
#540 = ORIENTED_EDGE('',*,*,#466,.T.);
#541 = ORIENTED_EDGE('',*,*,#542,.T.);
#542 = EDGE_CURVE('',#441,#543,#545,.T.);
#543 = VERTEX_POINT('',#544);
#544 = CARTESIAN_POINT('',(-29.,-46.5,40.));
#545 = SURFACE_CURVE('',#546,(#550,#557),.PCURVE_S1.);
#546 = LINE('',#547,#548);
#547 = CARTESIAN_POINT('',(-29.,-46.5,0.));
#548 = VECTOR('',#549,1.);
#549 = DIRECTION('',(0.,0.,1.));
#550 = PCURVE('',#238,#551);
#551 = DEFINITIONAL_REPRESENTATION('',(#552),#556);
#552 = LINE('',#553,#554);
#553 = CARTESIAN_POINT('',(1.570796326795,0.));
#554 = VECTOR('',#555,1.);
#555 = DIRECTION('',(0.,1.));
#556 = ( GEOMETRIC_REPRESENTATION_CONTEXT(2) 
PARAMETRIC_REPRESENTATION_CONTEXT() REPRESENTATION_CONTEXT('2D SPACE',''
  ) );
#557 = PCURVE('',#455,#558);
#558 = DEFINITIONAL_REPRESENTATION('',(#559),#563);
#559 = LINE('',#560,#561);
#560 = CARTESIAN_POINT('',(0.,2.));
#561 = VECTOR('',#562,1.);
#562 = DIRECTION('',(1.,0.));
#563 = ( GEOMETRIC_REPRESENTATION_CONTEXT(2) 
PARAMETRIC_REPRESENTATION_CONTEXT() REPRESENTATION_CONTEXT('2D SPACE',''
  ) );
#564 = ORIENTED_EDGE('',*,*,#565,.F.);
#565 = EDGE_CURVE('',#197,#543,#566,.T.);
#566 = SURFACE_CURVE('',#567,(#572,#579),.PCURVE_S1.);
#567 = CIRCLE('',#568,2.);
#568 = AXIS2_PLACEMENT_3D('',#569,#570,#571);
#569 = CARTESIAN_POINT('',(-29.,-44.5,40.));
#570 = DIRECTION('',(0.,0.,1.));
#571 = DIRECTION('',(0.,-1.,0.));
#572 = PCURVE('',#238,#573);
#573 = DEFINITIONAL_REPRESENTATION('',(#574),#578);
#574 = LINE('',#575,#576);
#575 = CARTESIAN_POINT('',(-4.712388980385,40.));
#576 = VECTOR('',#577,1.);
#577 = DIRECTION('',(1.,0.));
#578 = ( GEOMETRIC_REPRESENTATION_CONTEXT(2) 
PARAMETRIC_REPRESENTATION_CONTEXT() REPRESENTATION_CONTEXT('2D SPACE',''
  ) );
#579 = PCURVE('',#212,#580);
#580 = DEFINITIONAL_REPRESENTATION('',(#581),#585);
#581 = CIRCLE('',#582,2.);
#582 = AXIS2_PLACEMENT_2D('',#583,#584);
#583 = CARTESIAN_POINT('',(2.,2.));
#584 = DIRECTION('',(0.,-1.));
#585 = ( GEOMETRIC_REPRESENTATION_CONTEXT(2) 
PARAMETRIC_REPRESENTATION_CONTEXT() REPRESENTATION_CONTEXT('2D SPACE',''
  ) );
#586 = ADVANCED_FACE('',(#587,#635,#793,#951,#1109,#1267,#1425,#1583,
    #1741,#1899,#2057,#2215,#2373,#2531,#2689,#2847,#3005,#3163,#3321,
    #3479,#3637,#3795,#3953,#4111,#4269,#4427,#4585,#4743,#4901),#100,
  .F.);
#587 = FACE_BOUND('',#588,.F.);
#588 = EDGE_LOOP('',(#589,#590,#613,#634));
#589 = ORIENTED_EDGE('',*,*,#491,.T.);
#590 = ORIENTED_EDGE('',*,*,#591,.F.);
#591 = EDGE_CURVE('',#592,#492,#594,.T.);
#592 = VERTEX_POINT('',#593);
#593 = CARTESIAN_POINT('',(31.,56.5,0.));
#594 = SURFACE_CURVE('',#595,(#599,#606),.PCURVE_S1.);
#595 = LINE('',#596,#597);
#596 = CARTESIAN_POINT('',(31.,56.5,0.));
#597 = VECTOR('',#598,1.);
#598 = DIRECTION('',(0.,-1.,0.));
#599 = PCURVE('',#100,#600);
#600 = DEFINITIONAL_REPRESENTATION('',(#601),#605);
#601 = LINE('',#602,#603);
#602 = CARTESIAN_POINT('',(62.,113.));
#603 = VECTOR('',#604,1.);
#604 = DIRECTION('',(0.,-1.));
#605 = ( GEOMETRIC_REPRESENTATION_CONTEXT(2) 
PARAMETRIC_REPRESENTATION_CONTEXT() REPRESENTATION_CONTEXT('2D SPACE',''
  ) );
#606 = PCURVE('',#399,#607);
#607 = DEFINITIONAL_REPRESENTATION('',(#608),#612);
#608 = LINE('',#609,#610);
#609 = CARTESIAN_POINT('',(0.,-113.));
#610 = VECTOR('',#611,1.);
#611 = DIRECTION('',(0.,1.));
#612 = ( GEOMETRIC_REPRESENTATION_CONTEXT(2) 
PARAMETRIC_REPRESENTATION_CONTEXT() REPRESENTATION_CONTEXT('2D SPACE',''
  ) );
#613 = ORIENTED_EDGE('',*,*,#614,.F.);
#614 = EDGE_CURVE('',#85,#592,#615,.T.);
#615 = SURFACE_CURVE('',#616,(#620,#627),.PCURVE_S1.);
#616 = LINE('',#617,#618);
#617 = CARTESIAN_POINT('',(-31.,56.5,0.));
#618 = VECTOR('',#619,1.);
#619 = DIRECTION('',(1.,0.,0.));
#620 = PCURVE('',#100,#621);
#621 = DEFINITIONAL_REPRESENTATION('',(#622),#626);
#622 = LINE('',#623,#624);
#623 = CARTESIAN_POINT('',(0.,113.));
#624 = VECTOR('',#625,1.);
#625 = DIRECTION('',(1.,0.));
#626 = ( GEOMETRIC_REPRESENTATION_CONTEXT(2) 
PARAMETRIC_REPRESENTATION_CONTEXT() REPRESENTATION_CONTEXT('2D SPACE',''
  ) );
#627 = PCURVE('',#128,#628);
#628 = DEFINITIONAL_REPRESENTATION('',(#629),#633);
#629 = LINE('',#630,#631);
#630 = CARTESIAN_POINT('',(0.,0.));
#631 = VECTOR('',#632,1.);
#632 = DIRECTION('',(0.,1.));
#633 = ( GEOMETRIC_REPRESENTATION_CONTEXT(2) 
PARAMETRIC_REPRESENTATION_CONTEXT() REPRESENTATION_CONTEXT('2D SPACE',''
  ) );
#634 = ORIENTED_EDGE('',*,*,#84,.T.);
#635 = FACE_BOUND('',#636,.F.);
#636 = EDGE_LOOP('',(#637,#665,#691,#717,#743,#769));
#637 = ORIENTED_EDGE('',*,*,#638,.T.);
#638 = EDGE_CURVE('',#639,#641,#643,.T.);
#639 = VERTEX_POINT('',#640);
#640 = CARTESIAN_POINT('',(-21.8,-36.83494717429,0.));
#641 = VERTEX_POINT('',#642);
#642 = CARTESIAN_POINT('',(-21.8,-31.0614444824,0.));
#643 = SURFACE_CURVE('',#644,(#648,#654),.PCURVE_S1.);
#644 = LINE('',#645,#646);
#645 = CARTESIAN_POINT('',(-21.8,-43.7807222412,0.));
#646 = VECTOR('',#647,1.);
#647 = DIRECTION('',(4.615110447321E-16,1.,-0.));
#648 = PCURVE('',#100,#649);
#649 = DEFINITIONAL_REPRESENTATION('',(#650),#653);
#650 = B_SPLINE_CURVE_WITH_KNOTS('',1,(#651,#652),.UNSPECIFIED.,.F.,.F.,
  (2,2),(6.945775066903,12.719277758799),.PIECEWISE_BEZIER_KNOTS.);
#651 = CARTESIAN_POINT('',(9.2,19.665052825702));
#652 = CARTESIAN_POINT('',(9.2,25.438555517598));
#653 = ( GEOMETRIC_REPRESENTATION_CONTEXT(2) 
PARAMETRIC_REPRESENTATION_CONTEXT() REPRESENTATION_CONTEXT('2D SPACE',''
  ) );
#654 = PCURVE('',#655,#660);
#655 = PLANE('',#656);
#656 = AXIS2_PLACEMENT_3D('',#657,#658,#659);
#657 = CARTESIAN_POINT('',(-21.8,-31.0614444824,-1.));
#658 = DIRECTION('',(1.,-4.615110447321E-16,0.));
#659 = DIRECTION('',(-4.615110447321E-16,-1.,0.));
#660 = DEFINITIONAL_REPRESENTATION('',(#661),#664);
#661 = B_SPLINE_CURVE_WITH_KNOTS('',1,(#662,#663),.UNSPECIFIED.,.F.,.F.,
  (2,2),(6.945775066903,12.719277758799),.PIECEWISE_BEZIER_KNOTS.);
#662 = CARTESIAN_POINT('',(5.773502691896,-1.));
#663 = CARTESIAN_POINT('',(0.,-1.));
#664 = ( GEOMETRIC_REPRESENTATION_CONTEXT(2) 
PARAMETRIC_REPRESENTATION_CONTEXT() REPRESENTATION_CONTEXT('2D SPACE',''
  ) );
#665 = ORIENTED_EDGE('',*,*,#666,.T.);
#666 = EDGE_CURVE('',#641,#667,#669,.T.);
#667 = VERTEX_POINT('',#668);
#668 = CARTESIAN_POINT('',(-16.8,-28.17469313645,0.));
#669 = SURFACE_CURVE('',#670,(#674,#680),.PCURVE_S1.);
#670 = LINE('',#671,#672);
#671 = CARTESIAN_POINT('',(-28.25760882845,-34.78974667783,
    1.110223024625E-16));
#672 = VECTOR('',#673,1.);
#673 = DIRECTION('',(0.866025403784,0.5,-0.));
#674 = PCURVE('',#100,#675);
#675 = DEFINITIONAL_REPRESENTATION('',(#676),#679);
#676 = B_SPLINE_CURVE_WITH_KNOTS('',1,(#677,#678),.UNSPECIFIED.,.F.,.F.,
  (2,2),(7.45660439086,13.230107082756),.PIECEWISE_BEZIER_KNOTS.);
#677 = CARTESIAN_POINT('',(9.2,25.438555517598));
#678 = CARTESIAN_POINT('',(14.2,28.325306863546));
#679 = ( GEOMETRIC_REPRESENTATION_CONTEXT(2) 
PARAMETRIC_REPRESENTATION_CONTEXT() REPRESENTATION_CONTEXT('2D SPACE',''
  ) );
#680 = PCURVE('',#681,#686);
#681 = PLANE('',#682);
#682 = AXIS2_PLACEMENT_3D('',#683,#684,#685);
#683 = CARTESIAN_POINT('',(-16.8,-28.17469313645,-1.));
#684 = DIRECTION('',(0.5,-0.866025403784,0.));
#685 = DIRECTION('',(-0.866025403784,-0.5,0.));
#686 = DEFINITIONAL_REPRESENTATION('',(#687),#690);
#687 = B_SPLINE_CURVE_WITH_KNOTS('',1,(#688,#689),.UNSPECIFIED.,.F.,.F.,
  (2,2),(7.45660439086,13.230107082756),.PIECEWISE_BEZIER_KNOTS.);
#688 = CARTESIAN_POINT('',(5.773502691896,-1.));
#689 = CARTESIAN_POINT('',(0.,-1.));
#690 = ( GEOMETRIC_REPRESENTATION_CONTEXT(2) 
PARAMETRIC_REPRESENTATION_CONTEXT() REPRESENTATION_CONTEXT('2D SPACE',''
  ) );
#691 = ORIENTED_EDGE('',*,*,#692,.T.);
#692 = EDGE_CURVE('',#667,#693,#695,.T.);
#693 = VERTEX_POINT('',#694);
#694 = CARTESIAN_POINT('',(-11.8,-31.0614444824,0.));
#695 = SURFACE_CURVE('',#696,(#700,#706),.PCURVE_S1.);
#696 = LINE('',#697,#698);
#697 = CARTESIAN_POINT('',(-13.49239117154,-30.08434198393,
    1.110223024625E-16));
#698 = VECTOR('',#699,1.);
#699 = DIRECTION('',(0.866025403784,-0.5,0.));
#700 = PCURVE('',#100,#701);
#701 = DEFINITIONAL_REPRESENTATION('',(#702),#705);
#702 = B_SPLINE_CURVE_WITH_KNOTS('',1,(#703,#704),.UNSPECIFIED.,.F.,.F.,
  (2,2),(-3.819297694965,1.954204996931),.PIECEWISE_BEZIER_KNOTS.);
#703 = CARTESIAN_POINT('',(14.2,28.325306863546));
#704 = CARTESIAN_POINT('',(19.2,25.438555517598));
#705 = ( GEOMETRIC_REPRESENTATION_CONTEXT(2) 
PARAMETRIC_REPRESENTATION_CONTEXT() REPRESENTATION_CONTEXT('2D SPACE',''
  ) );
#706 = PCURVE('',#707,#712);
#707 = PLANE('',#708);
#708 = AXIS2_PLACEMENT_3D('',#709,#710,#711);
#709 = CARTESIAN_POINT('',(-11.8,-31.0614444824,-1.));
#710 = DIRECTION('',(-0.5,-0.866025403784,0.));
#711 = DIRECTION('',(-0.866025403784,0.5,0.));
#712 = DEFINITIONAL_REPRESENTATION('',(#713),#716);
#713 = B_SPLINE_CURVE_WITH_KNOTS('',1,(#714,#715),.UNSPECIFIED.,.F.,.F.,
  (2,2),(-3.819297694965,1.954204996931),.PIECEWISE_BEZIER_KNOTS.);
#714 = CARTESIAN_POINT('',(5.773502691896,-1.));
#715 = CARTESIAN_POINT('',(0.,-1.));
#716 = ( GEOMETRIC_REPRESENTATION_CONTEXT(2) 
PARAMETRIC_REPRESENTATION_CONTEXT() REPRESENTATION_CONTEXT('2D SPACE',''
  ) );
#717 = ORIENTED_EDGE('',*,*,#718,.T.);
#718 = EDGE_CURVE('',#693,#719,#721,.T.);
#719 = VERTEX_POINT('',#720);
#720 = CARTESIAN_POINT('',(-11.8,-36.83494717429,0.));
#721 = SURFACE_CURVE('',#722,(#726,#732),.PCURVE_S1.);
#722 = LINE('',#723,#724);
#723 = CARTESIAN_POINT('',(-11.8,-46.66747358714,0.));
#724 = VECTOR('',#725,1.);
#725 = DIRECTION('',(-1.538370149107E-16,-1.,0.));
#726 = PCURVE('',#100,#727);
#727 = DEFINITIONAL_REPRESENTATION('',(#728),#731);
#728 = B_SPLINE_CURVE_WITH_KNOTS('',1,(#729,#730),.UNSPECIFIED.,.F.,.F.,
  (2,2),(-15.60602910474,-9.832526412851),.PIECEWISE_BEZIER_KNOTS.);
#729 = CARTESIAN_POINT('',(19.2,25.438555517598));
#730 = CARTESIAN_POINT('',(19.2,19.665052825702));
#731 = ( GEOMETRIC_REPRESENTATION_CONTEXT(2) 
PARAMETRIC_REPRESENTATION_CONTEXT() REPRESENTATION_CONTEXT('2D SPACE',''
  ) );
#732 = PCURVE('',#733,#738);
#733 = PLANE('',#734);
#734 = AXIS2_PLACEMENT_3D('',#735,#736,#737);
#735 = CARTESIAN_POINT('',(-11.8,-36.83494717429,-1.));
#736 = DIRECTION('',(-1.,1.538370149107E-16,0.));
#737 = DIRECTION('',(1.538370149107E-16,1.,0.));
#738 = DEFINITIONAL_REPRESENTATION('',(#739),#742);
#739 = B_SPLINE_CURVE_WITH_KNOTS('',1,(#740,#741),.UNSPECIFIED.,.F.,.F.,
  (2,2),(-15.60602910474,-9.832526412851),.PIECEWISE_BEZIER_KNOTS.);
#740 = CARTESIAN_POINT('',(5.773502691896,-1.));
#741 = CARTESIAN_POINT('',(0.,-1.));
#742 = ( GEOMETRIC_REPRESENTATION_CONTEXT(2) 
PARAMETRIC_REPRESENTATION_CONTEXT() REPRESENTATION_CONTEXT('2D SPACE',''
  ) );
#743 = ORIENTED_EDGE('',*,*,#744,.T.);
#744 = EDGE_CURVE('',#719,#745,#747,.T.);
#745 = VERTEX_POINT('',#746);
#746 = CARTESIAN_POINT('',(-16.8,-39.72169852024,0.));
#747 = SURFACE_CURVE('',#748,(#752,#758),.PCURVE_S1.);
#748 = LINE('',#749,#750);
#749 = CARTESIAN_POINT('',(-25.75760882845,-44.89337638865,0.));
#750 = VECTOR('',#751,1.);
#751 = DIRECTION('',(-0.866025403784,-0.5,0.));
#752 = PCURVE('',#100,#753);
#753 = DEFINITIONAL_REPRESENTATION('',(#754),#757);
#754 = B_SPLINE_CURVE_WITH_KNOTS('',1,(#755,#756),.UNSPECIFIED.,.F.,.F.,
  (2,2),(-16.1168584287,-10.3433557368),.PIECEWISE_BEZIER_KNOTS.);
#755 = CARTESIAN_POINT('',(19.2,19.665052825702));
#756 = CARTESIAN_POINT('',(14.2,16.778301479754));
#757 = ( GEOMETRIC_REPRESENTATION_CONTEXT(2) 
PARAMETRIC_REPRESENTATION_CONTEXT() REPRESENTATION_CONTEXT('2D SPACE',''
  ) );
#758 = PCURVE('',#759,#764);
#759 = PLANE('',#760);
#760 = AXIS2_PLACEMENT_3D('',#761,#762,#763);
#761 = CARTESIAN_POINT('',(-16.8,-39.72169852024,-1.));
#762 = DIRECTION('',(-0.5,0.866025403784,0.));
#763 = DIRECTION('',(0.866025403784,0.5,0.));
#764 = DEFINITIONAL_REPRESENTATION('',(#765),#768);
#765 = B_SPLINE_CURVE_WITH_KNOTS('',1,(#766,#767),.UNSPECIFIED.,.F.,.F.,
  (2,2),(-16.1168584287,-10.3433557368),.PIECEWISE_BEZIER_KNOTS.);
#766 = CARTESIAN_POINT('',(5.773502691896,-1.));
#767 = CARTESIAN_POINT('',(0.,-1.));
#768 = ( GEOMETRIC_REPRESENTATION_CONTEXT(2) 
PARAMETRIC_REPRESENTATION_CONTEXT() REPRESENTATION_CONTEXT('2D SPACE',''
  ) );
#769 = ORIENTED_EDGE('',*,*,#770,.T.);
#770 = EDGE_CURVE('',#745,#639,#771,.T.);
#771 = SURFACE_CURVE('',#772,(#776,#782),.PCURVE_S1.);
#772 = LINE('',#773,#774);
#773 = CARTESIAN_POINT('',(-20.99239117154,-37.3012203488,0.));
#774 = VECTOR('',#775,1.);
#775 = DIRECTION('',(-0.866025403784,0.5,0.));
#776 = PCURVE('',#100,#777);
#777 = DEFINITIONAL_REPRESENTATION('',(#778),#781);
#778 = B_SPLINE_CURVE_WITH_KNOTS('',1,(#779,#780),.UNSPECIFIED.,.F.,.F.,
  (2,2),(-4.840956342879,0.932546349017),.PIECEWISE_BEZIER_KNOTS.);
#779 = CARTESIAN_POINT('',(14.2,16.778301479754));
#780 = CARTESIAN_POINT('',(9.2,19.665052825702));
#781 = ( GEOMETRIC_REPRESENTATION_CONTEXT(2) 
PARAMETRIC_REPRESENTATION_CONTEXT() REPRESENTATION_CONTEXT('2D SPACE',''
  ) );
#782 = PCURVE('',#783,#788);
#783 = PLANE('',#784);
#784 = AXIS2_PLACEMENT_3D('',#785,#786,#787);
#785 = CARTESIAN_POINT('',(-21.8,-36.83494717429,-1.));
#786 = DIRECTION('',(0.5,0.866025403784,-0.));
#787 = DIRECTION('',(0.866025403784,-0.5,0.));
#788 = DEFINITIONAL_REPRESENTATION('',(#789),#792);
#789 = B_SPLINE_CURVE_WITH_KNOTS('',1,(#790,#791),.UNSPECIFIED.,.F.,.F.,
  (2,2),(-4.840956342879,0.932546349017),.PIECEWISE_BEZIER_KNOTS.);
#790 = CARTESIAN_POINT('',(5.773502691896,-1.));
#791 = CARTESIAN_POINT('',(0.,-1.));
#792 = ( GEOMETRIC_REPRESENTATION_CONTEXT(2) 
PARAMETRIC_REPRESENTATION_CONTEXT() REPRESENTATION_CONTEXT('2D SPACE',''
  ) );
#793 = FACE_BOUND('',#794,.F.);
#794 = EDGE_LOOP('',(#795,#823,#849,#875,#901,#927));
#795 = ORIENTED_EDGE('',*,*,#796,.T.);
#796 = EDGE_CURVE('',#797,#799,#801,.T.);
#797 = VERTEX_POINT('',#798);
#798 = CARTESIAN_POINT('',(-16.2,-27.13546265191,0.));
#799 = VERTEX_POINT('',#800);
#800 = CARTESIAN_POINT('',(-16.2,-21.36195996001,0.));
#801 = SURFACE_CURVE('',#802,(#806,#812),.PCURVE_S1.);
#802 = LINE('',#803,#804);
#803 = CARTESIAN_POINT('',(-16.2,-38.93097998,0.));
#804 = VECTOR('',#805,1.);
#805 = DIRECTION('',(4.615110447321E-16,1.,-0.));
#806 = PCURVE('',#100,#807);
#807 = DEFINITIONAL_REPRESENTATION('',(#808),#811);
#808 = B_SPLINE_CURVE_WITH_KNOTS('',1,(#809,#810),.UNSPECIFIED.,.F.,.F.,
  (2,2),(11.795517328096,17.569020019992),.PIECEWISE_BEZIER_KNOTS.);
#809 = CARTESIAN_POINT('',(14.8,29.364537348088));
#810 = CARTESIAN_POINT('',(14.8,35.138040039984));
#811 = ( GEOMETRIC_REPRESENTATION_CONTEXT(2) 
PARAMETRIC_REPRESENTATION_CONTEXT() REPRESENTATION_CONTEXT('2D SPACE',''
  ) );
#812 = PCURVE('',#813,#818);
#813 = PLANE('',#814);
#814 = AXIS2_PLACEMENT_3D('',#815,#816,#817);
#815 = CARTESIAN_POINT('',(-16.2,-21.36195996001,-1.));
#816 = DIRECTION('',(1.,-4.615110447321E-16,0.));
#817 = DIRECTION('',(-4.615110447321E-16,-1.,0.));
#818 = DEFINITIONAL_REPRESENTATION('',(#819),#822);
#819 = B_SPLINE_CURVE_WITH_KNOTS('',1,(#820,#821),.UNSPECIFIED.,.F.,.F.,
  (2,2),(11.795517328096,17.569020019992),.PIECEWISE_BEZIER_KNOTS.);
#820 = CARTESIAN_POINT('',(5.773502691896,-1.));
#821 = CARTESIAN_POINT('',(0.,-1.));
#822 = ( GEOMETRIC_REPRESENTATION_CONTEXT(2) 
PARAMETRIC_REPRESENTATION_CONTEXT() REPRESENTATION_CONTEXT('2D SPACE',''
  ) );
#823 = ORIENTED_EDGE('',*,*,#824,.T.);
#824 = EDGE_CURVE('',#799,#825,#827,.T.);
#825 = VERTEX_POINT('',#826);
#826 = CARTESIAN_POINT('',(-11.2,-18.47520861406,0.));
#827 = SURFACE_CURVE('',#828,(#832,#838),.PCURVE_S1.);
#828 = LINE('',#829,#830);
#829 = CARTESIAN_POINT('',(-26.85760882845,-27.51513328604,
    1.110223024625E-16));
#830 = VECTOR('',#831,1.);
#831 = DIRECTION('',(0.866025403784,0.5,-0.));
#832 = PCURVE('',#100,#833);
#833 = DEFINITIONAL_REPRESENTATION('',(#834),#837);
#834 = B_SPLINE_CURVE_WITH_KNOTS('',1,(#835,#836),.UNSPECIFIED.,.F.,.F.,
  (2,2),(12.306346652053,18.079849343949),.PIECEWISE_BEZIER_KNOTS.);
#835 = CARTESIAN_POINT('',(14.8,35.138040039984));
#836 = CARTESIAN_POINT('',(19.8,38.024791385932));
#837 = ( GEOMETRIC_REPRESENTATION_CONTEXT(2) 
PARAMETRIC_REPRESENTATION_CONTEXT() REPRESENTATION_CONTEXT('2D SPACE',''
  ) );
#838 = PCURVE('',#839,#844);
#839 = PLANE('',#840);
#840 = AXIS2_PLACEMENT_3D('',#841,#842,#843);
#841 = CARTESIAN_POINT('',(-11.2,-18.47520861406,-1.));
#842 = DIRECTION('',(0.5,-0.866025403784,0.));
#843 = DIRECTION('',(-0.866025403784,-0.5,0.));
#844 = DEFINITIONAL_REPRESENTATION('',(#845),#848);
#845 = B_SPLINE_CURVE_WITH_KNOTS('',1,(#846,#847),.UNSPECIFIED.,.F.,.F.,
  (2,2),(12.306346652053,18.079849343949),.PIECEWISE_BEZIER_KNOTS.);
#846 = CARTESIAN_POINT('',(5.773502691896,-1.));
#847 = CARTESIAN_POINT('',(0.,-1.));
#848 = ( GEOMETRIC_REPRESENTATION_CONTEXT(2) 
PARAMETRIC_REPRESENTATION_CONTEXT() REPRESENTATION_CONTEXT('2D SPACE',''
  ) );
#849 = ORIENTED_EDGE('',*,*,#850,.T.);
#850 = EDGE_CURVE('',#825,#851,#853,.T.);
#851 = VERTEX_POINT('',#852);
#852 = CARTESIAN_POINT('',(-6.2,-21.36195996001,0.));
#853 = SURFACE_CURVE('',#854,(#858,#864),.PCURVE_S1.);
#854 = LINE('',#855,#856);
#855 = CARTESIAN_POINT('',(-7.892391171545,-20.38485746155,
    1.110223024625E-16));
#856 = VECTOR('',#857,1.);
#857 = DIRECTION('',(0.866025403784,-0.5,0.));
#858 = PCURVE('',#100,#859);
#859 = DEFINITIONAL_REPRESENTATION('',(#860),#863);
#860 = B_SPLINE_CURVE_WITH_KNOTS('',1,(#861,#862),.UNSPECIFIED.,.F.,.F.,
  (2,2),(-3.819297694965,1.954204996931),.PIECEWISE_BEZIER_KNOTS.);
#861 = CARTESIAN_POINT('',(19.8,38.024791385932));
#862 = CARTESIAN_POINT('',(24.8,35.138040039984));
#863 = ( GEOMETRIC_REPRESENTATION_CONTEXT(2) 
PARAMETRIC_REPRESENTATION_CONTEXT() REPRESENTATION_CONTEXT('2D SPACE',''
  ) );
#864 = PCURVE('',#865,#870);
#865 = PLANE('',#866);
#866 = AXIS2_PLACEMENT_3D('',#867,#868,#869);
#867 = CARTESIAN_POINT('',(-6.2,-21.36195996001,-1.));
#868 = DIRECTION('',(-0.5,-0.866025403784,0.));
#869 = DIRECTION('',(-0.866025403784,0.5,0.));
#870 = DEFINITIONAL_REPRESENTATION('',(#871),#874);
#871 = B_SPLINE_CURVE_WITH_KNOTS('',1,(#872,#873),.UNSPECIFIED.,.F.,.F.,
  (2,2),(-3.819297694965,1.954204996931),.PIECEWISE_BEZIER_KNOTS.);
#872 = CARTESIAN_POINT('',(5.773502691896,-1.));
#873 = CARTESIAN_POINT('',(0.,-1.));
#874 = ( GEOMETRIC_REPRESENTATION_CONTEXT(2) 
PARAMETRIC_REPRESENTATION_CONTEXT() REPRESENTATION_CONTEXT('2D SPACE',''
  ) );
#875 = ORIENTED_EDGE('',*,*,#876,.T.);
#876 = EDGE_CURVE('',#851,#877,#879,.T.);
#877 = VERTEX_POINT('',#878);
#878 = CARTESIAN_POINT('',(-6.2,-27.13546265191,0.));
#879 = SURFACE_CURVE('',#880,(#884,#890),.PCURVE_S1.);
#880 = LINE('',#881,#882);
#881 = CARTESIAN_POINT('',(-6.2,-41.81773132595,0.));
#882 = VECTOR('',#883,1.);
#883 = DIRECTION('',(-1.538370149107E-16,-1.,0.));
#884 = PCURVE('',#100,#885);
#885 = DEFINITIONAL_REPRESENTATION('',(#886),#889);
#886 = B_SPLINE_CURVE_WITH_KNOTS('',1,(#887,#888),.UNSPECIFIED.,.F.,.F.,
  (2,2),(-20.45577136594,-14.68226867404),.PIECEWISE_BEZIER_KNOTS.);
#887 = CARTESIAN_POINT('',(24.8,35.138040039984));
#888 = CARTESIAN_POINT('',(24.8,29.364537348088));
#889 = ( GEOMETRIC_REPRESENTATION_CONTEXT(2) 
PARAMETRIC_REPRESENTATION_CONTEXT() REPRESENTATION_CONTEXT('2D SPACE',''
  ) );
#890 = PCURVE('',#891,#896);
#891 = PLANE('',#892);
#892 = AXIS2_PLACEMENT_3D('',#893,#894,#895);
#893 = CARTESIAN_POINT('',(-6.2,-27.13546265191,-1.));
#894 = DIRECTION('',(-1.,1.538370149107E-16,0.));
#895 = DIRECTION('',(1.538370149107E-16,1.,0.));
#896 = DEFINITIONAL_REPRESENTATION('',(#897),#900);
#897 = B_SPLINE_CURVE_WITH_KNOTS('',1,(#898,#899),.UNSPECIFIED.,.F.,.F.,
  (2,2),(-20.45577136594,-14.68226867404),.PIECEWISE_BEZIER_KNOTS.);
#898 = CARTESIAN_POINT('',(5.773502691896,-1.));
#899 = CARTESIAN_POINT('',(0.,-1.));
#900 = ( GEOMETRIC_REPRESENTATION_CONTEXT(2) 
PARAMETRIC_REPRESENTATION_CONTEXT() REPRESENTATION_CONTEXT('2D SPACE',''
  ) );
#901 = ORIENTED_EDGE('',*,*,#902,.T.);
#902 = EDGE_CURVE('',#877,#903,#905,.T.);
#903 = VERTEX_POINT('',#904);
#904 = CARTESIAN_POINT('',(-11.2,-30.02221399786,0.));
#905 = SURFACE_CURVE('',#906,(#910,#916),.PCURVE_S1.);
#906 = LINE('',#907,#908);
#907 = CARTESIAN_POINT('',(-24.35760882845,-37.61876299686,0.));
#908 = VECTOR('',#909,1.);
#909 = DIRECTION('',(-0.866025403784,-0.5,0.));
#910 = PCURVE('',#100,#911);
#911 = DEFINITIONAL_REPRESENTATION('',(#912),#915);
#912 = B_SPLINE_CURVE_WITH_KNOTS('',1,(#913,#914),.UNSPECIFIED.,.F.,.F.,
  (2,2),(-20.96660068989,-15.193097998),.PIECEWISE_BEZIER_KNOTS.);
#913 = CARTESIAN_POINT('',(24.8,29.364537348088));
#914 = CARTESIAN_POINT('',(19.8,26.477786002139));
#915 = ( GEOMETRIC_REPRESENTATION_CONTEXT(2) 
PARAMETRIC_REPRESENTATION_CONTEXT() REPRESENTATION_CONTEXT('2D SPACE',''
  ) );
#916 = PCURVE('',#917,#922);
#917 = PLANE('',#918);
#918 = AXIS2_PLACEMENT_3D('',#919,#920,#921);
#919 = CARTESIAN_POINT('',(-11.2,-30.02221399786,-1.));
#920 = DIRECTION('',(-0.5,0.866025403784,0.));
#921 = DIRECTION('',(0.866025403784,0.5,0.));
#922 = DEFINITIONAL_REPRESENTATION('',(#923),#926);
#923 = B_SPLINE_CURVE_WITH_KNOTS('',1,(#924,#925),.UNSPECIFIED.,.F.,.F.,
  (2,2),(-20.96660068989,-15.193097998),.PIECEWISE_BEZIER_KNOTS.);
#924 = CARTESIAN_POINT('',(5.773502691896,-1.));
#925 = CARTESIAN_POINT('',(0.,-1.));
#926 = ( GEOMETRIC_REPRESENTATION_CONTEXT(2) 
PARAMETRIC_REPRESENTATION_CONTEXT() REPRESENTATION_CONTEXT('2D SPACE',''
  ) );
#927 = ORIENTED_EDGE('',*,*,#928,.T.);
#928 = EDGE_CURVE('',#903,#797,#929,.T.);
#929 = SURFACE_CURVE('',#930,(#934,#940),.PCURVE_S1.);
#930 = LINE('',#931,#932);
#931 = CARTESIAN_POINT('',(-15.39239117154,-27.60173582642,0.));
#932 = VECTOR('',#933,1.);
#933 = DIRECTION('',(-0.866025403784,0.5,0.));
#934 = PCURVE('',#100,#935);
#935 = DEFINITIONAL_REPRESENTATION('',(#936),#939);
#936 = B_SPLINE_CURVE_WITH_KNOTS('',1,(#937,#938),.UNSPECIFIED.,.F.,.F.,
  (2,2),(-4.840956342879,0.932546349017),.PIECEWISE_BEZIER_KNOTS.);
#937 = CARTESIAN_POINT('',(19.8,26.477786002139));
#938 = CARTESIAN_POINT('',(14.8,29.364537348088));
#939 = ( GEOMETRIC_REPRESENTATION_CONTEXT(2) 
PARAMETRIC_REPRESENTATION_CONTEXT() REPRESENTATION_CONTEXT('2D SPACE',''
  ) );
#940 = PCURVE('',#941,#946);
#941 = PLANE('',#942);
#942 = AXIS2_PLACEMENT_3D('',#943,#944,#945);
#943 = CARTESIAN_POINT('',(-16.2,-27.13546265191,-1.));
#944 = DIRECTION('',(0.5,0.866025403784,-0.));
#945 = DIRECTION('',(0.866025403784,-0.5,0.));
#946 = DEFINITIONAL_REPRESENTATION('',(#947),#950);
#947 = B_SPLINE_CURVE_WITH_KNOTS('',1,(#948,#949),.UNSPECIFIED.,.F.,.F.,
  (2,2),(-4.840956342879,0.932546349017),.PIECEWISE_BEZIER_KNOTS.);
#948 = CARTESIAN_POINT('',(5.773502691896,-1.));
#949 = CARTESIAN_POINT('',(0.,-1.));
#950 = ( GEOMETRIC_REPRESENTATION_CONTEXT(2) 
PARAMETRIC_REPRESENTATION_CONTEXT() REPRESENTATION_CONTEXT('2D SPACE',''
  ) );
#951 = FACE_BOUND('',#952,.F.);
#952 = EDGE_LOOP('',(#953,#981,#1007,#1033,#1059,#1085));
#953 = ORIENTED_EDGE('',*,*,#954,.T.);
#954 = EDGE_CURVE('',#955,#957,#959,.T.);
#955 = VERTEX_POINT('',#956);
#956 = CARTESIAN_POINT('',(-10.6,-36.83494717429,0.));
#957 = VERTEX_POINT('',#958);
#958 = CARTESIAN_POINT('',(-10.6,-31.0614444824,0.));
#959 = SURFACE_CURVE('',#960,(#964,#970),.PCURVE_S1.);
#960 = LINE('',#961,#962);
#961 = CARTESIAN_POINT('',(-10.6,-43.7807222412,0.));
#962 = VECTOR('',#963,1.);
#963 = DIRECTION('',(4.615110447321E-16,1.,-0.));
#964 = PCURVE('',#100,#965);
#965 = DEFINITIONAL_REPRESENTATION('',(#966),#969);
#966 = B_SPLINE_CURVE_WITH_KNOTS('',1,(#967,#968),.UNSPECIFIED.,.F.,.F.,
  (2,2),(6.945775066903,12.719277758799),.PIECEWISE_BEZIER_KNOTS.);
#967 = CARTESIAN_POINT('',(20.4,19.665052825702));
#968 = CARTESIAN_POINT('',(20.4,25.438555517598));
#969 = ( GEOMETRIC_REPRESENTATION_CONTEXT(2) 
PARAMETRIC_REPRESENTATION_CONTEXT() REPRESENTATION_CONTEXT('2D SPACE',''
  ) );
#970 = PCURVE('',#971,#976);
#971 = PLANE('',#972);
#972 = AXIS2_PLACEMENT_3D('',#973,#974,#975);
#973 = CARTESIAN_POINT('',(-10.6,-31.0614444824,-1.));
#974 = DIRECTION('',(1.,-4.615110447321E-16,0.));
#975 = DIRECTION('',(-4.615110447321E-16,-1.,0.));
#976 = DEFINITIONAL_REPRESENTATION('',(#977),#980);
#977 = B_SPLINE_CURVE_WITH_KNOTS('',1,(#978,#979),.UNSPECIFIED.,.F.,.F.,
  (2,2),(6.945775066903,12.719277758799),.PIECEWISE_BEZIER_KNOTS.);
#978 = CARTESIAN_POINT('',(5.773502691896,-1.));
#979 = CARTESIAN_POINT('',(0.,-1.));
#980 = ( GEOMETRIC_REPRESENTATION_CONTEXT(2) 
PARAMETRIC_REPRESENTATION_CONTEXT() REPRESENTATION_CONTEXT('2D SPACE',''
  ) );
#981 = ORIENTED_EDGE('',*,*,#982,.T.);
#982 = EDGE_CURVE('',#957,#983,#985,.T.);
#983 = VERTEX_POINT('',#984);
#984 = CARTESIAN_POINT('',(-5.6,-28.17469313645,0.));
#985 = SURFACE_CURVE('',#986,(#990,#996),.PCURVE_S1.);
#986 = LINE('',#987,#988);
#987 = CARTESIAN_POINT('',(-21.25760882845,-37.21461780842,
    1.110223024625E-16));
#988 = VECTOR('',#989,1.);
#989 = DIRECTION('',(0.866025403784,0.5,-0.));
#990 = PCURVE('',#100,#991);
#991 = DEFINITIONAL_REPRESENTATION('',(#992),#995);
#992 = B_SPLINE_CURVE_WITH_KNOTS('',1,(#993,#994),.UNSPECIFIED.,.F.,.F.,
  (2,2),(12.306346652053,18.079849343949),.PIECEWISE_BEZIER_KNOTS.);
#993 = CARTESIAN_POINT('',(20.4,25.438555517598));
#994 = CARTESIAN_POINT('',(25.4,28.325306863546));
#995 = ( GEOMETRIC_REPRESENTATION_CONTEXT(2) 
PARAMETRIC_REPRESENTATION_CONTEXT() REPRESENTATION_CONTEXT('2D SPACE',''
  ) );
#996 = PCURVE('',#997,#1002);
#997 = PLANE('',#998);
#998 = AXIS2_PLACEMENT_3D('',#999,#1000,#1001);
#999 = CARTESIAN_POINT('',(-5.6,-28.17469313645,-1.));
#1000 = DIRECTION('',(0.5,-0.866025403784,0.));
#1001 = DIRECTION('',(-0.866025403784,-0.5,0.));
#1002 = DEFINITIONAL_REPRESENTATION('',(#1003),#1006);
#1003 = B_SPLINE_CURVE_WITH_KNOTS('',1,(#1004,#1005),.UNSPECIFIED.,.F.,
  .F.,(2,2),(12.306346652053,18.079849343949),.PIECEWISE_BEZIER_KNOTS.);
#1004 = CARTESIAN_POINT('',(5.773502691896,-1.));
#1005 = CARTESIAN_POINT('',(0.,-1.));
#1006 = ( GEOMETRIC_REPRESENTATION_CONTEXT(2) 
PARAMETRIC_REPRESENTATION_CONTEXT() REPRESENTATION_CONTEXT('2D SPACE',''
  ) );
#1007 = ORIENTED_EDGE('',*,*,#1008,.T.);
#1008 = EDGE_CURVE('',#983,#1009,#1011,.T.);
#1009 = VERTEX_POINT('',#1010);
#1010 = CARTESIAN_POINT('',(-0.6,-31.0614444824,0.));
#1011 = SURFACE_CURVE('',#1012,(#1016,#1022),.PCURVE_S1.);
#1012 = LINE('',#1013,#1014);
#1013 = CARTESIAN_POINT('',(-6.492391171545,-27.65947085334,
    1.110223024625E-16));
#1014 = VECTOR('',#1015,1.);
#1015 = DIRECTION('',(0.866025403784,-0.5,0.));
#1016 = PCURVE('',#100,#1017);
#1017 = DEFINITIONAL_REPRESENTATION('',(#1018),#1021);
#1018 = B_SPLINE_CURVE_WITH_KNOTS('',1,(#1019,#1020),.UNSPECIFIED.,.F.,
  .F.,(2,2),(1.030444566228,6.803947258124),.PIECEWISE_BEZIER_KNOTS.);
#1019 = CARTESIAN_POINT('',(25.4,28.325306863546));
#1020 = CARTESIAN_POINT('',(30.4,25.438555517598));
#1021 = ( GEOMETRIC_REPRESENTATION_CONTEXT(2) 
PARAMETRIC_REPRESENTATION_CONTEXT() REPRESENTATION_CONTEXT('2D SPACE',''
  ) );
#1022 = PCURVE('',#1023,#1028);
#1023 = PLANE('',#1024);
#1024 = AXIS2_PLACEMENT_3D('',#1025,#1026,#1027);
#1025 = CARTESIAN_POINT('',(-0.6,-31.0614444824,-1.));
#1026 = DIRECTION('',(-0.5,-0.866025403784,0.));
#1027 = DIRECTION('',(-0.866025403784,0.5,0.));
#1028 = DEFINITIONAL_REPRESENTATION('',(#1029),#1032);
#1029 = B_SPLINE_CURVE_WITH_KNOTS('',1,(#1030,#1031),.UNSPECIFIED.,.F.,
  .F.,(2,2),(1.030444566228,6.803947258124),.PIECEWISE_BEZIER_KNOTS.);
#1030 = CARTESIAN_POINT('',(5.773502691896,-1.));
#1031 = CARTESIAN_POINT('',(0.,-1.));
#1032 = ( GEOMETRIC_REPRESENTATION_CONTEXT(2) 
PARAMETRIC_REPRESENTATION_CONTEXT() REPRESENTATION_CONTEXT('2D SPACE',''
  ) );
#1033 = ORIENTED_EDGE('',*,*,#1034,.T.);
#1034 = EDGE_CURVE('',#1009,#1035,#1037,.T.);
#1035 = VERTEX_POINT('',#1036);
#1036 = CARTESIAN_POINT('',(-0.6,-36.83494717429,0.));
#1037 = SURFACE_CURVE('',#1038,(#1042,#1048),.PCURVE_S1.);
#1038 = LINE('',#1039,#1040);
#1039 = CARTESIAN_POINT('',(-0.6,-46.66747358714,0.));
#1040 = VECTOR('',#1041,1.);
#1041 = DIRECTION('',(-1.538370149107E-16,-1.,0.));
#1042 = PCURVE('',#100,#1043);
#1043 = DEFINITIONAL_REPRESENTATION('',(#1044),#1047);
#1044 = B_SPLINE_CURVE_WITH_KNOTS('',1,(#1045,#1046),.UNSPECIFIED.,.F.,
  .F.,(2,2),(-15.60602910474,-9.832526412851),.PIECEWISE_BEZIER_KNOTS.);
#1045 = CARTESIAN_POINT('',(30.4,25.438555517598));
#1046 = CARTESIAN_POINT('',(30.4,19.665052825702));
#1047 = ( GEOMETRIC_REPRESENTATION_CONTEXT(2) 
PARAMETRIC_REPRESENTATION_CONTEXT() REPRESENTATION_CONTEXT('2D SPACE',''
  ) );
#1048 = PCURVE('',#1049,#1054);
#1049 = PLANE('',#1050);
#1050 = AXIS2_PLACEMENT_3D('',#1051,#1052,#1053);
#1051 = CARTESIAN_POINT('',(-0.6,-36.83494717429,-1.));
#1052 = DIRECTION('',(-1.,1.538370149107E-16,0.));
#1053 = DIRECTION('',(1.538370149107E-16,1.,0.));
#1054 = DEFINITIONAL_REPRESENTATION('',(#1055),#1058);
#1055 = B_SPLINE_CURVE_WITH_KNOTS('',1,(#1056,#1057),.UNSPECIFIED.,.F.,
  .F.,(2,2),(-15.60602910474,-9.832526412851),.PIECEWISE_BEZIER_KNOTS.);
#1056 = CARTESIAN_POINT('',(5.773502691896,-1.));
#1057 = CARTESIAN_POINT('',(0.,-1.));
#1058 = ( GEOMETRIC_REPRESENTATION_CONTEXT(2) 
PARAMETRIC_REPRESENTATION_CONTEXT() REPRESENTATION_CONTEXT('2D SPACE',''
  ) );
#1059 = ORIENTED_EDGE('',*,*,#1060,.T.);
#1060 = EDGE_CURVE('',#1035,#1061,#1063,.T.);
#1061 = VERTEX_POINT('',#1062);
#1062 = CARTESIAN_POINT('',(-5.6,-39.72169852024,0.));
#1063 = SURFACE_CURVE('',#1064,(#1068,#1074),.PCURVE_S1.);
#1064 = LINE('',#1065,#1066);
#1065 = CARTESIAN_POINT('',(-18.75760882845,-47.31824751924,0.));
#1066 = VECTOR('',#1067,1.);
#1067 = DIRECTION('',(-0.866025403784,-0.5,0.));
#1068 = PCURVE('',#100,#1069);
#1069 = DEFINITIONAL_REPRESENTATION('',(#1070),#1073);
#1070 = B_SPLINE_CURVE_WITH_KNOTS('',1,(#1071,#1072),.UNSPECIFIED.,.F.,
  .F.,(2,2),(-20.96660068989,-15.193097998),.PIECEWISE_BEZIER_KNOTS.);
#1071 = CARTESIAN_POINT('',(30.4,19.665052825702));
#1072 = CARTESIAN_POINT('',(25.4,16.778301479754));
#1073 = ( GEOMETRIC_REPRESENTATION_CONTEXT(2) 
PARAMETRIC_REPRESENTATION_CONTEXT() REPRESENTATION_CONTEXT('2D SPACE',''
  ) );
#1074 = PCURVE('',#1075,#1080);
#1075 = PLANE('',#1076);
#1076 = AXIS2_PLACEMENT_3D('',#1077,#1078,#1079);
#1077 = CARTESIAN_POINT('',(-5.6,-39.72169852024,-1.));
#1078 = DIRECTION('',(-0.5,0.866025403784,0.));
#1079 = DIRECTION('',(0.866025403784,0.5,0.));
#1080 = DEFINITIONAL_REPRESENTATION('',(#1081),#1084);
#1081 = B_SPLINE_CURVE_WITH_KNOTS('',1,(#1082,#1083),.UNSPECIFIED.,.F.,
  .F.,(2,2),(-20.96660068989,-15.193097998),.PIECEWISE_BEZIER_KNOTS.);
#1082 = CARTESIAN_POINT('',(5.773502691896,-1.));
#1083 = CARTESIAN_POINT('',(0.,-1.));
#1084 = ( GEOMETRIC_REPRESENTATION_CONTEXT(2) 
PARAMETRIC_REPRESENTATION_CONTEXT() REPRESENTATION_CONTEXT('2D SPACE',''
  ) );
#1085 = ORIENTED_EDGE('',*,*,#1086,.T.);
#1086 = EDGE_CURVE('',#1061,#955,#1087,.T.);
#1087 = SURFACE_CURVE('',#1088,(#1092,#1098),.PCURVE_S1.);
#1088 = LINE('',#1089,#1090);
#1089 = CARTESIAN_POINT('',(-13.99239117154,-34.87634921821,0.));
#1090 = VECTOR('',#1091,1.);
#1091 = DIRECTION('',(-0.866025403784,0.5,0.));
#1092 = PCURVE('',#100,#1093);
#1093 = DEFINITIONAL_REPRESENTATION('',(#1094),#1097);
#1094 = B_SPLINE_CURVE_WITH_KNOTS('',1,(#1095,#1096),.UNSPECIFIED.,.F.,
  .F.,(2,2),(-9.690698604072,-3.917195912176),.PIECEWISE_BEZIER_KNOTS.);
#1095 = CARTESIAN_POINT('',(25.4,16.778301479754));
#1096 = CARTESIAN_POINT('',(20.4,19.665052825702));
#1097 = ( GEOMETRIC_REPRESENTATION_CONTEXT(2) 
PARAMETRIC_REPRESENTATION_CONTEXT() REPRESENTATION_CONTEXT('2D SPACE',''
  ) );
#1098 = PCURVE('',#1099,#1104);
#1099 = PLANE('',#1100);
#1100 = AXIS2_PLACEMENT_3D('',#1101,#1102,#1103);
#1101 = CARTESIAN_POINT('',(-10.6,-36.83494717429,-1.));
#1102 = DIRECTION('',(0.5,0.866025403784,-0.));
#1103 = DIRECTION('',(0.866025403784,-0.5,0.));
#1104 = DEFINITIONAL_REPRESENTATION('',(#1105),#1108);
#1105 = B_SPLINE_CURVE_WITH_KNOTS('',1,(#1106,#1107),.UNSPECIFIED.,.F.,
  .F.,(2,2),(-9.690698604072,-3.917195912176),.PIECEWISE_BEZIER_KNOTS.);
#1106 = CARTESIAN_POINT('',(5.773502691896,-1.));
#1107 = CARTESIAN_POINT('',(0.,-1.));
#1108 = ( GEOMETRIC_REPRESENTATION_CONTEXT(2) 
PARAMETRIC_REPRESENTATION_CONTEXT() REPRESENTATION_CONTEXT('2D SPACE',''
  ) );
#1109 = FACE_BOUND('',#1110,.F.);
#1110 = EDGE_LOOP('',(#1111,#1139,#1165,#1191,#1217,#1243));
#1111 = ORIENTED_EDGE('',*,*,#1112,.T.);
#1112 = EDGE_CURVE('',#1113,#1115,#1117,.T.);
#1113 = VERTEX_POINT('',#1114);
#1114 = CARTESIAN_POINT('',(-21.8,-17.43597812952,0.));
#1115 = VERTEX_POINT('',#1116);
#1116 = CARTESIAN_POINT('',(-21.8,-11.66247543763,0.));
#1117 = SURFACE_CURVE('',#1118,(#1122,#1128),.PCURVE_S1.);
#1118 = LINE('',#1119,#1120);
#1119 = CARTESIAN_POINT('',(-21.8,-34.08123771881,0.));
#1120 = VECTOR('',#1121,1.);
#1121 = DIRECTION('',(4.615110447321E-16,1.,-0.));
#1122 = PCURVE('',#100,#1123);
#1123 = DEFINITIONAL_REPRESENTATION('',(#1124),#1127);
#1124 = B_SPLINE_CURVE_WITH_KNOTS('',1,(#1125,#1126),.UNSPECIFIED.,.F.,
  .F.,(2,2),(16.645259589289,22.418762281185),.PIECEWISE_BEZIER_KNOTS.);
#1125 = CARTESIAN_POINT('',(9.2,39.064021870473));
#1126 = CARTESIAN_POINT('',(9.2,44.83752456237));
#1127 = ( GEOMETRIC_REPRESENTATION_CONTEXT(2) 
PARAMETRIC_REPRESENTATION_CONTEXT() REPRESENTATION_CONTEXT('2D SPACE',''
  ) );
#1128 = PCURVE('',#1129,#1134);
#1129 = PLANE('',#1130);
#1130 = AXIS2_PLACEMENT_3D('',#1131,#1132,#1133);
#1131 = CARTESIAN_POINT('',(-21.8,-11.66247543763,-1.));
#1132 = DIRECTION('',(1.,-4.615110447321E-16,0.));
#1133 = DIRECTION('',(-4.615110447321E-16,-1.,0.));
#1134 = DEFINITIONAL_REPRESENTATION('',(#1135),#1138);
#1135 = B_SPLINE_CURVE_WITH_KNOTS('',1,(#1136,#1137),.UNSPECIFIED.,.F.,
  .F.,(2,2),(16.645259589289,22.418762281185),.PIECEWISE_BEZIER_KNOTS.);
#1136 = CARTESIAN_POINT('',(5.773502691896,-1.));
#1137 = CARTESIAN_POINT('',(0.,-1.));
#1138 = ( GEOMETRIC_REPRESENTATION_CONTEXT(2) 
PARAMETRIC_REPRESENTATION_CONTEXT() REPRESENTATION_CONTEXT('2D SPACE',''
  ) );
#1139 = ORIENTED_EDGE('',*,*,#1140,.T.);
#1140 = EDGE_CURVE('',#1115,#1141,#1143,.T.);
#1141 = VERTEX_POINT('',#1142);
#1142 = CARTESIAN_POINT('',(-16.8,-8.775724091682,0.));
#1143 = SURFACE_CURVE('',#1144,(#1148,#1154),.PCURVE_S1.);
#1144 = LINE('',#1145,#1146);
#1145 = CARTESIAN_POINT('',(-32.45760882845,-17.81564876365,
    1.110223024625E-16));
#1146 = VECTOR('',#1147,1.);
#1147 = DIRECTION('',(0.866025403784,0.5,-0.));
#1148 = PCURVE('',#100,#1149);
#1149 = DEFINITIONAL_REPRESENTATION('',(#1150),#1153);
#1150 = B_SPLINE_CURVE_WITH_KNOTS('',1,(#1151,#1152),.UNSPECIFIED.,.F.,
  .F.,(2,2),(12.306346652053,18.079849343949),.PIECEWISE_BEZIER_KNOTS.);
#1151 = CARTESIAN_POINT('',(9.2,44.83752456237));
#1152 = CARTESIAN_POINT('',(14.2,47.724275908318));
#1153 = ( GEOMETRIC_REPRESENTATION_CONTEXT(2) 
PARAMETRIC_REPRESENTATION_CONTEXT() REPRESENTATION_CONTEXT('2D SPACE',''
  ) );
#1154 = PCURVE('',#1155,#1160);
#1155 = PLANE('',#1156);
#1156 = AXIS2_PLACEMENT_3D('',#1157,#1158,#1159);
#1157 = CARTESIAN_POINT('',(-16.8,-8.775724091682,-1.));
#1158 = DIRECTION('',(0.5,-0.866025403784,0.));
#1159 = DIRECTION('',(-0.866025403784,-0.5,0.));
#1160 = DEFINITIONAL_REPRESENTATION('',(#1161),#1164);
#1161 = B_SPLINE_CURVE_WITH_KNOTS('',1,(#1162,#1163),.UNSPECIFIED.,.F.,
  .F.,(2,2),(12.306346652053,18.079849343949),.PIECEWISE_BEZIER_KNOTS.);
#1162 = CARTESIAN_POINT('',(5.773502691896,-1.));
#1163 = CARTESIAN_POINT('',(0.,-1.));
#1164 = ( GEOMETRIC_REPRESENTATION_CONTEXT(2) 
PARAMETRIC_REPRESENTATION_CONTEXT() REPRESENTATION_CONTEXT('2D SPACE',''
  ) );
#1165 = ORIENTED_EDGE('',*,*,#1166,.T.);
#1166 = EDGE_CURVE('',#1141,#1167,#1169,.T.);
#1167 = VERTEX_POINT('',#1168);
#1168 = CARTESIAN_POINT('',(-11.8,-11.66247543763,0.));
#1169 = SURFACE_CURVE('',#1170,(#1174,#1180),.PCURVE_S1.);
#1170 = LINE('',#1171,#1172);
#1171 = CARTESIAN_POINT('',(-9.292391171545,-13.11024406976,
    1.110223024625E-16));
#1172 = VECTOR('',#1173,1.);
#1173 = DIRECTION('',(0.866025403784,-0.5,0.));
#1174 = PCURVE('',#100,#1175);
#1175 = DEFINITIONAL_REPRESENTATION('',(#1176),#1179);
#1176 = B_SPLINE_CURVE_WITH_KNOTS('',1,(#1177,#1178),.UNSPECIFIED.,.F.,
  .F.,(2,2),(-8.669039956158,-2.895537264262),.PIECEWISE_BEZIER_KNOTS.);
#1177 = CARTESIAN_POINT('',(14.2,47.724275908318));
#1178 = CARTESIAN_POINT('',(19.2,44.83752456237));
#1179 = ( GEOMETRIC_REPRESENTATION_CONTEXT(2) 
PARAMETRIC_REPRESENTATION_CONTEXT() REPRESENTATION_CONTEXT('2D SPACE',''
  ) );
#1180 = PCURVE('',#1181,#1186);
#1181 = PLANE('',#1182);
#1182 = AXIS2_PLACEMENT_3D('',#1183,#1184,#1185);
#1183 = CARTESIAN_POINT('',(-11.8,-11.66247543763,-1.));
#1184 = DIRECTION('',(-0.5,-0.866025403784,0.));
#1185 = DIRECTION('',(-0.866025403784,0.5,0.));
#1186 = DEFINITIONAL_REPRESENTATION('',(#1187),#1190);
#1187 = B_SPLINE_CURVE_WITH_KNOTS('',1,(#1188,#1189),.UNSPECIFIED.,.F.,
  .F.,(2,2),(-8.669039956158,-2.895537264262),.PIECEWISE_BEZIER_KNOTS.);
#1188 = CARTESIAN_POINT('',(5.773502691896,-1.));
#1189 = CARTESIAN_POINT('',(0.,-1.));
#1190 = ( GEOMETRIC_REPRESENTATION_CONTEXT(2) 
PARAMETRIC_REPRESENTATION_CONTEXT() REPRESENTATION_CONTEXT('2D SPACE',''
  ) );
#1191 = ORIENTED_EDGE('',*,*,#1192,.T.);
#1192 = EDGE_CURVE('',#1167,#1193,#1195,.T.);
#1193 = VERTEX_POINT('',#1194);
#1194 = CARTESIAN_POINT('',(-11.8,-17.43597812952,0.));
#1195 = SURFACE_CURVE('',#1196,(#1200,#1206),.PCURVE_S1.);
#1196 = LINE('',#1197,#1198);
#1197 = CARTESIAN_POINT('',(-11.8,-36.96798906476,0.));
#1198 = VECTOR('',#1199,1.);
#1199 = DIRECTION('',(-1.538370149107E-16,-1.,0.));
#1200 = PCURVE('',#100,#1201);
#1201 = DEFINITIONAL_REPRESENTATION('',(#1202),#1205);
#1202 = B_SPLINE_CURVE_WITH_KNOTS('',1,(#1203,#1204),.UNSPECIFIED.,.F.,
  .F.,(2,2),(-25.30551362713,-19.53201093523),.PIECEWISE_BEZIER_KNOTS.);
#1203 = CARTESIAN_POINT('',(19.2,44.83752456237));
#1204 = CARTESIAN_POINT('',(19.2,39.064021870473));
#1205 = ( GEOMETRIC_REPRESENTATION_CONTEXT(2) 
PARAMETRIC_REPRESENTATION_CONTEXT() REPRESENTATION_CONTEXT('2D SPACE',''
  ) );
#1206 = PCURVE('',#1207,#1212);
#1207 = PLANE('',#1208);
#1208 = AXIS2_PLACEMENT_3D('',#1209,#1210,#1211);
#1209 = CARTESIAN_POINT('',(-11.8,-17.43597812952,-1.));
#1210 = DIRECTION('',(-1.,1.538370149107E-16,0.));
#1211 = DIRECTION('',(1.538370149107E-16,1.,0.));
#1212 = DEFINITIONAL_REPRESENTATION('',(#1213),#1216);
#1213 = B_SPLINE_CURVE_WITH_KNOTS('',1,(#1214,#1215),.UNSPECIFIED.,.F.,
  .F.,(2,2),(-25.30551362713,-19.53201093523),.PIECEWISE_BEZIER_KNOTS.);
#1214 = CARTESIAN_POINT('',(5.773502691896,-1.));
#1215 = CARTESIAN_POINT('',(0.,-1.));
#1216 = ( GEOMETRIC_REPRESENTATION_CONTEXT(2) 
PARAMETRIC_REPRESENTATION_CONTEXT() REPRESENTATION_CONTEXT('2D SPACE',''
  ) );
#1217 = ORIENTED_EDGE('',*,*,#1218,.T.);
#1218 = EDGE_CURVE('',#1193,#1219,#1221,.T.);
#1219 = VERTEX_POINT('',#1220);
#1220 = CARTESIAN_POINT('',(-16.8,-20.32272947547,0.));
#1221 = SURFACE_CURVE('',#1222,(#1226,#1232),.PCURVE_S1.);
#1222 = LINE('',#1223,#1224);
#1223 = CARTESIAN_POINT('',(-29.95760882845,-27.91927847447,0.));
#1224 = VECTOR('',#1225,1.);
#1225 = DIRECTION('',(-0.866025403784,-0.5,0.));
#1226 = PCURVE('',#100,#1227);
#1227 = DEFINITIONAL_REPRESENTATION('',(#1228),#1231);
#1228 = B_SPLINE_CURVE_WITH_KNOTS('',1,(#1229,#1230),.UNSPECIFIED.,.F.,
  .F.,(2,2),(-20.96660068989,-15.193097998),.PIECEWISE_BEZIER_KNOTS.);
#1229 = CARTESIAN_POINT('',(19.2,39.064021870473));
#1230 = CARTESIAN_POINT('',(14.2,36.177270524525));
#1231 = ( GEOMETRIC_REPRESENTATION_CONTEXT(2) 
PARAMETRIC_REPRESENTATION_CONTEXT() REPRESENTATION_CONTEXT('2D SPACE',''
  ) );
#1232 = PCURVE('',#1233,#1238);
#1233 = PLANE('',#1234);
#1234 = AXIS2_PLACEMENT_3D('',#1235,#1236,#1237);
#1235 = CARTESIAN_POINT('',(-16.8,-20.32272947547,-1.));
#1236 = DIRECTION('',(-0.5,0.866025403784,0.));
#1237 = DIRECTION('',(0.866025403784,0.5,0.));
#1238 = DEFINITIONAL_REPRESENTATION('',(#1239),#1242);
#1239 = B_SPLINE_CURVE_WITH_KNOTS('',1,(#1240,#1241),.UNSPECIFIED.,.F.,
  .F.,(2,2),(-20.96660068989,-15.193097998),.PIECEWISE_BEZIER_KNOTS.);
#1240 = CARTESIAN_POINT('',(5.773502691896,-1.));
#1241 = CARTESIAN_POINT('',(0.,-1.));
#1242 = ( GEOMETRIC_REPRESENTATION_CONTEXT(2) 
PARAMETRIC_REPRESENTATION_CONTEXT() REPRESENTATION_CONTEXT('2D SPACE',''
  ) );
#1243 = ORIENTED_EDGE('',*,*,#1244,.T.);
#1244 = EDGE_CURVE('',#1219,#1113,#1245,.T.);
#1245 = SURFACE_CURVE('',#1246,(#1250,#1256),.PCURVE_S1.);
#1246 = LINE('',#1247,#1248);
#1247 = CARTESIAN_POINT('',(-16.79239117154,-20.32712243463,0.));
#1248 = VECTOR('',#1249,1.);
#1249 = DIRECTION('',(-0.866025403784,0.5,0.));
#1250 = PCURVE('',#100,#1251);
#1251 = DEFINITIONAL_REPRESENTATION('',(#1252),#1255);
#1252 = B_SPLINE_CURVE_WITH_KNOTS('',1,(#1253,#1254),.UNSPECIFIED.,.F.,
  .F.,(2,2),(8.785918313651E-03,5.78228861021),
  .PIECEWISE_BEZIER_KNOTS.);
#1253 = CARTESIAN_POINT('',(14.2,36.177270524525));
#1254 = CARTESIAN_POINT('',(9.2,39.064021870473));
#1255 = ( GEOMETRIC_REPRESENTATION_CONTEXT(2) 
PARAMETRIC_REPRESENTATION_CONTEXT() REPRESENTATION_CONTEXT('2D SPACE',''
  ) );
#1256 = PCURVE('',#1257,#1262);
#1257 = PLANE('',#1258);
#1258 = AXIS2_PLACEMENT_3D('',#1259,#1260,#1261);
#1259 = CARTESIAN_POINT('',(-21.8,-17.43597812952,-1.));
#1260 = DIRECTION('',(0.5,0.866025403784,-0.));
#1261 = DIRECTION('',(0.866025403784,-0.5,0.));
#1262 = DEFINITIONAL_REPRESENTATION('',(#1263),#1266);
#1263 = B_SPLINE_CURVE_WITH_KNOTS('',1,(#1264,#1265),.UNSPECIFIED.,.F.,
  .F.,(2,2),(8.785918313651E-03,5.78228861021),
  .PIECEWISE_BEZIER_KNOTS.);
#1264 = CARTESIAN_POINT('',(5.773502691896,-1.));
#1265 = CARTESIAN_POINT('',(0.,-1.));
#1266 = ( GEOMETRIC_REPRESENTATION_CONTEXT(2) 
PARAMETRIC_REPRESENTATION_CONTEXT() REPRESENTATION_CONTEXT('2D SPACE',''
  ) );
#1267 = FACE_BOUND('',#1268,.F.);
#1268 = EDGE_LOOP('',(#1269,#1297,#1323,#1349,#1375,#1401));
#1269 = ORIENTED_EDGE('',*,*,#1270,.T.);
#1270 = EDGE_CURVE('',#1271,#1273,#1275,.T.);
#1271 = VERTEX_POINT('',#1272);
#1272 = CARTESIAN_POINT('',(-16.2,-7.736493607141,0.));
#1273 = VERTEX_POINT('',#1274);
#1274 = CARTESIAN_POINT('',(-16.2,-1.962990915245,0.));
#1275 = SURFACE_CURVE('',#1276,(#1280,#1286),.PCURVE_S1.);
#1276 = LINE('',#1277,#1278);
#1277 = CARTESIAN_POINT('',(-16.2,-29.23149545762,0.));
#1278 = VECTOR('',#1279,1.);
#1279 = DIRECTION('',(4.615110447321E-16,1.,-0.));
#1280 = PCURVE('',#100,#1281);
#1281 = DEFINITIONAL_REPRESENTATION('',(#1282),#1285);
#1282 = B_SPLINE_CURVE_WITH_KNOTS('',1,(#1283,#1284),.UNSPECIFIED.,.F.,
  .F.,(2,2),(21.495001850481,27.268504542378),.PIECEWISE_BEZIER_KNOTS.);
#1283 = CARTESIAN_POINT('',(14.8,48.763506392859));
#1284 = CARTESIAN_POINT('',(14.8,54.537009084755));
#1285 = ( GEOMETRIC_REPRESENTATION_CONTEXT(2) 
PARAMETRIC_REPRESENTATION_CONTEXT() REPRESENTATION_CONTEXT('2D SPACE',''
  ) );
#1286 = PCURVE('',#1287,#1292);
#1287 = PLANE('',#1288);
#1288 = AXIS2_PLACEMENT_3D('',#1289,#1290,#1291);
#1289 = CARTESIAN_POINT('',(-16.2,-1.962990915245,-1.));
#1290 = DIRECTION('',(1.,-4.615110447321E-16,0.));
#1291 = DIRECTION('',(-4.615110447321E-16,-1.,0.));
#1292 = DEFINITIONAL_REPRESENTATION('',(#1293),#1296);
#1293 = B_SPLINE_CURVE_WITH_KNOTS('',1,(#1294,#1295),.UNSPECIFIED.,.F.,
  .F.,(2,2),(21.495001850481,27.268504542378),.PIECEWISE_BEZIER_KNOTS.);
#1294 = CARTESIAN_POINT('',(5.773502691896,-1.));
#1295 = CARTESIAN_POINT('',(0.,-1.));
#1296 = ( GEOMETRIC_REPRESENTATION_CONTEXT(2) 
PARAMETRIC_REPRESENTATION_CONTEXT() REPRESENTATION_CONTEXT('2D SPACE',''
  ) );
#1297 = ORIENTED_EDGE('',*,*,#1298,.T.);
#1298 = EDGE_CURVE('',#1273,#1299,#1301,.T.);
#1299 = VERTEX_POINT('',#1300);
#1300 = CARTESIAN_POINT('',(-11.2,0.923760430703,0.));
#1301 = SURFACE_CURVE('',#1302,(#1306,#1312),.PCURVE_S1.);
#1302 = LINE('',#1303,#1304);
#1303 = CARTESIAN_POINT('',(-31.05760882845,-10.54103537186,
    1.110223024625E-16));
#1304 = VECTOR('',#1305,1.);
#1305 = DIRECTION('',(0.866025403784,0.5,-0.));
#1306 = PCURVE('',#100,#1307);
#1307 = DEFINITIONAL_REPRESENTATION('',(#1308),#1311);
#1308 = B_SPLINE_CURVE_WITH_KNOTS('',1,(#1309,#1310),.UNSPECIFIED.,.F.,
  .F.,(2,2),(17.156088913246,22.929591605142),.PIECEWISE_BEZIER_KNOTS.);
#1309 = CARTESIAN_POINT('',(14.8,54.537009084755));
#1310 = CARTESIAN_POINT('',(19.8,57.423760430703));
#1311 = ( GEOMETRIC_REPRESENTATION_CONTEXT(2) 
PARAMETRIC_REPRESENTATION_CONTEXT() REPRESENTATION_CONTEXT('2D SPACE',''
  ) );
#1312 = PCURVE('',#1313,#1318);
#1313 = PLANE('',#1314);
#1314 = AXIS2_PLACEMENT_3D('',#1315,#1316,#1317);
#1315 = CARTESIAN_POINT('',(-11.2,0.923760430703,-1.));
#1316 = DIRECTION('',(0.5,-0.866025403784,0.));
#1317 = DIRECTION('',(-0.866025403784,-0.5,0.));
#1318 = DEFINITIONAL_REPRESENTATION('',(#1319),#1322);
#1319 = B_SPLINE_CURVE_WITH_KNOTS('',1,(#1320,#1321),.UNSPECIFIED.,.F.,
  .F.,(2,2),(17.156088913246,22.929591605142),.PIECEWISE_BEZIER_KNOTS.);
#1320 = CARTESIAN_POINT('',(5.773502691896,-1.));
#1321 = CARTESIAN_POINT('',(0.,-1.));
#1322 = ( GEOMETRIC_REPRESENTATION_CONTEXT(2) 
PARAMETRIC_REPRESENTATION_CONTEXT() REPRESENTATION_CONTEXT('2D SPACE',''
  ) );
#1323 = ORIENTED_EDGE('',*,*,#1324,.T.);
#1324 = EDGE_CURVE('',#1299,#1325,#1327,.T.);
#1325 = VERTEX_POINT('',#1326);
#1326 = CARTESIAN_POINT('',(-6.2,-1.962990915245,0.));
#1327 = SURFACE_CURVE('',#1328,(#1332,#1338),.PCURVE_S1.);
#1328 = LINE('',#1329,#1330);
#1329 = CARTESIAN_POINT('',(-3.692391171545,-3.410759547376,
    1.110223024625E-16));
#1330 = VECTOR('',#1331,1.);
#1331 = DIRECTION('',(0.866025403784,-0.5,0.));
#1332 = PCURVE('',#100,#1333);
#1333 = DEFINITIONAL_REPRESENTATION('',(#1334),#1337);
#1334 = B_SPLINE_CURVE_WITH_KNOTS('',1,(#1335,#1336),.UNSPECIFIED.,.F.,
  .F.,(2,2),(-8.669039956158,-2.895537264262),.PIECEWISE_BEZIER_KNOTS.);
#1335 = CARTESIAN_POINT('',(19.8,57.423760430703));
#1336 = CARTESIAN_POINT('',(24.8,54.537009084755));
#1337 = ( GEOMETRIC_REPRESENTATION_CONTEXT(2) 
PARAMETRIC_REPRESENTATION_CONTEXT() REPRESENTATION_CONTEXT('2D SPACE',''
  ) );
#1338 = PCURVE('',#1339,#1344);
#1339 = PLANE('',#1340);
#1340 = AXIS2_PLACEMENT_3D('',#1341,#1342,#1343);
#1341 = CARTESIAN_POINT('',(-6.2,-1.962990915245,-1.));
#1342 = DIRECTION('',(-0.5,-0.866025403784,0.));
#1343 = DIRECTION('',(-0.866025403784,0.5,0.));
#1344 = DEFINITIONAL_REPRESENTATION('',(#1345),#1348);
#1345 = B_SPLINE_CURVE_WITH_KNOTS('',1,(#1346,#1347),.UNSPECIFIED.,.F.,
  .F.,(2,2),(-8.669039956158,-2.895537264262),.PIECEWISE_BEZIER_KNOTS.);
#1346 = CARTESIAN_POINT('',(5.773502691896,-1.));
#1347 = CARTESIAN_POINT('',(0.,-1.));
#1348 = ( GEOMETRIC_REPRESENTATION_CONTEXT(2) 
PARAMETRIC_REPRESENTATION_CONTEXT() REPRESENTATION_CONTEXT('2D SPACE',''
  ) );
#1349 = ORIENTED_EDGE('',*,*,#1350,.T.);
#1350 = EDGE_CURVE('',#1325,#1351,#1353,.T.);
#1351 = VERTEX_POINT('',#1352);
#1352 = CARTESIAN_POINT('',(-6.2,-7.736493607141,0.));
#1353 = SURFACE_CURVE('',#1354,(#1358,#1364),.PCURVE_S1.);
#1354 = LINE('',#1355,#1356);
#1355 = CARTESIAN_POINT('',(-6.2,-32.11824680357,0.));
#1356 = VECTOR('',#1357,1.);
#1357 = DIRECTION('',(-1.538370149107E-16,-1.,0.));
#1358 = PCURVE('',#100,#1359);
#1359 = DEFINITIONAL_REPRESENTATION('',(#1360),#1363);
#1360 = B_SPLINE_CURVE_WITH_KNOTS('',1,(#1361,#1362),.UNSPECIFIED.,.F.,
  .F.,(2,2),(-30.15525588832,-24.38175319643),.PIECEWISE_BEZIER_KNOTS.);
#1361 = CARTESIAN_POINT('',(24.8,54.537009084755));
#1362 = CARTESIAN_POINT('',(24.8,48.763506392859));
#1363 = ( GEOMETRIC_REPRESENTATION_CONTEXT(2) 
PARAMETRIC_REPRESENTATION_CONTEXT() REPRESENTATION_CONTEXT('2D SPACE',''
  ) );
#1364 = PCURVE('',#1365,#1370);
#1365 = PLANE('',#1366);
#1366 = AXIS2_PLACEMENT_3D('',#1367,#1368,#1369);
#1367 = CARTESIAN_POINT('',(-6.2,-7.736493607141,-1.));
#1368 = DIRECTION('',(-1.,1.538370149107E-16,0.));
#1369 = DIRECTION('',(1.538370149107E-16,1.,0.));
#1370 = DEFINITIONAL_REPRESENTATION('',(#1371),#1374);
#1371 = B_SPLINE_CURVE_WITH_KNOTS('',1,(#1372,#1373),.UNSPECIFIED.,.F.,
  .F.,(2,2),(-30.15525588832,-24.38175319643),.PIECEWISE_BEZIER_KNOTS.);
#1372 = CARTESIAN_POINT('',(5.773502691896,-1.));
#1373 = CARTESIAN_POINT('',(0.,-1.));
#1374 = ( GEOMETRIC_REPRESENTATION_CONTEXT(2) 
PARAMETRIC_REPRESENTATION_CONTEXT() REPRESENTATION_CONTEXT('2D SPACE',''
  ) );
#1375 = ORIENTED_EDGE('',*,*,#1376,.T.);
#1376 = EDGE_CURVE('',#1351,#1377,#1379,.T.);
#1377 = VERTEX_POINT('',#1378);
#1378 = CARTESIAN_POINT('',(-11.2,-10.62324495308,0.));
#1379 = SURFACE_CURVE('',#1380,(#1384,#1390),.PCURVE_S1.);
#1380 = LINE('',#1381,#1382);
#1381 = CARTESIAN_POINT('',(-28.55760882845,-20.64466508268,0.));
#1382 = VECTOR('',#1383,1.);
#1383 = DIRECTION('',(-0.866025403784,-0.5,0.));
#1384 = PCURVE('',#100,#1385);
#1385 = DEFINITIONAL_REPRESENTATION('',(#1386),#1389);
#1386 = B_SPLINE_CURVE_WITH_KNOTS('',1,(#1387,#1388),.UNSPECIFIED.,.F.,
  .F.,(2,2),(-25.81634295109,-20.04284025919),.PIECEWISE_BEZIER_KNOTS.);
#1387 = CARTESIAN_POINT('',(24.8,48.763506392859));
#1388 = CARTESIAN_POINT('',(19.8,45.876755046911));
#1389 = ( GEOMETRIC_REPRESENTATION_CONTEXT(2) 
PARAMETRIC_REPRESENTATION_CONTEXT() REPRESENTATION_CONTEXT('2D SPACE',''
  ) );
#1390 = PCURVE('',#1391,#1396);
#1391 = PLANE('',#1392);
#1392 = AXIS2_PLACEMENT_3D('',#1393,#1394,#1395);
#1393 = CARTESIAN_POINT('',(-11.2,-10.62324495308,-1.));
#1394 = DIRECTION('',(-0.5,0.866025403784,0.));
#1395 = DIRECTION('',(0.866025403784,0.5,0.));
#1396 = DEFINITIONAL_REPRESENTATION('',(#1397),#1400);
#1397 = B_SPLINE_CURVE_WITH_KNOTS('',1,(#1398,#1399),.UNSPECIFIED.,.F.,
  .F.,(2,2),(-25.81634295109,-20.04284025919),.PIECEWISE_BEZIER_KNOTS.);
#1398 = CARTESIAN_POINT('',(5.773502691896,-1.));
#1399 = CARTESIAN_POINT('',(0.,-1.));
#1400 = ( GEOMETRIC_REPRESENTATION_CONTEXT(2) 
PARAMETRIC_REPRESENTATION_CONTEXT() REPRESENTATION_CONTEXT('2D SPACE',''
  ) );
#1401 = ORIENTED_EDGE('',*,*,#1402,.T.);
#1402 = EDGE_CURVE('',#1377,#1271,#1403,.T.);
#1403 = SURFACE_CURVE('',#1404,(#1408,#1414),.PCURVE_S1.);
#1404 = LINE('',#1405,#1406);
#1405 = CARTESIAN_POINT('',(-11.19239117154,-10.62763791224,0.));
#1406 = VECTOR('',#1407,1.);
#1407 = DIRECTION('',(-0.866025403784,0.5,0.));
#1408 = PCURVE('',#100,#1409);
#1409 = DEFINITIONAL_REPRESENTATION('',(#1410),#1413);
#1410 = B_SPLINE_CURVE_WITH_KNOTS('',1,(#1411,#1412),.UNSPECIFIED.,.F.,
  .F.,(2,2),(8.78591831365E-03,5.78228861021),.PIECEWISE_BEZIER_KNOTS.);
#1411 = CARTESIAN_POINT('',(19.8,45.876755046911));
#1412 = CARTESIAN_POINT('',(14.8,48.763506392859));
#1413 = ( GEOMETRIC_REPRESENTATION_CONTEXT(2) 
PARAMETRIC_REPRESENTATION_CONTEXT() REPRESENTATION_CONTEXT('2D SPACE',''
  ) );
#1414 = PCURVE('',#1415,#1420);
#1415 = PLANE('',#1416);
#1416 = AXIS2_PLACEMENT_3D('',#1417,#1418,#1419);
#1417 = CARTESIAN_POINT('',(-16.2,-7.736493607141,-1.));
#1418 = DIRECTION('',(0.5,0.866025403784,-0.));
#1419 = DIRECTION('',(0.866025403784,-0.5,0.));
#1420 = DEFINITIONAL_REPRESENTATION('',(#1421),#1424);
#1421 = B_SPLINE_CURVE_WITH_KNOTS('',1,(#1422,#1423),.UNSPECIFIED.,.F.,
  .F.,(2,2),(8.78591831365E-03,5.78228861021),.PIECEWISE_BEZIER_KNOTS.);
#1422 = CARTESIAN_POINT('',(5.773502691896,-1.));
#1423 = CARTESIAN_POINT('',(0.,-1.));
#1424 = ( GEOMETRIC_REPRESENTATION_CONTEXT(2) 
PARAMETRIC_REPRESENTATION_CONTEXT() REPRESENTATION_CONTEXT('2D SPACE',''
  ) );
#1425 = FACE_BOUND('',#1426,.F.);
#1426 = EDGE_LOOP('',(#1427,#1455,#1481,#1507,#1533,#1559));
#1427 = ORIENTED_EDGE('',*,*,#1428,.T.);
#1428 = EDGE_CURVE('',#1429,#1431,#1433,.T.);
#1429 = VERTEX_POINT('',#1430);
#1430 = CARTESIAN_POINT('',(-10.6,-17.43597812952,0.));
#1431 = VERTEX_POINT('',#1432);
#1432 = CARTESIAN_POINT('',(-10.6,-11.66247543763,0.));
#1433 = SURFACE_CURVE('',#1434,(#1438,#1444),.PCURVE_S1.);
#1434 = LINE('',#1435,#1436);
#1435 = CARTESIAN_POINT('',(-10.6,-34.08123771881,0.));
#1436 = VECTOR('',#1437,1.);
#1437 = DIRECTION('',(4.615110447321E-16,1.,-0.));
#1438 = PCURVE('',#100,#1439);
#1439 = DEFINITIONAL_REPRESENTATION('',(#1440),#1443);
#1440 = B_SPLINE_CURVE_WITH_KNOTS('',1,(#1441,#1442),.UNSPECIFIED.,.F.,
  .F.,(2,2),(16.645259589289,22.418762281185),.PIECEWISE_BEZIER_KNOTS.);
#1441 = CARTESIAN_POINT('',(20.4,39.064021870473));
#1442 = CARTESIAN_POINT('',(20.4,44.83752456237));
#1443 = ( GEOMETRIC_REPRESENTATION_CONTEXT(2) 
PARAMETRIC_REPRESENTATION_CONTEXT() REPRESENTATION_CONTEXT('2D SPACE',''
  ) );
#1444 = PCURVE('',#1445,#1450);
#1445 = PLANE('',#1446);
#1446 = AXIS2_PLACEMENT_3D('',#1447,#1448,#1449);
#1447 = CARTESIAN_POINT('',(-10.6,-11.66247543763,-1.));
#1448 = DIRECTION('',(1.,-4.615110447321E-16,0.));
#1449 = DIRECTION('',(-4.615110447321E-16,-1.,0.));
#1450 = DEFINITIONAL_REPRESENTATION('',(#1451),#1454);
#1451 = B_SPLINE_CURVE_WITH_KNOTS('',1,(#1452,#1453),.UNSPECIFIED.,.F.,
  .F.,(2,2),(16.645259589289,22.418762281185),.PIECEWISE_BEZIER_KNOTS.);
#1452 = CARTESIAN_POINT('',(5.773502691896,-1.));
#1453 = CARTESIAN_POINT('',(0.,-1.));
#1454 = ( GEOMETRIC_REPRESENTATION_CONTEXT(2) 
PARAMETRIC_REPRESENTATION_CONTEXT() REPRESENTATION_CONTEXT('2D SPACE',''
  ) );
#1455 = ORIENTED_EDGE('',*,*,#1456,.T.);
#1456 = EDGE_CURVE('',#1431,#1457,#1459,.T.);
#1457 = VERTEX_POINT('',#1458);
#1458 = CARTESIAN_POINT('',(-5.6,-8.775724091682,0.));
#1459 = SURFACE_CURVE('',#1460,(#1464,#1470),.PCURVE_S1.);
#1460 = LINE('',#1461,#1462);
#1461 = CARTESIAN_POINT('',(-25.45760882845,-20.24051989425,
    1.110223024625E-16));
#1462 = VECTOR('',#1463,1.);
#1463 = DIRECTION('',(0.866025403784,0.5,-0.));
#1464 = PCURVE('',#100,#1465);
#1465 = DEFINITIONAL_REPRESENTATION('',(#1466),#1469);
#1466 = B_SPLINE_CURVE_WITH_KNOTS('',1,(#1467,#1468),.UNSPECIFIED.,.F.,
  .F.,(2,2),(17.156088913246,22.929591605142),.PIECEWISE_BEZIER_KNOTS.);
#1467 = CARTESIAN_POINT('',(20.4,44.83752456237));
#1468 = CARTESIAN_POINT('',(25.4,47.724275908318));
#1469 = ( GEOMETRIC_REPRESENTATION_CONTEXT(2) 
PARAMETRIC_REPRESENTATION_CONTEXT() REPRESENTATION_CONTEXT('2D SPACE',''
  ) );
#1470 = PCURVE('',#1471,#1476);
#1471 = PLANE('',#1472);
#1472 = AXIS2_PLACEMENT_3D('',#1473,#1474,#1475);
#1473 = CARTESIAN_POINT('',(-5.6,-8.775724091682,-1.));
#1474 = DIRECTION('',(0.5,-0.866025403784,0.));
#1475 = DIRECTION('',(-0.866025403784,-0.5,0.));
#1476 = DEFINITIONAL_REPRESENTATION('',(#1477),#1480);
#1477 = B_SPLINE_CURVE_WITH_KNOTS('',1,(#1478,#1479),.UNSPECIFIED.,.F.,
  .F.,(2,2),(17.156088913246,22.929591605142),.PIECEWISE_BEZIER_KNOTS.);
#1478 = CARTESIAN_POINT('',(5.773502691896,-1.));
#1479 = CARTESIAN_POINT('',(0.,-1.));
#1480 = ( GEOMETRIC_REPRESENTATION_CONTEXT(2) 
PARAMETRIC_REPRESENTATION_CONTEXT() REPRESENTATION_CONTEXT('2D SPACE',''
  ) );
#1481 = ORIENTED_EDGE('',*,*,#1482,.T.);
#1482 = EDGE_CURVE('',#1457,#1483,#1485,.T.);
#1483 = VERTEX_POINT('',#1484);
#1484 = CARTESIAN_POINT('',(-0.6,-11.66247543763,0.));
#1485 = SURFACE_CURVE('',#1486,(#1490,#1496),.PCURVE_S1.);
#1486 = LINE('',#1487,#1488);
#1487 = CARTESIAN_POINT('',(-2.292391171545,-10.68537293916,
    1.110223024625E-16));
#1488 = VECTOR('',#1489,1.);
#1489 = DIRECTION('',(0.866025403784,-0.5,0.));
#1490 = PCURVE('',#100,#1491);
#1491 = DEFINITIONAL_REPRESENTATION('',(#1492),#1495);
#1492 = B_SPLINE_CURVE_WITH_KNOTS('',1,(#1493,#1494),.UNSPECIFIED.,.F.,
  .F.,(2,2),(-3.819297694965,1.954204996931),.PIECEWISE_BEZIER_KNOTS.);
#1493 = CARTESIAN_POINT('',(25.4,47.724275908318));
#1494 = CARTESIAN_POINT('',(30.4,44.83752456237));
#1495 = ( GEOMETRIC_REPRESENTATION_CONTEXT(2) 
PARAMETRIC_REPRESENTATION_CONTEXT() REPRESENTATION_CONTEXT('2D SPACE',''
  ) );
#1496 = PCURVE('',#1497,#1502);
#1497 = PLANE('',#1498);
#1498 = AXIS2_PLACEMENT_3D('',#1499,#1500,#1501);
#1499 = CARTESIAN_POINT('',(-0.6,-11.66247543763,-1.));
#1500 = DIRECTION('',(-0.5,-0.866025403784,0.));
#1501 = DIRECTION('',(-0.866025403784,0.5,0.));
#1502 = DEFINITIONAL_REPRESENTATION('',(#1503),#1506);
#1503 = B_SPLINE_CURVE_WITH_KNOTS('',1,(#1504,#1505),.UNSPECIFIED.,.F.,
  .F.,(2,2),(-3.819297694965,1.954204996931),.PIECEWISE_BEZIER_KNOTS.);
#1504 = CARTESIAN_POINT('',(5.773502691896,-1.));
#1505 = CARTESIAN_POINT('',(0.,-1.));
#1506 = ( GEOMETRIC_REPRESENTATION_CONTEXT(2) 
PARAMETRIC_REPRESENTATION_CONTEXT() REPRESENTATION_CONTEXT('2D SPACE',''
  ) );
#1507 = ORIENTED_EDGE('',*,*,#1508,.T.);
#1508 = EDGE_CURVE('',#1483,#1509,#1511,.T.);
#1509 = VERTEX_POINT('',#1510);
#1510 = CARTESIAN_POINT('',(-0.6,-17.43597812952,0.));
#1511 = SURFACE_CURVE('',#1512,(#1516,#1522),.PCURVE_S1.);
#1512 = LINE('',#1513,#1514);
#1513 = CARTESIAN_POINT('',(-0.6,-36.96798906476,0.));
#1514 = VECTOR('',#1515,1.);
#1515 = DIRECTION('',(-1.538370149107E-16,-1.,0.));
#1516 = PCURVE('',#100,#1517);
#1517 = DEFINITIONAL_REPRESENTATION('',(#1518),#1521);
#1518 = B_SPLINE_CURVE_WITH_KNOTS('',1,(#1519,#1520),.UNSPECIFIED.,.F.,
  .F.,(2,2),(-25.30551362713,-19.53201093523),.PIECEWISE_BEZIER_KNOTS.);
#1519 = CARTESIAN_POINT('',(30.4,44.83752456237));
#1520 = CARTESIAN_POINT('',(30.4,39.064021870473));
#1521 = ( GEOMETRIC_REPRESENTATION_CONTEXT(2) 
PARAMETRIC_REPRESENTATION_CONTEXT() REPRESENTATION_CONTEXT('2D SPACE',''
  ) );
#1522 = PCURVE('',#1523,#1528);
#1523 = PLANE('',#1524);
#1524 = AXIS2_PLACEMENT_3D('',#1525,#1526,#1527);
#1525 = CARTESIAN_POINT('',(-0.6,-17.43597812952,-1.));
#1526 = DIRECTION('',(-1.,1.538370149107E-16,0.));
#1527 = DIRECTION('',(1.538370149107E-16,1.,0.));
#1528 = DEFINITIONAL_REPRESENTATION('',(#1529),#1532);
#1529 = B_SPLINE_CURVE_WITH_KNOTS('',1,(#1530,#1531),.UNSPECIFIED.,.F.,
  .F.,(2,2),(-25.30551362713,-19.53201093523),.PIECEWISE_BEZIER_KNOTS.);
#1530 = CARTESIAN_POINT('',(5.773502691896,-1.));
#1531 = CARTESIAN_POINT('',(0.,-1.));
#1532 = ( GEOMETRIC_REPRESENTATION_CONTEXT(2) 
PARAMETRIC_REPRESENTATION_CONTEXT() REPRESENTATION_CONTEXT('2D SPACE',''
  ) );
#1533 = ORIENTED_EDGE('',*,*,#1534,.T.);
#1534 = EDGE_CURVE('',#1509,#1535,#1537,.T.);
#1535 = VERTEX_POINT('',#1536);
#1536 = CARTESIAN_POINT('',(-5.6,-20.32272947547,0.));
#1537 = SURFACE_CURVE('',#1538,(#1542,#1548),.PCURVE_S1.);
#1538 = LINE('',#1539,#1540);
#1539 = CARTESIAN_POINT('',(-22.95760882845,-30.34414960507,0.));
#1540 = VECTOR('',#1541,1.);
#1541 = DIRECTION('',(-0.866025403784,-0.5,0.));
#1542 = PCURVE('',#100,#1543);
#1543 = DEFINITIONAL_REPRESENTATION('',(#1544),#1547);
#1544 = B_SPLINE_CURVE_WITH_KNOTS('',1,(#1545,#1546),.UNSPECIFIED.,.F.,
  .F.,(2,2),(-25.81634295109,-20.04284025919),.PIECEWISE_BEZIER_KNOTS.);
#1545 = CARTESIAN_POINT('',(30.4,39.064021870473));
#1546 = CARTESIAN_POINT('',(25.4,36.177270524525));
#1547 = ( GEOMETRIC_REPRESENTATION_CONTEXT(2) 
PARAMETRIC_REPRESENTATION_CONTEXT() REPRESENTATION_CONTEXT('2D SPACE',''
  ) );
#1548 = PCURVE('',#1549,#1554);
#1549 = PLANE('',#1550);
#1550 = AXIS2_PLACEMENT_3D('',#1551,#1552,#1553);
#1551 = CARTESIAN_POINT('',(-5.6,-20.32272947547,-1.));
#1552 = DIRECTION('',(-0.5,0.866025403784,0.));
#1553 = DIRECTION('',(0.866025403784,0.5,0.));
#1554 = DEFINITIONAL_REPRESENTATION('',(#1555),#1558);
#1555 = B_SPLINE_CURVE_WITH_KNOTS('',1,(#1556,#1557),.UNSPECIFIED.,.F.,
  .F.,(2,2),(-25.81634295109,-20.04284025919),.PIECEWISE_BEZIER_KNOTS.);
#1556 = CARTESIAN_POINT('',(5.773502691896,-1.));
#1557 = CARTESIAN_POINT('',(0.,-1.));
#1558 = ( GEOMETRIC_REPRESENTATION_CONTEXT(2) 
PARAMETRIC_REPRESENTATION_CONTEXT() REPRESENTATION_CONTEXT('2D SPACE',''
  ) );
#1559 = ORIENTED_EDGE('',*,*,#1560,.T.);
#1560 = EDGE_CURVE('',#1535,#1429,#1561,.T.);
#1561 = SURFACE_CURVE('',#1562,(#1566,#1572),.PCURVE_S1.);
#1562 = LINE('',#1563,#1564);
#1563 = CARTESIAN_POINT('',(-9.792391171545,-17.90225130403,0.));
#1564 = VECTOR('',#1565,1.);
#1565 = DIRECTION('',(-0.866025403784,0.5,0.));
#1566 = PCURVE('',#100,#1567);
#1567 = DEFINITIONAL_REPRESENTATION('',(#1568),#1571);
#1568 = B_SPLINE_CURVE_WITH_KNOTS('',1,(#1569,#1570),.UNSPECIFIED.,.F.,
  .F.,(2,2),(-4.840956342879,0.932546349017),.PIECEWISE_BEZIER_KNOTS.);
#1569 = CARTESIAN_POINT('',(25.4,36.177270524525));
#1570 = CARTESIAN_POINT('',(20.4,39.064021870473));
#1571 = ( GEOMETRIC_REPRESENTATION_CONTEXT(2) 
PARAMETRIC_REPRESENTATION_CONTEXT() REPRESENTATION_CONTEXT('2D SPACE',''
  ) );
#1572 = PCURVE('',#1573,#1578);
#1573 = PLANE('',#1574);
#1574 = AXIS2_PLACEMENT_3D('',#1575,#1576,#1577);
#1575 = CARTESIAN_POINT('',(-10.6,-17.43597812952,-1.));
#1576 = DIRECTION('',(0.5,0.866025403784,-0.));
#1577 = DIRECTION('',(0.866025403784,-0.5,0.));
#1578 = DEFINITIONAL_REPRESENTATION('',(#1579),#1582);
#1579 = B_SPLINE_CURVE_WITH_KNOTS('',1,(#1580,#1581),.UNSPECIFIED.,.F.,
  .F.,(2,2),(-4.840956342879,0.932546349017),.PIECEWISE_BEZIER_KNOTS.);
#1580 = CARTESIAN_POINT('',(5.773502691896,-1.));
#1581 = CARTESIAN_POINT('',(0.,-1.));
#1582 = ( GEOMETRIC_REPRESENTATION_CONTEXT(2) 
PARAMETRIC_REPRESENTATION_CONTEXT() REPRESENTATION_CONTEXT('2D SPACE',''
  ) );
#1583 = FACE_BOUND('',#1584,.F.);
#1584 = EDGE_LOOP('',(#1585,#1613,#1639,#1665,#1691,#1717));
#1585 = ORIENTED_EDGE('',*,*,#1586,.T.);
#1586 = EDGE_CURVE('',#1587,#1589,#1591,.T.);
#1587 = VERTEX_POINT('',#1588);
#1588 = CARTESIAN_POINT('',(0.6,-36.83494717429,0.));
#1589 = VERTEX_POINT('',#1590);
#1590 = CARTESIAN_POINT('',(0.6,-31.0614444824,0.));
#1591 = SURFACE_CURVE('',#1592,(#1596,#1602),.PCURVE_S1.);
#1592 = LINE('',#1593,#1594);
#1593 = CARTESIAN_POINT('',(0.6,-43.7807222412,0.));
#1594 = VECTOR('',#1595,1.);
#1595 = DIRECTION('',(4.615110447321E-16,1.,-0.));
#1596 = PCURVE('',#100,#1597);
#1597 = DEFINITIONAL_REPRESENTATION('',(#1598),#1601);
#1598 = B_SPLINE_CURVE_WITH_KNOTS('',1,(#1599,#1600),.UNSPECIFIED.,.F.,
  .F.,(2,2),(6.945775066903,12.719277758799),.PIECEWISE_BEZIER_KNOTS.);
#1599 = CARTESIAN_POINT('',(31.6,19.665052825702));
#1600 = CARTESIAN_POINT('',(31.6,25.438555517598));
#1601 = ( GEOMETRIC_REPRESENTATION_CONTEXT(2) 
PARAMETRIC_REPRESENTATION_CONTEXT() REPRESENTATION_CONTEXT('2D SPACE',''
  ) );
#1602 = PCURVE('',#1603,#1608);
#1603 = PLANE('',#1604);
#1604 = AXIS2_PLACEMENT_3D('',#1605,#1606,#1607);
#1605 = CARTESIAN_POINT('',(0.6,-31.0614444824,-1.));
#1606 = DIRECTION('',(1.,-4.615110447321E-16,0.));
#1607 = DIRECTION('',(-4.615110447321E-16,-1.,0.));
#1608 = DEFINITIONAL_REPRESENTATION('',(#1609),#1612);
#1609 = B_SPLINE_CURVE_WITH_KNOTS('',1,(#1610,#1611),.UNSPECIFIED.,.F.,
  .F.,(2,2),(6.945775066903,12.719277758799),.PIECEWISE_BEZIER_KNOTS.);
#1610 = CARTESIAN_POINT('',(5.773502691896,-1.));
#1611 = CARTESIAN_POINT('',(0.,-1.));
#1612 = ( GEOMETRIC_REPRESENTATION_CONTEXT(2) 
PARAMETRIC_REPRESENTATION_CONTEXT() REPRESENTATION_CONTEXT('2D SPACE',''
  ) );
#1613 = ORIENTED_EDGE('',*,*,#1614,.T.);
#1614 = EDGE_CURVE('',#1589,#1615,#1617,.T.);
#1615 = VERTEX_POINT('',#1616);
#1616 = CARTESIAN_POINT('',(5.6,-28.17469313645,0.));
#1617 = SURFACE_CURVE('',#1618,(#1622,#1628),.PCURVE_S1.);
#1618 = LINE('',#1619,#1620);
#1619 = CARTESIAN_POINT('',(-14.25760882845,-39.63948893902,
    1.110223024625E-16));
#1620 = VECTOR('',#1621,1.);
#1621 = DIRECTION('',(0.866025403784,0.5,-0.));
#1622 = PCURVE('',#100,#1623);
#1623 = DEFINITIONAL_REPRESENTATION('',(#1624),#1627);
#1624 = B_SPLINE_CURVE_WITH_KNOTS('',1,(#1625,#1626),.UNSPECIFIED.,.F.,
  .F.,(2,2),(17.156088913246,22.929591605142),.PIECEWISE_BEZIER_KNOTS.);
#1625 = CARTESIAN_POINT('',(31.6,25.438555517598));
#1626 = CARTESIAN_POINT('',(36.6,28.325306863546));
#1627 = ( GEOMETRIC_REPRESENTATION_CONTEXT(2) 
PARAMETRIC_REPRESENTATION_CONTEXT() REPRESENTATION_CONTEXT('2D SPACE',''
  ) );
#1628 = PCURVE('',#1629,#1634);
#1629 = PLANE('',#1630);
#1630 = AXIS2_PLACEMENT_3D('',#1631,#1632,#1633);
#1631 = CARTESIAN_POINT('',(5.6,-28.17469313645,-1.));
#1632 = DIRECTION('',(0.5,-0.866025403784,0.));
#1633 = DIRECTION('',(-0.866025403784,-0.5,0.));
#1634 = DEFINITIONAL_REPRESENTATION('',(#1635),#1638);
#1635 = B_SPLINE_CURVE_WITH_KNOTS('',1,(#1636,#1637),.UNSPECIFIED.,.F.,
  .F.,(2,2),(17.156088913246,22.929591605142),.PIECEWISE_BEZIER_KNOTS.);
#1636 = CARTESIAN_POINT('',(5.773502691896,-1.));
#1637 = CARTESIAN_POINT('',(0.,-1.));
#1638 = ( GEOMETRIC_REPRESENTATION_CONTEXT(2) 
PARAMETRIC_REPRESENTATION_CONTEXT() REPRESENTATION_CONTEXT('2D SPACE',''
  ) );
#1639 = ORIENTED_EDGE('',*,*,#1640,.T.);
#1640 = EDGE_CURVE('',#1615,#1641,#1643,.T.);
#1641 = VERTEX_POINT('',#1642);
#1642 = CARTESIAN_POINT('',(10.6,-31.0614444824,0.));
#1643 = SURFACE_CURVE('',#1644,(#1648,#1654),.PCURVE_S1.);
#1644 = LINE('',#1645,#1646);
#1645 = CARTESIAN_POINT('',(0.507608828455,-25.23459972274,
    1.110223024625E-16));
#1646 = VECTOR('',#1647,1.);
#1647 = DIRECTION('',(0.866025403784,-0.5,0.));
#1648 = PCURVE('',#100,#1649);
#1649 = DEFINITIONAL_REPRESENTATION('',(#1650),#1653);
#1650 = B_SPLINE_CURVE_WITH_KNOTS('',1,(#1651,#1652),.UNSPECIFIED.,.F.,
  .F.,(2,2),(5.880186827421,11.653689519317),.PIECEWISE_BEZIER_KNOTS.);
#1651 = CARTESIAN_POINT('',(36.6,28.325306863546));
#1652 = CARTESIAN_POINT('',(41.6,25.438555517598));
#1653 = ( GEOMETRIC_REPRESENTATION_CONTEXT(2) 
PARAMETRIC_REPRESENTATION_CONTEXT() REPRESENTATION_CONTEXT('2D SPACE',''
  ) );
#1654 = PCURVE('',#1655,#1660);
#1655 = PLANE('',#1656);
#1656 = AXIS2_PLACEMENT_3D('',#1657,#1658,#1659);
#1657 = CARTESIAN_POINT('',(10.6,-31.0614444824,-1.));
#1658 = DIRECTION('',(-0.5,-0.866025403784,0.));
#1659 = DIRECTION('',(-0.866025403784,0.5,0.));
#1660 = DEFINITIONAL_REPRESENTATION('',(#1661),#1664);
#1661 = B_SPLINE_CURVE_WITH_KNOTS('',1,(#1662,#1663),.UNSPECIFIED.,.F.,
  .F.,(2,2),(5.880186827421,11.653689519317),.PIECEWISE_BEZIER_KNOTS.);
#1662 = CARTESIAN_POINT('',(5.773502691896,-1.));
#1663 = CARTESIAN_POINT('',(0.,-1.));
#1664 = ( GEOMETRIC_REPRESENTATION_CONTEXT(2) 
PARAMETRIC_REPRESENTATION_CONTEXT() REPRESENTATION_CONTEXT('2D SPACE',''
  ) );
#1665 = ORIENTED_EDGE('',*,*,#1666,.T.);
#1666 = EDGE_CURVE('',#1641,#1667,#1669,.T.);
#1667 = VERTEX_POINT('',#1668);
#1668 = CARTESIAN_POINT('',(10.6,-36.83494717429,0.));
#1669 = SURFACE_CURVE('',#1670,(#1674,#1680),.PCURVE_S1.);
#1670 = LINE('',#1671,#1672);
#1671 = CARTESIAN_POINT('',(10.6,-46.66747358714,0.));
#1672 = VECTOR('',#1673,1.);
#1673 = DIRECTION('',(-1.538370149107E-16,-1.,0.));
#1674 = PCURVE('',#100,#1675);
#1675 = DEFINITIONAL_REPRESENTATION('',(#1676),#1679);
#1676 = B_SPLINE_CURVE_WITH_KNOTS('',1,(#1677,#1678),.UNSPECIFIED.,.F.,
  .F.,(2,2),(-15.60602910474,-9.832526412851),.PIECEWISE_BEZIER_KNOTS.);
#1677 = CARTESIAN_POINT('',(41.6,25.438555517598));
#1678 = CARTESIAN_POINT('',(41.6,19.665052825702));
#1679 = ( GEOMETRIC_REPRESENTATION_CONTEXT(2) 
PARAMETRIC_REPRESENTATION_CONTEXT() REPRESENTATION_CONTEXT('2D SPACE',''
  ) );
#1680 = PCURVE('',#1681,#1686);
#1681 = PLANE('',#1682);
#1682 = AXIS2_PLACEMENT_3D('',#1683,#1684,#1685);
#1683 = CARTESIAN_POINT('',(10.6,-36.83494717429,-1.));
#1684 = DIRECTION('',(-1.,1.538370149107E-16,0.));
#1685 = DIRECTION('',(1.538370149107E-16,1.,0.));
#1686 = DEFINITIONAL_REPRESENTATION('',(#1687),#1690);
#1687 = B_SPLINE_CURVE_WITH_KNOTS('',1,(#1688,#1689),.UNSPECIFIED.,.F.,
  .F.,(2,2),(-15.60602910474,-9.832526412851),.PIECEWISE_BEZIER_KNOTS.);
#1688 = CARTESIAN_POINT('',(5.773502691896,-1.));
#1689 = CARTESIAN_POINT('',(0.,-1.));
#1690 = ( GEOMETRIC_REPRESENTATION_CONTEXT(2) 
PARAMETRIC_REPRESENTATION_CONTEXT() REPRESENTATION_CONTEXT('2D SPACE',''
  ) );
#1691 = ORIENTED_EDGE('',*,*,#1692,.T.);
#1692 = EDGE_CURVE('',#1667,#1693,#1695,.T.);
#1693 = VERTEX_POINT('',#1694);
#1694 = CARTESIAN_POINT('',(5.6,-39.72169852024,0.));
#1695 = SURFACE_CURVE('',#1696,(#1700,#1706),.PCURVE_S1.);
#1696 = LINE('',#1697,#1698);
#1697 = CARTESIAN_POINT('',(-11.75760882845,-49.74311864984,0.));
#1698 = VECTOR('',#1699,1.);
#1699 = DIRECTION('',(-0.866025403784,-0.5,0.));
#1700 = PCURVE('',#100,#1701);
#1701 = DEFINITIONAL_REPRESENTATION('',(#1702),#1705);
#1702 = B_SPLINE_CURVE_WITH_KNOTS('',1,(#1703,#1704),.UNSPECIFIED.,.F.,
  .F.,(2,2),(-25.81634295109,-20.04284025919),.PIECEWISE_BEZIER_KNOTS.);
#1703 = CARTESIAN_POINT('',(41.6,19.665052825702));
#1704 = CARTESIAN_POINT('',(36.6,16.778301479754));
#1705 = ( GEOMETRIC_REPRESENTATION_CONTEXT(2) 
PARAMETRIC_REPRESENTATION_CONTEXT() REPRESENTATION_CONTEXT('2D SPACE',''
  ) );
#1706 = PCURVE('',#1707,#1712);
#1707 = PLANE('',#1708);
#1708 = AXIS2_PLACEMENT_3D('',#1709,#1710,#1711);
#1709 = CARTESIAN_POINT('',(5.6,-39.72169852024,-1.));
#1710 = DIRECTION('',(-0.5,0.866025403784,0.));
#1711 = DIRECTION('',(0.866025403784,0.5,0.));
#1712 = DEFINITIONAL_REPRESENTATION('',(#1713),#1716);
#1713 = B_SPLINE_CURVE_WITH_KNOTS('',1,(#1714,#1715),.UNSPECIFIED.,.F.,
  .F.,(2,2),(-25.81634295109,-20.04284025919),.PIECEWISE_BEZIER_KNOTS.);
#1714 = CARTESIAN_POINT('',(5.773502691896,-1.));
#1715 = CARTESIAN_POINT('',(0.,-1.));
#1716 = ( GEOMETRIC_REPRESENTATION_CONTEXT(2) 
PARAMETRIC_REPRESENTATION_CONTEXT() REPRESENTATION_CONTEXT('2D SPACE',''
  ) );
#1717 = ORIENTED_EDGE('',*,*,#1718,.T.);
#1718 = EDGE_CURVE('',#1693,#1587,#1719,.T.);
#1719 = SURFACE_CURVE('',#1720,(#1724,#1730),.PCURVE_S1.);
#1720 = LINE('',#1721,#1722);
#1721 = CARTESIAN_POINT('',(-6.992391171545,-32.45147808761,0.));
#1722 = VECTOR('',#1723,1.);
#1723 = DIRECTION('',(-0.866025403784,0.5,0.));
#1724 = PCURVE('',#100,#1725);
#1725 = DEFINITIONAL_REPRESENTATION('',(#1726),#1729);
#1726 = B_SPLINE_CURVE_WITH_KNOTS('',1,(#1727,#1728),.UNSPECIFIED.,.F.,
  .F.,(2,2),(-14.54044086526,-8.766938173369),.PIECEWISE_BEZIER_KNOTS.);
#1727 = CARTESIAN_POINT('',(36.6,16.778301479754));
#1728 = CARTESIAN_POINT('',(31.6,19.665052825702));
#1729 = ( GEOMETRIC_REPRESENTATION_CONTEXT(2) 
PARAMETRIC_REPRESENTATION_CONTEXT() REPRESENTATION_CONTEXT('2D SPACE',''
  ) );
#1730 = PCURVE('',#1731,#1736);
#1731 = PLANE('',#1732);
#1732 = AXIS2_PLACEMENT_3D('',#1733,#1734,#1735);
#1733 = CARTESIAN_POINT('',(0.6,-36.83494717429,-1.));
#1734 = DIRECTION('',(0.5,0.866025403784,-0.));
#1735 = DIRECTION('',(0.866025403784,-0.5,0.));
#1736 = DEFINITIONAL_REPRESENTATION('',(#1737),#1740);
#1737 = B_SPLINE_CURVE_WITH_KNOTS('',1,(#1738,#1739),.UNSPECIFIED.,.F.,
  .F.,(2,2),(-14.54044086526,-8.766938173369),.PIECEWISE_BEZIER_KNOTS.);
#1738 = CARTESIAN_POINT('',(5.773502691896,-1.));
#1739 = CARTESIAN_POINT('',(0.,-1.));
#1740 = ( GEOMETRIC_REPRESENTATION_CONTEXT(2) 
PARAMETRIC_REPRESENTATION_CONTEXT() REPRESENTATION_CONTEXT('2D SPACE',''
  ) );
#1741 = FACE_BOUND('',#1742,.F.);
#1742 = EDGE_LOOP('',(#1743,#1771,#1797,#1823,#1849,#1875));
#1743 = ORIENTED_EDGE('',*,*,#1744,.T.);
#1744 = EDGE_CURVE('',#1745,#1747,#1749,.T.);
#1745 = VERTEX_POINT('',#1746);
#1746 = CARTESIAN_POINT('',(-5.,-27.13546265191,0.));
#1747 = VERTEX_POINT('',#1748);
#1748 = CARTESIAN_POINT('',(-5.,-21.36195996001,0.));
#1749 = SURFACE_CURVE('',#1750,(#1754,#1760),.PCURVE_S1.);
#1750 = LINE('',#1751,#1752);
#1751 = CARTESIAN_POINT('',(-5.,-38.93097998,0.));
#1752 = VECTOR('',#1753,1.);
#1753 = DIRECTION('',(4.615110447321E-16,1.,-0.));
#1754 = PCURVE('',#100,#1755);
#1755 = DEFINITIONAL_REPRESENTATION('',(#1756),#1759);
#1756 = B_SPLINE_CURVE_WITH_KNOTS('',1,(#1757,#1758),.UNSPECIFIED.,.F.,
  .F.,(2,2),(11.795517328096,17.569020019992),.PIECEWISE_BEZIER_KNOTS.);
#1757 = CARTESIAN_POINT('',(26.,29.364537348088));
#1758 = CARTESIAN_POINT('',(26.,35.138040039984));
#1759 = ( GEOMETRIC_REPRESENTATION_CONTEXT(2) 
PARAMETRIC_REPRESENTATION_CONTEXT() REPRESENTATION_CONTEXT('2D SPACE',''
  ) );
#1760 = PCURVE('',#1761,#1766);
#1761 = PLANE('',#1762);
#1762 = AXIS2_PLACEMENT_3D('',#1763,#1764,#1765);
#1763 = CARTESIAN_POINT('',(-5.,-21.36195996001,-1.));
#1764 = DIRECTION('',(1.,-4.615110447321E-16,0.));
#1765 = DIRECTION('',(-4.615110447321E-16,-1.,0.));
#1766 = DEFINITIONAL_REPRESENTATION('',(#1767),#1770);
#1767 = B_SPLINE_CURVE_WITH_KNOTS('',1,(#1768,#1769),.UNSPECIFIED.,.F.,
  .F.,(2,2),(11.795517328096,17.569020019992),.PIECEWISE_BEZIER_KNOTS.);
#1768 = CARTESIAN_POINT('',(5.773502691896,-1.));
#1769 = CARTESIAN_POINT('',(0.,-1.));
#1770 = ( GEOMETRIC_REPRESENTATION_CONTEXT(2) 
PARAMETRIC_REPRESENTATION_CONTEXT() REPRESENTATION_CONTEXT('2D SPACE',''
  ) );
#1771 = ORIENTED_EDGE('',*,*,#1772,.T.);
#1772 = EDGE_CURVE('',#1747,#1773,#1775,.T.);
#1773 = VERTEX_POINT('',#1774);
#1774 = CARTESIAN_POINT('',(2.129881918975E-15,-18.47520861406,0.));
#1775 = SURFACE_CURVE('',#1776,(#1780,#1786),.PCURVE_S1.);
#1776 = LINE('',#1777,#1778);
#1777 = CARTESIAN_POINT('',(-19.85760882845,-29.94000441663,
    1.110223024625E-16));
#1778 = VECTOR('',#1779,1.);
#1779 = DIRECTION('',(0.866025403784,0.5,-0.));
#1780 = PCURVE('',#100,#1781);
#1781 = DEFINITIONAL_REPRESENTATION('',(#1782),#1785);
#1782 = B_SPLINE_CURVE_WITH_KNOTS('',1,(#1783,#1784),.UNSPECIFIED.,.F.,
  .F.,(2,2),(17.156088913246,22.929591605142),.PIECEWISE_BEZIER_KNOTS.);
#1783 = CARTESIAN_POINT('',(26.,35.138040039984));
#1784 = CARTESIAN_POINT('',(31.,38.024791385932));
#1785 = ( GEOMETRIC_REPRESENTATION_CONTEXT(2) 
PARAMETRIC_REPRESENTATION_CONTEXT() REPRESENTATION_CONTEXT('2D SPACE',''
  ) );
#1786 = PCURVE('',#1787,#1792);
#1787 = PLANE('',#1788);
#1788 = AXIS2_PLACEMENT_3D('',#1789,#1790,#1791);
#1789 = CARTESIAN_POINT('',(2.129881918975E-15,-18.47520861406,-1.));
#1790 = DIRECTION('',(0.5,-0.866025403784,0.));
#1791 = DIRECTION('',(-0.866025403784,-0.5,0.));
#1792 = DEFINITIONAL_REPRESENTATION('',(#1793),#1796);
#1793 = B_SPLINE_CURVE_WITH_KNOTS('',1,(#1794,#1795),.UNSPECIFIED.,.F.,
  .F.,(2,2),(17.156088913246,22.929591605142),.PIECEWISE_BEZIER_KNOTS.);
#1794 = CARTESIAN_POINT('',(5.773502691896,-1.));
#1795 = CARTESIAN_POINT('',(0.,-1.));
#1796 = ( GEOMETRIC_REPRESENTATION_CONTEXT(2) 
PARAMETRIC_REPRESENTATION_CONTEXT() REPRESENTATION_CONTEXT('2D SPACE',''
  ) );
#1797 = ORIENTED_EDGE('',*,*,#1798,.T.);
#1798 = EDGE_CURVE('',#1773,#1799,#1801,.T.);
#1799 = VERTEX_POINT('',#1800);
#1800 = CARTESIAN_POINT('',(5.,-21.36195996001,0.));
#1801 = SURFACE_CURVE('',#1802,(#1806,#1812),.PCURVE_S1.);
#1802 = LINE('',#1803,#1804);
#1803 = CARTESIAN_POINT('',(-0.892391171545,-17.95998633095,
    1.110223024625E-16));
#1804 = VECTOR('',#1805,1.);
#1805 = DIRECTION('',(0.866025403784,-0.5,0.));
#1806 = PCURVE('',#100,#1807);
#1807 = DEFINITIONAL_REPRESENTATION('',(#1808),#1811);
#1808 = B_SPLINE_CURVE_WITH_KNOTS('',1,(#1809,#1810),.UNSPECIFIED.,.F.,
  .F.,(2,2),(1.030444566228,6.803947258124),.PIECEWISE_BEZIER_KNOTS.);
#1809 = CARTESIAN_POINT('',(31.,38.024791385932));
#1810 = CARTESIAN_POINT('',(36.,35.138040039984));
#1811 = ( GEOMETRIC_REPRESENTATION_CONTEXT(2) 
PARAMETRIC_REPRESENTATION_CONTEXT() REPRESENTATION_CONTEXT('2D SPACE',''
  ) );
#1812 = PCURVE('',#1813,#1818);
#1813 = PLANE('',#1814);
#1814 = AXIS2_PLACEMENT_3D('',#1815,#1816,#1817);
#1815 = CARTESIAN_POINT('',(5.,-21.36195996001,-1.));
#1816 = DIRECTION('',(-0.5,-0.866025403784,0.));
#1817 = DIRECTION('',(-0.866025403784,0.5,0.));
#1818 = DEFINITIONAL_REPRESENTATION('',(#1819),#1822);
#1819 = B_SPLINE_CURVE_WITH_KNOTS('',1,(#1820,#1821),.UNSPECIFIED.,.F.,
  .F.,(2,2),(1.030444566228,6.803947258124),.PIECEWISE_BEZIER_KNOTS.);
#1820 = CARTESIAN_POINT('',(5.773502691896,-1.));
#1821 = CARTESIAN_POINT('',(0.,-1.));
#1822 = ( GEOMETRIC_REPRESENTATION_CONTEXT(2) 
PARAMETRIC_REPRESENTATION_CONTEXT() REPRESENTATION_CONTEXT('2D SPACE',''
  ) );
#1823 = ORIENTED_EDGE('',*,*,#1824,.T.);
#1824 = EDGE_CURVE('',#1799,#1825,#1827,.T.);
#1825 = VERTEX_POINT('',#1826);
#1826 = CARTESIAN_POINT('',(5.,-27.13546265191,0.));
#1827 = SURFACE_CURVE('',#1828,(#1832,#1838),.PCURVE_S1.);
#1828 = LINE('',#1829,#1830);
#1829 = CARTESIAN_POINT('',(5.,-41.81773132595,0.));
#1830 = VECTOR('',#1831,1.);
#1831 = DIRECTION('',(-1.538370149107E-16,-1.,0.));
#1832 = PCURVE('',#100,#1833);
#1833 = DEFINITIONAL_REPRESENTATION('',(#1834),#1837);
#1834 = B_SPLINE_CURVE_WITH_KNOTS('',1,(#1835,#1836),.UNSPECIFIED.,.F.,
  .F.,(2,2),(-20.45577136594,-14.68226867404),.PIECEWISE_BEZIER_KNOTS.);
#1835 = CARTESIAN_POINT('',(36.,35.138040039984));
#1836 = CARTESIAN_POINT('',(36.,29.364537348088));
#1837 = ( GEOMETRIC_REPRESENTATION_CONTEXT(2) 
PARAMETRIC_REPRESENTATION_CONTEXT() REPRESENTATION_CONTEXT('2D SPACE',''
  ) );
#1838 = PCURVE('',#1839,#1844);
#1839 = PLANE('',#1840);
#1840 = AXIS2_PLACEMENT_3D('',#1841,#1842,#1843);
#1841 = CARTESIAN_POINT('',(5.,-27.13546265191,-1.));
#1842 = DIRECTION('',(-1.,1.538370149107E-16,0.));
#1843 = DIRECTION('',(1.538370149107E-16,1.,0.));
#1844 = DEFINITIONAL_REPRESENTATION('',(#1845),#1848);
#1845 = B_SPLINE_CURVE_WITH_KNOTS('',1,(#1846,#1847),.UNSPECIFIED.,.F.,
  .F.,(2,2),(-20.45577136594,-14.68226867404),.PIECEWISE_BEZIER_KNOTS.);
#1846 = CARTESIAN_POINT('',(5.773502691896,-1.));
#1847 = CARTESIAN_POINT('',(0.,-1.));
#1848 = ( GEOMETRIC_REPRESENTATION_CONTEXT(2) 
PARAMETRIC_REPRESENTATION_CONTEXT() REPRESENTATION_CONTEXT('2D SPACE',''
  ) );
#1849 = ORIENTED_EDGE('',*,*,#1850,.T.);
#1850 = EDGE_CURVE('',#1825,#1851,#1853,.T.);
#1851 = VERTEX_POINT('',#1852);
#1852 = CARTESIAN_POINT('',(7.157816006753E-16,-30.02221399786,0.));
#1853 = SURFACE_CURVE('',#1854,(#1858,#1864),.PCURVE_S1.);
#1854 = LINE('',#1855,#1856);
#1855 = CARTESIAN_POINT('',(-17.35760882845,-40.04363412745,0.));
#1856 = VECTOR('',#1857,1.);
#1857 = DIRECTION('',(-0.866025403784,-0.5,0.));
#1858 = PCURVE('',#100,#1859);
#1859 = DEFINITIONAL_REPRESENTATION('',(#1860),#1863);
#1860 = B_SPLINE_CURVE_WITH_KNOTS('',1,(#1861,#1862),.UNSPECIFIED.,.F.,
  .F.,(2,2),(-25.81634295109,-20.04284025919),.PIECEWISE_BEZIER_KNOTS.);
#1861 = CARTESIAN_POINT('',(36.,29.364537348088));
#1862 = CARTESIAN_POINT('',(31.,26.477786002139));
#1863 = ( GEOMETRIC_REPRESENTATION_CONTEXT(2) 
PARAMETRIC_REPRESENTATION_CONTEXT() REPRESENTATION_CONTEXT('2D SPACE',''
  ) );
#1864 = PCURVE('',#1865,#1870);
#1865 = PLANE('',#1866);
#1866 = AXIS2_PLACEMENT_3D('',#1867,#1868,#1869);
#1867 = CARTESIAN_POINT('',(7.157816006753E-16,-30.02221399786,-1.));
#1868 = DIRECTION('',(-0.5,0.866025403784,0.));
#1869 = DIRECTION('',(0.866025403784,0.5,0.));
#1870 = DEFINITIONAL_REPRESENTATION('',(#1871),#1874);
#1871 = B_SPLINE_CURVE_WITH_KNOTS('',1,(#1872,#1873),.UNSPECIFIED.,.F.,
  .F.,(2,2),(-25.81634295109,-20.04284025919),.PIECEWISE_BEZIER_KNOTS.);
#1872 = CARTESIAN_POINT('',(5.773502691896,-1.));
#1873 = CARTESIAN_POINT('',(0.,-1.));
#1874 = ( GEOMETRIC_REPRESENTATION_CONTEXT(2) 
PARAMETRIC_REPRESENTATION_CONTEXT() REPRESENTATION_CONTEXT('2D SPACE',''
  ) );
#1875 = ORIENTED_EDGE('',*,*,#1876,.T.);
#1876 = EDGE_CURVE('',#1851,#1745,#1877,.T.);
#1877 = SURFACE_CURVE('',#1878,(#1882,#1888),.PCURVE_S1.);
#1878 = LINE('',#1879,#1880);
#1879 = CARTESIAN_POINT('',(-8.392391171545,-25.17686469582,0.));
#1880 = VECTOR('',#1881,1.);
#1881 = DIRECTION('',(-0.866025403784,0.5,0.));
#1882 = PCURVE('',#100,#1883);
#1883 = DEFINITIONAL_REPRESENTATION('',(#1884),#1887);
#1884 = B_SPLINE_CURVE_WITH_KNOTS('',1,(#1885,#1886),.UNSPECIFIED.,.F.,
  .F.,(2,2),(-9.690698604072,-3.917195912176),.PIECEWISE_BEZIER_KNOTS.);
#1885 = CARTESIAN_POINT('',(31.,26.477786002139));
#1886 = CARTESIAN_POINT('',(26.,29.364537348088));
#1887 = ( GEOMETRIC_REPRESENTATION_CONTEXT(2) 
PARAMETRIC_REPRESENTATION_CONTEXT() REPRESENTATION_CONTEXT('2D SPACE',''
  ) );
#1888 = PCURVE('',#1889,#1894);
#1889 = PLANE('',#1890);
#1890 = AXIS2_PLACEMENT_3D('',#1891,#1892,#1893);
#1891 = CARTESIAN_POINT('',(-5.,-27.13546265191,-1.));
#1892 = DIRECTION('',(0.5,0.866025403784,-0.));
#1893 = DIRECTION('',(0.866025403784,-0.5,0.));
#1894 = DEFINITIONAL_REPRESENTATION('',(#1895),#1898);
#1895 = B_SPLINE_CURVE_WITH_KNOTS('',1,(#1896,#1897),.UNSPECIFIED.,.F.,
  .F.,(2,2),(-9.690698604072,-3.917195912176),.PIECEWISE_BEZIER_KNOTS.);
#1896 = CARTESIAN_POINT('',(5.773502691896,-1.));
#1897 = CARTESIAN_POINT('',(0.,-1.));
#1898 = ( GEOMETRIC_REPRESENTATION_CONTEXT(2) 
PARAMETRIC_REPRESENTATION_CONTEXT() REPRESENTATION_CONTEXT('2D SPACE',''
  ) );
#1899 = FACE_BOUND('',#1900,.F.);
#1900 = EDGE_LOOP('',(#1901,#1929,#1955,#1981,#2007,#2033));
#1901 = ORIENTED_EDGE('',*,*,#1902,.T.);
#1902 = EDGE_CURVE('',#1903,#1905,#1907,.T.);
#1903 = VERTEX_POINT('',#1904);
#1904 = CARTESIAN_POINT('',(11.8,-36.83494717429,0.));
#1905 = VERTEX_POINT('',#1906);
#1906 = CARTESIAN_POINT('',(11.8,-31.0614444824,0.));
#1907 = SURFACE_CURVE('',#1908,(#1912,#1918),.PCURVE_S1.);
#1908 = LINE('',#1909,#1910);
#1909 = CARTESIAN_POINT('',(11.8,-43.7807222412,0.));
#1910 = VECTOR('',#1911,1.);
#1911 = DIRECTION('',(4.615110447321E-16,1.,-0.));
#1912 = PCURVE('',#100,#1913);
#1913 = DEFINITIONAL_REPRESENTATION('',(#1914),#1917);
#1914 = B_SPLINE_CURVE_WITH_KNOTS('',1,(#1915,#1916),.UNSPECIFIED.,.F.,
  .F.,(2,2),(6.945775066903,12.719277758799),.PIECEWISE_BEZIER_KNOTS.);
#1915 = CARTESIAN_POINT('',(42.8,19.665052825702));
#1916 = CARTESIAN_POINT('',(42.8,25.438555517598));
#1917 = ( GEOMETRIC_REPRESENTATION_CONTEXT(2) 
PARAMETRIC_REPRESENTATION_CONTEXT() REPRESENTATION_CONTEXT('2D SPACE',''
  ) );
#1918 = PCURVE('',#1919,#1924);
#1919 = PLANE('',#1920);
#1920 = AXIS2_PLACEMENT_3D('',#1921,#1922,#1923);
#1921 = CARTESIAN_POINT('',(11.8,-31.0614444824,-1.));
#1922 = DIRECTION('',(1.,-4.615110447321E-16,0.));
#1923 = DIRECTION('',(-4.615110447321E-16,-1.,0.));
#1924 = DEFINITIONAL_REPRESENTATION('',(#1925),#1928);
#1925 = B_SPLINE_CURVE_WITH_KNOTS('',1,(#1926,#1927),.UNSPECIFIED.,.F.,
  .F.,(2,2),(6.945775066903,12.719277758799),.PIECEWISE_BEZIER_KNOTS.);
#1926 = CARTESIAN_POINT('',(5.773502691896,-1.));
#1927 = CARTESIAN_POINT('',(0.,-1.));
#1928 = ( GEOMETRIC_REPRESENTATION_CONTEXT(2) 
PARAMETRIC_REPRESENTATION_CONTEXT() REPRESENTATION_CONTEXT('2D SPACE',''
  ) );
#1929 = ORIENTED_EDGE('',*,*,#1930,.T.);
#1930 = EDGE_CURVE('',#1905,#1931,#1933,.T.);
#1931 = VERTEX_POINT('',#1932);
#1932 = CARTESIAN_POINT('',(16.8,-28.17469313645,0.));
#1933 = SURFACE_CURVE('',#1934,(#1938,#1944),.PCURVE_S1.);
#1934 = LINE('',#1935,#1936);
#1935 = CARTESIAN_POINT('',(-7.257608828455,-42.06436006962,
    1.110223024625E-16));
#1936 = VECTOR('',#1937,1.);
#1937 = DIRECTION('',(0.866025403784,0.5,-0.));
#1938 = PCURVE('',#100,#1939);
#1939 = DEFINITIONAL_REPRESENTATION('',(#1940),#1943);
#1940 = B_SPLINE_CURVE_WITH_KNOTS('',1,(#1941,#1942),.UNSPECIFIED.,.F.,
  .F.,(2,2),(22.005831174438,27.779333866335),.PIECEWISE_BEZIER_KNOTS.);
#1941 = CARTESIAN_POINT('',(42.8,25.438555517598));
#1942 = CARTESIAN_POINT('',(47.8,28.325306863546));
#1943 = ( GEOMETRIC_REPRESENTATION_CONTEXT(2) 
PARAMETRIC_REPRESENTATION_CONTEXT() REPRESENTATION_CONTEXT('2D SPACE',''
  ) );
#1944 = PCURVE('',#1945,#1950);
#1945 = PLANE('',#1946);
#1946 = AXIS2_PLACEMENT_3D('',#1947,#1948,#1949);
#1947 = CARTESIAN_POINT('',(16.8,-28.17469313645,-1.));
#1948 = DIRECTION('',(0.5,-0.866025403784,0.));
#1949 = DIRECTION('',(-0.866025403784,-0.5,0.));
#1950 = DEFINITIONAL_REPRESENTATION('',(#1951),#1954);
#1951 = B_SPLINE_CURVE_WITH_KNOTS('',1,(#1952,#1953),.UNSPECIFIED.,.F.,
  .F.,(2,2),(22.005831174438,27.779333866335),.PIECEWISE_BEZIER_KNOTS.);
#1952 = CARTESIAN_POINT('',(5.773502691896,-1.));
#1953 = CARTESIAN_POINT('',(0.,-1.));
#1954 = ( GEOMETRIC_REPRESENTATION_CONTEXT(2) 
PARAMETRIC_REPRESENTATION_CONTEXT() REPRESENTATION_CONTEXT('2D SPACE',''
  ) );
#1955 = ORIENTED_EDGE('',*,*,#1956,.T.);
#1956 = EDGE_CURVE('',#1931,#1957,#1959,.T.);
#1957 = VERTEX_POINT('',#1958);
#1958 = CARTESIAN_POINT('',(21.8,-31.0614444824,0.));
#1959 = SURFACE_CURVE('',#1960,(#1964,#1970),.PCURVE_S1.);
#1960 = LINE('',#1961,#1962);
#1961 = CARTESIAN_POINT('',(7.507608828455,-22.80972859214,
    1.110223024625E-16));
#1962 = VECTOR('',#1963,1.);
#1963 = DIRECTION('',(0.866025403784,-0.5,0.));
#1964 = PCURVE('',#100,#1965);
#1965 = DEFINITIONAL_REPRESENTATION('',(#1966),#1969);
#1966 = B_SPLINE_CURVE_WITH_KNOTS('',1,(#1967,#1968),.UNSPECIFIED.,.F.,
  .F.,(2,2),(10.729929088613,16.50343178051),.PIECEWISE_BEZIER_KNOTS.);
#1967 = CARTESIAN_POINT('',(47.8,28.325306863546));
#1968 = CARTESIAN_POINT('',(52.8,25.438555517598));
#1969 = ( GEOMETRIC_REPRESENTATION_CONTEXT(2) 
PARAMETRIC_REPRESENTATION_CONTEXT() REPRESENTATION_CONTEXT('2D SPACE',''
  ) );
#1970 = PCURVE('',#1971,#1976);
#1971 = PLANE('',#1972);
#1972 = AXIS2_PLACEMENT_3D('',#1973,#1974,#1975);
#1973 = CARTESIAN_POINT('',(21.8,-31.0614444824,-1.));
#1974 = DIRECTION('',(-0.5,-0.866025403784,0.));
#1975 = DIRECTION('',(-0.866025403784,0.5,0.));
#1976 = DEFINITIONAL_REPRESENTATION('',(#1977),#1980);
#1977 = B_SPLINE_CURVE_WITH_KNOTS('',1,(#1978,#1979),.UNSPECIFIED.,.F.,
  .F.,(2,2),(10.729929088613,16.50343178051),.PIECEWISE_BEZIER_KNOTS.);
#1978 = CARTESIAN_POINT('',(5.773502691896,-1.));
#1979 = CARTESIAN_POINT('',(0.,-1.));
#1980 = ( GEOMETRIC_REPRESENTATION_CONTEXT(2) 
PARAMETRIC_REPRESENTATION_CONTEXT() REPRESENTATION_CONTEXT('2D SPACE',''
  ) );
#1981 = ORIENTED_EDGE('',*,*,#1982,.T.);
#1982 = EDGE_CURVE('',#1957,#1983,#1985,.T.);
#1983 = VERTEX_POINT('',#1984);
#1984 = CARTESIAN_POINT('',(21.8,-36.83494717429,0.));
#1985 = SURFACE_CURVE('',#1986,(#1990,#1996),.PCURVE_S1.);
#1986 = LINE('',#1987,#1988);
#1987 = CARTESIAN_POINT('',(21.8,-46.66747358714,0.));
#1988 = VECTOR('',#1989,1.);
#1989 = DIRECTION('',(-1.538370149107E-16,-1.,0.));
#1990 = PCURVE('',#100,#1991);
#1991 = DEFINITIONAL_REPRESENTATION('',(#1992),#1995);
#1992 = B_SPLINE_CURVE_WITH_KNOTS('',1,(#1993,#1994),.UNSPECIFIED.,.F.,
  .F.,(2,2),(-15.60602910474,-9.832526412851),.PIECEWISE_BEZIER_KNOTS.);
#1993 = CARTESIAN_POINT('',(52.8,25.438555517598));
#1994 = CARTESIAN_POINT('',(52.8,19.665052825702));
#1995 = ( GEOMETRIC_REPRESENTATION_CONTEXT(2) 
PARAMETRIC_REPRESENTATION_CONTEXT() REPRESENTATION_CONTEXT('2D SPACE',''
  ) );
#1996 = PCURVE('',#1997,#2002);
#1997 = PLANE('',#1998);
#1998 = AXIS2_PLACEMENT_3D('',#1999,#2000,#2001);
#1999 = CARTESIAN_POINT('',(21.8,-36.83494717429,-1.));
#2000 = DIRECTION('',(-1.,1.538370149107E-16,0.));
#2001 = DIRECTION('',(1.538370149107E-16,1.,0.));
#2002 = DEFINITIONAL_REPRESENTATION('',(#2003),#2006);
#2003 = B_SPLINE_CURVE_WITH_KNOTS('',1,(#2004,#2005),.UNSPECIFIED.,.F.,
  .F.,(2,2),(-15.60602910474,-9.832526412851),.PIECEWISE_BEZIER_KNOTS.);
#2004 = CARTESIAN_POINT('',(5.773502691896,-1.));
#2005 = CARTESIAN_POINT('',(0.,-1.));
#2006 = ( GEOMETRIC_REPRESENTATION_CONTEXT(2) 
PARAMETRIC_REPRESENTATION_CONTEXT() REPRESENTATION_CONTEXT('2D SPACE',''
  ) );
#2007 = ORIENTED_EDGE('',*,*,#2008,.T.);
#2008 = EDGE_CURVE('',#1983,#2009,#2011,.T.);
#2009 = VERTEX_POINT('',#2010);
#2010 = CARTESIAN_POINT('',(16.8,-39.72169852024,0.));
#2011 = SURFACE_CURVE('',#2012,(#2016,#2022),.PCURVE_S1.);
#2012 = LINE('',#2013,#2014);
#2013 = CARTESIAN_POINT('',(-4.757608828455,-52.16798978044,0.));
#2014 = VECTOR('',#2015,1.);
#2015 = DIRECTION('',(-0.866025403784,-0.5,0.));
#2016 = PCURVE('',#100,#2017);
#2017 = DEFINITIONAL_REPRESENTATION('',(#2018),#2021);
#2018 = B_SPLINE_CURVE_WITH_KNOTS('',1,(#2019,#2020),.UNSPECIFIED.,.F.,
  .F.,(2,2),(-30.66608521228,-24.89258252038),.PIECEWISE_BEZIER_KNOTS.);
#2019 = CARTESIAN_POINT('',(52.8,19.665052825702));
#2020 = CARTESIAN_POINT('',(47.8,16.778301479754));
#2021 = ( GEOMETRIC_REPRESENTATION_CONTEXT(2) 
PARAMETRIC_REPRESENTATION_CONTEXT() REPRESENTATION_CONTEXT('2D SPACE',''
  ) );
#2022 = PCURVE('',#2023,#2028);
#2023 = PLANE('',#2024);
#2024 = AXIS2_PLACEMENT_3D('',#2025,#2026,#2027);
#2025 = CARTESIAN_POINT('',(16.8,-39.72169852024,-1.));
#2026 = DIRECTION('',(-0.5,0.866025403784,0.));
#2027 = DIRECTION('',(0.866025403784,0.5,0.));
#2028 = DEFINITIONAL_REPRESENTATION('',(#2029),#2032);
#2029 = B_SPLINE_CURVE_WITH_KNOTS('',1,(#2030,#2031),.UNSPECIFIED.,.F.,
  .F.,(2,2),(-30.66608521228,-24.89258252038),.PIECEWISE_BEZIER_KNOTS.);
#2030 = CARTESIAN_POINT('',(5.773502691896,-1.));
#2031 = CARTESIAN_POINT('',(0.,-1.));
#2032 = ( GEOMETRIC_REPRESENTATION_CONTEXT(2) 
PARAMETRIC_REPRESENTATION_CONTEXT() REPRESENTATION_CONTEXT('2D SPACE',''
  ) );
#2033 = ORIENTED_EDGE('',*,*,#2034,.T.);
#2034 = EDGE_CURVE('',#2009,#1903,#2035,.T.);
#2035 = SURFACE_CURVE('',#2036,(#2040,#2046),.PCURVE_S1.);
#2036 = LINE('',#2037,#2038);
#2037 = CARTESIAN_POINT('',(7.608828455195E-03,-30.02660695701,0.));
#2038 = VECTOR('',#2039,1.);
#2039 = DIRECTION('',(-0.866025403784,0.5,0.));
#2040 = PCURVE('',#100,#2041);
#2041 = DEFINITIONAL_REPRESENTATION('',(#2042),#2045);
#2042 = B_SPLINE_CURVE_WITH_KNOTS('',1,(#2043,#2044),.UNSPECIFIED.,.F.,
  .F.,(2,2),(-19.39018312645,-13.61668043456),.PIECEWISE_BEZIER_KNOTS.);
#2043 = CARTESIAN_POINT('',(47.8,16.778301479754));
#2044 = CARTESIAN_POINT('',(42.8,19.665052825702));
#2045 = ( GEOMETRIC_REPRESENTATION_CONTEXT(2) 
PARAMETRIC_REPRESENTATION_CONTEXT() REPRESENTATION_CONTEXT('2D SPACE',''
  ) );
#2046 = PCURVE('',#2047,#2052);
#2047 = PLANE('',#2048);
#2048 = AXIS2_PLACEMENT_3D('',#2049,#2050,#2051);
#2049 = CARTESIAN_POINT('',(11.8,-36.83494717429,-1.));
#2050 = DIRECTION('',(0.5,0.866025403784,-0.));
#2051 = DIRECTION('',(0.866025403784,-0.5,0.));
#2052 = DEFINITIONAL_REPRESENTATION('',(#2053),#2056);
#2053 = B_SPLINE_CURVE_WITH_KNOTS('',1,(#2054,#2055),.UNSPECIFIED.,.F.,
  .F.,(2,2),(-19.39018312645,-13.61668043456),.PIECEWISE_BEZIER_KNOTS.);
#2054 = CARTESIAN_POINT('',(5.773502691896,-1.));
#2055 = CARTESIAN_POINT('',(0.,-1.));
#2056 = ( GEOMETRIC_REPRESENTATION_CONTEXT(2) 
PARAMETRIC_REPRESENTATION_CONTEXT() REPRESENTATION_CONTEXT('2D SPACE',''
  ) );
#2057 = FACE_BOUND('',#2058,.F.);
#2058 = EDGE_LOOP('',(#2059,#2087,#2113,#2139,#2165,#2191));
#2059 = ORIENTED_EDGE('',*,*,#2060,.T.);
#2060 = EDGE_CURVE('',#2061,#2063,#2065,.T.);
#2061 = VERTEX_POINT('',#2062);
#2062 = CARTESIAN_POINT('',(6.2,-27.13546265191,0.));
#2063 = VERTEX_POINT('',#2064);
#2064 = CARTESIAN_POINT('',(6.2,-21.36195996001,0.));
#2065 = SURFACE_CURVE('',#2066,(#2070,#2076),.PCURVE_S1.);
#2066 = LINE('',#2067,#2068);
#2067 = CARTESIAN_POINT('',(6.2,-38.93097998,0.));
#2068 = VECTOR('',#2069,1.);
#2069 = DIRECTION('',(4.615110447321E-16,1.,-0.));
#2070 = PCURVE('',#100,#2071);
#2071 = DEFINITIONAL_REPRESENTATION('',(#2072),#2075);
#2072 = B_SPLINE_CURVE_WITH_KNOTS('',1,(#2073,#2074),.UNSPECIFIED.,.F.,
  .F.,(2,2),(11.795517328096,17.569020019992),.PIECEWISE_BEZIER_KNOTS.);
#2073 = CARTESIAN_POINT('',(37.2,29.364537348088));
#2074 = CARTESIAN_POINT('',(37.2,35.138040039984));
#2075 = ( GEOMETRIC_REPRESENTATION_CONTEXT(2) 
PARAMETRIC_REPRESENTATION_CONTEXT() REPRESENTATION_CONTEXT('2D SPACE',''
  ) );
#2076 = PCURVE('',#2077,#2082);
#2077 = PLANE('',#2078);
#2078 = AXIS2_PLACEMENT_3D('',#2079,#2080,#2081);
#2079 = CARTESIAN_POINT('',(6.2,-21.36195996001,-1.));
#2080 = DIRECTION('',(1.,-4.615110447321E-16,0.));
#2081 = DIRECTION('',(-4.615110447321E-16,-1.,0.));
#2082 = DEFINITIONAL_REPRESENTATION('',(#2083),#2086);
#2083 = B_SPLINE_CURVE_WITH_KNOTS('',1,(#2084,#2085),.UNSPECIFIED.,.F.,
  .F.,(2,2),(11.795517328096,17.569020019992),.PIECEWISE_BEZIER_KNOTS.);
#2084 = CARTESIAN_POINT('',(5.773502691896,-1.));
#2085 = CARTESIAN_POINT('',(0.,-1.));
#2086 = ( GEOMETRIC_REPRESENTATION_CONTEXT(2) 
PARAMETRIC_REPRESENTATION_CONTEXT() REPRESENTATION_CONTEXT('2D SPACE',''
  ) );
#2087 = ORIENTED_EDGE('',*,*,#2088,.T.);
#2088 = EDGE_CURVE('',#2063,#2089,#2091,.T.);
#2089 = VERTEX_POINT('',#2090);
#2090 = CARTESIAN_POINT('',(11.2,-18.47520861406,0.));
#2091 = SURFACE_CURVE('',#2092,(#2096,#2102),.PCURVE_S1.);
#2092 = LINE('',#2093,#2094);
#2093 = CARTESIAN_POINT('',(-12.85760882845,-32.36487554723,
    1.110223024625E-16));
#2094 = VECTOR('',#2095,1.);
#2095 = DIRECTION('',(0.866025403784,0.5,-0.));
#2096 = PCURVE('',#100,#2097);
#2097 = DEFINITIONAL_REPRESENTATION('',(#2098),#2101);
#2098 = B_SPLINE_CURVE_WITH_KNOTS('',1,(#2099,#2100),.UNSPECIFIED.,.F.,
  .F.,(2,2),(22.005831174438,27.779333866335),.PIECEWISE_BEZIER_KNOTS.);
#2099 = CARTESIAN_POINT('',(37.2,35.138040039984));
#2100 = CARTESIAN_POINT('',(42.2,38.024791385932));
#2101 = ( GEOMETRIC_REPRESENTATION_CONTEXT(2) 
PARAMETRIC_REPRESENTATION_CONTEXT() REPRESENTATION_CONTEXT('2D SPACE',''
  ) );
#2102 = PCURVE('',#2103,#2108);
#2103 = PLANE('',#2104);
#2104 = AXIS2_PLACEMENT_3D('',#2105,#2106,#2107);
#2105 = CARTESIAN_POINT('',(11.2,-18.47520861406,-1.));
#2106 = DIRECTION('',(0.5,-0.866025403784,0.));
#2107 = DIRECTION('',(-0.866025403784,-0.5,0.));
#2108 = DEFINITIONAL_REPRESENTATION('',(#2109),#2112);
#2109 = B_SPLINE_CURVE_WITH_KNOTS('',1,(#2110,#2111),.UNSPECIFIED.,.F.,
  .F.,(2,2),(22.005831174438,27.779333866335),.PIECEWISE_BEZIER_KNOTS.);
#2110 = CARTESIAN_POINT('',(5.773502691896,-1.));
#2111 = CARTESIAN_POINT('',(0.,-1.));
#2112 = ( GEOMETRIC_REPRESENTATION_CONTEXT(2) 
PARAMETRIC_REPRESENTATION_CONTEXT() REPRESENTATION_CONTEXT('2D SPACE',''
  ) );
#2113 = ORIENTED_EDGE('',*,*,#2114,.T.);
#2114 = EDGE_CURVE('',#2089,#2115,#2117,.T.);
#2115 = VERTEX_POINT('',#2116);
#2116 = CARTESIAN_POINT('',(16.2,-21.36195996001,0.));
#2117 = SURFACE_CURVE('',#2118,(#2122,#2128),.PCURVE_S1.);
#2118 = LINE('',#2119,#2120);
#2119 = CARTESIAN_POINT('',(6.107608828455,-15.53511520035,
    1.110223024625E-16));
#2120 = VECTOR('',#2121,1.);
#2121 = DIRECTION('',(0.866025403784,-0.5,0.));
#2122 = PCURVE('',#100,#2123);
#2123 = DEFINITIONAL_REPRESENTATION('',(#2124),#2127);
#2124 = B_SPLINE_CURVE_WITH_KNOTS('',1,(#2125,#2126),.UNSPECIFIED.,.F.,
  .F.,(2,2),(5.880186827421,11.653689519317),.PIECEWISE_BEZIER_KNOTS.);
#2125 = CARTESIAN_POINT('',(42.2,38.024791385932));
#2126 = CARTESIAN_POINT('',(47.2,35.138040039984));
#2127 = ( GEOMETRIC_REPRESENTATION_CONTEXT(2) 
PARAMETRIC_REPRESENTATION_CONTEXT() REPRESENTATION_CONTEXT('2D SPACE',''
  ) );
#2128 = PCURVE('',#2129,#2134);
#2129 = PLANE('',#2130);
#2130 = AXIS2_PLACEMENT_3D('',#2131,#2132,#2133);
#2131 = CARTESIAN_POINT('',(16.2,-21.36195996001,-1.));
#2132 = DIRECTION('',(-0.5,-0.866025403784,0.));
#2133 = DIRECTION('',(-0.866025403784,0.5,0.));
#2134 = DEFINITIONAL_REPRESENTATION('',(#2135),#2138);
#2135 = B_SPLINE_CURVE_WITH_KNOTS('',1,(#2136,#2137),.UNSPECIFIED.,.F.,
  .F.,(2,2),(5.880186827421,11.653689519317),.PIECEWISE_BEZIER_KNOTS.);
#2136 = CARTESIAN_POINT('',(5.773502691896,-1.));
#2137 = CARTESIAN_POINT('',(0.,-1.));
#2138 = ( GEOMETRIC_REPRESENTATION_CONTEXT(2) 
PARAMETRIC_REPRESENTATION_CONTEXT() REPRESENTATION_CONTEXT('2D SPACE',''
  ) );
#2139 = ORIENTED_EDGE('',*,*,#2140,.T.);
#2140 = EDGE_CURVE('',#2115,#2141,#2143,.T.);
#2141 = VERTEX_POINT('',#2142);
#2142 = CARTESIAN_POINT('',(16.2,-27.13546265191,0.));
#2143 = SURFACE_CURVE('',#2144,(#2148,#2154),.PCURVE_S1.);
#2144 = LINE('',#2145,#2146);
#2145 = CARTESIAN_POINT('',(16.2,-41.81773132595,0.));
#2146 = VECTOR('',#2147,1.);
#2147 = DIRECTION('',(-1.538370149107E-16,-1.,0.));
#2148 = PCURVE('',#100,#2149);
#2149 = DEFINITIONAL_REPRESENTATION('',(#2150),#2153);
#2150 = B_SPLINE_CURVE_WITH_KNOTS('',1,(#2151,#2152),.UNSPECIFIED.,.F.,
  .F.,(2,2),(-20.45577136594,-14.68226867404),.PIECEWISE_BEZIER_KNOTS.);
#2151 = CARTESIAN_POINT('',(47.2,35.138040039984));
#2152 = CARTESIAN_POINT('',(47.2,29.364537348088));
#2153 = ( GEOMETRIC_REPRESENTATION_CONTEXT(2) 
PARAMETRIC_REPRESENTATION_CONTEXT() REPRESENTATION_CONTEXT('2D SPACE',''
  ) );
#2154 = PCURVE('',#2155,#2160);
#2155 = PLANE('',#2156);
#2156 = AXIS2_PLACEMENT_3D('',#2157,#2158,#2159);
#2157 = CARTESIAN_POINT('',(16.2,-27.13546265191,-1.));
#2158 = DIRECTION('',(-1.,1.538370149107E-16,0.));
#2159 = DIRECTION('',(1.538370149107E-16,1.,0.));
#2160 = DEFINITIONAL_REPRESENTATION('',(#2161),#2164);
#2161 = B_SPLINE_CURVE_WITH_KNOTS('',1,(#2162,#2163),.UNSPECIFIED.,.F.,
  .F.,(2,2),(-20.45577136594,-14.68226867404),.PIECEWISE_BEZIER_KNOTS.);
#2162 = CARTESIAN_POINT('',(5.773502691896,-1.));
#2163 = CARTESIAN_POINT('',(0.,-1.));
#2164 = ( GEOMETRIC_REPRESENTATION_CONTEXT(2) 
PARAMETRIC_REPRESENTATION_CONTEXT() REPRESENTATION_CONTEXT('2D SPACE',''
  ) );
#2165 = ORIENTED_EDGE('',*,*,#2166,.T.);
#2166 = EDGE_CURVE('',#2141,#2167,#2169,.T.);
#2167 = VERTEX_POINT('',#2168);
#2168 = CARTESIAN_POINT('',(11.2,-30.02221399786,0.));
#2169 = SURFACE_CURVE('',#2170,(#2174,#2180),.PCURVE_S1.);
#2170 = LINE('',#2171,#2172);
#2171 = CARTESIAN_POINT('',(-10.35760882845,-42.46850525805,0.));
#2172 = VECTOR('',#2173,1.);
#2173 = DIRECTION('',(-0.866025403784,-0.5,0.));
#2174 = PCURVE('',#100,#2175);
#2175 = DEFINITIONAL_REPRESENTATION('',(#2176),#2179);
#2176 = B_SPLINE_CURVE_WITH_KNOTS('',1,(#2177,#2178),.UNSPECIFIED.,.F.,
  .F.,(2,2),(-30.66608521228,-24.89258252038),.PIECEWISE_BEZIER_KNOTS.);
#2177 = CARTESIAN_POINT('',(47.2,29.364537348088));
#2178 = CARTESIAN_POINT('',(42.2,26.477786002139));
#2179 = ( GEOMETRIC_REPRESENTATION_CONTEXT(2) 
PARAMETRIC_REPRESENTATION_CONTEXT() REPRESENTATION_CONTEXT('2D SPACE',''
  ) );
#2180 = PCURVE('',#2181,#2186);
#2181 = PLANE('',#2182);
#2182 = AXIS2_PLACEMENT_3D('',#2183,#2184,#2185);
#2183 = CARTESIAN_POINT('',(11.2,-30.02221399786,-1.));
#2184 = DIRECTION('',(-0.5,0.866025403784,0.));
#2185 = DIRECTION('',(0.866025403784,0.5,0.));
#2186 = DEFINITIONAL_REPRESENTATION('',(#2187),#2190);
#2187 = B_SPLINE_CURVE_WITH_KNOTS('',1,(#2188,#2189),.UNSPECIFIED.,.F.,
  .F.,(2,2),(-30.66608521228,-24.89258252038),.PIECEWISE_BEZIER_KNOTS.);
#2188 = CARTESIAN_POINT('',(5.773502691896,-1.));
#2189 = CARTESIAN_POINT('',(0.,-1.));
#2190 = ( GEOMETRIC_REPRESENTATION_CONTEXT(2) 
PARAMETRIC_REPRESENTATION_CONTEXT() REPRESENTATION_CONTEXT('2D SPACE',''
  ) );
#2191 = ORIENTED_EDGE('',*,*,#2192,.T.);
#2192 = EDGE_CURVE('',#2167,#2061,#2193,.T.);
#2193 = SURFACE_CURVE('',#2194,(#2198,#2204),.PCURVE_S1.);
#2194 = LINE('',#2195,#2196);
#2195 = CARTESIAN_POINT('',(-1.392391171545,-22.75199356522,0.));
#2196 = VECTOR('',#2197,1.);
#2197 = DIRECTION('',(-0.866025403784,0.5,0.));
#2198 = PCURVE('',#100,#2199);
#2199 = DEFINITIONAL_REPRESENTATION('',(#2200),#2203);
#2200 = B_SPLINE_CURVE_WITH_KNOTS('',1,(#2201,#2202),.UNSPECIFIED.,.F.,
  .F.,(2,2),(-14.54044086526,-8.766938173369),.PIECEWISE_BEZIER_KNOTS.);
#2201 = CARTESIAN_POINT('',(42.2,26.477786002139));
#2202 = CARTESIAN_POINT('',(37.2,29.364537348088));
#2203 = ( GEOMETRIC_REPRESENTATION_CONTEXT(2) 
PARAMETRIC_REPRESENTATION_CONTEXT() REPRESENTATION_CONTEXT('2D SPACE',''
  ) );
#2204 = PCURVE('',#2205,#2210);
#2205 = PLANE('',#2206);
#2206 = AXIS2_PLACEMENT_3D('',#2207,#2208,#2209);
#2207 = CARTESIAN_POINT('',(6.2,-27.13546265191,-1.));
#2208 = DIRECTION('',(0.5,0.866025403784,-0.));
#2209 = DIRECTION('',(0.866025403784,-0.5,0.));
#2210 = DEFINITIONAL_REPRESENTATION('',(#2211),#2214);
#2211 = B_SPLINE_CURVE_WITH_KNOTS('',1,(#2212,#2213),.UNSPECIFIED.,.F.,
  .F.,(2,2),(-14.54044086526,-8.766938173369),.PIECEWISE_BEZIER_KNOTS.);
#2212 = CARTESIAN_POINT('',(5.773502691896,-1.));
#2213 = CARTESIAN_POINT('',(0.,-1.));
#2214 = ( GEOMETRIC_REPRESENTATION_CONTEXT(2) 
PARAMETRIC_REPRESENTATION_CONTEXT() REPRESENTATION_CONTEXT('2D SPACE',''
  ) );
#2215 = FACE_BOUND('',#2216,.F.);
#2216 = EDGE_LOOP('',(#2217,#2245,#2271,#2297,#2323,#2349));
#2217 = ORIENTED_EDGE('',*,*,#2218,.T.);
#2218 = EDGE_CURVE('',#2219,#2221,#2223,.T.);
#2219 = VERTEX_POINT('',#2220);
#2220 = CARTESIAN_POINT('',(0.6,-17.43597812952,0.));
#2221 = VERTEX_POINT('',#2222);
#2222 = CARTESIAN_POINT('',(0.6,-11.66247543763,0.));
#2223 = SURFACE_CURVE('',#2224,(#2228,#2234),.PCURVE_S1.);
#2224 = LINE('',#2225,#2226);
#2225 = CARTESIAN_POINT('',(0.6,-34.08123771881,0.));
#2226 = VECTOR('',#2227,1.);
#2227 = DIRECTION('',(4.615110447321E-16,1.,-0.));
#2228 = PCURVE('',#100,#2229);
#2229 = DEFINITIONAL_REPRESENTATION('',(#2230),#2233);
#2230 = B_SPLINE_CURVE_WITH_KNOTS('',1,(#2231,#2232),.UNSPECIFIED.,.F.,
  .F.,(2,2),(16.645259589289,22.418762281185),.PIECEWISE_BEZIER_KNOTS.);
#2231 = CARTESIAN_POINT('',(31.6,39.064021870473));
#2232 = CARTESIAN_POINT('',(31.6,44.83752456237));
#2233 = ( GEOMETRIC_REPRESENTATION_CONTEXT(2) 
PARAMETRIC_REPRESENTATION_CONTEXT() REPRESENTATION_CONTEXT('2D SPACE',''
  ) );
#2234 = PCURVE('',#2235,#2240);
#2235 = PLANE('',#2236);
#2236 = AXIS2_PLACEMENT_3D('',#2237,#2238,#2239);
#2237 = CARTESIAN_POINT('',(0.6,-11.66247543763,-1.));
#2238 = DIRECTION('',(1.,-4.615110447321E-16,0.));
#2239 = DIRECTION('',(-4.615110447321E-16,-1.,0.));
#2240 = DEFINITIONAL_REPRESENTATION('',(#2241),#2244);
#2241 = B_SPLINE_CURVE_WITH_KNOTS('',1,(#2242,#2243),.UNSPECIFIED.,.F.,
  .F.,(2,2),(16.645259589289,22.418762281185),.PIECEWISE_BEZIER_KNOTS.);
#2242 = CARTESIAN_POINT('',(5.773502691896,-1.));
#2243 = CARTESIAN_POINT('',(0.,-1.));
#2244 = ( GEOMETRIC_REPRESENTATION_CONTEXT(2) 
PARAMETRIC_REPRESENTATION_CONTEXT() REPRESENTATION_CONTEXT('2D SPACE',''
  ) );
#2245 = ORIENTED_EDGE('',*,*,#2246,.T.);
#2246 = EDGE_CURVE('',#2221,#2247,#2249,.T.);
#2247 = VERTEX_POINT('',#2248);
#2248 = CARTESIAN_POINT('',(5.6,-8.775724091682,0.));
#2249 = SURFACE_CURVE('',#2250,(#2254,#2260),.PCURVE_S1.);
#2250 = LINE('',#2251,#2252);
#2251 = CARTESIAN_POINT('',(-18.45760882845,-22.66539102485,
    1.110223024625E-16));
#2252 = VECTOR('',#2253,1.);
#2253 = DIRECTION('',(0.866025403784,0.5,-0.));
#2254 = PCURVE('',#100,#2255);
#2255 = DEFINITIONAL_REPRESENTATION('',(#2256),#2259);
#2256 = B_SPLINE_CURVE_WITH_KNOTS('',1,(#2257,#2258),.UNSPECIFIED.,.F.,
  .F.,(2,2),(22.005831174438,27.779333866335),.PIECEWISE_BEZIER_KNOTS.);
#2257 = CARTESIAN_POINT('',(31.6,44.83752456237));
#2258 = CARTESIAN_POINT('',(36.6,47.724275908318));
#2259 = ( GEOMETRIC_REPRESENTATION_CONTEXT(2) 
PARAMETRIC_REPRESENTATION_CONTEXT() REPRESENTATION_CONTEXT('2D SPACE',''
  ) );
#2260 = PCURVE('',#2261,#2266);
#2261 = PLANE('',#2262);
#2262 = AXIS2_PLACEMENT_3D('',#2263,#2264,#2265);
#2263 = CARTESIAN_POINT('',(5.6,-8.775724091682,-1.));
#2264 = DIRECTION('',(0.5,-0.866025403784,0.));
#2265 = DIRECTION('',(-0.866025403784,-0.5,0.));
#2266 = DEFINITIONAL_REPRESENTATION('',(#2267),#2270);
#2267 = B_SPLINE_CURVE_WITH_KNOTS('',1,(#2268,#2269),.UNSPECIFIED.,.F.,
  .F.,(2,2),(22.005831174438,27.779333866335),.PIECEWISE_BEZIER_KNOTS.);
#2268 = CARTESIAN_POINT('',(5.773502691896,-1.));
#2269 = CARTESIAN_POINT('',(0.,-1.));
#2270 = ( GEOMETRIC_REPRESENTATION_CONTEXT(2) 
PARAMETRIC_REPRESENTATION_CONTEXT() REPRESENTATION_CONTEXT('2D SPACE',''
  ) );
#2271 = ORIENTED_EDGE('',*,*,#2272,.T.);
#2272 = EDGE_CURVE('',#2247,#2273,#2275,.T.);
#2273 = VERTEX_POINT('',#2274);
#2274 = CARTESIAN_POINT('',(10.6,-11.66247543763,0.));
#2275 = SURFACE_CURVE('',#2276,(#2280,#2286),.PCURVE_S1.);
#2276 = LINE('',#2277,#2278);
#2277 = CARTESIAN_POINT('',(4.707608828455,-8.260501808568,
    1.110223024625E-16));
#2278 = VECTOR('',#2279,1.);
#2279 = DIRECTION('',(0.866025403784,-0.5,0.));
#2280 = PCURVE('',#100,#2281);
#2281 = DEFINITIONAL_REPRESENTATION('',(#2282),#2285);
#2282 = B_SPLINE_CURVE_WITH_KNOTS('',1,(#2283,#2284),.UNSPECIFIED.,.F.,
  .F.,(2,2),(1.030444566228,6.803947258124),.PIECEWISE_BEZIER_KNOTS.);
#2283 = CARTESIAN_POINT('',(36.6,47.724275908318));
#2284 = CARTESIAN_POINT('',(41.6,44.83752456237));
#2285 = ( GEOMETRIC_REPRESENTATION_CONTEXT(2) 
PARAMETRIC_REPRESENTATION_CONTEXT() REPRESENTATION_CONTEXT('2D SPACE',''
  ) );
#2286 = PCURVE('',#2287,#2292);
#2287 = PLANE('',#2288);
#2288 = AXIS2_PLACEMENT_3D('',#2289,#2290,#2291);
#2289 = CARTESIAN_POINT('',(10.6,-11.66247543763,-1.));
#2290 = DIRECTION('',(-0.5,-0.866025403784,0.));
#2291 = DIRECTION('',(-0.866025403784,0.5,0.));
#2292 = DEFINITIONAL_REPRESENTATION('',(#2293),#2296);
#2293 = B_SPLINE_CURVE_WITH_KNOTS('',1,(#2294,#2295),.UNSPECIFIED.,.F.,
  .F.,(2,2),(1.030444566228,6.803947258124),.PIECEWISE_BEZIER_KNOTS.);
#2294 = CARTESIAN_POINT('',(5.773502691896,-1.));
#2295 = CARTESIAN_POINT('',(0.,-1.));
#2296 = ( GEOMETRIC_REPRESENTATION_CONTEXT(2) 
PARAMETRIC_REPRESENTATION_CONTEXT() REPRESENTATION_CONTEXT('2D SPACE',''
  ) );
#2297 = ORIENTED_EDGE('',*,*,#2298,.T.);
#2298 = EDGE_CURVE('',#2273,#2299,#2301,.T.);
#2299 = VERTEX_POINT('',#2300);
#2300 = CARTESIAN_POINT('',(10.6,-17.43597812952,0.));
#2301 = SURFACE_CURVE('',#2302,(#2306,#2312),.PCURVE_S1.);
#2302 = LINE('',#2303,#2304);
#2303 = CARTESIAN_POINT('',(10.6,-36.96798906476,0.));
#2304 = VECTOR('',#2305,1.);
#2305 = DIRECTION('',(-1.538370149107E-16,-1.,0.));
#2306 = PCURVE('',#100,#2307);
#2307 = DEFINITIONAL_REPRESENTATION('',(#2308),#2311);
#2308 = B_SPLINE_CURVE_WITH_KNOTS('',1,(#2309,#2310),.UNSPECIFIED.,.F.,
  .F.,(2,2),(-25.30551362713,-19.53201093523),.PIECEWISE_BEZIER_KNOTS.);
#2309 = CARTESIAN_POINT('',(41.6,44.83752456237));
#2310 = CARTESIAN_POINT('',(41.6,39.064021870473));
#2311 = ( GEOMETRIC_REPRESENTATION_CONTEXT(2) 
PARAMETRIC_REPRESENTATION_CONTEXT() REPRESENTATION_CONTEXT('2D SPACE',''
  ) );
#2312 = PCURVE('',#2313,#2318);
#2313 = PLANE('',#2314);
#2314 = AXIS2_PLACEMENT_3D('',#2315,#2316,#2317);
#2315 = CARTESIAN_POINT('',(10.6,-17.43597812952,-1.));
#2316 = DIRECTION('',(-1.,1.538370149107E-16,0.));
#2317 = DIRECTION('',(1.538370149107E-16,1.,0.));
#2318 = DEFINITIONAL_REPRESENTATION('',(#2319),#2322);
#2319 = B_SPLINE_CURVE_WITH_KNOTS('',1,(#2320,#2321),.UNSPECIFIED.,.F.,
  .F.,(2,2),(-25.30551362713,-19.53201093523),.PIECEWISE_BEZIER_KNOTS.);
#2320 = CARTESIAN_POINT('',(5.773502691896,-1.));
#2321 = CARTESIAN_POINT('',(0.,-1.));
#2322 = ( GEOMETRIC_REPRESENTATION_CONTEXT(2) 
PARAMETRIC_REPRESENTATION_CONTEXT() REPRESENTATION_CONTEXT('2D SPACE',''
  ) );
#2323 = ORIENTED_EDGE('',*,*,#2324,.T.);
#2324 = EDGE_CURVE('',#2299,#2325,#2327,.T.);
#2325 = VERTEX_POINT('',#2326);
#2326 = CARTESIAN_POINT('',(5.6,-20.32272947547,0.));
#2327 = SURFACE_CURVE('',#2328,(#2332,#2338),.PCURVE_S1.);
#2328 = LINE('',#2329,#2330);
#2329 = CARTESIAN_POINT('',(-15.95760882845,-32.76902073566,0.));
#2330 = VECTOR('',#2331,1.);
#2331 = DIRECTION('',(-0.866025403784,-0.5,0.));
#2332 = PCURVE('',#100,#2333);
#2333 = DEFINITIONAL_REPRESENTATION('',(#2334),#2337);
#2334 = B_SPLINE_CURVE_WITH_KNOTS('',1,(#2335,#2336),.UNSPECIFIED.,.F.,
  .F.,(2,2),(-30.66608521228,-24.89258252038),.PIECEWISE_BEZIER_KNOTS.);
#2335 = CARTESIAN_POINT('',(41.6,39.064021870473));
#2336 = CARTESIAN_POINT('',(36.6,36.177270524525));
#2337 = ( GEOMETRIC_REPRESENTATION_CONTEXT(2) 
PARAMETRIC_REPRESENTATION_CONTEXT() REPRESENTATION_CONTEXT('2D SPACE',''
  ) );
#2338 = PCURVE('',#2339,#2344);
#2339 = PLANE('',#2340);
#2340 = AXIS2_PLACEMENT_3D('',#2341,#2342,#2343);
#2341 = CARTESIAN_POINT('',(5.6,-20.32272947547,-1.));
#2342 = DIRECTION('',(-0.5,0.866025403784,0.));
#2343 = DIRECTION('',(0.866025403784,0.5,0.));
#2344 = DEFINITIONAL_REPRESENTATION('',(#2345),#2348);
#2345 = B_SPLINE_CURVE_WITH_KNOTS('',1,(#2346,#2347),.UNSPECIFIED.,.F.,
  .F.,(2,2),(-30.66608521228,-24.89258252038),.PIECEWISE_BEZIER_KNOTS.);
#2346 = CARTESIAN_POINT('',(5.773502691896,-1.));
#2347 = CARTESIAN_POINT('',(0.,-1.));
#2348 = ( GEOMETRIC_REPRESENTATION_CONTEXT(2) 
PARAMETRIC_REPRESENTATION_CONTEXT() REPRESENTATION_CONTEXT('2D SPACE',''
  ) );
#2349 = ORIENTED_EDGE('',*,*,#2350,.T.);
#2350 = EDGE_CURVE('',#2325,#2219,#2351,.T.);
#2351 = SURFACE_CURVE('',#2352,(#2356,#2362),.PCURVE_S1.);
#2352 = LINE('',#2353,#2354);
#2353 = CARTESIAN_POINT('',(-2.792391171545,-15.47738017343,0.));
#2354 = VECTOR('',#2355,1.);
#2355 = DIRECTION('',(-0.866025403784,0.5,0.));
#2356 = PCURVE('',#100,#2357);
#2357 = DEFINITIONAL_REPRESENTATION('',(#2358),#2361);
#2358 = B_SPLINE_CURVE_WITH_KNOTS('',1,(#2359,#2360),.UNSPECIFIED.,.F.,
  .F.,(2,2),(-9.690698604072,-3.917195912176),.PIECEWISE_BEZIER_KNOTS.);
#2359 = CARTESIAN_POINT('',(36.6,36.177270524525));
#2360 = CARTESIAN_POINT('',(31.6,39.064021870473));
#2361 = ( GEOMETRIC_REPRESENTATION_CONTEXT(2) 
PARAMETRIC_REPRESENTATION_CONTEXT() REPRESENTATION_CONTEXT('2D SPACE',''
  ) );
#2362 = PCURVE('',#2363,#2368);
#2363 = PLANE('',#2364);
#2364 = AXIS2_PLACEMENT_3D('',#2365,#2366,#2367);
#2365 = CARTESIAN_POINT('',(0.6,-17.43597812952,-1.));
#2366 = DIRECTION('',(0.5,0.866025403784,-0.));
#2367 = DIRECTION('',(0.866025403784,-0.5,0.));
#2368 = DEFINITIONAL_REPRESENTATION('',(#2369),#2372);
#2369 = B_SPLINE_CURVE_WITH_KNOTS('',1,(#2370,#2371),.UNSPECIFIED.,.F.,
  .F.,(2,2),(-9.690698604072,-3.917195912176),.PIECEWISE_BEZIER_KNOTS.);
#2370 = CARTESIAN_POINT('',(5.773502691896,-1.));
#2371 = CARTESIAN_POINT('',(0.,-1.));
#2372 = ( GEOMETRIC_REPRESENTATION_CONTEXT(2) 
PARAMETRIC_REPRESENTATION_CONTEXT() REPRESENTATION_CONTEXT('2D SPACE',''
  ) );
#2373 = FACE_BOUND('',#2374,.F.);
#2374 = EDGE_LOOP('',(#2375,#2403,#2429,#2455,#2481,#2507));
#2375 = ORIENTED_EDGE('',*,*,#2376,.T.);
#2376 = EDGE_CURVE('',#2377,#2379,#2381,.T.);
#2377 = VERTEX_POINT('',#2378);
#2378 = CARTESIAN_POINT('',(-5.,-7.736493607141,0.));
#2379 = VERTEX_POINT('',#2380);
#2380 = CARTESIAN_POINT('',(-5.,-1.962990915245,0.));
#2381 = SURFACE_CURVE('',#2382,(#2386,#2392),.PCURVE_S1.);
#2382 = LINE('',#2383,#2384);
#2383 = CARTESIAN_POINT('',(-5.,-29.23149545762,0.));
#2384 = VECTOR('',#2385,1.);
#2385 = DIRECTION('',(4.615110447321E-16,1.,-0.));
#2386 = PCURVE('',#100,#2387);
#2387 = DEFINITIONAL_REPRESENTATION('',(#2388),#2391);
#2388 = B_SPLINE_CURVE_WITH_KNOTS('',1,(#2389,#2390),.UNSPECIFIED.,.F.,
  .F.,(2,2),(21.495001850481,27.268504542378),.PIECEWISE_BEZIER_KNOTS.);
#2389 = CARTESIAN_POINT('',(26.,48.763506392859));
#2390 = CARTESIAN_POINT('',(26.,54.537009084755));
#2391 = ( GEOMETRIC_REPRESENTATION_CONTEXT(2) 
PARAMETRIC_REPRESENTATION_CONTEXT() REPRESENTATION_CONTEXT('2D SPACE',''
  ) );
#2392 = PCURVE('',#2393,#2398);
#2393 = PLANE('',#2394);
#2394 = AXIS2_PLACEMENT_3D('',#2395,#2396,#2397);
#2395 = CARTESIAN_POINT('',(-5.,-1.962990915245,-1.));
#2396 = DIRECTION('',(1.,-4.615110447321E-16,0.));
#2397 = DIRECTION('',(-4.615110447321E-16,-1.,0.));
#2398 = DEFINITIONAL_REPRESENTATION('',(#2399),#2402);
#2399 = B_SPLINE_CURVE_WITH_KNOTS('',1,(#2400,#2401),.UNSPECIFIED.,.F.,
  .F.,(2,2),(21.495001850481,27.268504542378),.PIECEWISE_BEZIER_KNOTS.);
#2400 = CARTESIAN_POINT('',(5.773502691896,-1.));
#2401 = CARTESIAN_POINT('',(0.,-1.));
#2402 = ( GEOMETRIC_REPRESENTATION_CONTEXT(2) 
PARAMETRIC_REPRESENTATION_CONTEXT() REPRESENTATION_CONTEXT('2D SPACE',''
  ) );
#2403 = ORIENTED_EDGE('',*,*,#2404,.T.);
#2404 = EDGE_CURVE('',#2379,#2405,#2407,.T.);
#2405 = VERTEX_POINT('',#2406);
#2406 = CARTESIAN_POINT('',(2.129881918975E-15,0.923760430703,0.));
#2407 = SURFACE_CURVE('',#2408,(#2412,#2418),.PCURVE_S1.);
#2408 = LINE('',#2409,#2410);
#2409 = CARTESIAN_POINT('',(-24.05760882845,-12.96590650246,
    1.110223024625E-16));
#2410 = VECTOR('',#2411,1.);
#2411 = DIRECTION('',(0.866025403784,0.5,-0.));
#2412 = PCURVE('',#100,#2413);
#2413 = DEFINITIONAL_REPRESENTATION('',(#2414),#2417);
#2414 = B_SPLINE_CURVE_WITH_KNOTS('',1,(#2415,#2416),.UNSPECIFIED.,.F.,
  .F.,(2,2),(22.005831174438,27.779333866335),.PIECEWISE_BEZIER_KNOTS.);
#2415 = CARTESIAN_POINT('',(26.,54.537009084755));
#2416 = CARTESIAN_POINT('',(31.,57.423760430703));
#2417 = ( GEOMETRIC_REPRESENTATION_CONTEXT(2) 
PARAMETRIC_REPRESENTATION_CONTEXT() REPRESENTATION_CONTEXT('2D SPACE',''
  ) );
#2418 = PCURVE('',#2419,#2424);
#2419 = PLANE('',#2420);
#2420 = AXIS2_PLACEMENT_3D('',#2421,#2422,#2423);
#2421 = CARTESIAN_POINT('',(2.129881918975E-15,0.923760430703,-1.));
#2422 = DIRECTION('',(0.5,-0.866025403784,0.));
#2423 = DIRECTION('',(-0.866025403784,-0.5,0.));
#2424 = DEFINITIONAL_REPRESENTATION('',(#2425),#2428);
#2425 = B_SPLINE_CURVE_WITH_KNOTS('',1,(#2426,#2427),.UNSPECIFIED.,.F.,
  .F.,(2,2),(22.005831174438,27.779333866335),.PIECEWISE_BEZIER_KNOTS.);
#2426 = CARTESIAN_POINT('',(5.773502691896,-1.));
#2427 = CARTESIAN_POINT('',(0.,-1.));
#2428 = ( GEOMETRIC_REPRESENTATION_CONTEXT(2) 
PARAMETRIC_REPRESENTATION_CONTEXT() REPRESENTATION_CONTEXT('2D SPACE',''
  ) );
#2429 = ORIENTED_EDGE('',*,*,#2430,.T.);
#2430 = EDGE_CURVE('',#2405,#2431,#2433,.T.);
#2431 = VERTEX_POINT('',#2432);
#2432 = CARTESIAN_POINT('',(5.,-1.962990915245,0.));
#2433 = SURFACE_CURVE('',#2434,(#2438,#2444),.PCURVE_S1.);
#2434 = LINE('',#2435,#2436);
#2435 = CARTESIAN_POINT('',(3.307608828455,-0.985888416779,
    1.110223024625E-16));
#2436 = VECTOR('',#2437,1.);
#2437 = DIRECTION('',(0.866025403784,-0.5,0.));
#2438 = PCURVE('',#100,#2439);
#2439 = DEFINITIONAL_REPRESENTATION('',(#2440),#2443);
#2440 = B_SPLINE_CURVE_WITH_KNOTS('',1,(#2441,#2442),.UNSPECIFIED.,.F.,
  .F.,(2,2),(-3.819297694965,1.954204996931),.PIECEWISE_BEZIER_KNOTS.);
#2441 = CARTESIAN_POINT('',(31.,57.423760430703));
#2442 = CARTESIAN_POINT('',(36.,54.537009084755));
#2443 = ( GEOMETRIC_REPRESENTATION_CONTEXT(2) 
PARAMETRIC_REPRESENTATION_CONTEXT() REPRESENTATION_CONTEXT('2D SPACE',''
  ) );
#2444 = PCURVE('',#2445,#2450);
#2445 = PLANE('',#2446);
#2446 = AXIS2_PLACEMENT_3D('',#2447,#2448,#2449);
#2447 = CARTESIAN_POINT('',(5.,-1.962990915245,-1.));
#2448 = DIRECTION('',(-0.5,-0.866025403784,0.));
#2449 = DIRECTION('',(-0.866025403784,0.5,0.));
#2450 = DEFINITIONAL_REPRESENTATION('',(#2451),#2454);
#2451 = B_SPLINE_CURVE_WITH_KNOTS('',1,(#2452,#2453),.UNSPECIFIED.,.F.,
  .F.,(2,2),(-3.819297694965,1.954204996931),.PIECEWISE_BEZIER_KNOTS.);
#2452 = CARTESIAN_POINT('',(5.773502691896,-1.));
#2453 = CARTESIAN_POINT('',(0.,-1.));
#2454 = ( GEOMETRIC_REPRESENTATION_CONTEXT(2) 
PARAMETRIC_REPRESENTATION_CONTEXT() REPRESENTATION_CONTEXT('2D SPACE',''
  ) );
#2455 = ORIENTED_EDGE('',*,*,#2456,.T.);
#2456 = EDGE_CURVE('',#2431,#2457,#2459,.T.);
#2457 = VERTEX_POINT('',#2458);
#2458 = CARTESIAN_POINT('',(5.,-7.736493607141,0.));
#2459 = SURFACE_CURVE('',#2460,(#2464,#2470),.PCURVE_S1.);
#2460 = LINE('',#2461,#2462);
#2461 = CARTESIAN_POINT('',(5.,-32.11824680357,0.));
#2462 = VECTOR('',#2463,1.);
#2463 = DIRECTION('',(-1.538370149107E-16,-1.,0.));
#2464 = PCURVE('',#100,#2465);
#2465 = DEFINITIONAL_REPRESENTATION('',(#2466),#2469);
#2466 = B_SPLINE_CURVE_WITH_KNOTS('',1,(#2467,#2468),.UNSPECIFIED.,.F.,
  .F.,(2,2),(-30.15525588832,-24.38175319643),.PIECEWISE_BEZIER_KNOTS.);
#2467 = CARTESIAN_POINT('',(36.,54.537009084755));
#2468 = CARTESIAN_POINT('',(36.,48.763506392859));
#2469 = ( GEOMETRIC_REPRESENTATION_CONTEXT(2) 
PARAMETRIC_REPRESENTATION_CONTEXT() REPRESENTATION_CONTEXT('2D SPACE',''
  ) );
#2470 = PCURVE('',#2471,#2476);
#2471 = PLANE('',#2472);
#2472 = AXIS2_PLACEMENT_3D('',#2473,#2474,#2475);
#2473 = CARTESIAN_POINT('',(5.,-7.736493607141,-1.));
#2474 = DIRECTION('',(-1.,1.538370149107E-16,0.));
#2475 = DIRECTION('',(1.538370149107E-16,1.,0.));
#2476 = DEFINITIONAL_REPRESENTATION('',(#2477),#2480);
#2477 = B_SPLINE_CURVE_WITH_KNOTS('',1,(#2478,#2479),.UNSPECIFIED.,.F.,
  .F.,(2,2),(-30.15525588832,-24.38175319643),.PIECEWISE_BEZIER_KNOTS.);
#2478 = CARTESIAN_POINT('',(5.773502691896,-1.));
#2479 = CARTESIAN_POINT('',(0.,-1.));
#2480 = ( GEOMETRIC_REPRESENTATION_CONTEXT(2) 
PARAMETRIC_REPRESENTATION_CONTEXT() REPRESENTATION_CONTEXT('2D SPACE',''
  ) );
#2481 = ORIENTED_EDGE('',*,*,#2482,.T.);
#2482 = EDGE_CURVE('',#2457,#2483,#2485,.T.);
#2483 = VERTEX_POINT('',#2484);
#2484 = CARTESIAN_POINT('',(7.157816006753E-16,-10.62324495308,0.));
#2485 = SURFACE_CURVE('',#2486,(#2490,#2496),.PCURVE_S1.);
#2486 = LINE('',#2487,#2488);
#2487 = CARTESIAN_POINT('',(-21.55760882845,-23.06953621328,0.));
#2488 = VECTOR('',#2489,1.);
#2489 = DIRECTION('',(-0.866025403784,-0.5,0.));
#2490 = PCURVE('',#100,#2491);
#2491 = DEFINITIONAL_REPRESENTATION('',(#2492),#2495);
#2492 = B_SPLINE_CURVE_WITH_KNOTS('',1,(#2493,#2494),.UNSPECIFIED.,.F.,
  .F.,(2,2),(-30.66608521228,-24.89258252038),.PIECEWISE_BEZIER_KNOTS.);
#2493 = CARTESIAN_POINT('',(36.,48.763506392859));
#2494 = CARTESIAN_POINT('',(31.,45.876755046911));
#2495 = ( GEOMETRIC_REPRESENTATION_CONTEXT(2) 
PARAMETRIC_REPRESENTATION_CONTEXT() REPRESENTATION_CONTEXT('2D SPACE',''
  ) );
#2496 = PCURVE('',#2497,#2502);
#2497 = PLANE('',#2498);
#2498 = AXIS2_PLACEMENT_3D('',#2499,#2500,#2501);
#2499 = CARTESIAN_POINT('',(7.157816006753E-16,-10.62324495308,-1.));
#2500 = DIRECTION('',(-0.5,0.866025403784,0.));
#2501 = DIRECTION('',(0.866025403784,0.5,0.));
#2502 = DEFINITIONAL_REPRESENTATION('',(#2503),#2506);
#2503 = B_SPLINE_CURVE_WITH_KNOTS('',1,(#2504,#2505),.UNSPECIFIED.,.F.,
  .F.,(2,2),(-30.66608521228,-24.89258252038),.PIECEWISE_BEZIER_KNOTS.);
#2504 = CARTESIAN_POINT('',(5.773502691896,-1.));
#2505 = CARTESIAN_POINT('',(0.,-1.));
#2506 = ( GEOMETRIC_REPRESENTATION_CONTEXT(2) 
PARAMETRIC_REPRESENTATION_CONTEXT() REPRESENTATION_CONTEXT('2D SPACE',''
  ) );
#2507 = ORIENTED_EDGE('',*,*,#2508,.T.);
#2508 = EDGE_CURVE('',#2483,#2377,#2509,.T.);
#2509 = SURFACE_CURVE('',#2510,(#2514,#2520),.PCURVE_S1.);
#2510 = LINE('',#2511,#2512);
#2511 = CARTESIAN_POINT('',(-4.192391171545,-8.20276678165,0.));
#2512 = VECTOR('',#2513,1.);
#2513 = DIRECTION('',(-0.866025403784,0.5,0.));
#2514 = PCURVE('',#100,#2515);
#2515 = DEFINITIONAL_REPRESENTATION('',(#2516),#2519);
#2516 = B_SPLINE_CURVE_WITH_KNOTS('',1,(#2517,#2518),.UNSPECIFIED.,.F.,
  .F.,(2,2),(-4.840956342879,0.932546349017),.PIECEWISE_BEZIER_KNOTS.);
#2517 = CARTESIAN_POINT('',(31.,45.876755046911));
#2518 = CARTESIAN_POINT('',(26.,48.763506392859));
#2519 = ( GEOMETRIC_REPRESENTATION_CONTEXT(2) 
PARAMETRIC_REPRESENTATION_CONTEXT() REPRESENTATION_CONTEXT('2D SPACE',''
  ) );
#2520 = PCURVE('',#2521,#2526);
#2521 = PLANE('',#2522);
#2522 = AXIS2_PLACEMENT_3D('',#2523,#2524,#2525);
#2523 = CARTESIAN_POINT('',(-5.,-7.736493607141,-1.));
#2524 = DIRECTION('',(0.5,0.866025403784,-0.));
#2525 = DIRECTION('',(0.866025403784,-0.5,0.));
#2526 = DEFINITIONAL_REPRESENTATION('',(#2527),#2530);
#2527 = B_SPLINE_CURVE_WITH_KNOTS('',1,(#2528,#2529),.UNSPECIFIED.,.F.,
  .F.,(2,2),(-4.840956342879,0.932546349017),.PIECEWISE_BEZIER_KNOTS.);
#2528 = CARTESIAN_POINT('',(5.773502691896,-1.));
#2529 = CARTESIAN_POINT('',(0.,-1.));
#2530 = ( GEOMETRIC_REPRESENTATION_CONTEXT(2) 
PARAMETRIC_REPRESENTATION_CONTEXT() REPRESENTATION_CONTEXT('2D SPACE',''
  ) );
#2531 = FACE_BOUND('',#2532,.F.);
#2532 = EDGE_LOOP('',(#2533,#2561,#2587,#2613,#2639,#2665));
#2533 = ORIENTED_EDGE('',*,*,#2534,.T.);
#2534 = EDGE_CURVE('',#2535,#2537,#2539,.T.);
#2535 = VERTEX_POINT('',#2536);
#2536 = CARTESIAN_POINT('',(11.8,-17.43597812952,0.));
#2537 = VERTEX_POINT('',#2538);
#2538 = CARTESIAN_POINT('',(11.8,-11.66247543763,0.));
#2539 = SURFACE_CURVE('',#2540,(#2544,#2550),.PCURVE_S1.);
#2540 = LINE('',#2541,#2542);
#2541 = CARTESIAN_POINT('',(11.8,-34.08123771881,0.));
#2542 = VECTOR('',#2543,1.);
#2543 = DIRECTION('',(4.615110447321E-16,1.,-0.));
#2544 = PCURVE('',#100,#2545);
#2545 = DEFINITIONAL_REPRESENTATION('',(#2546),#2549);
#2546 = B_SPLINE_CURVE_WITH_KNOTS('',1,(#2547,#2548),.UNSPECIFIED.,.F.,
  .F.,(2,2),(16.645259589289,22.418762281185),.PIECEWISE_BEZIER_KNOTS.);
#2547 = CARTESIAN_POINT('',(42.8,39.064021870473));
#2548 = CARTESIAN_POINT('',(42.8,44.83752456237));
#2549 = ( GEOMETRIC_REPRESENTATION_CONTEXT(2) 
PARAMETRIC_REPRESENTATION_CONTEXT() REPRESENTATION_CONTEXT('2D SPACE',''
  ) );
#2550 = PCURVE('',#2551,#2556);
#2551 = PLANE('',#2552);
#2552 = AXIS2_PLACEMENT_3D('',#2553,#2554,#2555);
#2553 = CARTESIAN_POINT('',(11.8,-11.66247543763,-1.));
#2554 = DIRECTION('',(1.,-4.615110447321E-16,0.));
#2555 = DIRECTION('',(-4.615110447321E-16,-1.,0.));
#2556 = DEFINITIONAL_REPRESENTATION('',(#2557),#2560);
#2557 = B_SPLINE_CURVE_WITH_KNOTS('',1,(#2558,#2559),.UNSPECIFIED.,.F.,
  .F.,(2,2),(16.645259589289,22.418762281185),.PIECEWISE_BEZIER_KNOTS.);
#2558 = CARTESIAN_POINT('',(5.773502691896,-1.));
#2559 = CARTESIAN_POINT('',(0.,-1.));
#2560 = ( GEOMETRIC_REPRESENTATION_CONTEXT(2) 
PARAMETRIC_REPRESENTATION_CONTEXT() REPRESENTATION_CONTEXT('2D SPACE',''
  ) );
#2561 = ORIENTED_EDGE('',*,*,#2562,.T.);
#2562 = EDGE_CURVE('',#2537,#2563,#2565,.T.);
#2563 = VERTEX_POINT('',#2564);
#2564 = CARTESIAN_POINT('',(16.8,-8.775724091682,0.));
#2565 = SURFACE_CURVE('',#2566,(#2570,#2576),.PCURVE_S1.);
#2566 = LINE('',#2567,#2568);
#2567 = CARTESIAN_POINT('',(-11.45760882845,-25.09026215544,
    1.110223024625E-16));
#2568 = VECTOR('',#2569,1.);
#2569 = DIRECTION('',(0.866025403784,0.5,-0.));
#2570 = PCURVE('',#100,#2571);
#2571 = DEFINITIONAL_REPRESENTATION('',(#2572),#2575);
#2572 = B_SPLINE_CURVE_WITH_KNOTS('',1,(#2573,#2574),.UNSPECIFIED.,.F.,
  .F.,(2,2),(26.855573435631,32.629076127528),.PIECEWISE_BEZIER_KNOTS.);
#2573 = CARTESIAN_POINT('',(42.8,44.83752456237));
#2574 = CARTESIAN_POINT('',(47.8,47.724275908318));
#2575 = ( GEOMETRIC_REPRESENTATION_CONTEXT(2) 
PARAMETRIC_REPRESENTATION_CONTEXT() REPRESENTATION_CONTEXT('2D SPACE',''
  ) );
#2576 = PCURVE('',#2577,#2582);
#2577 = PLANE('',#2578);
#2578 = AXIS2_PLACEMENT_3D('',#2579,#2580,#2581);
#2579 = CARTESIAN_POINT('',(16.8,-8.775724091682,-1.));
#2580 = DIRECTION('',(0.5,-0.866025403784,0.));
#2581 = DIRECTION('',(-0.866025403784,-0.5,0.));
#2582 = DEFINITIONAL_REPRESENTATION('',(#2583),#2586);
#2583 = B_SPLINE_CURVE_WITH_KNOTS('',1,(#2584,#2585),.UNSPECIFIED.,.F.,
  .F.,(2,2),(26.855573435631,32.629076127528),.PIECEWISE_BEZIER_KNOTS.);
#2584 = CARTESIAN_POINT('',(5.773502691896,-1.));
#2585 = CARTESIAN_POINT('',(0.,-1.));
#2586 = ( GEOMETRIC_REPRESENTATION_CONTEXT(2) 
PARAMETRIC_REPRESENTATION_CONTEXT() REPRESENTATION_CONTEXT('2D SPACE',''
  ) );
#2587 = ORIENTED_EDGE('',*,*,#2588,.T.);
#2588 = EDGE_CURVE('',#2563,#2589,#2591,.T.);
#2589 = VERTEX_POINT('',#2590);
#2590 = CARTESIAN_POINT('',(21.8,-11.66247543763,0.));
#2591 = SURFACE_CURVE('',#2592,(#2596,#2602),.PCURVE_S1.);
#2592 = LINE('',#2593,#2594);
#2593 = CARTESIAN_POINT('',(11.707608828455,-5.835630677972,
    1.110223024625E-16));
#2594 = VECTOR('',#2595,1.);
#2595 = DIRECTION('',(0.866025403784,-0.5,0.));
#2596 = PCURVE('',#100,#2597);
#2597 = DEFINITIONAL_REPRESENTATION('',(#2598),#2601);
#2598 = B_SPLINE_CURVE_WITH_KNOTS('',1,(#2599,#2600),.UNSPECIFIED.,.F.,
  .F.,(2,2),(5.880186827421,11.653689519317),.PIECEWISE_BEZIER_KNOTS.);
#2599 = CARTESIAN_POINT('',(47.8,47.724275908318));
#2600 = CARTESIAN_POINT('',(52.8,44.83752456237));
#2601 = ( GEOMETRIC_REPRESENTATION_CONTEXT(2) 
PARAMETRIC_REPRESENTATION_CONTEXT() REPRESENTATION_CONTEXT('2D SPACE',''
  ) );
#2602 = PCURVE('',#2603,#2608);
#2603 = PLANE('',#2604);
#2604 = AXIS2_PLACEMENT_3D('',#2605,#2606,#2607);
#2605 = CARTESIAN_POINT('',(21.8,-11.66247543763,-1.));
#2606 = DIRECTION('',(-0.5,-0.866025403784,0.));
#2607 = DIRECTION('',(-0.866025403784,0.5,0.));
#2608 = DEFINITIONAL_REPRESENTATION('',(#2609),#2612);
#2609 = B_SPLINE_CURVE_WITH_KNOTS('',1,(#2610,#2611),.UNSPECIFIED.,.F.,
  .F.,(2,2),(5.880186827421,11.653689519317),.PIECEWISE_BEZIER_KNOTS.);
#2610 = CARTESIAN_POINT('',(5.773502691896,-1.));
#2611 = CARTESIAN_POINT('',(0.,-1.));
#2612 = ( GEOMETRIC_REPRESENTATION_CONTEXT(2) 
PARAMETRIC_REPRESENTATION_CONTEXT() REPRESENTATION_CONTEXT('2D SPACE',''
  ) );
#2613 = ORIENTED_EDGE('',*,*,#2614,.T.);
#2614 = EDGE_CURVE('',#2589,#2615,#2617,.T.);
#2615 = VERTEX_POINT('',#2616);
#2616 = CARTESIAN_POINT('',(21.8,-17.43597812952,0.));
#2617 = SURFACE_CURVE('',#2618,(#2622,#2628),.PCURVE_S1.);
#2618 = LINE('',#2619,#2620);
#2619 = CARTESIAN_POINT('',(21.8,-36.96798906476,0.));
#2620 = VECTOR('',#2621,1.);
#2621 = DIRECTION('',(-1.538370149107E-16,-1.,0.));
#2622 = PCURVE('',#100,#2623);
#2623 = DEFINITIONAL_REPRESENTATION('',(#2624),#2627);
#2624 = B_SPLINE_CURVE_WITH_KNOTS('',1,(#2625,#2626),.UNSPECIFIED.,.F.,
  .F.,(2,2),(-25.30551362713,-19.53201093523),.PIECEWISE_BEZIER_KNOTS.);
#2625 = CARTESIAN_POINT('',(52.8,44.83752456237));
#2626 = CARTESIAN_POINT('',(52.8,39.064021870473));
#2627 = ( GEOMETRIC_REPRESENTATION_CONTEXT(2) 
PARAMETRIC_REPRESENTATION_CONTEXT() REPRESENTATION_CONTEXT('2D SPACE',''
  ) );
#2628 = PCURVE('',#2629,#2634);
#2629 = PLANE('',#2630);
#2630 = AXIS2_PLACEMENT_3D('',#2631,#2632,#2633);
#2631 = CARTESIAN_POINT('',(21.8,-17.43597812952,-1.));
#2632 = DIRECTION('',(-1.,1.538370149107E-16,0.));
#2633 = DIRECTION('',(1.538370149107E-16,1.,0.));
#2634 = DEFINITIONAL_REPRESENTATION('',(#2635),#2638);
#2635 = B_SPLINE_CURVE_WITH_KNOTS('',1,(#2636,#2637),.UNSPECIFIED.,.F.,
  .F.,(2,2),(-25.30551362713,-19.53201093523),.PIECEWISE_BEZIER_KNOTS.);
#2636 = CARTESIAN_POINT('',(5.773502691896,-1.));
#2637 = CARTESIAN_POINT('',(0.,-1.));
#2638 = ( GEOMETRIC_REPRESENTATION_CONTEXT(2) 
PARAMETRIC_REPRESENTATION_CONTEXT() REPRESENTATION_CONTEXT('2D SPACE',''
  ) );
#2639 = ORIENTED_EDGE('',*,*,#2640,.T.);
#2640 = EDGE_CURVE('',#2615,#2641,#2643,.T.);
#2641 = VERTEX_POINT('',#2642);
#2642 = CARTESIAN_POINT('',(16.8,-20.32272947547,0.));
#2643 = SURFACE_CURVE('',#2644,(#2648,#2654),.PCURVE_S1.);
#2644 = LINE('',#2645,#2646);
#2645 = CARTESIAN_POINT('',(-8.957608828455,-35.19389186626,0.));
#2646 = VECTOR('',#2647,1.);
#2647 = DIRECTION('',(-0.866025403784,-0.5,0.));
#2648 = PCURVE('',#100,#2649);
#2649 = DEFINITIONAL_REPRESENTATION('',(#2650),#2653);
#2650 = B_SPLINE_CURVE_WITH_KNOTS('',1,(#2651,#2652),.UNSPECIFIED.,.F.,
  .F.,(2,2),(-35.51582747347,-29.74232478157),.PIECEWISE_BEZIER_KNOTS.);
#2651 = CARTESIAN_POINT('',(52.8,39.064021870473));
#2652 = CARTESIAN_POINT('',(47.8,36.177270524525));
#2653 = ( GEOMETRIC_REPRESENTATION_CONTEXT(2) 
PARAMETRIC_REPRESENTATION_CONTEXT() REPRESENTATION_CONTEXT('2D SPACE',''
  ) );
#2654 = PCURVE('',#2655,#2660);
#2655 = PLANE('',#2656);
#2656 = AXIS2_PLACEMENT_3D('',#2657,#2658,#2659);
#2657 = CARTESIAN_POINT('',(16.8,-20.32272947547,-1.));
#2658 = DIRECTION('',(-0.5,0.866025403784,0.));
#2659 = DIRECTION('',(0.866025403784,0.5,0.));
#2660 = DEFINITIONAL_REPRESENTATION('',(#2661),#2664);
#2661 = B_SPLINE_CURVE_WITH_KNOTS('',1,(#2662,#2663),.UNSPECIFIED.,.F.,
  .F.,(2,2),(-35.51582747347,-29.74232478157),.PIECEWISE_BEZIER_KNOTS.);
#2662 = CARTESIAN_POINT('',(5.773502691896,-1.));
#2663 = CARTESIAN_POINT('',(0.,-1.));
#2664 = ( GEOMETRIC_REPRESENTATION_CONTEXT(2) 
PARAMETRIC_REPRESENTATION_CONTEXT() REPRESENTATION_CONTEXT('2D SPACE',''
  ) );
#2665 = ORIENTED_EDGE('',*,*,#2666,.T.);
#2666 = EDGE_CURVE('',#2641,#2535,#2667,.T.);
#2667 = SURFACE_CURVE('',#2668,(#2672,#2678),.PCURVE_S1.);
#2668 = LINE('',#2669,#2670);
#2669 = CARTESIAN_POINT('',(4.207608828455,-13.05250904284,0.));
#2670 = VECTOR('',#2671,1.);
#2671 = DIRECTION('',(-0.866025403784,0.5,0.));
#2672 = PCURVE('',#100,#2673);
#2673 = DEFINITIONAL_REPRESENTATION('',(#2674),#2677);
#2674 = B_SPLINE_CURVE_WITH_KNOTS('',1,(#2675,#2676),.UNSPECIFIED.,.F.,
  .F.,(2,2),(-14.54044086526,-8.766938173369),.PIECEWISE_BEZIER_KNOTS.);
#2675 = CARTESIAN_POINT('',(47.8,36.177270524525));
#2676 = CARTESIAN_POINT('',(42.8,39.064021870473));
#2677 = ( GEOMETRIC_REPRESENTATION_CONTEXT(2) 
PARAMETRIC_REPRESENTATION_CONTEXT() REPRESENTATION_CONTEXT('2D SPACE',''
  ) );
#2678 = PCURVE('',#2679,#2684);
#2679 = PLANE('',#2680);
#2680 = AXIS2_PLACEMENT_3D('',#2681,#2682,#2683);
#2681 = CARTESIAN_POINT('',(11.8,-17.43597812952,-1.));
#2682 = DIRECTION('',(0.5,0.866025403784,-0.));
#2683 = DIRECTION('',(0.866025403784,-0.5,0.));
#2684 = DEFINITIONAL_REPRESENTATION('',(#2685),#2688);
#2685 = B_SPLINE_CURVE_WITH_KNOTS('',1,(#2686,#2687),.UNSPECIFIED.,.F.,
  .F.,(2,2),(-14.54044086526,-8.766938173369),.PIECEWISE_BEZIER_KNOTS.);
#2686 = CARTESIAN_POINT('',(5.773502691896,-1.));
#2687 = CARTESIAN_POINT('',(0.,-1.));
#2688 = ( GEOMETRIC_REPRESENTATION_CONTEXT(2) 
PARAMETRIC_REPRESENTATION_CONTEXT() REPRESENTATION_CONTEXT('2D SPACE',''
  ) );
#2689 = FACE_BOUND('',#2690,.F.);
#2690 = EDGE_LOOP('',(#2691,#2719,#2745,#2771,#2797,#2823));
#2691 = ORIENTED_EDGE('',*,*,#2692,.T.);
#2692 = EDGE_CURVE('',#2693,#2695,#2697,.T.);
#2693 = VERTEX_POINT('',#2694);
#2694 = CARTESIAN_POINT('',(6.2,-7.736493607141,0.));
#2695 = VERTEX_POINT('',#2696);
#2696 = CARTESIAN_POINT('',(6.2,-1.962990915245,0.));
#2697 = SURFACE_CURVE('',#2698,(#2702,#2708),.PCURVE_S1.);
#2698 = LINE('',#2699,#2700);
#2699 = CARTESIAN_POINT('',(6.2,-29.23149545762,0.));
#2700 = VECTOR('',#2701,1.);
#2701 = DIRECTION('',(4.615110447321E-16,1.,-0.));
#2702 = PCURVE('',#100,#2703);
#2703 = DEFINITIONAL_REPRESENTATION('',(#2704),#2707);
#2704 = B_SPLINE_CURVE_WITH_KNOTS('',1,(#2705,#2706),.UNSPECIFIED.,.F.,
  .F.,(2,2),(21.495001850481,27.268504542378),.PIECEWISE_BEZIER_KNOTS.);
#2705 = CARTESIAN_POINT('',(37.2,48.763506392859));
#2706 = CARTESIAN_POINT('',(37.2,54.537009084755));
#2707 = ( GEOMETRIC_REPRESENTATION_CONTEXT(2) 
PARAMETRIC_REPRESENTATION_CONTEXT() REPRESENTATION_CONTEXT('2D SPACE',''
  ) );
#2708 = PCURVE('',#2709,#2714);
#2709 = PLANE('',#2710);
#2710 = AXIS2_PLACEMENT_3D('',#2711,#2712,#2713);
#2711 = CARTESIAN_POINT('',(6.2,-1.962990915245,-1.));
#2712 = DIRECTION('',(1.,-4.615110447321E-16,0.));
#2713 = DIRECTION('',(-4.615110447321E-16,-1.,0.));
#2714 = DEFINITIONAL_REPRESENTATION('',(#2715),#2718);
#2715 = B_SPLINE_CURVE_WITH_KNOTS('',1,(#2716,#2717),.UNSPECIFIED.,.F.,
  .F.,(2,2),(21.495001850481,27.268504542378),.PIECEWISE_BEZIER_KNOTS.);
#2716 = CARTESIAN_POINT('',(5.773502691896,-1.));
#2717 = CARTESIAN_POINT('',(0.,-1.));
#2718 = ( GEOMETRIC_REPRESENTATION_CONTEXT(2) 
PARAMETRIC_REPRESENTATION_CONTEXT() REPRESENTATION_CONTEXT('2D SPACE',''
  ) );
#2719 = ORIENTED_EDGE('',*,*,#2720,.T.);
#2720 = EDGE_CURVE('',#2695,#2721,#2723,.T.);
#2721 = VERTEX_POINT('',#2722);
#2722 = CARTESIAN_POINT('',(11.2,0.923760430703,0.));
#2723 = SURFACE_CURVE('',#2724,(#2728,#2734),.PCURVE_S1.);
#2724 = LINE('',#2725,#2726);
#2725 = CARTESIAN_POINT('',(-17.05760882845,-15.39077763306,
    1.110223024625E-16));
#2726 = VECTOR('',#2727,1.);
#2727 = DIRECTION('',(0.866025403784,0.5,-0.));
#2728 = PCURVE('',#100,#2729);
#2729 = DEFINITIONAL_REPRESENTATION('',(#2730),#2733);
#2730 = B_SPLINE_CURVE_WITH_KNOTS('',1,(#2731,#2732),.UNSPECIFIED.,.F.,
  .F.,(2,2),(26.855573435631,32.629076127528),.PIECEWISE_BEZIER_KNOTS.);
#2731 = CARTESIAN_POINT('',(37.2,54.537009084755));
#2732 = CARTESIAN_POINT('',(42.2,57.423760430703));
#2733 = ( GEOMETRIC_REPRESENTATION_CONTEXT(2) 
PARAMETRIC_REPRESENTATION_CONTEXT() REPRESENTATION_CONTEXT('2D SPACE',''
  ) );
#2734 = PCURVE('',#2735,#2740);
#2735 = PLANE('',#2736);
#2736 = AXIS2_PLACEMENT_3D('',#2737,#2738,#2739);
#2737 = CARTESIAN_POINT('',(11.2,0.923760430703,-1.));
#2738 = DIRECTION('',(0.5,-0.866025403784,0.));
#2739 = DIRECTION('',(-0.866025403784,-0.5,0.));
#2740 = DEFINITIONAL_REPRESENTATION('',(#2741),#2744);
#2741 = B_SPLINE_CURVE_WITH_KNOTS('',1,(#2742,#2743),.UNSPECIFIED.,.F.,
  .F.,(2,2),(26.855573435631,32.629076127528),.PIECEWISE_BEZIER_KNOTS.);
#2742 = CARTESIAN_POINT('',(5.773502691896,-1.));
#2743 = CARTESIAN_POINT('',(0.,-1.));
#2744 = ( GEOMETRIC_REPRESENTATION_CONTEXT(2) 
PARAMETRIC_REPRESENTATION_CONTEXT() REPRESENTATION_CONTEXT('2D SPACE',''
  ) );
#2745 = ORIENTED_EDGE('',*,*,#2746,.T.);
#2746 = EDGE_CURVE('',#2721,#2747,#2749,.T.);
#2747 = VERTEX_POINT('',#2748);
#2748 = CARTESIAN_POINT('',(16.2,-1.962990915245,0.));
#2749 = SURFACE_CURVE('',#2750,(#2754,#2760),.PCURVE_S1.);
#2750 = LINE('',#2751,#2752);
#2751 = CARTESIAN_POINT('',(10.307608828455,1.438982713817,
    1.110223024625E-16));
#2752 = VECTOR('',#2753,1.);
#2753 = DIRECTION('',(0.866025403784,-0.5,0.));
#2754 = PCURVE('',#100,#2755);
#2755 = DEFINITIONAL_REPRESENTATION('',(#2756),#2759);
#2756 = B_SPLINE_CURVE_WITH_KNOTS('',1,(#2757,#2758),.UNSPECIFIED.,.F.,
  .F.,(2,2),(1.030444566228,6.803947258124),.PIECEWISE_BEZIER_KNOTS.);
#2757 = CARTESIAN_POINT('',(42.2,57.423760430703));
#2758 = CARTESIAN_POINT('',(47.2,54.537009084755));
#2759 = ( GEOMETRIC_REPRESENTATION_CONTEXT(2) 
PARAMETRIC_REPRESENTATION_CONTEXT() REPRESENTATION_CONTEXT('2D SPACE',''
  ) );
#2760 = PCURVE('',#2761,#2766);
#2761 = PLANE('',#2762);
#2762 = AXIS2_PLACEMENT_3D('',#2763,#2764,#2765);
#2763 = CARTESIAN_POINT('',(16.2,-1.962990915245,-1.));
#2764 = DIRECTION('',(-0.5,-0.866025403784,0.));
#2765 = DIRECTION('',(-0.866025403784,0.5,0.));
#2766 = DEFINITIONAL_REPRESENTATION('',(#2767),#2770);
#2767 = B_SPLINE_CURVE_WITH_KNOTS('',1,(#2768,#2769),.UNSPECIFIED.,.F.,
  .F.,(2,2),(1.030444566228,6.803947258124),.PIECEWISE_BEZIER_KNOTS.);
#2768 = CARTESIAN_POINT('',(5.773502691896,-1.));
#2769 = CARTESIAN_POINT('',(0.,-1.));
#2770 = ( GEOMETRIC_REPRESENTATION_CONTEXT(2) 
PARAMETRIC_REPRESENTATION_CONTEXT() REPRESENTATION_CONTEXT('2D SPACE',''
  ) );
#2771 = ORIENTED_EDGE('',*,*,#2772,.T.);
#2772 = EDGE_CURVE('',#2747,#2773,#2775,.T.);
#2773 = VERTEX_POINT('',#2774);
#2774 = CARTESIAN_POINT('',(16.2,-7.736493607141,0.));
#2775 = SURFACE_CURVE('',#2776,(#2780,#2786),.PCURVE_S1.);
#2776 = LINE('',#2777,#2778);
#2777 = CARTESIAN_POINT('',(16.2,-32.11824680357,0.));
#2778 = VECTOR('',#2779,1.);
#2779 = DIRECTION('',(-1.538370149107E-16,-1.,0.));
#2780 = PCURVE('',#100,#2781);
#2781 = DEFINITIONAL_REPRESENTATION('',(#2782),#2785);
#2782 = B_SPLINE_CURVE_WITH_KNOTS('',1,(#2783,#2784),.UNSPECIFIED.,.F.,
  .F.,(2,2),(-30.15525588832,-24.38175319643),.PIECEWISE_BEZIER_KNOTS.);
#2783 = CARTESIAN_POINT('',(47.2,54.537009084755));
#2784 = CARTESIAN_POINT('',(47.2,48.763506392859));
#2785 = ( GEOMETRIC_REPRESENTATION_CONTEXT(2) 
PARAMETRIC_REPRESENTATION_CONTEXT() REPRESENTATION_CONTEXT('2D SPACE',''
  ) );
#2786 = PCURVE('',#2787,#2792);
#2787 = PLANE('',#2788);
#2788 = AXIS2_PLACEMENT_3D('',#2789,#2790,#2791);
#2789 = CARTESIAN_POINT('',(16.2,-7.736493607141,-1.));
#2790 = DIRECTION('',(-1.,1.538370149107E-16,0.));
#2791 = DIRECTION('',(1.538370149107E-16,1.,0.));
#2792 = DEFINITIONAL_REPRESENTATION('',(#2793),#2796);
#2793 = B_SPLINE_CURVE_WITH_KNOTS('',1,(#2794,#2795),.UNSPECIFIED.,.F.,
  .F.,(2,2),(-30.15525588832,-24.38175319643),.PIECEWISE_BEZIER_KNOTS.);
#2794 = CARTESIAN_POINT('',(5.773502691896,-1.));
#2795 = CARTESIAN_POINT('',(0.,-1.));
#2796 = ( GEOMETRIC_REPRESENTATION_CONTEXT(2) 
PARAMETRIC_REPRESENTATION_CONTEXT() REPRESENTATION_CONTEXT('2D SPACE',''
  ) );
#2797 = ORIENTED_EDGE('',*,*,#2798,.T.);
#2798 = EDGE_CURVE('',#2773,#2799,#2801,.T.);
#2799 = VERTEX_POINT('',#2800);
#2800 = CARTESIAN_POINT('',(11.2,-10.62324495308,0.));
#2801 = SURFACE_CURVE('',#2802,(#2806,#2812),.PCURVE_S1.);
#2802 = LINE('',#2803,#2804);
#2803 = CARTESIAN_POINT('',(-14.55760882845,-25.49440734387,0.));
#2804 = VECTOR('',#2805,1.);
#2805 = DIRECTION('',(-0.866025403784,-0.5,0.));
#2806 = PCURVE('',#100,#2807);
#2807 = DEFINITIONAL_REPRESENTATION('',(#2808),#2811);
#2808 = B_SPLINE_CURVE_WITH_KNOTS('',1,(#2809,#2810),.UNSPECIFIED.,.F.,
  .F.,(2,2),(-35.51582747347,-29.74232478157),.PIECEWISE_BEZIER_KNOTS.);
#2809 = CARTESIAN_POINT('',(47.2,48.763506392859));
#2810 = CARTESIAN_POINT('',(42.2,45.876755046911));
#2811 = ( GEOMETRIC_REPRESENTATION_CONTEXT(2) 
PARAMETRIC_REPRESENTATION_CONTEXT() REPRESENTATION_CONTEXT('2D SPACE',''
  ) );
#2812 = PCURVE('',#2813,#2818);
#2813 = PLANE('',#2814);
#2814 = AXIS2_PLACEMENT_3D('',#2815,#2816,#2817);
#2815 = CARTESIAN_POINT('',(11.2,-10.62324495308,-1.));
#2816 = DIRECTION('',(-0.5,0.866025403784,0.));
#2817 = DIRECTION('',(0.866025403784,0.5,0.));
#2818 = DEFINITIONAL_REPRESENTATION('',(#2819),#2822);
#2819 = B_SPLINE_CURVE_WITH_KNOTS('',1,(#2820,#2821),.UNSPECIFIED.,.F.,
  .F.,(2,2),(-35.51582747347,-29.74232478157),.PIECEWISE_BEZIER_KNOTS.);
#2820 = CARTESIAN_POINT('',(5.773502691896,-1.));
#2821 = CARTESIAN_POINT('',(0.,-1.));
#2822 = ( GEOMETRIC_REPRESENTATION_CONTEXT(2) 
PARAMETRIC_REPRESENTATION_CONTEXT() REPRESENTATION_CONTEXT('2D SPACE',''
  ) );
#2823 = ORIENTED_EDGE('',*,*,#2824,.T.);
#2824 = EDGE_CURVE('',#2799,#2693,#2825,.T.);
#2825 = SURFACE_CURVE('',#2826,(#2830,#2836),.PCURVE_S1.);
#2826 = LINE('',#2827,#2828);
#2827 = CARTESIAN_POINT('',(2.807608828455,-5.777895651053,0.));
#2828 = VECTOR('',#2829,1.);
#2829 = DIRECTION('',(-0.866025403784,0.5,0.));
#2830 = PCURVE('',#100,#2831);
#2831 = DEFINITIONAL_REPRESENTATION('',(#2832),#2835);
#2832 = B_SPLINE_CURVE_WITH_KNOTS('',1,(#2833,#2834),.UNSPECIFIED.,.F.,
  .F.,(2,2),(-9.690698604072,-3.917195912176),.PIECEWISE_BEZIER_KNOTS.);
#2833 = CARTESIAN_POINT('',(42.2,45.876755046911));
#2834 = CARTESIAN_POINT('',(37.2,48.763506392859));
#2835 = ( GEOMETRIC_REPRESENTATION_CONTEXT(2) 
PARAMETRIC_REPRESENTATION_CONTEXT() REPRESENTATION_CONTEXT('2D SPACE',''
  ) );
#2836 = PCURVE('',#2837,#2842);
#2837 = PLANE('',#2838);
#2838 = AXIS2_PLACEMENT_3D('',#2839,#2840,#2841);
#2839 = CARTESIAN_POINT('',(6.2,-7.736493607141,-1.));
#2840 = DIRECTION('',(0.5,0.866025403784,-0.));
#2841 = DIRECTION('',(0.866025403784,-0.5,0.));
#2842 = DEFINITIONAL_REPRESENTATION('',(#2843),#2846);
#2843 = B_SPLINE_CURVE_WITH_KNOTS('',1,(#2844,#2845),.UNSPECIFIED.,.F.,
  .F.,(2,2),(-9.690698604072,-3.917195912176),.PIECEWISE_BEZIER_KNOTS.);
#2844 = CARTESIAN_POINT('',(5.773502691896,-1.));
#2845 = CARTESIAN_POINT('',(0.,-1.));
#2846 = ( GEOMETRIC_REPRESENTATION_CONTEXT(2) 
PARAMETRIC_REPRESENTATION_CONTEXT() REPRESENTATION_CONTEXT('2D SPACE',''
  ) );
#2847 = FACE_BOUND('',#2848,.F.);
#2848 = EDGE_LOOP('',(#2849,#2877,#2903,#2929,#2955,#2981));
#2849 = ORIENTED_EDGE('',*,*,#2850,.T.);
#2850 = EDGE_CURVE('',#2851,#2853,#2855,.T.);
#2851 = VERTEX_POINT('',#2852);
#2852 = CARTESIAN_POINT('',(-21.8,1.962990915245,0.));
#2853 = VERTEX_POINT('',#2854);
#2854 = CARTESIAN_POINT('',(-21.8,7.736493607141,0.));
#2855 = SURFACE_CURVE('',#2856,(#2860,#2866),.PCURVE_S1.);
#2856 = LINE('',#2857,#2858);
#2857 = CARTESIAN_POINT('',(-21.8,-24.38175319643,0.));
#2858 = VECTOR('',#2859,1.);
#2859 = DIRECTION('',(4.615110447321E-16,1.,-0.));
#2860 = PCURVE('',#100,#2861);
#2861 = DEFINITIONAL_REPRESENTATION('',(#2862),#2865);
#2862 = B_SPLINE_CURVE_WITH_KNOTS('',1,(#2863,#2864),.UNSPECIFIED.,.F.,
  .F.,(2,2),(26.344744111674,32.11824680357),.PIECEWISE_BEZIER_KNOTS.);
#2863 = CARTESIAN_POINT('',(9.2,58.462990915245));
#2864 = CARTESIAN_POINT('',(9.2,64.236493607141));
#2865 = ( GEOMETRIC_REPRESENTATION_CONTEXT(2) 
PARAMETRIC_REPRESENTATION_CONTEXT() REPRESENTATION_CONTEXT('2D SPACE',''
  ) );
#2866 = PCURVE('',#2867,#2872);
#2867 = PLANE('',#2868);
#2868 = AXIS2_PLACEMENT_3D('',#2869,#2870,#2871);
#2869 = CARTESIAN_POINT('',(-21.8,7.736493607141,-1.));
#2870 = DIRECTION('',(1.,-4.615110447321E-16,0.));
#2871 = DIRECTION('',(-4.615110447321E-16,-1.,0.));
#2872 = DEFINITIONAL_REPRESENTATION('',(#2873),#2876);
#2873 = B_SPLINE_CURVE_WITH_KNOTS('',1,(#2874,#2875),.UNSPECIFIED.,.F.,
  .F.,(2,2),(26.344744111674,32.11824680357),.PIECEWISE_BEZIER_KNOTS.);
#2874 = CARTESIAN_POINT('',(5.773502691896,-1.));
#2875 = CARTESIAN_POINT('',(0.,-1.));
#2876 = ( GEOMETRIC_REPRESENTATION_CONTEXT(2) 
PARAMETRIC_REPRESENTATION_CONTEXT() REPRESENTATION_CONTEXT('2D SPACE',''
  ) );
#2877 = ORIENTED_EDGE('',*,*,#2878,.T.);
#2878 = EDGE_CURVE('',#2853,#2879,#2881,.T.);
#2879 = VERTEX_POINT('',#2880);
#2880 = CARTESIAN_POINT('',(-16.8,10.623244953089,0.));
#2881 = SURFACE_CURVE('',#2882,(#2886,#2892),.PCURVE_S1.);
#2882 = LINE('',#2883,#2884);
#2883 = CARTESIAN_POINT('',(-36.65760882845,-0.841550849482,
    1.110223024625E-16));
#2884 = VECTOR('',#2885,1.);
#2885 = DIRECTION('',(0.866025403784,0.5,-0.));
#2886 = PCURVE('',#100,#2887);
#2887 = DEFINITIONAL_REPRESENTATION('',(#2888),#2891);
#2888 = B_SPLINE_CURVE_WITH_KNOTS('',1,(#2889,#2890),.UNSPECIFIED.,.F.,
  .F.,(2,2),(17.156088913246,22.929591605142),.PIECEWISE_BEZIER_KNOTS.);
#2889 = CARTESIAN_POINT('',(9.2,64.236493607141));
#2890 = CARTESIAN_POINT('',(14.2,67.123244953089));
#2891 = ( GEOMETRIC_REPRESENTATION_CONTEXT(2) 
PARAMETRIC_REPRESENTATION_CONTEXT() REPRESENTATION_CONTEXT('2D SPACE',''
  ) );
#2892 = PCURVE('',#2893,#2898);
#2893 = PLANE('',#2894);
#2894 = AXIS2_PLACEMENT_3D('',#2895,#2896,#2897);
#2895 = CARTESIAN_POINT('',(-16.8,10.623244953089,-1.));
#2896 = DIRECTION('',(0.5,-0.866025403784,0.));
#2897 = DIRECTION('',(-0.866025403784,-0.5,0.));
#2898 = DEFINITIONAL_REPRESENTATION('',(#2899),#2902);
#2899 = B_SPLINE_CURVE_WITH_KNOTS('',1,(#2900,#2901),.UNSPECIFIED.,.F.,
  .F.,(2,2),(17.156088913246,22.929591605142),.PIECEWISE_BEZIER_KNOTS.);
#2900 = CARTESIAN_POINT('',(5.773502691896,-1.));
#2901 = CARTESIAN_POINT('',(0.,-1.));
#2902 = ( GEOMETRIC_REPRESENTATION_CONTEXT(2) 
PARAMETRIC_REPRESENTATION_CONTEXT() REPRESENTATION_CONTEXT('2D SPACE',''
  ) );
#2903 = ORIENTED_EDGE('',*,*,#2904,.T.);
#2904 = EDGE_CURVE('',#2879,#2905,#2907,.T.);
#2905 = VERTEX_POINT('',#2906);
#2906 = CARTESIAN_POINT('',(-11.8,7.736493607141,0.));
#2907 = SURFACE_CURVE('',#2908,(#2912,#2918),.PCURVE_S1.);
#2908 = LINE('',#2909,#2910);
#2909 = CARTESIAN_POINT('',(-5.092391171545,3.863853844414,
    1.110223024625E-16));
#2910 = VECTOR('',#2911,1.);
#2911 = DIRECTION('',(0.866025403784,-0.5,0.));
#2912 = PCURVE('',#100,#2913);
#2913 = DEFINITIONAL_REPRESENTATION('',(#2914),#2917);
#2914 = B_SPLINE_CURVE_WITH_KNOTS('',1,(#2915,#2916),.UNSPECIFIED.,.F.,
  .F.,(2,2),(-13.51878221735,-7.745279525455),.PIECEWISE_BEZIER_KNOTS.);
#2915 = CARTESIAN_POINT('',(14.2,67.123244953089));
#2916 = CARTESIAN_POINT('',(19.2,64.236493607141));
#2917 = ( GEOMETRIC_REPRESENTATION_CONTEXT(2) 
PARAMETRIC_REPRESENTATION_CONTEXT() REPRESENTATION_CONTEXT('2D SPACE',''
  ) );
#2918 = PCURVE('',#2919,#2924);
#2919 = PLANE('',#2920);
#2920 = AXIS2_PLACEMENT_3D('',#2921,#2922,#2923);
#2921 = CARTESIAN_POINT('',(-11.8,7.736493607141,-1.));
#2922 = DIRECTION('',(-0.5,-0.866025403784,0.));
#2923 = DIRECTION('',(-0.866025403784,0.5,0.));
#2924 = DEFINITIONAL_REPRESENTATION('',(#2925),#2928);
#2925 = B_SPLINE_CURVE_WITH_KNOTS('',1,(#2926,#2927),.UNSPECIFIED.,.F.,
  .F.,(2,2),(-13.51878221735,-7.745279525455),.PIECEWISE_BEZIER_KNOTS.);
#2926 = CARTESIAN_POINT('',(5.773502691896,-1.));
#2927 = CARTESIAN_POINT('',(0.,-1.));
#2928 = ( GEOMETRIC_REPRESENTATION_CONTEXT(2) 
PARAMETRIC_REPRESENTATION_CONTEXT() REPRESENTATION_CONTEXT('2D SPACE',''
  ) );
#2929 = ORIENTED_EDGE('',*,*,#2930,.T.);
#2930 = EDGE_CURVE('',#2905,#2931,#2933,.T.);
#2931 = VERTEX_POINT('',#2932);
#2932 = CARTESIAN_POINT('',(-11.8,1.962990915245,0.));
#2933 = SURFACE_CURVE('',#2934,(#2938,#2944),.PCURVE_S1.);
#2934 = LINE('',#2935,#2936);
#2935 = CARTESIAN_POINT('',(-11.8,-27.26850454237,0.));
#2936 = VECTOR('',#2937,1.);
#2937 = DIRECTION('',(-1.538370149107E-16,-1.,0.));
#2938 = PCURVE('',#100,#2939);
#2939 = DEFINITIONAL_REPRESENTATION('',(#2940),#2943);
#2940 = B_SPLINE_CURVE_WITH_KNOTS('',1,(#2941,#2942),.UNSPECIFIED.,.F.,
  .F.,(2,2),(-35.00499814951,-29.23149545762),.PIECEWISE_BEZIER_KNOTS.);
#2941 = CARTESIAN_POINT('',(19.2,64.236493607141));
#2942 = CARTESIAN_POINT('',(19.2,58.462990915245));
#2943 = ( GEOMETRIC_REPRESENTATION_CONTEXT(2) 
PARAMETRIC_REPRESENTATION_CONTEXT() REPRESENTATION_CONTEXT('2D SPACE',''
  ) );
#2944 = PCURVE('',#2945,#2950);
#2945 = PLANE('',#2946);
#2946 = AXIS2_PLACEMENT_3D('',#2947,#2948,#2949);
#2947 = CARTESIAN_POINT('',(-11.8,1.962990915245,-1.));
#2948 = DIRECTION('',(-1.,1.538370149107E-16,0.));
#2949 = DIRECTION('',(1.538370149107E-16,1.,0.));
#2950 = DEFINITIONAL_REPRESENTATION('',(#2951),#2954);
#2951 = B_SPLINE_CURVE_WITH_KNOTS('',1,(#2952,#2953),.UNSPECIFIED.,.F.,
  .F.,(2,2),(-35.00499814951,-29.23149545762),.PIECEWISE_BEZIER_KNOTS.);
#2952 = CARTESIAN_POINT('',(5.773502691896,-1.));
#2953 = CARTESIAN_POINT('',(0.,-1.));
#2954 = ( GEOMETRIC_REPRESENTATION_CONTEXT(2) 
PARAMETRIC_REPRESENTATION_CONTEXT() REPRESENTATION_CONTEXT('2D SPACE',''
  ) );
#2955 = ORIENTED_EDGE('',*,*,#2956,.T.);
#2956 = EDGE_CURVE('',#2931,#2957,#2959,.T.);
#2957 = VERTEX_POINT('',#2958);
#2958 = CARTESIAN_POINT('',(-16.8,-0.923760430703,0.));
#2959 = SURFACE_CURVE('',#2960,(#2964,#2970),.PCURVE_S1.);
#2960 = LINE('',#2961,#2962);
#2961 = CARTESIAN_POINT('',(-34.15760882845,-10.9451805603,0.));
#2962 = VECTOR('',#2963,1.);
#2963 = DIRECTION('',(-0.866025403784,-0.5,0.));
#2964 = PCURVE('',#100,#2965);
#2965 = DEFINITIONAL_REPRESENTATION('',(#2966),#2969);
#2966 = B_SPLINE_CURVE_WITH_KNOTS('',1,(#2967,#2968),.UNSPECIFIED.,.F.,
  .F.,(2,2),(-25.81634295109,-20.04284025919),.PIECEWISE_BEZIER_KNOTS.);
#2967 = CARTESIAN_POINT('',(19.2,58.462990915245));
#2968 = CARTESIAN_POINT('',(14.2,55.576239569297));
#2969 = ( GEOMETRIC_REPRESENTATION_CONTEXT(2) 
PARAMETRIC_REPRESENTATION_CONTEXT() REPRESENTATION_CONTEXT('2D SPACE',''
  ) );
#2970 = PCURVE('',#2971,#2976);
#2971 = PLANE('',#2972);
#2972 = AXIS2_PLACEMENT_3D('',#2973,#2974,#2975);
#2973 = CARTESIAN_POINT('',(-16.8,-0.923760430703,-1.));
#2974 = DIRECTION('',(-0.5,0.866025403784,0.));
#2975 = DIRECTION('',(0.866025403784,0.5,0.));
#2976 = DEFINITIONAL_REPRESENTATION('',(#2977),#2980);
#2977 = B_SPLINE_CURVE_WITH_KNOTS('',1,(#2978,#2979),.UNSPECIFIED.,.F.,
  .F.,(2,2),(-25.81634295109,-20.04284025919),.PIECEWISE_BEZIER_KNOTS.);
#2978 = CARTESIAN_POINT('',(5.773502691896,-1.));
#2979 = CARTESIAN_POINT('',(0.,-1.));
#2980 = ( GEOMETRIC_REPRESENTATION_CONTEXT(2) 
PARAMETRIC_REPRESENTATION_CONTEXT() REPRESENTATION_CONTEXT('2D SPACE',''
  ) );
#2981 = ORIENTED_EDGE('',*,*,#2982,.T.);
#2982 = EDGE_CURVE('',#2957,#2851,#2983,.T.);
#2983 = SURFACE_CURVE('',#2984,(#2988,#2994),.PCURVE_S1.);
#2984 = LINE('',#2985,#2986);
#2985 = CARTESIAN_POINT('',(-12.59239117154,-3.353024520457,0.));
#2986 = VECTOR('',#2987,1.);
#2987 = DIRECTION('',(-0.866025403784,0.5,0.));
#2988 = PCURVE('',#100,#2989);
#2989 = DEFINITIONAL_REPRESENTATION('',(#2990),#2993);
#2990 = B_SPLINE_CURVE_WITH_KNOTS('',1,(#2991,#2992),.UNSPECIFIED.,.F.,
  .F.,(2,2),(4.858528179507,10.632030871403),.PIECEWISE_BEZIER_KNOTS.);
#2991 = CARTESIAN_POINT('',(14.2,55.576239569297));
#2992 = CARTESIAN_POINT('',(9.2,58.462990915245));
#2993 = ( GEOMETRIC_REPRESENTATION_CONTEXT(2) 
PARAMETRIC_REPRESENTATION_CONTEXT() REPRESENTATION_CONTEXT('2D SPACE',''
  ) );
#2994 = PCURVE('',#2995,#3000);
#2995 = PLANE('',#2996);
#2996 = AXIS2_PLACEMENT_3D('',#2997,#2998,#2999);
#2997 = CARTESIAN_POINT('',(-21.8,1.962990915245,-1.));
#2998 = DIRECTION('',(0.5,0.866025403784,-0.));
#2999 = DIRECTION('',(0.866025403784,-0.5,0.));
#3000 = DEFINITIONAL_REPRESENTATION('',(#3001),#3004);
#3001 = B_SPLINE_CURVE_WITH_KNOTS('',1,(#3002,#3003),.UNSPECIFIED.,.F.,
  .F.,(2,2),(4.858528179507,10.632030871403),.PIECEWISE_BEZIER_KNOTS.);
#3002 = CARTESIAN_POINT('',(5.773502691896,-1.));
#3003 = CARTESIAN_POINT('',(0.,-1.));
#3004 = ( GEOMETRIC_REPRESENTATION_CONTEXT(2) 
PARAMETRIC_REPRESENTATION_CONTEXT() REPRESENTATION_CONTEXT('2D SPACE',''
  ) );
#3005 = FACE_BOUND('',#3006,.F.);
#3006 = EDGE_LOOP('',(#3007,#3035,#3061,#3087,#3113,#3139));
#3007 = ORIENTED_EDGE('',*,*,#3008,.T.);
#3008 = EDGE_CURVE('',#3009,#3011,#3013,.T.);
#3009 = VERTEX_POINT('',#3010);
#3010 = CARTESIAN_POINT('',(-16.2,11.66247543763,0.));
#3011 = VERTEX_POINT('',#3012);
#3012 = CARTESIAN_POINT('',(-16.2,17.435978129527,0.));
#3013 = SURFACE_CURVE('',#3014,(#3018,#3024),.PCURVE_S1.);
#3014 = LINE('',#3015,#3016);
#3015 = CARTESIAN_POINT('',(-16.2,-19.53201093523,0.));
#3016 = VECTOR('',#3017,1.);
#3017 = DIRECTION('',(4.615110447321E-16,1.,-0.));
#3018 = PCURVE('',#100,#3019);
#3019 = DEFINITIONAL_REPRESENTATION('',(#3020),#3023);
#3020 = B_SPLINE_CURVE_WITH_KNOTS('',1,(#3021,#3022),.UNSPECIFIED.,.F.,
  .F.,(2,2),(31.194486372867,36.967989064763),.PIECEWISE_BEZIER_KNOTS.);
#3021 = CARTESIAN_POINT('',(14.8,68.16247543763));
#3022 = CARTESIAN_POINT('',(14.8,73.935978129527));
#3023 = ( GEOMETRIC_REPRESENTATION_CONTEXT(2) 
PARAMETRIC_REPRESENTATION_CONTEXT() REPRESENTATION_CONTEXT('2D SPACE',''
  ) );
#3024 = PCURVE('',#3025,#3030);
#3025 = PLANE('',#3026);
#3026 = AXIS2_PLACEMENT_3D('',#3027,#3028,#3029);
#3027 = CARTESIAN_POINT('',(-16.2,17.435978129527,-1.));
#3028 = DIRECTION('',(1.,-4.615110447321E-16,0.));
#3029 = DIRECTION('',(-4.615110447321E-16,-1.,0.));
#3030 = DEFINITIONAL_REPRESENTATION('',(#3031),#3034);
#3031 = B_SPLINE_CURVE_WITH_KNOTS('',1,(#3032,#3033),.UNSPECIFIED.,.F.,
  .F.,(2,2),(31.194486372867,36.967989064763),.PIECEWISE_BEZIER_KNOTS.);
#3032 = CARTESIAN_POINT('',(5.773502691896,-1.));
#3033 = CARTESIAN_POINT('',(0.,-1.));
#3034 = ( GEOMETRIC_REPRESENTATION_CONTEXT(2) 
PARAMETRIC_REPRESENTATION_CONTEXT() REPRESENTATION_CONTEXT('2D SPACE',''
  ) );
#3035 = ORIENTED_EDGE('',*,*,#3036,.T.);
#3036 = EDGE_CURVE('',#3011,#3037,#3039,.T.);
#3037 = VERTEX_POINT('',#3038);
#3038 = CARTESIAN_POINT('',(-11.2,20.322729475475,0.));
#3039 = SURFACE_CURVE('',#3040,(#3044,#3050),.PCURVE_S1.);
#3040 = LINE('',#3041,#3042);
#3041 = CARTESIAN_POINT('',(-35.25760882845,6.433062542308,
    1.110223024625E-16));
#3042 = VECTOR('',#3043,1.);
#3043 = DIRECTION('',(0.866025403784,0.5,-0.));
#3044 = PCURVE('',#100,#3045);
#3045 = DEFINITIONAL_REPRESENTATION('',(#3046),#3049);
#3046 = B_SPLINE_CURVE_WITH_KNOTS('',1,(#3047,#3048),.UNSPECIFIED.,.F.,
  .F.,(2,2),(22.005831174438,27.779333866335),.PIECEWISE_BEZIER_KNOTS.);
#3047 = CARTESIAN_POINT('',(14.8,73.935978129527));
#3048 = CARTESIAN_POINT('',(19.8,76.822729475475));
#3049 = ( GEOMETRIC_REPRESENTATION_CONTEXT(2) 
PARAMETRIC_REPRESENTATION_CONTEXT() REPRESENTATION_CONTEXT('2D SPACE',''
  ) );
#3050 = PCURVE('',#3051,#3056);
#3051 = PLANE('',#3052);
#3052 = AXIS2_PLACEMENT_3D('',#3053,#3054,#3055);
#3053 = CARTESIAN_POINT('',(-11.2,20.322729475475,-1.));
#3054 = DIRECTION('',(0.5,-0.866025403784,0.));
#3055 = DIRECTION('',(-0.866025403784,-0.5,0.));
#3056 = DEFINITIONAL_REPRESENTATION('',(#3057),#3060);
#3057 = B_SPLINE_CURVE_WITH_KNOTS('',1,(#3058,#3059),.UNSPECIFIED.,.F.,
  .F.,(2,2),(22.005831174438,27.779333866335),.PIECEWISE_BEZIER_KNOTS.);
#3058 = CARTESIAN_POINT('',(5.773502691896,-1.));
#3059 = CARTESIAN_POINT('',(0.,-1.));
#3060 = ( GEOMETRIC_REPRESENTATION_CONTEXT(2) 
PARAMETRIC_REPRESENTATION_CONTEXT() REPRESENTATION_CONTEXT('2D SPACE',''
  ) );
#3061 = ORIENTED_EDGE('',*,*,#3062,.T.);
#3062 = EDGE_CURVE('',#3037,#3063,#3065,.T.);
#3063 = VERTEX_POINT('',#3064);
#3064 = CARTESIAN_POINT('',(-6.2,17.435978129527,0.));
#3065 = SURFACE_CURVE('',#3066,(#3070,#3076),.PCURVE_S1.);
#3066 = LINE('',#3067,#3068);
#3067 = CARTESIAN_POINT('',(0.507608828455,13.563338366799,
    1.110223024625E-16));
#3068 = VECTOR('',#3069,1.);
#3069 = DIRECTION('',(0.866025403784,-0.5,0.));
#3070 = PCURVE('',#100,#3071);
#3071 = DEFINITIONAL_REPRESENTATION('',(#3072),#3075);
#3072 = B_SPLINE_CURVE_WITH_KNOTS('',1,(#3073,#3074),.UNSPECIFIED.,.F.,
  .F.,(2,2),(-13.51878221735,-7.745279525455),.PIECEWISE_BEZIER_KNOTS.);
#3073 = CARTESIAN_POINT('',(19.8,76.822729475475));
#3074 = CARTESIAN_POINT('',(24.8,73.935978129527));
#3075 = ( GEOMETRIC_REPRESENTATION_CONTEXT(2) 
PARAMETRIC_REPRESENTATION_CONTEXT() REPRESENTATION_CONTEXT('2D SPACE',''
  ) );
#3076 = PCURVE('',#3077,#3082);
#3077 = PLANE('',#3078);
#3078 = AXIS2_PLACEMENT_3D('',#3079,#3080,#3081);
#3079 = CARTESIAN_POINT('',(-6.2,17.435978129527,-1.));
#3080 = DIRECTION('',(-0.5,-0.866025403784,0.));
#3081 = DIRECTION('',(-0.866025403784,0.5,0.));
#3082 = DEFINITIONAL_REPRESENTATION('',(#3083),#3086);
#3083 = B_SPLINE_CURVE_WITH_KNOTS('',1,(#3084,#3085),.UNSPECIFIED.,.F.,
  .F.,(2,2),(-13.51878221735,-7.745279525455),.PIECEWISE_BEZIER_KNOTS.);
#3084 = CARTESIAN_POINT('',(5.773502691896,-1.));
#3085 = CARTESIAN_POINT('',(0.,-1.));
#3086 = ( GEOMETRIC_REPRESENTATION_CONTEXT(2) 
PARAMETRIC_REPRESENTATION_CONTEXT() REPRESENTATION_CONTEXT('2D SPACE',''
  ) );
#3087 = ORIENTED_EDGE('',*,*,#3088,.T.);
#3088 = EDGE_CURVE('',#3063,#3089,#3091,.T.);
#3089 = VERTEX_POINT('',#3090);
#3090 = CARTESIAN_POINT('',(-6.2,11.66247543763,0.));
#3091 = SURFACE_CURVE('',#3092,(#3096,#3102),.PCURVE_S1.);
#3092 = LINE('',#3093,#3094);
#3093 = CARTESIAN_POINT('',(-6.2,-22.41876228118,0.));
#3094 = VECTOR('',#3095,1.);
#3095 = DIRECTION('',(-1.538370149107E-16,-1.,0.));
#3096 = PCURVE('',#100,#3097);
#3097 = DEFINITIONAL_REPRESENTATION('',(#3098),#3101);
#3098 = B_SPLINE_CURVE_WITH_KNOTS('',1,(#3099,#3100),.UNSPECIFIED.,.F.,
  .F.,(2,2),(-39.85474041071,-34.08123771881),.PIECEWISE_BEZIER_KNOTS.);
#3099 = CARTESIAN_POINT('',(24.8,73.935978129527));
#3100 = CARTESIAN_POINT('',(24.8,68.16247543763));
#3101 = ( GEOMETRIC_REPRESENTATION_CONTEXT(2) 
PARAMETRIC_REPRESENTATION_CONTEXT() REPRESENTATION_CONTEXT('2D SPACE',''
  ) );
#3102 = PCURVE('',#3103,#3108);
#3103 = PLANE('',#3104);
#3104 = AXIS2_PLACEMENT_3D('',#3105,#3106,#3107);
#3105 = CARTESIAN_POINT('',(-6.2,11.66247543763,-1.));
#3106 = DIRECTION('',(-1.,1.538370149107E-16,0.));
#3107 = DIRECTION('',(1.538370149107E-16,1.,0.));
#3108 = DEFINITIONAL_REPRESENTATION('',(#3109),#3112);
#3109 = B_SPLINE_CURVE_WITH_KNOTS('',1,(#3110,#3111),.UNSPECIFIED.,.F.,
  .F.,(2,2),(-39.85474041071,-34.08123771881),.PIECEWISE_BEZIER_KNOTS.);
#3110 = CARTESIAN_POINT('',(5.773502691896,-1.));
#3111 = CARTESIAN_POINT('',(0.,-1.));
#3112 = ( GEOMETRIC_REPRESENTATION_CONTEXT(2) 
PARAMETRIC_REPRESENTATION_CONTEXT() REPRESENTATION_CONTEXT('2D SPACE',''
  ) );
#3113 = ORIENTED_EDGE('',*,*,#3114,.T.);
#3114 = EDGE_CURVE('',#3089,#3115,#3117,.T.);
#3115 = VERTEX_POINT('',#3116);
#3116 = CARTESIAN_POINT('',(-11.2,8.775724091682,0.));
#3117 = SURFACE_CURVE('',#3118,(#3122,#3128),.PCURVE_S1.);
#3118 = LINE('',#3119,#3120);
#3119 = CARTESIAN_POINT('',(-32.75760882845,-3.670567168511,0.));
#3120 = VECTOR('',#3121,1.);
#3121 = DIRECTION('',(-0.866025403784,-0.5,0.));
#3122 = PCURVE('',#100,#3123);
#3123 = DEFINITIONAL_REPRESENTATION('',(#3124),#3127);
#3124 = B_SPLINE_CURVE_WITH_KNOTS('',1,(#3125,#3126),.UNSPECIFIED.,.F.,
  .F.,(2,2),(-30.66608521228,-24.89258252038),.PIECEWISE_BEZIER_KNOTS.);
#3125 = CARTESIAN_POINT('',(24.8,68.16247543763));
#3126 = CARTESIAN_POINT('',(19.8,65.275724091682));
#3127 = ( GEOMETRIC_REPRESENTATION_CONTEXT(2) 
PARAMETRIC_REPRESENTATION_CONTEXT() REPRESENTATION_CONTEXT('2D SPACE',''
  ) );
#3128 = PCURVE('',#3129,#3134);
#3129 = PLANE('',#3130);
#3130 = AXIS2_PLACEMENT_3D('',#3131,#3132,#3133);
#3131 = CARTESIAN_POINT('',(-11.2,8.775724091682,-1.));
#3132 = DIRECTION('',(-0.5,0.866025403784,0.));
#3133 = DIRECTION('',(0.866025403784,0.5,0.));
#3134 = DEFINITIONAL_REPRESENTATION('',(#3135),#3138);
#3135 = B_SPLINE_CURVE_WITH_KNOTS('',1,(#3136,#3137),.UNSPECIFIED.,.F.,
  .F.,(2,2),(-30.66608521228,-24.89258252038),.PIECEWISE_BEZIER_KNOTS.);
#3136 = CARTESIAN_POINT('',(5.773502691896,-1.));
#3137 = CARTESIAN_POINT('',(0.,-1.));
#3138 = ( GEOMETRIC_REPRESENTATION_CONTEXT(2) 
PARAMETRIC_REPRESENTATION_CONTEXT() REPRESENTATION_CONTEXT('2D SPACE',''
  ) );
#3139 = ORIENTED_EDGE('',*,*,#3140,.T.);
#3140 = EDGE_CURVE('',#3115,#3009,#3141,.T.);
#3141 = SURFACE_CURVE('',#3142,(#3146,#3152),.PCURVE_S1.);
#3142 = LINE('',#3143,#3144);
#3143 = CARTESIAN_POINT('',(-6.992391171545,6.346460001929,0.));
#3144 = VECTOR('',#3145,1.);
#3145 = DIRECTION('',(-0.866025403784,0.5,0.));
#3146 = PCURVE('',#100,#3147);
#3147 = DEFINITIONAL_REPRESENTATION('',(#3148),#3151);
#3148 = B_SPLINE_CURVE_WITH_KNOTS('',1,(#3149,#3150),.UNSPECIFIED.,.F.,
  .F.,(2,2),(4.858528179507,10.632030871403),.PIECEWISE_BEZIER_KNOTS.);
#3149 = CARTESIAN_POINT('',(19.8,65.275724091682));
#3150 = CARTESIAN_POINT('',(14.8,68.16247543763));
#3151 = ( GEOMETRIC_REPRESENTATION_CONTEXT(2) 
PARAMETRIC_REPRESENTATION_CONTEXT() REPRESENTATION_CONTEXT('2D SPACE',''
  ) );
#3152 = PCURVE('',#3153,#3158);
#3153 = PLANE('',#3154);
#3154 = AXIS2_PLACEMENT_3D('',#3155,#3156,#3157);
#3155 = CARTESIAN_POINT('',(-16.2,11.66247543763,-1.));
#3156 = DIRECTION('',(0.5,0.866025403784,-0.));
#3157 = DIRECTION('',(0.866025403784,-0.5,0.));
#3158 = DEFINITIONAL_REPRESENTATION('',(#3159),#3162);
#3159 = B_SPLINE_CURVE_WITH_KNOTS('',1,(#3160,#3161),.UNSPECIFIED.,.F.,
  .F.,(2,2),(4.858528179507,10.632030871403),.PIECEWISE_BEZIER_KNOTS.);
#3160 = CARTESIAN_POINT('',(5.773502691896,-1.));
#3161 = CARTESIAN_POINT('',(0.,-1.));
#3162 = ( GEOMETRIC_REPRESENTATION_CONTEXT(2) 
PARAMETRIC_REPRESENTATION_CONTEXT() REPRESENTATION_CONTEXT('2D SPACE',''
  ) );
#3163 = FACE_BOUND('',#3164,.F.);
#3164 = EDGE_LOOP('',(#3165,#3193,#3219,#3245,#3271,#3297));
#3165 = ORIENTED_EDGE('',*,*,#3166,.T.);
#3166 = EDGE_CURVE('',#3167,#3169,#3171,.T.);
#3167 = VERTEX_POINT('',#3168);
#3168 = CARTESIAN_POINT('',(-10.6,1.962990915245,0.));
#3169 = VERTEX_POINT('',#3170);
#3170 = CARTESIAN_POINT('',(-10.6,7.736493607141,0.));
#3171 = SURFACE_CURVE('',#3172,(#3176,#3182),.PCURVE_S1.);
#3172 = LINE('',#3173,#3174);
#3173 = CARTESIAN_POINT('',(-10.6,-24.38175319643,0.));
#3174 = VECTOR('',#3175,1.);
#3175 = DIRECTION('',(4.615110447321E-16,1.,-0.));
#3176 = PCURVE('',#100,#3177);
#3177 = DEFINITIONAL_REPRESENTATION('',(#3178),#3181);
#3178 = B_SPLINE_CURVE_WITH_KNOTS('',1,(#3179,#3180),.UNSPECIFIED.,.F.,
  .F.,(2,2),(26.344744111674,32.11824680357),.PIECEWISE_BEZIER_KNOTS.);
#3179 = CARTESIAN_POINT('',(20.4,58.462990915245));
#3180 = CARTESIAN_POINT('',(20.4,64.236493607141));
#3181 = ( GEOMETRIC_REPRESENTATION_CONTEXT(2) 
PARAMETRIC_REPRESENTATION_CONTEXT() REPRESENTATION_CONTEXT('2D SPACE',''
  ) );
#3182 = PCURVE('',#3183,#3188);
#3183 = PLANE('',#3184);
#3184 = AXIS2_PLACEMENT_3D('',#3185,#3186,#3187);
#3185 = CARTESIAN_POINT('',(-10.6,7.736493607141,-1.));
#3186 = DIRECTION('',(1.,-4.615110447321E-16,0.));
#3187 = DIRECTION('',(-4.615110447321E-16,-1.,0.));
#3188 = DEFINITIONAL_REPRESENTATION('',(#3189),#3192);
#3189 = B_SPLINE_CURVE_WITH_KNOTS('',1,(#3190,#3191),.UNSPECIFIED.,.F.,
  .F.,(2,2),(26.344744111674,32.11824680357),.PIECEWISE_BEZIER_KNOTS.);
#3190 = CARTESIAN_POINT('',(5.773502691896,-1.));
#3191 = CARTESIAN_POINT('',(0.,-1.));
#3192 = ( GEOMETRIC_REPRESENTATION_CONTEXT(2) 
PARAMETRIC_REPRESENTATION_CONTEXT() REPRESENTATION_CONTEXT('2D SPACE',''
  ) );
#3193 = ORIENTED_EDGE('',*,*,#3194,.T.);
#3194 = EDGE_CURVE('',#3169,#3195,#3197,.T.);
#3195 = VERTEX_POINT('',#3196);
#3196 = CARTESIAN_POINT('',(-5.6,10.623244953089,0.));
#3197 = SURFACE_CURVE('',#3198,(#3202,#3208),.PCURVE_S1.);
#3198 = LINE('',#3199,#3200);
#3199 = CARTESIAN_POINT('',(-29.65760882845,-3.266421980078,
    1.110223024625E-16));
#3200 = VECTOR('',#3201,1.);
#3201 = DIRECTION('',(0.866025403784,0.5,-0.));
#3202 = PCURVE('',#100,#3203);
#3203 = DEFINITIONAL_REPRESENTATION('',(#3204),#3207);
#3204 = B_SPLINE_CURVE_WITH_KNOTS('',1,(#3205,#3206),.UNSPECIFIED.,.F.,
  .F.,(2,2),(22.005831174438,27.779333866335),.PIECEWISE_BEZIER_KNOTS.);
#3205 = CARTESIAN_POINT('',(20.4,64.236493607141));
#3206 = CARTESIAN_POINT('',(25.4,67.123244953089));
#3207 = ( GEOMETRIC_REPRESENTATION_CONTEXT(2) 
PARAMETRIC_REPRESENTATION_CONTEXT() REPRESENTATION_CONTEXT('2D SPACE',''
  ) );
#3208 = PCURVE('',#3209,#3214);
#3209 = PLANE('',#3210);
#3210 = AXIS2_PLACEMENT_3D('',#3211,#3212,#3213);
#3211 = CARTESIAN_POINT('',(-5.6,10.623244953089,-1.));
#3212 = DIRECTION('',(0.5,-0.866025403784,0.));
#3213 = DIRECTION('',(-0.866025403784,-0.5,0.));
#3214 = DEFINITIONAL_REPRESENTATION('',(#3215),#3218);
#3215 = B_SPLINE_CURVE_WITH_KNOTS('',1,(#3216,#3217),.UNSPECIFIED.,.F.,
  .F.,(2,2),(22.005831174438,27.779333866335),.PIECEWISE_BEZIER_KNOTS.);
#3216 = CARTESIAN_POINT('',(5.773502691896,-1.));
#3217 = CARTESIAN_POINT('',(0.,-1.));
#3218 = ( GEOMETRIC_REPRESENTATION_CONTEXT(2) 
PARAMETRIC_REPRESENTATION_CONTEXT() REPRESENTATION_CONTEXT('2D SPACE',''
  ) );
#3219 = ORIENTED_EDGE('',*,*,#3220,.T.);
#3220 = EDGE_CURVE('',#3195,#3221,#3223,.T.);
#3221 = VERTEX_POINT('',#3222);
#3222 = CARTESIAN_POINT('',(-0.6,7.736493607141,0.));
#3223 = SURFACE_CURVE('',#3224,(#3228,#3234),.PCURVE_S1.);
#3224 = LINE('',#3225,#3226);
#3225 = CARTESIAN_POINT('',(1.907608828455,6.28872497501,
    1.110223024625E-16));
#3226 = VECTOR('',#3227,1.);
#3227 = DIRECTION('',(0.866025403784,-0.5,0.));
#3228 = PCURVE('',#100,#3229);
#3229 = DEFINITIONAL_REPRESENTATION('',(#3230),#3233);
#3230 = B_SPLINE_CURVE_WITH_KNOTS('',1,(#3231,#3232),.UNSPECIFIED.,.F.,
  .F.,(2,2),(-8.669039956158,-2.895537264262),.PIECEWISE_BEZIER_KNOTS.);
#3231 = CARTESIAN_POINT('',(25.4,67.123244953089));
#3232 = CARTESIAN_POINT('',(30.4,64.236493607141));
#3233 = ( GEOMETRIC_REPRESENTATION_CONTEXT(2) 
PARAMETRIC_REPRESENTATION_CONTEXT() REPRESENTATION_CONTEXT('2D SPACE',''
  ) );
#3234 = PCURVE('',#3235,#3240);
#3235 = PLANE('',#3236);
#3236 = AXIS2_PLACEMENT_3D('',#3237,#3238,#3239);
#3237 = CARTESIAN_POINT('',(-0.6,7.736493607141,-1.));
#3238 = DIRECTION('',(-0.5,-0.866025403784,0.));
#3239 = DIRECTION('',(-0.866025403784,0.5,0.));
#3240 = DEFINITIONAL_REPRESENTATION('',(#3241),#3244);
#3241 = B_SPLINE_CURVE_WITH_KNOTS('',1,(#3242,#3243),.UNSPECIFIED.,.F.,
  .F.,(2,2),(-8.669039956158,-2.895537264262),.PIECEWISE_BEZIER_KNOTS.);
#3242 = CARTESIAN_POINT('',(5.773502691896,-1.));
#3243 = CARTESIAN_POINT('',(0.,-1.));
#3244 = ( GEOMETRIC_REPRESENTATION_CONTEXT(2) 
PARAMETRIC_REPRESENTATION_CONTEXT() REPRESENTATION_CONTEXT('2D SPACE',''
  ) );
#3245 = ORIENTED_EDGE('',*,*,#3246,.T.);
#3246 = EDGE_CURVE('',#3221,#3247,#3249,.T.);
#3247 = VERTEX_POINT('',#3248);
#3248 = CARTESIAN_POINT('',(-0.6,1.962990915245,0.));
#3249 = SURFACE_CURVE('',#3250,(#3254,#3260),.PCURVE_S1.);
#3250 = LINE('',#3251,#3252);
#3251 = CARTESIAN_POINT('',(-0.6,-27.26850454237,0.));
#3252 = VECTOR('',#3253,1.);
#3253 = DIRECTION('',(-1.538370149107E-16,-1.,0.));
#3254 = PCURVE('',#100,#3255);
#3255 = DEFINITIONAL_REPRESENTATION('',(#3256),#3259);
#3256 = B_SPLINE_CURVE_WITH_KNOTS('',1,(#3257,#3258),.UNSPECIFIED.,.F.,
  .F.,(2,2),(-35.00499814951,-29.23149545762),.PIECEWISE_BEZIER_KNOTS.);
#3257 = CARTESIAN_POINT('',(30.4,64.236493607141));
#3258 = CARTESIAN_POINT('',(30.4,58.462990915245));
#3259 = ( GEOMETRIC_REPRESENTATION_CONTEXT(2) 
PARAMETRIC_REPRESENTATION_CONTEXT() REPRESENTATION_CONTEXT('2D SPACE',''
  ) );
#3260 = PCURVE('',#3261,#3266);
#3261 = PLANE('',#3262);
#3262 = AXIS2_PLACEMENT_3D('',#3263,#3264,#3265);
#3263 = CARTESIAN_POINT('',(-0.6,1.962990915245,-1.));
#3264 = DIRECTION('',(-1.,1.538370149107E-16,0.));
#3265 = DIRECTION('',(1.538370149107E-16,1.,0.));
#3266 = DEFINITIONAL_REPRESENTATION('',(#3267),#3270);
#3267 = B_SPLINE_CURVE_WITH_KNOTS('',1,(#3268,#3269),.UNSPECIFIED.,.F.,
  .F.,(2,2),(-35.00499814951,-29.23149545762),.PIECEWISE_BEZIER_KNOTS.);
#3268 = CARTESIAN_POINT('',(5.773502691896,-1.));
#3269 = CARTESIAN_POINT('',(0.,-1.));
#3270 = ( GEOMETRIC_REPRESENTATION_CONTEXT(2) 
PARAMETRIC_REPRESENTATION_CONTEXT() REPRESENTATION_CONTEXT('2D SPACE',''
  ) );
#3271 = ORIENTED_EDGE('',*,*,#3272,.T.);
#3272 = EDGE_CURVE('',#3247,#3273,#3275,.T.);
#3273 = VERTEX_POINT('',#3274);
#3274 = CARTESIAN_POINT('',(-5.6,-0.923760430703,0.));
#3275 = SURFACE_CURVE('',#3276,(#3280,#3286),.PCURVE_S1.);
#3276 = LINE('',#3277,#3278);
#3277 = CARTESIAN_POINT('',(-27.15760882845,-13.37005169089,0.));
#3278 = VECTOR('',#3279,1.);
#3279 = DIRECTION('',(-0.866025403784,-0.5,0.));
#3280 = PCURVE('',#100,#3281);
#3281 = DEFINITIONAL_REPRESENTATION('',(#3282),#3285);
#3282 = B_SPLINE_CURVE_WITH_KNOTS('',1,(#3283,#3284),.UNSPECIFIED.,.F.,
  .F.,(2,2),(-30.66608521228,-24.89258252038),.PIECEWISE_BEZIER_KNOTS.);
#3283 = CARTESIAN_POINT('',(30.4,58.462990915245));
#3284 = CARTESIAN_POINT('',(25.4,55.576239569297));
#3285 = ( GEOMETRIC_REPRESENTATION_CONTEXT(2) 
PARAMETRIC_REPRESENTATION_CONTEXT() REPRESENTATION_CONTEXT('2D SPACE',''
  ) );
#3286 = PCURVE('',#3287,#3292);
#3287 = PLANE('',#3288);
#3288 = AXIS2_PLACEMENT_3D('',#3289,#3290,#3291);
#3289 = CARTESIAN_POINT('',(-5.6,-0.923760430703,-1.));
#3290 = DIRECTION('',(-0.5,0.866025403784,0.));
#3291 = DIRECTION('',(0.866025403784,0.5,0.));
#3292 = DEFINITIONAL_REPRESENTATION('',(#3293),#3296);
#3293 = B_SPLINE_CURVE_WITH_KNOTS('',1,(#3294,#3295),.UNSPECIFIED.,.F.,
  .F.,(2,2),(-30.66608521228,-24.89258252038),.PIECEWISE_BEZIER_KNOTS.);
#3294 = CARTESIAN_POINT('',(5.773502691896,-1.));
#3295 = CARTESIAN_POINT('',(0.,-1.));
#3296 = ( GEOMETRIC_REPRESENTATION_CONTEXT(2) 
PARAMETRIC_REPRESENTATION_CONTEXT() REPRESENTATION_CONTEXT('2D SPACE',''
  ) );
#3297 = ORIENTED_EDGE('',*,*,#3298,.T.);
#3298 = EDGE_CURVE('',#3273,#3167,#3299,.T.);
#3299 = SURFACE_CURVE('',#3300,(#3304,#3310),.PCURVE_S1.);
#3300 = LINE('',#3301,#3302);
#3301 = CARTESIAN_POINT('',(-5.592391171545,-0.92815338986,0.));
#3302 = VECTOR('',#3303,1.);
#3303 = DIRECTION('',(-0.866025403784,0.5,0.));
#3304 = PCURVE('',#100,#3305);
#3305 = DEFINITIONAL_REPRESENTATION('',(#3306),#3309);
#3306 = B_SPLINE_CURVE_WITH_KNOTS('',1,(#3307,#3308),.UNSPECIFIED.,.F.,
  .F.,(2,2),(8.785918313652E-03,5.78228861021),
  .PIECEWISE_BEZIER_KNOTS.);
#3307 = CARTESIAN_POINT('',(25.4,55.576239569297));
#3308 = CARTESIAN_POINT('',(20.4,58.462990915245));
#3309 = ( GEOMETRIC_REPRESENTATION_CONTEXT(2) 
PARAMETRIC_REPRESENTATION_CONTEXT() REPRESENTATION_CONTEXT('2D SPACE',''
  ) );
#3310 = PCURVE('',#3311,#3316);
#3311 = PLANE('',#3312);
#3312 = AXIS2_PLACEMENT_3D('',#3313,#3314,#3315);
#3313 = CARTESIAN_POINT('',(-10.6,1.962990915245,-1.));
#3314 = DIRECTION('',(0.5,0.866025403784,-0.));
#3315 = DIRECTION('',(0.866025403784,-0.5,0.));
#3316 = DEFINITIONAL_REPRESENTATION('',(#3317),#3320);
#3317 = B_SPLINE_CURVE_WITH_KNOTS('',1,(#3318,#3319),.UNSPECIFIED.,.F.,
  .F.,(2,2),(8.785918313652E-03,5.78228861021),
  .PIECEWISE_BEZIER_KNOTS.);
#3318 = CARTESIAN_POINT('',(5.773502691896,-1.));
#3319 = CARTESIAN_POINT('',(0.,-1.));
#3320 = ( GEOMETRIC_REPRESENTATION_CONTEXT(2) 
PARAMETRIC_REPRESENTATION_CONTEXT() REPRESENTATION_CONTEXT('2D SPACE',''
  ) );
#3321 = FACE_BOUND('',#3322,.F.);
#3322 = EDGE_LOOP('',(#3323,#3351,#3377,#3403,#3429,#3455));
#3323 = ORIENTED_EDGE('',*,*,#3324,.T.);
#3324 = EDGE_CURVE('',#3325,#3327,#3329,.T.);
#3325 = VERTEX_POINT('',#3326);
#3326 = CARTESIAN_POINT('',(-21.8,21.361959960016,0.));
#3327 = VERTEX_POINT('',#3328);
#3328 = CARTESIAN_POINT('',(-21.8,27.135462651912,0.));
#3329 = SURFACE_CURVE('',#3330,(#3334,#3340),.PCURVE_S1.);
#3330 = LINE('',#3331,#3332);
#3331 = CARTESIAN_POINT('',(-21.8,-14.68226867404,0.));
#3332 = VECTOR('',#3333,1.);
#3333 = DIRECTION('',(4.615110447321E-16,1.,-0.));
#3334 = PCURVE('',#100,#3335);
#3335 = DEFINITIONAL_REPRESENTATION('',(#3336),#3339);
#3336 = B_SPLINE_CURVE_WITH_KNOTS('',1,(#3337,#3338),.UNSPECIFIED.,.F.,
  .F.,(2,2),(36.04422863406,41.817731325956),.PIECEWISE_BEZIER_KNOTS.);
#3337 = CARTESIAN_POINT('',(9.2,77.861959960016));
#3338 = CARTESIAN_POINT('',(9.2,83.635462651912));
#3339 = ( GEOMETRIC_REPRESENTATION_CONTEXT(2) 
PARAMETRIC_REPRESENTATION_CONTEXT() REPRESENTATION_CONTEXT('2D SPACE',''
  ) );
#3340 = PCURVE('',#3341,#3346);
#3341 = PLANE('',#3342);
#3342 = AXIS2_PLACEMENT_3D('',#3343,#3344,#3345);
#3343 = CARTESIAN_POINT('',(-21.8,27.135462651912,-1.));
#3344 = DIRECTION('',(1.,-4.615110447321E-16,0.));
#3345 = DIRECTION('',(-4.615110447321E-16,-1.,0.));
#3346 = DEFINITIONAL_REPRESENTATION('',(#3347),#3350);
#3347 = B_SPLINE_CURVE_WITH_KNOTS('',1,(#3348,#3349),.UNSPECIFIED.,.F.,
  .F.,(2,2),(36.04422863406,41.817731325956),.PIECEWISE_BEZIER_KNOTS.);
#3348 = CARTESIAN_POINT('',(5.773502691896,-1.));
#3349 = CARTESIAN_POINT('',(0.,-1.));
#3350 = ( GEOMETRIC_REPRESENTATION_CONTEXT(2) 
PARAMETRIC_REPRESENTATION_CONTEXT() REPRESENTATION_CONTEXT('2D SPACE',''
  ) );
#3351 = ORIENTED_EDGE('',*,*,#3352,.T.);
#3352 = EDGE_CURVE('',#3327,#3353,#3355,.T.);
#3353 = VERTEX_POINT('',#3354);
#3354 = CARTESIAN_POINT('',(-16.8,30.022213997861,0.));
#3355 = SURFACE_CURVE('',#3356,(#3360,#3366),.PCURVE_S1.);
#3356 = LINE('',#3357,#3358);
#3357 = CARTESIAN_POINT('',(-40.85760882845,16.132547064693,
    1.110223024625E-16));
#3358 = VECTOR('',#3359,1.);
#3359 = DIRECTION('',(0.866025403784,0.5,-0.));
#3360 = PCURVE('',#100,#3361);
#3361 = DEFINITIONAL_REPRESENTATION('',(#3362),#3365);
#3362 = B_SPLINE_CURVE_WITH_KNOTS('',1,(#3363,#3364),.UNSPECIFIED.,.F.,
  .F.,(2,2),(22.005831174438,27.779333866335),.PIECEWISE_BEZIER_KNOTS.);
#3363 = CARTESIAN_POINT('',(9.2,83.635462651912));
#3364 = CARTESIAN_POINT('',(14.2,86.522213997861));
#3365 = ( GEOMETRIC_REPRESENTATION_CONTEXT(2) 
PARAMETRIC_REPRESENTATION_CONTEXT() REPRESENTATION_CONTEXT('2D SPACE',''
  ) );
#3366 = PCURVE('',#3367,#3372);
#3367 = PLANE('',#3368);
#3368 = AXIS2_PLACEMENT_3D('',#3369,#3370,#3371);
#3369 = CARTESIAN_POINT('',(-16.8,30.022213997861,-1.));
#3370 = DIRECTION('',(0.5,-0.866025403784,0.));
#3371 = DIRECTION('',(-0.866025403784,-0.5,0.));
#3372 = DEFINITIONAL_REPRESENTATION('',(#3373),#3376);
#3373 = B_SPLINE_CURVE_WITH_KNOTS('',1,(#3374,#3375),.UNSPECIFIED.,.F.,
  .F.,(2,2),(22.005831174438,27.779333866335),.PIECEWISE_BEZIER_KNOTS.);
#3374 = CARTESIAN_POINT('',(5.773502691896,-1.));
#3375 = CARTESIAN_POINT('',(0.,-1.));
#3376 = ( GEOMETRIC_REPRESENTATION_CONTEXT(2) 
PARAMETRIC_REPRESENTATION_CONTEXT() REPRESENTATION_CONTEXT('2D SPACE',''
  ) );
#3377 = ORIENTED_EDGE('',*,*,#3378,.T.);
#3378 = EDGE_CURVE('',#3353,#3379,#3381,.T.);
#3379 = VERTEX_POINT('',#3380);
#3380 = CARTESIAN_POINT('',(-11.8,27.135462651912,0.));
#3381 = SURFACE_CURVE('',#3382,(#3386,#3392),.PCURVE_S1.);
#3382 = LINE('',#3383,#3384);
#3383 = CARTESIAN_POINT('',(-0.892391171545,20.837951758589,
    1.110223024625E-16));
#3384 = VECTOR('',#3385,1.);
#3385 = DIRECTION('',(0.866025403784,-0.5,0.));
#3386 = PCURVE('',#100,#3387);
#3387 = DEFINITIONAL_REPRESENTATION('',(#3388),#3391);
#3388 = B_SPLINE_CURVE_WITH_KNOTS('',1,(#3389,#3390),.UNSPECIFIED.,.F.,
  .F.,(2,2),(-18.36852447854,-12.59502178664),.PIECEWISE_BEZIER_KNOTS.);
#3389 = CARTESIAN_POINT('',(14.2,86.522213997861));
#3390 = CARTESIAN_POINT('',(19.2,83.635462651912));
#3391 = ( GEOMETRIC_REPRESENTATION_CONTEXT(2) 
PARAMETRIC_REPRESENTATION_CONTEXT() REPRESENTATION_CONTEXT('2D SPACE',''
  ) );
#3392 = PCURVE('',#3393,#3398);
#3393 = PLANE('',#3394);
#3394 = AXIS2_PLACEMENT_3D('',#3395,#3396,#3397);
#3395 = CARTESIAN_POINT('',(-11.8,27.135462651912,-1.));
#3396 = DIRECTION('',(-0.5,-0.866025403784,0.));
#3397 = DIRECTION('',(-0.866025403784,0.5,0.));
#3398 = DEFINITIONAL_REPRESENTATION('',(#3399),#3402);
#3399 = B_SPLINE_CURVE_WITH_KNOTS('',1,(#3400,#3401),.UNSPECIFIED.,.F.,
  .F.,(2,2),(-18.36852447854,-12.59502178664),.PIECEWISE_BEZIER_KNOTS.);
#3400 = CARTESIAN_POINT('',(5.773502691896,-1.));
#3401 = CARTESIAN_POINT('',(0.,-1.));
#3402 = ( GEOMETRIC_REPRESENTATION_CONTEXT(2) 
PARAMETRIC_REPRESENTATION_CONTEXT() REPRESENTATION_CONTEXT('2D SPACE',''
  ) );
#3403 = ORIENTED_EDGE('',*,*,#3404,.T.);
#3404 = EDGE_CURVE('',#3379,#3405,#3407,.T.);
#3405 = VERTEX_POINT('',#3406);
#3406 = CARTESIAN_POINT('',(-11.8,21.361959960016,0.));
#3407 = SURFACE_CURVE('',#3408,(#3412,#3418),.PCURVE_S1.);
#3408 = LINE('',#3409,#3410);
#3409 = CARTESIAN_POINT('',(-11.8,-17.56902001999,0.));
#3410 = VECTOR('',#3411,1.);
#3411 = DIRECTION('',(-1.538370149107E-16,-1.,0.));
#3412 = PCURVE('',#100,#3413);
#3413 = DEFINITIONAL_REPRESENTATION('',(#3414),#3417);
#3414 = B_SPLINE_CURVE_WITH_KNOTS('',1,(#3415,#3416),.UNSPECIFIED.,.F.,
  .F.,(2,2),(-44.7044826719,-38.93097998),.PIECEWISE_BEZIER_KNOTS.);
#3415 = CARTESIAN_POINT('',(19.2,83.635462651912));
#3416 = CARTESIAN_POINT('',(19.2,77.861959960016));
#3417 = ( GEOMETRIC_REPRESENTATION_CONTEXT(2) 
PARAMETRIC_REPRESENTATION_CONTEXT() REPRESENTATION_CONTEXT('2D SPACE',''
  ) );
#3418 = PCURVE('',#3419,#3424);
#3419 = PLANE('',#3420);
#3420 = AXIS2_PLACEMENT_3D('',#3421,#3422,#3423);
#3421 = CARTESIAN_POINT('',(-11.8,21.361959960016,-1.));
#3422 = DIRECTION('',(-1.,1.538370149107E-16,0.));
#3423 = DIRECTION('',(1.538370149107E-16,1.,0.));
#3424 = DEFINITIONAL_REPRESENTATION('',(#3425),#3428);
#3425 = B_SPLINE_CURVE_WITH_KNOTS('',1,(#3426,#3427),.UNSPECIFIED.,.F.,
  .F.,(2,2),(-44.7044826719,-38.93097998),.PIECEWISE_BEZIER_KNOTS.);
#3426 = CARTESIAN_POINT('',(5.773502691896,-1.));
#3427 = CARTESIAN_POINT('',(0.,-1.));
#3428 = ( GEOMETRIC_REPRESENTATION_CONTEXT(2) 
PARAMETRIC_REPRESENTATION_CONTEXT() REPRESENTATION_CONTEXT('2D SPACE',''
  ) );
#3429 = ORIENTED_EDGE('',*,*,#3430,.T.);
#3430 = EDGE_CURVE('',#3405,#3431,#3433,.T.);
#3431 = VERTEX_POINT('',#3432);
#3432 = CARTESIAN_POINT('',(-16.8,18.475208614068,0.));
#3433 = SURFACE_CURVE('',#3434,(#3438,#3444),.PCURVE_S1.);
#3434 = LINE('',#3435,#3436);
#3435 = CARTESIAN_POINT('',(-38.35760882845,6.028917353875,0.));
#3436 = VECTOR('',#3437,1.);
#3437 = DIRECTION('',(-0.866025403784,-0.5,0.));
#3438 = PCURVE('',#100,#3439);
#3439 = DEFINITIONAL_REPRESENTATION('',(#3440),#3443);
#3440 = B_SPLINE_CURVE_WITH_KNOTS('',1,(#3441,#3442),.UNSPECIFIED.,.F.,
  .F.,(2,2),(-30.66608521228,-24.89258252038),.PIECEWISE_BEZIER_KNOTS.);
#3441 = CARTESIAN_POINT('',(19.2,77.861959960016));
#3442 = CARTESIAN_POINT('',(14.2,74.975208614068));
#3443 = ( GEOMETRIC_REPRESENTATION_CONTEXT(2) 
PARAMETRIC_REPRESENTATION_CONTEXT() REPRESENTATION_CONTEXT('2D SPACE',''
  ) );
#3444 = PCURVE('',#3445,#3450);
#3445 = PLANE('',#3446);
#3446 = AXIS2_PLACEMENT_3D('',#3447,#3448,#3449);
#3447 = CARTESIAN_POINT('',(-16.8,18.475208614068,-1.));
#3448 = DIRECTION('',(-0.5,0.866025403784,0.));
#3449 = DIRECTION('',(0.866025403784,0.5,0.));
#3450 = DEFINITIONAL_REPRESENTATION('',(#3451),#3454);
#3451 = B_SPLINE_CURVE_WITH_KNOTS('',1,(#3452,#3453),.UNSPECIFIED.,.F.,
  .F.,(2,2),(-30.66608521228,-24.89258252038),.PIECEWISE_BEZIER_KNOTS.);
#3452 = CARTESIAN_POINT('',(5.773502691896,-1.));
#3453 = CARTESIAN_POINT('',(0.,-1.));
#3454 = ( GEOMETRIC_REPRESENTATION_CONTEXT(2) 
PARAMETRIC_REPRESENTATION_CONTEXT() REPRESENTATION_CONTEXT('2D SPACE',''
  ) );
#3455 = ORIENTED_EDGE('',*,*,#3456,.T.);
#3456 = EDGE_CURVE('',#3431,#3325,#3457,.T.);
#3457 = SURFACE_CURVE('',#3458,(#3462,#3468),.PCURVE_S1.);
#3458 = LINE('',#3459,#3460);
#3459 = CARTESIAN_POINT('',(-8.392391171545,13.621073393718,0.));
#3460 = VECTOR('',#3461,1.);
#3461 = DIRECTION('',(-0.866025403784,0.5,0.));
#3462 = PCURVE('',#100,#3463);
#3463 = DEFINITIONAL_REPRESENTATION('',(#3464),#3467);
#3464 = B_SPLINE_CURVE_WITH_KNOTS('',1,(#3465,#3466),.UNSPECIFIED.,.F.,
  .F.,(2,2),(9.708270440699,15.481773132596),.PIECEWISE_BEZIER_KNOTS.);
#3465 = CARTESIAN_POINT('',(14.2,74.975208614068));
#3466 = CARTESIAN_POINT('',(9.2,77.861959960016));
#3467 = ( GEOMETRIC_REPRESENTATION_CONTEXT(2) 
PARAMETRIC_REPRESENTATION_CONTEXT() REPRESENTATION_CONTEXT('2D SPACE',''
  ) );
#3468 = PCURVE('',#3469,#3474);
#3469 = PLANE('',#3470);
#3470 = AXIS2_PLACEMENT_3D('',#3471,#3472,#3473);
#3471 = CARTESIAN_POINT('',(-21.8,21.361959960016,-1.));
#3472 = DIRECTION('',(0.5,0.866025403784,-0.));
#3473 = DIRECTION('',(0.866025403784,-0.5,0.));
#3474 = DEFINITIONAL_REPRESENTATION('',(#3475),#3478);
#3475 = B_SPLINE_CURVE_WITH_KNOTS('',1,(#3476,#3477),.UNSPECIFIED.,.F.,
  .F.,(2,2),(9.708270440699,15.481773132596),.PIECEWISE_BEZIER_KNOTS.);
#3476 = CARTESIAN_POINT('',(5.773502691896,-1.));
#3477 = CARTESIAN_POINT('',(0.,-1.));
#3478 = ( GEOMETRIC_REPRESENTATION_CONTEXT(2) 
PARAMETRIC_REPRESENTATION_CONTEXT() REPRESENTATION_CONTEXT('2D SPACE',''
  ) );
#3479 = FACE_BOUND('',#3480,.F.);
#3480 = EDGE_LOOP('',(#3481,#3509,#3535,#3561,#3587,#3613));
#3481 = ORIENTED_EDGE('',*,*,#3482,.T.);
#3482 = EDGE_CURVE('',#3483,#3485,#3487,.T.);
#3483 = VERTEX_POINT('',#3484);
#3484 = CARTESIAN_POINT('',(-16.2,31.061444482402,0.));
#3485 = VERTEX_POINT('',#3486);
#3486 = CARTESIAN_POINT('',(-16.2,36.834947174298,0.));
#3487 = SURFACE_CURVE('',#3488,(#3492,#3498),.PCURVE_S1.);
#3488 = LINE('',#3489,#3490);
#3489 = CARTESIAN_POINT('',(-16.2,-9.832526412851,0.));
#3490 = VECTOR('',#3491,1.);
#3491 = DIRECTION('',(4.615110447321E-16,1.,-0.));
#3492 = PCURVE('',#100,#3493);
#3493 = DEFINITIONAL_REPRESENTATION('',(#3494),#3497);
#3494 = B_SPLINE_CURVE_WITH_KNOTS('',1,(#3495,#3496),.UNSPECIFIED.,.F.,
  .F.,(2,2),(40.893970895253,46.667473587149),.PIECEWISE_BEZIER_KNOTS.);
#3495 = CARTESIAN_POINT('',(14.8,87.561444482402));
#3496 = CARTESIAN_POINT('',(14.8,93.334947174298));
#3497 = ( GEOMETRIC_REPRESENTATION_CONTEXT(2) 
PARAMETRIC_REPRESENTATION_CONTEXT() REPRESENTATION_CONTEXT('2D SPACE',''
  ) );
#3498 = PCURVE('',#3499,#3504);
#3499 = PLANE('',#3500);
#3500 = AXIS2_PLACEMENT_3D('',#3501,#3502,#3503);
#3501 = CARTESIAN_POINT('',(-16.2,36.834947174298,-1.));
#3502 = DIRECTION('',(1.,-4.615110447321E-16,0.));
#3503 = DIRECTION('',(-4.615110447321E-16,-1.,0.));
#3504 = DEFINITIONAL_REPRESENTATION('',(#3505),#3508);
#3505 = B_SPLINE_CURVE_WITH_KNOTS('',1,(#3506,#3507),.UNSPECIFIED.,.F.,
  .F.,(2,2),(40.893970895253,46.667473587149),.PIECEWISE_BEZIER_KNOTS.);
#3506 = CARTESIAN_POINT('',(5.773502691896,-1.));
#3507 = CARTESIAN_POINT('',(0.,-1.));
#3508 = ( GEOMETRIC_REPRESENTATION_CONTEXT(2) 
PARAMETRIC_REPRESENTATION_CONTEXT() REPRESENTATION_CONTEXT('2D SPACE',''
  ) );
#3509 = ORIENTED_EDGE('',*,*,#3510,.T.);
#3510 = EDGE_CURVE('',#3485,#3511,#3513,.T.);
#3511 = VERTEX_POINT('',#3512);
#3512 = CARTESIAN_POINT('',(-11.2,39.721698520246,0.));
#3513 = SURFACE_CURVE('',#3514,(#3518,#3524),.PCURVE_S1.);
#3514 = LINE('',#3515,#3516);
#3515 = CARTESIAN_POINT('',(-39.45760882845,23.407160456483,
    1.110223024625E-16));
#3516 = VECTOR('',#3517,1.);
#3517 = DIRECTION('',(0.866025403784,0.5,-0.));
#3518 = PCURVE('',#100,#3519);
#3519 = DEFINITIONAL_REPRESENTATION('',(#3520),#3523);
#3520 = B_SPLINE_CURVE_WITH_KNOTS('',1,(#3521,#3522),.UNSPECIFIED.,.F.,
  .F.,(2,2),(26.855573435631,32.629076127528),.PIECEWISE_BEZIER_KNOTS.);
#3521 = CARTESIAN_POINT('',(14.8,93.334947174298));
#3522 = CARTESIAN_POINT('',(19.8,96.221698520246));
#3523 = ( GEOMETRIC_REPRESENTATION_CONTEXT(2) 
PARAMETRIC_REPRESENTATION_CONTEXT() REPRESENTATION_CONTEXT('2D SPACE',''
  ) );
#3524 = PCURVE('',#3525,#3530);
#3525 = PLANE('',#3526);
#3526 = AXIS2_PLACEMENT_3D('',#3527,#3528,#3529);
#3527 = CARTESIAN_POINT('',(-11.2,39.721698520246,-1.));
#3528 = DIRECTION('',(0.5,-0.866025403784,0.));
#3529 = DIRECTION('',(-0.866025403784,-0.5,0.));
#3530 = DEFINITIONAL_REPRESENTATION('',(#3531),#3534);
#3531 = B_SPLINE_CURVE_WITH_KNOTS('',1,(#3532,#3533),.UNSPECIFIED.,.F.,
  .F.,(2,2),(26.855573435631,32.629076127528),.PIECEWISE_BEZIER_KNOTS.);
#3532 = CARTESIAN_POINT('',(5.773502691896,-1.));
#3533 = CARTESIAN_POINT('',(0.,-1.));
#3534 = ( GEOMETRIC_REPRESENTATION_CONTEXT(2) 
PARAMETRIC_REPRESENTATION_CONTEXT() REPRESENTATION_CONTEXT('2D SPACE',''
  ) );
#3535 = ORIENTED_EDGE('',*,*,#3536,.T.);
#3536 = EDGE_CURVE('',#3511,#3537,#3539,.T.);
#3537 = VERTEX_POINT('',#3538);
#3538 = CARTESIAN_POINT('',(-6.2,36.834947174298,0.));
#3539 = SURFACE_CURVE('',#3540,(#3544,#3550),.PCURVE_S1.);
#3540 = LINE('',#3541,#3542);
#3541 = CARTESIAN_POINT('',(4.707608828455,30.537436280974,
    1.110223024625E-16));
#3542 = VECTOR('',#3543,1.);
#3543 = DIRECTION('',(0.866025403784,-0.5,0.));
#3544 = PCURVE('',#100,#3545);
#3545 = DEFINITIONAL_REPRESENTATION('',(#3546),#3549);
#3546 = B_SPLINE_CURVE_WITH_KNOTS('',1,(#3547,#3548),.UNSPECIFIED.,.F.,
  .F.,(2,2),(-18.36852447854,-12.59502178664),.PIECEWISE_BEZIER_KNOTS.);
#3547 = CARTESIAN_POINT('',(19.8,96.221698520246));
#3548 = CARTESIAN_POINT('',(24.8,93.334947174298));
#3549 = ( GEOMETRIC_REPRESENTATION_CONTEXT(2) 
PARAMETRIC_REPRESENTATION_CONTEXT() REPRESENTATION_CONTEXT('2D SPACE',''
  ) );
#3550 = PCURVE('',#3551,#3556);
#3551 = PLANE('',#3552);
#3552 = AXIS2_PLACEMENT_3D('',#3553,#3554,#3555);
#3553 = CARTESIAN_POINT('',(-6.2,36.834947174298,-1.));
#3554 = DIRECTION('',(-0.5,-0.866025403784,0.));
#3555 = DIRECTION('',(-0.866025403784,0.5,0.));
#3556 = DEFINITIONAL_REPRESENTATION('',(#3557),#3560);
#3557 = B_SPLINE_CURVE_WITH_KNOTS('',1,(#3558,#3559),.UNSPECIFIED.,.F.,
  .F.,(2,2),(-18.36852447854,-12.59502178664),.PIECEWISE_BEZIER_KNOTS.);
#3558 = CARTESIAN_POINT('',(5.773502691896,-1.));
#3559 = CARTESIAN_POINT('',(0.,-1.));
#3560 = ( GEOMETRIC_REPRESENTATION_CONTEXT(2) 
PARAMETRIC_REPRESENTATION_CONTEXT() REPRESENTATION_CONTEXT('2D SPACE',''
  ) );
#3561 = ORIENTED_EDGE('',*,*,#3562,.T.);
#3562 = EDGE_CURVE('',#3537,#3563,#3565,.T.);
#3563 = VERTEX_POINT('',#3564);
#3564 = CARTESIAN_POINT('',(-6.2,31.061444482402,0.));
#3565 = SURFACE_CURVE('',#3566,(#3570,#3576),.PCURVE_S1.);
#3566 = LINE('',#3567,#3568);
#3567 = CARTESIAN_POINT('',(-6.2,-12.71927775879,0.));
#3568 = VECTOR('',#3569,1.);
#3569 = DIRECTION('',(-1.538370149107E-16,-1.,0.));
#3570 = PCURVE('',#100,#3571);
#3571 = DEFINITIONAL_REPRESENTATION('',(#3572),#3575);
#3572 = B_SPLINE_CURVE_WITH_KNOTS('',1,(#3573,#3574),.UNSPECIFIED.,.F.,
  .F.,(2,2),(-49.55422493309,-43.7807222412),.PIECEWISE_BEZIER_KNOTS.);
#3573 = CARTESIAN_POINT('',(24.8,93.334947174298));
#3574 = CARTESIAN_POINT('',(24.8,87.561444482402));
#3575 = ( GEOMETRIC_REPRESENTATION_CONTEXT(2) 
PARAMETRIC_REPRESENTATION_CONTEXT() REPRESENTATION_CONTEXT('2D SPACE',''
  ) );
#3576 = PCURVE('',#3577,#3582);
#3577 = PLANE('',#3578);
#3578 = AXIS2_PLACEMENT_3D('',#3579,#3580,#3581);
#3579 = CARTESIAN_POINT('',(-6.2,31.061444482402,-1.));
#3580 = DIRECTION('',(-1.,1.538370149107E-16,0.));
#3581 = DIRECTION('',(1.538370149107E-16,1.,0.));
#3582 = DEFINITIONAL_REPRESENTATION('',(#3583),#3586);
#3583 = B_SPLINE_CURVE_WITH_KNOTS('',1,(#3584,#3585),.UNSPECIFIED.,.F.,
  .F.,(2,2),(-49.55422493309,-43.7807222412),.PIECEWISE_BEZIER_KNOTS.);
#3584 = CARTESIAN_POINT('',(5.773502691896,-1.));
#3585 = CARTESIAN_POINT('',(0.,-1.));
#3586 = ( GEOMETRIC_REPRESENTATION_CONTEXT(2) 
PARAMETRIC_REPRESENTATION_CONTEXT() REPRESENTATION_CONTEXT('2D SPACE',''
  ) );
#3587 = ORIENTED_EDGE('',*,*,#3588,.T.);
#3588 = EDGE_CURVE('',#3563,#3589,#3591,.T.);
#3589 = VERTEX_POINT('',#3590);
#3590 = CARTESIAN_POINT('',(-11.2,28.174693136454,0.));
#3591 = SURFACE_CURVE('',#3592,(#3596,#3602),.PCURVE_S1.);
#3592 = LINE('',#3593,#3594);
#3593 = CARTESIAN_POINT('',(-36.95760882845,13.303530745664,0.));
#3594 = VECTOR('',#3595,1.);
#3595 = DIRECTION('',(-0.866025403784,-0.5,0.));
#3596 = PCURVE('',#100,#3597);
#3597 = DEFINITIONAL_REPRESENTATION('',(#3598),#3601);
#3598 = B_SPLINE_CURVE_WITH_KNOTS('',1,(#3599,#3600),.UNSPECIFIED.,.F.,
  .F.,(2,2),(-35.51582747347,-29.74232478157),.PIECEWISE_BEZIER_KNOTS.);
#3599 = CARTESIAN_POINT('',(24.8,87.561444482402));
#3600 = CARTESIAN_POINT('',(19.8,84.674693136454));
#3601 = ( GEOMETRIC_REPRESENTATION_CONTEXT(2) 
PARAMETRIC_REPRESENTATION_CONTEXT() REPRESENTATION_CONTEXT('2D SPACE',''
  ) );
#3602 = PCURVE('',#3603,#3608);
#3603 = PLANE('',#3604);
#3604 = AXIS2_PLACEMENT_3D('',#3605,#3606,#3607);
#3605 = CARTESIAN_POINT('',(-11.2,28.174693136454,-1.));
#3606 = DIRECTION('',(-0.5,0.866025403784,0.));
#3607 = DIRECTION('',(0.866025403784,0.5,0.));
#3608 = DEFINITIONAL_REPRESENTATION('',(#3609),#3612);
#3609 = B_SPLINE_CURVE_WITH_KNOTS('',1,(#3610,#3611),.UNSPECIFIED.,.F.,
  .F.,(2,2),(-35.51582747347,-29.74232478157),.PIECEWISE_BEZIER_KNOTS.);
#3610 = CARTESIAN_POINT('',(5.773502691896,-1.));
#3611 = CARTESIAN_POINT('',(0.,-1.));
#3612 = ( GEOMETRIC_REPRESENTATION_CONTEXT(2) 
PARAMETRIC_REPRESENTATION_CONTEXT() REPRESENTATION_CONTEXT('2D SPACE',''
  ) );
#3613 = ORIENTED_EDGE('',*,*,#3614,.T.);
#3614 = EDGE_CURVE('',#3589,#3483,#3615,.T.);
#3615 = SURFACE_CURVE('',#3616,(#3620,#3626),.PCURVE_S1.);
#3616 = LINE('',#3617,#3618);
#3617 = CARTESIAN_POINT('',(-2.792391171545,23.320557916104,0.));
#3618 = VECTOR('',#3619,1.);
#3619 = DIRECTION('',(-0.866025403784,0.5,0.));
#3620 = PCURVE('',#100,#3621);
#3621 = DEFINITIONAL_REPRESENTATION('',(#3622),#3625);
#3622 = B_SPLINE_CURVE_WITH_KNOTS('',1,(#3623,#3624),.UNSPECIFIED.,.F.,
  .F.,(2,2),(9.708270440699,15.481773132596),.PIECEWISE_BEZIER_KNOTS.);
#3623 = CARTESIAN_POINT('',(19.8,84.674693136454));
#3624 = CARTESIAN_POINT('',(14.8,87.561444482402));
#3625 = ( GEOMETRIC_REPRESENTATION_CONTEXT(2) 
PARAMETRIC_REPRESENTATION_CONTEXT() REPRESENTATION_CONTEXT('2D SPACE',''
  ) );
#3626 = PCURVE('',#3627,#3632);
#3627 = PLANE('',#3628);
#3628 = AXIS2_PLACEMENT_3D('',#3629,#3630,#3631);
#3629 = CARTESIAN_POINT('',(-16.2,31.061444482402,-1.));
#3630 = DIRECTION('',(0.5,0.866025403784,-0.));
#3631 = DIRECTION('',(0.866025403784,-0.5,0.));
#3632 = DEFINITIONAL_REPRESENTATION('',(#3633),#3636);
#3633 = B_SPLINE_CURVE_WITH_KNOTS('',1,(#3634,#3635),.UNSPECIFIED.,.F.,
  .F.,(2,2),(9.708270440699,15.481773132596),.PIECEWISE_BEZIER_KNOTS.);
#3634 = CARTESIAN_POINT('',(5.773502691896,-1.));
#3635 = CARTESIAN_POINT('',(0.,-1.));
#3636 = ( GEOMETRIC_REPRESENTATION_CONTEXT(2) 
PARAMETRIC_REPRESENTATION_CONTEXT() REPRESENTATION_CONTEXT('2D SPACE',''
  ) );
#3637 = FACE_BOUND('',#3638,.F.);
#3638 = EDGE_LOOP('',(#3639,#3667,#3693,#3719,#3745,#3771));
#3639 = ORIENTED_EDGE('',*,*,#3640,.T.);
#3640 = EDGE_CURVE('',#3641,#3643,#3645,.T.);
#3641 = VERTEX_POINT('',#3642);
#3642 = CARTESIAN_POINT('',(-10.6,21.361959960016,0.));
#3643 = VERTEX_POINT('',#3644);
#3644 = CARTESIAN_POINT('',(-10.6,27.135462651912,0.));
#3645 = SURFACE_CURVE('',#3646,(#3650,#3656),.PCURVE_S1.);
#3646 = LINE('',#3647,#3648);
#3647 = CARTESIAN_POINT('',(-10.6,-14.68226867404,0.));
#3648 = VECTOR('',#3649,1.);
#3649 = DIRECTION('',(4.615110447321E-16,1.,-0.));
#3650 = PCURVE('',#100,#3651);
#3651 = DEFINITIONAL_REPRESENTATION('',(#3652),#3655);
#3652 = B_SPLINE_CURVE_WITH_KNOTS('',1,(#3653,#3654),.UNSPECIFIED.,.F.,
  .F.,(2,2),(36.04422863406,41.817731325956),.PIECEWISE_BEZIER_KNOTS.);
#3653 = CARTESIAN_POINT('',(20.4,77.861959960016));
#3654 = CARTESIAN_POINT('',(20.4,83.635462651912));
#3655 = ( GEOMETRIC_REPRESENTATION_CONTEXT(2) 
PARAMETRIC_REPRESENTATION_CONTEXT() REPRESENTATION_CONTEXT('2D SPACE',''
  ) );
#3656 = PCURVE('',#3657,#3662);
#3657 = PLANE('',#3658);
#3658 = AXIS2_PLACEMENT_3D('',#3659,#3660,#3661);
#3659 = CARTESIAN_POINT('',(-10.6,27.135462651912,-1.));
#3660 = DIRECTION('',(1.,-4.615110447321E-16,0.));
#3661 = DIRECTION('',(-4.615110447321E-16,-1.,0.));
#3662 = DEFINITIONAL_REPRESENTATION('',(#3663),#3666);
#3663 = B_SPLINE_CURVE_WITH_KNOTS('',1,(#3664,#3665),.UNSPECIFIED.,.F.,
  .F.,(2,2),(36.04422863406,41.817731325956),.PIECEWISE_BEZIER_KNOTS.);
#3664 = CARTESIAN_POINT('',(5.773502691896,-1.));
#3665 = CARTESIAN_POINT('',(0.,-1.));
#3666 = ( GEOMETRIC_REPRESENTATION_CONTEXT(2) 
PARAMETRIC_REPRESENTATION_CONTEXT() REPRESENTATION_CONTEXT('2D SPACE',''
  ) );
#3667 = ORIENTED_EDGE('',*,*,#3668,.T.);
#3668 = EDGE_CURVE('',#3643,#3669,#3671,.T.);
#3669 = VERTEX_POINT('',#3670);
#3670 = CARTESIAN_POINT('',(-5.6,30.022213997861,0.));
#3671 = SURFACE_CURVE('',#3672,(#3676,#3682),.PCURVE_S1.);
#3672 = LINE('',#3673,#3674);
#3673 = CARTESIAN_POINT('',(-33.85760882845,13.707675934097,
    1.110223024625E-16));
#3674 = VECTOR('',#3675,1.);
#3675 = DIRECTION('',(0.866025403784,0.5,-0.));
#3676 = PCURVE('',#100,#3677);
#3677 = DEFINITIONAL_REPRESENTATION('',(#3678),#3681);
#3678 = B_SPLINE_CURVE_WITH_KNOTS('',1,(#3679,#3680),.UNSPECIFIED.,.F.,
  .F.,(2,2),(26.855573435631,32.629076127528),.PIECEWISE_BEZIER_KNOTS.);
#3679 = CARTESIAN_POINT('',(20.4,83.635462651912));
#3680 = CARTESIAN_POINT('',(25.4,86.522213997861));
#3681 = ( GEOMETRIC_REPRESENTATION_CONTEXT(2) 
PARAMETRIC_REPRESENTATION_CONTEXT() REPRESENTATION_CONTEXT('2D SPACE',''
  ) );
#3682 = PCURVE('',#3683,#3688);
#3683 = PLANE('',#3684);
#3684 = AXIS2_PLACEMENT_3D('',#3685,#3686,#3687);
#3685 = CARTESIAN_POINT('',(-5.6,30.022213997861,-1.));
#3686 = DIRECTION('',(0.5,-0.866025403784,0.));
#3687 = DIRECTION('',(-0.866025403784,-0.5,0.));
#3688 = DEFINITIONAL_REPRESENTATION('',(#3689),#3692);
#3689 = B_SPLINE_CURVE_WITH_KNOTS('',1,(#3690,#3691),.UNSPECIFIED.,.F.,
  .F.,(2,2),(26.855573435631,32.629076127528),.PIECEWISE_BEZIER_KNOTS.);
#3690 = CARTESIAN_POINT('',(5.773502691896,-1.));
#3691 = CARTESIAN_POINT('',(0.,-1.));
#3692 = ( GEOMETRIC_REPRESENTATION_CONTEXT(2) 
PARAMETRIC_REPRESENTATION_CONTEXT() REPRESENTATION_CONTEXT('2D SPACE',''
  ) );
#3693 = ORIENTED_EDGE('',*,*,#3694,.T.);
#3694 = EDGE_CURVE('',#3669,#3695,#3697,.T.);
#3695 = VERTEX_POINT('',#3696);
#3696 = CARTESIAN_POINT('',(-0.6,27.135462651912,0.));
#3697 = SURFACE_CURVE('',#3698,(#3702,#3708),.PCURVE_S1.);
#3698 = LINE('',#3699,#3700);
#3699 = CARTESIAN_POINT('',(6.107608828455,23.262822889185,
    1.110223024625E-16));
#3700 = VECTOR('',#3701,1.);
#3701 = DIRECTION('',(0.866025403784,-0.5,0.));
#3702 = PCURVE('',#100,#3703);
#3703 = DEFINITIONAL_REPRESENTATION('',(#3704),#3707);
#3704 = B_SPLINE_CURVE_WITH_KNOTS('',1,(#3705,#3706),.UNSPECIFIED.,.F.,
  .F.,(2,2),(-13.51878221735,-7.745279525455),.PIECEWISE_BEZIER_KNOTS.);
#3705 = CARTESIAN_POINT('',(25.4,86.522213997861));
#3706 = CARTESIAN_POINT('',(30.4,83.635462651912));
#3707 = ( GEOMETRIC_REPRESENTATION_CONTEXT(2) 
PARAMETRIC_REPRESENTATION_CONTEXT() REPRESENTATION_CONTEXT('2D SPACE',''
  ) );
#3708 = PCURVE('',#3709,#3714);
#3709 = PLANE('',#3710);
#3710 = AXIS2_PLACEMENT_3D('',#3711,#3712,#3713);
#3711 = CARTESIAN_POINT('',(-0.6,27.135462651912,-1.));
#3712 = DIRECTION('',(-0.5,-0.866025403784,0.));
#3713 = DIRECTION('',(-0.866025403784,0.5,0.));
#3714 = DEFINITIONAL_REPRESENTATION('',(#3715),#3718);
#3715 = B_SPLINE_CURVE_WITH_KNOTS('',1,(#3716,#3717),.UNSPECIFIED.,.F.,
  .F.,(2,2),(-13.51878221735,-7.745279525455),.PIECEWISE_BEZIER_KNOTS.);
#3716 = CARTESIAN_POINT('',(5.773502691896,-1.));
#3717 = CARTESIAN_POINT('',(0.,-1.));
#3718 = ( GEOMETRIC_REPRESENTATION_CONTEXT(2) 
PARAMETRIC_REPRESENTATION_CONTEXT() REPRESENTATION_CONTEXT('2D SPACE',''
  ) );
#3719 = ORIENTED_EDGE('',*,*,#3720,.T.);
#3720 = EDGE_CURVE('',#3695,#3721,#3723,.T.);
#3721 = VERTEX_POINT('',#3722);
#3722 = CARTESIAN_POINT('',(-0.6,21.361959960016,0.));
#3723 = SURFACE_CURVE('',#3724,(#3728,#3734),.PCURVE_S1.);
#3724 = LINE('',#3725,#3726);
#3725 = CARTESIAN_POINT('',(-0.6,-17.56902001999,0.));
#3726 = VECTOR('',#3727,1.);
#3727 = DIRECTION('',(-1.538370149107E-16,-1.,0.));
#3728 = PCURVE('',#100,#3729);
#3729 = DEFINITIONAL_REPRESENTATION('',(#3730),#3733);
#3730 = B_SPLINE_CURVE_WITH_KNOTS('',1,(#3731,#3732),.UNSPECIFIED.,.F.,
  .F.,(2,2),(-44.7044826719,-38.93097998),.PIECEWISE_BEZIER_KNOTS.);
#3731 = CARTESIAN_POINT('',(30.4,83.635462651912));
#3732 = CARTESIAN_POINT('',(30.4,77.861959960016));
#3733 = ( GEOMETRIC_REPRESENTATION_CONTEXT(2) 
PARAMETRIC_REPRESENTATION_CONTEXT() REPRESENTATION_CONTEXT('2D SPACE',''
  ) );
#3734 = PCURVE('',#3735,#3740);
#3735 = PLANE('',#3736);
#3736 = AXIS2_PLACEMENT_3D('',#3737,#3738,#3739);
#3737 = CARTESIAN_POINT('',(-0.6,21.361959960016,-1.));
#3738 = DIRECTION('',(-1.,1.538370149107E-16,0.));
#3739 = DIRECTION('',(1.538370149107E-16,1.,0.));
#3740 = DEFINITIONAL_REPRESENTATION('',(#3741),#3744);
#3741 = B_SPLINE_CURVE_WITH_KNOTS('',1,(#3742,#3743),.UNSPECIFIED.,.F.,
  .F.,(2,2),(-44.7044826719,-38.93097998),.PIECEWISE_BEZIER_KNOTS.);
#3742 = CARTESIAN_POINT('',(5.773502691896,-1.));
#3743 = CARTESIAN_POINT('',(0.,-1.));
#3744 = ( GEOMETRIC_REPRESENTATION_CONTEXT(2) 
PARAMETRIC_REPRESENTATION_CONTEXT() REPRESENTATION_CONTEXT('2D SPACE',''
  ) );
#3745 = ORIENTED_EDGE('',*,*,#3746,.T.);
#3746 = EDGE_CURVE('',#3721,#3747,#3749,.T.);
#3747 = VERTEX_POINT('',#3748);
#3748 = CARTESIAN_POINT('',(-5.6,18.475208614068,0.));
#3749 = SURFACE_CURVE('',#3750,(#3754,#3760),.PCURVE_S1.);
#3750 = LINE('',#3751,#3752);
#3751 = CARTESIAN_POINT('',(-31.35760882845,3.604046223278,0.));
#3752 = VECTOR('',#3753,1.);
#3753 = DIRECTION('',(-0.866025403784,-0.5,0.));
#3754 = PCURVE('',#100,#3755);
#3755 = DEFINITIONAL_REPRESENTATION('',(#3756),#3759);
#3756 = B_SPLINE_CURVE_WITH_KNOTS('',1,(#3757,#3758),.UNSPECIFIED.,.F.,
  .F.,(2,2),(-35.51582747347,-29.74232478157),.PIECEWISE_BEZIER_KNOTS.);
#3757 = CARTESIAN_POINT('',(30.4,77.861959960016));
#3758 = CARTESIAN_POINT('',(25.4,74.975208614068));
#3759 = ( GEOMETRIC_REPRESENTATION_CONTEXT(2) 
PARAMETRIC_REPRESENTATION_CONTEXT() REPRESENTATION_CONTEXT('2D SPACE',''
  ) );
#3760 = PCURVE('',#3761,#3766);
#3761 = PLANE('',#3762);
#3762 = AXIS2_PLACEMENT_3D('',#3763,#3764,#3765);
#3763 = CARTESIAN_POINT('',(-5.6,18.475208614068,-1.));
#3764 = DIRECTION('',(-0.5,0.866025403784,0.));
#3765 = DIRECTION('',(0.866025403784,0.5,0.));
#3766 = DEFINITIONAL_REPRESENTATION('',(#3767),#3770);
#3767 = B_SPLINE_CURVE_WITH_KNOTS('',1,(#3768,#3769),.UNSPECIFIED.,.F.,
  .F.,(2,2),(-35.51582747347,-29.74232478157),.PIECEWISE_BEZIER_KNOTS.);
#3768 = CARTESIAN_POINT('',(5.773502691896,-1.));
#3769 = CARTESIAN_POINT('',(0.,-1.));
#3770 = ( GEOMETRIC_REPRESENTATION_CONTEXT(2) 
PARAMETRIC_REPRESENTATION_CONTEXT() REPRESENTATION_CONTEXT('2D SPACE',''
  ) );
#3771 = ORIENTED_EDGE('',*,*,#3772,.T.);
#3772 = EDGE_CURVE('',#3747,#3641,#3773,.T.);
#3773 = SURFACE_CURVE('',#3774,(#3778,#3784),.PCURVE_S1.);
#3774 = LINE('',#3775,#3776);
#3775 = CARTESIAN_POINT('',(-1.392391171545,16.045944524315,0.));
#3776 = VECTOR('',#3777,1.);
#3777 = DIRECTION('',(-0.866025403784,0.5,0.));
#3778 = PCURVE('',#100,#3779);
#3779 = DEFINITIONAL_REPRESENTATION('',(#3780),#3783);
#3780 = B_SPLINE_CURVE_WITH_KNOTS('',1,(#3781,#3782),.UNSPECIFIED.,.F.,
  .F.,(2,2),(4.858528179507,10.632030871403),.PIECEWISE_BEZIER_KNOTS.);
#3781 = CARTESIAN_POINT('',(25.4,74.975208614068));
#3782 = CARTESIAN_POINT('',(20.4,77.861959960016));
#3783 = ( GEOMETRIC_REPRESENTATION_CONTEXT(2) 
PARAMETRIC_REPRESENTATION_CONTEXT() REPRESENTATION_CONTEXT('2D SPACE',''
  ) );
#3784 = PCURVE('',#3785,#3790);
#3785 = PLANE('',#3786);
#3786 = AXIS2_PLACEMENT_3D('',#3787,#3788,#3789);
#3787 = CARTESIAN_POINT('',(-10.6,21.361959960016,-1.));
#3788 = DIRECTION('',(0.5,0.866025403784,-0.));
#3789 = DIRECTION('',(0.866025403784,-0.5,0.));
#3790 = DEFINITIONAL_REPRESENTATION('',(#3791),#3794);
#3791 = B_SPLINE_CURVE_WITH_KNOTS('',1,(#3792,#3793),.UNSPECIFIED.,.F.,
  .F.,(2,2),(4.858528179507,10.632030871403),.PIECEWISE_BEZIER_KNOTS.);
#3792 = CARTESIAN_POINT('',(5.773502691896,-1.));
#3793 = CARTESIAN_POINT('',(0.,-1.));
#3794 = ( GEOMETRIC_REPRESENTATION_CONTEXT(2) 
PARAMETRIC_REPRESENTATION_CONTEXT() REPRESENTATION_CONTEXT('2D SPACE',''
  ) );
#3795 = FACE_BOUND('',#3796,.F.);
#3796 = EDGE_LOOP('',(#3797,#3825,#3851,#3877,#3903,#3929));
#3797 = ORIENTED_EDGE('',*,*,#3798,.T.);
#3798 = EDGE_CURVE('',#3799,#3801,#3803,.T.);
#3799 = VERTEX_POINT('',#3800);
#3800 = CARTESIAN_POINT('',(0.6,1.962990915245,0.));
#3801 = VERTEX_POINT('',#3802);
#3802 = CARTESIAN_POINT('',(0.6,7.736493607141,0.));
#3803 = SURFACE_CURVE('',#3804,(#3808,#3814),.PCURVE_S1.);
#3804 = LINE('',#3805,#3806);
#3805 = CARTESIAN_POINT('',(0.6,-24.38175319643,0.));
#3806 = VECTOR('',#3807,1.);
#3807 = DIRECTION('',(4.615110447321E-16,1.,-0.));
#3808 = PCURVE('',#100,#3809);
#3809 = DEFINITIONAL_REPRESENTATION('',(#3810),#3813);
#3810 = B_SPLINE_CURVE_WITH_KNOTS('',1,(#3811,#3812),.UNSPECIFIED.,.F.,
  .F.,(2,2),(26.344744111674,32.11824680357),.PIECEWISE_BEZIER_KNOTS.);
#3811 = CARTESIAN_POINT('',(31.6,58.462990915245));
#3812 = CARTESIAN_POINT('',(31.6,64.236493607141));
#3813 = ( GEOMETRIC_REPRESENTATION_CONTEXT(2) 
PARAMETRIC_REPRESENTATION_CONTEXT() REPRESENTATION_CONTEXT('2D SPACE',''
  ) );
#3814 = PCURVE('',#3815,#3820);
#3815 = PLANE('',#3816);
#3816 = AXIS2_PLACEMENT_3D('',#3817,#3818,#3819);
#3817 = CARTESIAN_POINT('',(0.6,7.736493607141,-1.));
#3818 = DIRECTION('',(1.,-4.615110447321E-16,0.));
#3819 = DIRECTION('',(-4.615110447321E-16,-1.,0.));
#3820 = DEFINITIONAL_REPRESENTATION('',(#3821),#3824);
#3821 = B_SPLINE_CURVE_WITH_KNOTS('',1,(#3822,#3823),.UNSPECIFIED.,.F.,
  .F.,(2,2),(26.344744111674,32.11824680357),.PIECEWISE_BEZIER_KNOTS.);
#3822 = CARTESIAN_POINT('',(5.773502691896,-1.));
#3823 = CARTESIAN_POINT('',(0.,-1.));
#3824 = ( GEOMETRIC_REPRESENTATION_CONTEXT(2) 
PARAMETRIC_REPRESENTATION_CONTEXT() REPRESENTATION_CONTEXT('2D SPACE',''
  ) );
#3825 = ORIENTED_EDGE('',*,*,#3826,.T.);
#3826 = EDGE_CURVE('',#3801,#3827,#3829,.T.);
#3827 = VERTEX_POINT('',#3828);
#3828 = CARTESIAN_POINT('',(5.6,10.623244953089,0.));
#3829 = SURFACE_CURVE('',#3830,(#3834,#3840),.PCURVE_S1.);
#3830 = LINE('',#3831,#3832);
#3831 = CARTESIAN_POINT('',(-22.65760882845,-5.691293110675,
    1.110223024625E-16));
#3832 = VECTOR('',#3833,1.);
#3833 = DIRECTION('',(0.866025403784,0.5,-0.));
#3834 = PCURVE('',#100,#3835);
#3835 = DEFINITIONAL_REPRESENTATION('',(#3836),#3839);
#3836 = B_SPLINE_CURVE_WITH_KNOTS('',1,(#3837,#3838),.UNSPECIFIED.,.F.,
  .F.,(2,2),(26.855573435631,32.629076127528),.PIECEWISE_BEZIER_KNOTS.);
#3837 = CARTESIAN_POINT('',(31.6,64.236493607141));
#3838 = CARTESIAN_POINT('',(36.6,67.123244953089));
#3839 = ( GEOMETRIC_REPRESENTATION_CONTEXT(2) 
PARAMETRIC_REPRESENTATION_CONTEXT() REPRESENTATION_CONTEXT('2D SPACE',''
  ) );
#3840 = PCURVE('',#3841,#3846);
#3841 = PLANE('',#3842);
#3842 = AXIS2_PLACEMENT_3D('',#3843,#3844,#3845);
#3843 = CARTESIAN_POINT('',(5.6,10.623244953089,-1.));
#3844 = DIRECTION('',(0.5,-0.866025403784,0.));
#3845 = DIRECTION('',(-0.866025403784,-0.5,0.));
#3846 = DEFINITIONAL_REPRESENTATION('',(#3847),#3850);
#3847 = B_SPLINE_CURVE_WITH_KNOTS('',1,(#3848,#3849),.UNSPECIFIED.,.F.,
  .F.,(2,2),(26.855573435631,32.629076127528),.PIECEWISE_BEZIER_KNOTS.);
#3848 = CARTESIAN_POINT('',(5.773502691896,-1.));
#3849 = CARTESIAN_POINT('',(0.,-1.));
#3850 = ( GEOMETRIC_REPRESENTATION_CONTEXT(2) 
PARAMETRIC_REPRESENTATION_CONTEXT() REPRESENTATION_CONTEXT('2D SPACE',''
  ) );
#3851 = ORIENTED_EDGE('',*,*,#3852,.T.);
#3852 = EDGE_CURVE('',#3827,#3853,#3855,.T.);
#3853 = VERTEX_POINT('',#3854);
#3854 = CARTESIAN_POINT('',(10.6,7.736493607141,0.));
#3855 = SURFACE_CURVE('',#3856,(#3860,#3866),.PCURVE_S1.);
#3856 = LINE('',#3857,#3858);
#3857 = CARTESIAN_POINT('',(8.907608828455,8.713596105607,
    1.110223024625E-16));
#3858 = VECTOR('',#3859,1.);
#3859 = DIRECTION('',(0.866025403784,-0.5,0.));
#3860 = PCURVE('',#100,#3861);
#3861 = DEFINITIONAL_REPRESENTATION('',(#3862),#3865);
#3862 = B_SPLINE_CURVE_WITH_KNOTS('',1,(#3863,#3864),.UNSPECIFIED.,.F.,
  .F.,(2,2),(-3.819297694965,1.954204996931),.PIECEWISE_BEZIER_KNOTS.);
#3863 = CARTESIAN_POINT('',(36.6,67.123244953089));
#3864 = CARTESIAN_POINT('',(41.6,64.236493607141));
#3865 = ( GEOMETRIC_REPRESENTATION_CONTEXT(2) 
PARAMETRIC_REPRESENTATION_CONTEXT() REPRESENTATION_CONTEXT('2D SPACE',''
  ) );
#3866 = PCURVE('',#3867,#3872);
#3867 = PLANE('',#3868);
#3868 = AXIS2_PLACEMENT_3D('',#3869,#3870,#3871);
#3869 = CARTESIAN_POINT('',(10.6,7.736493607141,-1.));
#3870 = DIRECTION('',(-0.5,-0.866025403784,0.));
#3871 = DIRECTION('',(-0.866025403784,0.5,0.));
#3872 = DEFINITIONAL_REPRESENTATION('',(#3873),#3876);
#3873 = B_SPLINE_CURVE_WITH_KNOTS('',1,(#3874,#3875),.UNSPECIFIED.,.F.,
  .F.,(2,2),(-3.819297694965,1.954204996931),.PIECEWISE_BEZIER_KNOTS.);
#3874 = CARTESIAN_POINT('',(5.773502691896,-1.));
#3875 = CARTESIAN_POINT('',(0.,-1.));
#3876 = ( GEOMETRIC_REPRESENTATION_CONTEXT(2) 
PARAMETRIC_REPRESENTATION_CONTEXT() REPRESENTATION_CONTEXT('2D SPACE',''
  ) );
#3877 = ORIENTED_EDGE('',*,*,#3878,.T.);
#3878 = EDGE_CURVE('',#3853,#3879,#3881,.T.);
#3879 = VERTEX_POINT('',#3880);
#3880 = CARTESIAN_POINT('',(10.6,1.962990915245,0.));
#3881 = SURFACE_CURVE('',#3882,(#3886,#3892),.PCURVE_S1.);
#3882 = LINE('',#3883,#3884);
#3883 = CARTESIAN_POINT('',(10.6,-27.26850454237,0.));
#3884 = VECTOR('',#3885,1.);
#3885 = DIRECTION('',(-1.538370149107E-16,-1.,0.));
#3886 = PCURVE('',#100,#3887);
#3887 = DEFINITIONAL_REPRESENTATION('',(#3888),#3891);
#3888 = B_SPLINE_CURVE_WITH_KNOTS('',1,(#3889,#3890),.UNSPECIFIED.,.F.,
  .F.,(2,2),(-35.00499814951,-29.23149545762),.PIECEWISE_BEZIER_KNOTS.);
#3889 = CARTESIAN_POINT('',(41.6,64.236493607141));
#3890 = CARTESIAN_POINT('',(41.6,58.462990915245));
#3891 = ( GEOMETRIC_REPRESENTATION_CONTEXT(2) 
PARAMETRIC_REPRESENTATION_CONTEXT() REPRESENTATION_CONTEXT('2D SPACE',''
  ) );
#3892 = PCURVE('',#3893,#3898);
#3893 = PLANE('',#3894);
#3894 = AXIS2_PLACEMENT_3D('',#3895,#3896,#3897);
#3895 = CARTESIAN_POINT('',(10.6,1.962990915245,-1.));
#3896 = DIRECTION('',(-1.,1.538370149107E-16,0.));
#3897 = DIRECTION('',(1.538370149107E-16,1.,0.));
#3898 = DEFINITIONAL_REPRESENTATION('',(#3899),#3902);
#3899 = B_SPLINE_CURVE_WITH_KNOTS('',1,(#3900,#3901),.UNSPECIFIED.,.F.,
  .F.,(2,2),(-35.00499814951,-29.23149545762),.PIECEWISE_BEZIER_KNOTS.);
#3900 = CARTESIAN_POINT('',(5.773502691896,-1.));
#3901 = CARTESIAN_POINT('',(0.,-1.));
#3902 = ( GEOMETRIC_REPRESENTATION_CONTEXT(2) 
PARAMETRIC_REPRESENTATION_CONTEXT() REPRESENTATION_CONTEXT('2D SPACE',''
  ) );
#3903 = ORIENTED_EDGE('',*,*,#3904,.T.);
#3904 = EDGE_CURVE('',#3879,#3905,#3907,.T.);
#3905 = VERTEX_POINT('',#3906);
#3906 = CARTESIAN_POINT('',(5.6,-0.923760430703,0.));
#3907 = SURFACE_CURVE('',#3908,(#3912,#3918),.PCURVE_S1.);
#3908 = LINE('',#3909,#3910);
#3909 = CARTESIAN_POINT('',(-20.15760882845,-15.79492282149,0.));
#3910 = VECTOR('',#3911,1.);
#3911 = DIRECTION('',(-0.866025403784,-0.5,0.));
#3912 = PCURVE('',#100,#3913);
#3913 = DEFINITIONAL_REPRESENTATION('',(#3914),#3917);
#3914 = B_SPLINE_CURVE_WITH_KNOTS('',1,(#3915,#3916),.UNSPECIFIED.,.F.,
  .F.,(2,2),(-35.51582747347,-29.74232478157),.PIECEWISE_BEZIER_KNOTS.);
#3915 = CARTESIAN_POINT('',(41.6,58.462990915245));
#3916 = CARTESIAN_POINT('',(36.6,55.576239569297));
#3917 = ( GEOMETRIC_REPRESENTATION_CONTEXT(2) 
PARAMETRIC_REPRESENTATION_CONTEXT() REPRESENTATION_CONTEXT('2D SPACE',''
  ) );
#3918 = PCURVE('',#3919,#3924);
#3919 = PLANE('',#3920);
#3920 = AXIS2_PLACEMENT_3D('',#3921,#3922,#3923);
#3921 = CARTESIAN_POINT('',(5.6,-0.923760430703,-1.));
#3922 = DIRECTION('',(-0.5,0.866025403784,0.));
#3923 = DIRECTION('',(0.866025403784,0.5,0.));
#3924 = DEFINITIONAL_REPRESENTATION('',(#3925),#3928);
#3925 = B_SPLINE_CURVE_WITH_KNOTS('',1,(#3926,#3927),.UNSPECIFIED.,.F.,
  .F.,(2,2),(-35.51582747347,-29.74232478157),.PIECEWISE_BEZIER_KNOTS.);
#3926 = CARTESIAN_POINT('',(5.773502691896,-1.));
#3927 = CARTESIAN_POINT('',(0.,-1.));
#3928 = ( GEOMETRIC_REPRESENTATION_CONTEXT(2) 
PARAMETRIC_REPRESENTATION_CONTEXT() REPRESENTATION_CONTEXT('2D SPACE',''
  ) );
#3929 = ORIENTED_EDGE('',*,*,#3930,.T.);
#3930 = EDGE_CURVE('',#3905,#3799,#3931,.T.);
#3931 = SURFACE_CURVE('',#3932,(#3936,#3942),.PCURVE_S1.);
#3932 = LINE('',#3933,#3934);
#3933 = CARTESIAN_POINT('',(1.407608828455,1.496717740736,0.));
#3934 = VECTOR('',#3935,1.);
#3935 = DIRECTION('',(-0.866025403784,0.5,0.));
#3936 = PCURVE('',#100,#3937);
#3937 = DEFINITIONAL_REPRESENTATION('',(#3938),#3941);
#3938 = B_SPLINE_CURVE_WITH_KNOTS('',1,(#3939,#3940),.UNSPECIFIED.,.F.,
  .F.,(2,2),(-4.840956342879,0.932546349017),.PIECEWISE_BEZIER_KNOTS.);
#3939 = CARTESIAN_POINT('',(36.6,55.576239569297));
#3940 = CARTESIAN_POINT('',(31.6,58.462990915245));
#3941 = ( GEOMETRIC_REPRESENTATION_CONTEXT(2) 
PARAMETRIC_REPRESENTATION_CONTEXT() REPRESENTATION_CONTEXT('2D SPACE',''
  ) );
#3942 = PCURVE('',#3943,#3948);
#3943 = PLANE('',#3944);
#3944 = AXIS2_PLACEMENT_3D('',#3945,#3946,#3947);
#3945 = CARTESIAN_POINT('',(0.6,1.962990915245,-1.));
#3946 = DIRECTION('',(0.5,0.866025403784,-0.));
#3947 = DIRECTION('',(0.866025403784,-0.5,0.));
#3948 = DEFINITIONAL_REPRESENTATION('',(#3949),#3952);
#3949 = B_SPLINE_CURVE_WITH_KNOTS('',1,(#3950,#3951),.UNSPECIFIED.,.F.,
  .F.,(2,2),(-4.840956342879,0.932546349017),.PIECEWISE_BEZIER_KNOTS.);
#3950 = CARTESIAN_POINT('',(5.773502691896,-1.));
#3951 = CARTESIAN_POINT('',(0.,-1.));
#3952 = ( GEOMETRIC_REPRESENTATION_CONTEXT(2) 
PARAMETRIC_REPRESENTATION_CONTEXT() REPRESENTATION_CONTEXT('2D SPACE',''
  ) );
#3953 = FACE_BOUND('',#3954,.F.);
#3954 = EDGE_LOOP('',(#3955,#3983,#4009,#4035,#4061,#4087));
#3955 = ORIENTED_EDGE('',*,*,#3956,.T.);
#3956 = EDGE_CURVE('',#3957,#3959,#3961,.T.);
#3957 = VERTEX_POINT('',#3958);
#3958 = CARTESIAN_POINT('',(-5.,11.66247543763,0.));
#3959 = VERTEX_POINT('',#3960);
#3960 = CARTESIAN_POINT('',(-5.,17.435978129527,0.));
#3961 = SURFACE_CURVE('',#3962,(#3966,#3972),.PCURVE_S1.);
#3962 = LINE('',#3963,#3964);
#3963 = CARTESIAN_POINT('',(-5.,-19.53201093523,0.));
#3964 = VECTOR('',#3965,1.);
#3965 = DIRECTION('',(4.615110447321E-16,1.,-0.));
#3966 = PCURVE('',#100,#3967);
#3967 = DEFINITIONAL_REPRESENTATION('',(#3968),#3971);
#3968 = B_SPLINE_CURVE_WITH_KNOTS('',1,(#3969,#3970),.UNSPECIFIED.,.F.,
  .F.,(2,2),(31.194486372867,36.967989064763),.PIECEWISE_BEZIER_KNOTS.);
#3969 = CARTESIAN_POINT('',(26.,68.16247543763));
#3970 = CARTESIAN_POINT('',(26.,73.935978129527));
#3971 = ( GEOMETRIC_REPRESENTATION_CONTEXT(2) 
PARAMETRIC_REPRESENTATION_CONTEXT() REPRESENTATION_CONTEXT('2D SPACE',''
  ) );
#3972 = PCURVE('',#3973,#3978);
#3973 = PLANE('',#3974);
#3974 = AXIS2_PLACEMENT_3D('',#3975,#3976,#3977);
#3975 = CARTESIAN_POINT('',(-5.,17.435978129527,-1.));
#3976 = DIRECTION('',(1.,-4.615110447321E-16,0.));
#3977 = DIRECTION('',(-4.615110447321E-16,-1.,0.));
#3978 = DEFINITIONAL_REPRESENTATION('',(#3979),#3982);
#3979 = B_SPLINE_CURVE_WITH_KNOTS('',1,(#3980,#3981),.UNSPECIFIED.,.F.,
  .F.,(2,2),(31.194486372867,36.967989064763),.PIECEWISE_BEZIER_KNOTS.);
#3980 = CARTESIAN_POINT('',(5.773502691896,-1.));
#3981 = CARTESIAN_POINT('',(0.,-1.));
#3982 = ( GEOMETRIC_REPRESENTATION_CONTEXT(2) 
PARAMETRIC_REPRESENTATION_CONTEXT() REPRESENTATION_CONTEXT('2D SPACE',''
  ) );
#3983 = ORIENTED_EDGE('',*,*,#3984,.T.);
#3984 = EDGE_CURVE('',#3959,#3985,#3987,.T.);
#3985 = VERTEX_POINT('',#3986);
#3986 = CARTESIAN_POINT('',(2.129881918975E-15,20.322729475475,0.));
#3987 = SURFACE_CURVE('',#3988,(#3992,#3998),.PCURVE_S1.);
#3988 = LINE('',#3989,#3990);
#3989 = CARTESIAN_POINT('',(-28.25760882845,4.008191411711,
    1.110223024625E-16));
#3990 = VECTOR('',#3991,1.);
#3991 = DIRECTION('',(0.866025403784,0.5,-0.));
#3992 = PCURVE('',#100,#3993);
#3993 = DEFINITIONAL_REPRESENTATION('',(#3994),#3997);
#3994 = B_SPLINE_CURVE_WITH_KNOTS('',1,(#3995,#3996),.UNSPECIFIED.,.F.,
  .F.,(2,2),(26.855573435631,32.629076127528),.PIECEWISE_BEZIER_KNOTS.);
#3995 = CARTESIAN_POINT('',(26.,73.935978129527));
#3996 = CARTESIAN_POINT('',(31.,76.822729475475));
#3997 = ( GEOMETRIC_REPRESENTATION_CONTEXT(2) 
PARAMETRIC_REPRESENTATION_CONTEXT() REPRESENTATION_CONTEXT('2D SPACE',''
  ) );
#3998 = PCURVE('',#3999,#4004);
#3999 = PLANE('',#4000);
#4000 = AXIS2_PLACEMENT_3D('',#4001,#4002,#4003);
#4001 = CARTESIAN_POINT('',(2.129881918975E-15,20.322729475475,-1.));
#4002 = DIRECTION('',(0.5,-0.866025403784,0.));
#4003 = DIRECTION('',(-0.866025403784,-0.5,0.));
#4004 = DEFINITIONAL_REPRESENTATION('',(#4005),#4008);
#4005 = B_SPLINE_CURVE_WITH_KNOTS('',1,(#4006,#4007),.UNSPECIFIED.,.F.,
  .F.,(2,2),(26.855573435631,32.629076127528),.PIECEWISE_BEZIER_KNOTS.);
#4006 = CARTESIAN_POINT('',(5.773502691896,-1.));
#4007 = CARTESIAN_POINT('',(0.,-1.));
#4008 = ( GEOMETRIC_REPRESENTATION_CONTEXT(2) 
PARAMETRIC_REPRESENTATION_CONTEXT() REPRESENTATION_CONTEXT('2D SPACE',''
  ) );
#4009 = ORIENTED_EDGE('',*,*,#4010,.T.);
#4010 = EDGE_CURVE('',#3985,#4011,#4013,.T.);
#4011 = VERTEX_POINT('',#4012);
#4012 = CARTESIAN_POINT('',(5.,17.435978129527,0.));
#4013 = SURFACE_CURVE('',#4014,(#4018,#4024),.PCURVE_S1.);
#4014 = LINE('',#4015,#4016);
#4015 = CARTESIAN_POINT('',(7.507608828455,15.988209497396,
    1.110223024625E-16));
#4016 = VECTOR('',#4017,1.);
#4017 = DIRECTION('',(0.866025403784,-0.5,0.));
#4018 = PCURVE('',#100,#4019);
#4019 = DEFINITIONAL_REPRESENTATION('',(#4020),#4023);
#4020 = B_SPLINE_CURVE_WITH_KNOTS('',1,(#4021,#4022),.UNSPECIFIED.,.F.,
  .F.,(2,2),(-8.669039956158,-2.895537264262),.PIECEWISE_BEZIER_KNOTS.);
#4021 = CARTESIAN_POINT('',(31.,76.822729475475));
#4022 = CARTESIAN_POINT('',(36.,73.935978129527));
#4023 = ( GEOMETRIC_REPRESENTATION_CONTEXT(2) 
PARAMETRIC_REPRESENTATION_CONTEXT() REPRESENTATION_CONTEXT('2D SPACE',''
  ) );
#4024 = PCURVE('',#4025,#4030);
#4025 = PLANE('',#4026);
#4026 = AXIS2_PLACEMENT_3D('',#4027,#4028,#4029);
#4027 = CARTESIAN_POINT('',(5.,17.435978129527,-1.));
#4028 = DIRECTION('',(-0.5,-0.866025403784,0.));
#4029 = DIRECTION('',(-0.866025403784,0.5,0.));
#4030 = DEFINITIONAL_REPRESENTATION('',(#4031),#4034);
#4031 = B_SPLINE_CURVE_WITH_KNOTS('',1,(#4032,#4033),.UNSPECIFIED.,.F.,
  .F.,(2,2),(-8.669039956158,-2.895537264262),.PIECEWISE_BEZIER_KNOTS.);
#4032 = CARTESIAN_POINT('',(5.773502691896,-1.));
#4033 = CARTESIAN_POINT('',(0.,-1.));
#4034 = ( GEOMETRIC_REPRESENTATION_CONTEXT(2) 
PARAMETRIC_REPRESENTATION_CONTEXT() REPRESENTATION_CONTEXT('2D SPACE',''
  ) );
#4035 = ORIENTED_EDGE('',*,*,#4036,.T.);
#4036 = EDGE_CURVE('',#4011,#4037,#4039,.T.);
#4037 = VERTEX_POINT('',#4038);
#4038 = CARTESIAN_POINT('',(5.,11.66247543763,0.));
#4039 = SURFACE_CURVE('',#4040,(#4044,#4050),.PCURVE_S1.);
#4040 = LINE('',#4041,#4042);
#4041 = CARTESIAN_POINT('',(5.,-22.41876228118,0.));
#4042 = VECTOR('',#4043,1.);
#4043 = DIRECTION('',(-1.538370149107E-16,-1.,0.));
#4044 = PCURVE('',#100,#4045);
#4045 = DEFINITIONAL_REPRESENTATION('',(#4046),#4049);
#4046 = B_SPLINE_CURVE_WITH_KNOTS('',1,(#4047,#4048),.UNSPECIFIED.,.F.,
  .F.,(2,2),(-39.85474041071,-34.08123771881),.PIECEWISE_BEZIER_KNOTS.);
#4047 = CARTESIAN_POINT('',(36.,73.935978129527));
#4048 = CARTESIAN_POINT('',(36.,68.16247543763));
#4049 = ( GEOMETRIC_REPRESENTATION_CONTEXT(2) 
PARAMETRIC_REPRESENTATION_CONTEXT() REPRESENTATION_CONTEXT('2D SPACE',''
  ) );
#4050 = PCURVE('',#4051,#4056);
#4051 = PLANE('',#4052);
#4052 = AXIS2_PLACEMENT_3D('',#4053,#4054,#4055);
#4053 = CARTESIAN_POINT('',(5.,11.66247543763,-1.));
#4054 = DIRECTION('',(-1.,1.538370149107E-16,0.));
#4055 = DIRECTION('',(1.538370149107E-16,1.,0.));
#4056 = DEFINITIONAL_REPRESENTATION('',(#4057),#4060);
#4057 = B_SPLINE_CURVE_WITH_KNOTS('',1,(#4058,#4059),.UNSPECIFIED.,.F.,
  .F.,(2,2),(-39.85474041071,-34.08123771881),.PIECEWISE_BEZIER_KNOTS.);
#4058 = CARTESIAN_POINT('',(5.773502691896,-1.));
#4059 = CARTESIAN_POINT('',(0.,-1.));
#4060 = ( GEOMETRIC_REPRESENTATION_CONTEXT(2) 
PARAMETRIC_REPRESENTATION_CONTEXT() REPRESENTATION_CONTEXT('2D SPACE',''
  ) );
#4061 = ORIENTED_EDGE('',*,*,#4062,.T.);
#4062 = EDGE_CURVE('',#4037,#4063,#4065,.T.);
#4063 = VERTEX_POINT('',#4064);
#4064 = CARTESIAN_POINT('',(7.157816006753E-16,8.775724091682,0.));
#4065 = SURFACE_CURVE('',#4066,(#4070,#4076),.PCURVE_S1.);
#4066 = LINE('',#4067,#4068);
#4067 = CARTESIAN_POINT('',(-25.75760882845,-6.095438299107,0.));
#4068 = VECTOR('',#4069,1.);
#4069 = DIRECTION('',(-0.866025403784,-0.5,0.));
#4070 = PCURVE('',#100,#4071);
#4071 = DEFINITIONAL_REPRESENTATION('',(#4072),#4075);
#4072 = B_SPLINE_CURVE_WITH_KNOTS('',1,(#4073,#4074),.UNSPECIFIED.,.F.,
  .F.,(2,2),(-35.51582747347,-29.74232478157),.PIECEWISE_BEZIER_KNOTS.);
#4073 = CARTESIAN_POINT('',(36.,68.16247543763));
#4074 = CARTESIAN_POINT('',(31.,65.275724091682));
#4075 = ( GEOMETRIC_REPRESENTATION_CONTEXT(2) 
PARAMETRIC_REPRESENTATION_CONTEXT() REPRESENTATION_CONTEXT('2D SPACE',''
  ) );
#4076 = PCURVE('',#4077,#4082);
#4077 = PLANE('',#4078);
#4078 = AXIS2_PLACEMENT_3D('',#4079,#4080,#4081);
#4079 = CARTESIAN_POINT('',(7.157816006753E-16,8.775724091682,-1.));
#4080 = DIRECTION('',(-0.5,0.866025403784,0.));
#4081 = DIRECTION('',(0.866025403784,0.5,0.));
#4082 = DEFINITIONAL_REPRESENTATION('',(#4083),#4086);
#4083 = B_SPLINE_CURVE_WITH_KNOTS('',1,(#4084,#4085),.UNSPECIFIED.,.F.,
  .F.,(2,2),(-35.51582747347,-29.74232478157),.PIECEWISE_BEZIER_KNOTS.);
#4084 = CARTESIAN_POINT('',(5.773502691896,-1.));
#4085 = CARTESIAN_POINT('',(0.,-1.));
#4086 = ( GEOMETRIC_REPRESENTATION_CONTEXT(2) 
PARAMETRIC_REPRESENTATION_CONTEXT() REPRESENTATION_CONTEXT('2D SPACE',''
  ) );
#4087 = ORIENTED_EDGE('',*,*,#4088,.T.);
#4088 = EDGE_CURVE('',#4063,#3957,#4089,.T.);
#4089 = SURFACE_CURVE('',#4090,(#4094,#4100),.PCURVE_S1.);
#4090 = LINE('',#4091,#4092);
#4091 = CARTESIAN_POINT('',(7.608828455201E-03,8.771331132525,0.));
#4092 = VECTOR('',#4093,1.);
#4093 = DIRECTION('',(-0.866025403784,0.5,0.));
#4094 = PCURVE('',#100,#4095);
#4095 = DEFINITIONAL_REPRESENTATION('',(#4096),#4099);
#4096 = B_SPLINE_CURVE_WITH_KNOTS('',1,(#4097,#4098),.UNSPECIFIED.,.F.,
  .F.,(2,2),(8.785918313653E-03,5.78228861021),
  .PIECEWISE_BEZIER_KNOTS.);
#4097 = CARTESIAN_POINT('',(31.,65.275724091682));
#4098 = CARTESIAN_POINT('',(26.,68.16247543763));
#4099 = ( GEOMETRIC_REPRESENTATION_CONTEXT(2) 
PARAMETRIC_REPRESENTATION_CONTEXT() REPRESENTATION_CONTEXT('2D SPACE',''
  ) );
#4100 = PCURVE('',#4101,#4106);
#4101 = PLANE('',#4102);
#4102 = AXIS2_PLACEMENT_3D('',#4103,#4104,#4105);
#4103 = CARTESIAN_POINT('',(-5.,11.66247543763,-1.));
#4104 = DIRECTION('',(0.5,0.866025403784,-0.));
#4105 = DIRECTION('',(0.866025403784,-0.5,0.));
#4106 = DEFINITIONAL_REPRESENTATION('',(#4107),#4110);
#4107 = B_SPLINE_CURVE_WITH_KNOTS('',1,(#4108,#4109),.UNSPECIFIED.,.F.,
  .F.,(2,2),(8.785918313653E-03,5.78228861021),
  .PIECEWISE_BEZIER_KNOTS.);
#4108 = CARTESIAN_POINT('',(5.773502691896,-1.));
#4109 = CARTESIAN_POINT('',(0.,-1.));
#4110 = ( GEOMETRIC_REPRESENTATION_CONTEXT(2) 
PARAMETRIC_REPRESENTATION_CONTEXT() REPRESENTATION_CONTEXT('2D SPACE',''
  ) );
#4111 = FACE_BOUND('',#4112,.F.);
#4112 = EDGE_LOOP('',(#4113,#4141,#4167,#4193,#4219,#4245));
#4113 = ORIENTED_EDGE('',*,*,#4114,.T.);
#4114 = EDGE_CURVE('',#4115,#4117,#4119,.T.);
#4115 = VERTEX_POINT('',#4116);
#4116 = CARTESIAN_POINT('',(11.8,1.962990915245,0.));
#4117 = VERTEX_POINT('',#4118);
#4118 = CARTESIAN_POINT('',(11.8,7.736493607141,0.));
#4119 = SURFACE_CURVE('',#4120,(#4124,#4130),.PCURVE_S1.);
#4120 = LINE('',#4121,#4122);
#4121 = CARTESIAN_POINT('',(11.8,-24.38175319643,0.));
#4122 = VECTOR('',#4123,1.);
#4123 = DIRECTION('',(4.615110447321E-16,1.,-0.));
#4124 = PCURVE('',#100,#4125);
#4125 = DEFINITIONAL_REPRESENTATION('',(#4126),#4129);
#4126 = B_SPLINE_CURVE_WITH_KNOTS('',1,(#4127,#4128),.UNSPECIFIED.,.F.,
  .F.,(2,2),(26.344744111674,32.11824680357),.PIECEWISE_BEZIER_KNOTS.);
#4127 = CARTESIAN_POINT('',(42.8,58.462990915245));
#4128 = CARTESIAN_POINT('',(42.8,64.236493607141));
#4129 = ( GEOMETRIC_REPRESENTATION_CONTEXT(2) 
PARAMETRIC_REPRESENTATION_CONTEXT() REPRESENTATION_CONTEXT('2D SPACE',''
  ) );
#4130 = PCURVE('',#4131,#4136);
#4131 = PLANE('',#4132);
#4132 = AXIS2_PLACEMENT_3D('',#4133,#4134,#4135);
#4133 = CARTESIAN_POINT('',(11.8,7.736493607141,-1.));
#4134 = DIRECTION('',(1.,-4.615110447321E-16,0.));
#4135 = DIRECTION('',(-4.615110447321E-16,-1.,0.));
#4136 = DEFINITIONAL_REPRESENTATION('',(#4137),#4140);
#4137 = B_SPLINE_CURVE_WITH_KNOTS('',1,(#4138,#4139),.UNSPECIFIED.,.F.,
  .F.,(2,2),(26.344744111674,32.11824680357),.PIECEWISE_BEZIER_KNOTS.);
#4138 = CARTESIAN_POINT('',(5.773502691896,-1.));
#4139 = CARTESIAN_POINT('',(0.,-1.));
#4140 = ( GEOMETRIC_REPRESENTATION_CONTEXT(2) 
PARAMETRIC_REPRESENTATION_CONTEXT() REPRESENTATION_CONTEXT('2D SPACE',''
  ) );
#4141 = ORIENTED_EDGE('',*,*,#4142,.T.);
#4142 = EDGE_CURVE('',#4117,#4143,#4145,.T.);
#4143 = VERTEX_POINT('',#4144);
#4144 = CARTESIAN_POINT('',(16.8,10.623244953089,0.));
#4145 = SURFACE_CURVE('',#4146,(#4150,#4156),.PCURVE_S1.);
#4146 = LINE('',#4147,#4148);
#4147 = CARTESIAN_POINT('',(-15.65760882845,-8.116164241271,
    1.110223024625E-16));
#4148 = VECTOR('',#4149,1.);
#4149 = DIRECTION('',(0.866025403784,0.5,-0.));
#4150 = PCURVE('',#100,#4151);
#4151 = DEFINITIONAL_REPRESENTATION('',(#4152),#4155);
#4152 = B_SPLINE_CURVE_WITH_KNOTS('',1,(#4153,#4154),.UNSPECIFIED.,.F.,
  .F.,(2,2),(31.705315696824,37.47881838872),.PIECEWISE_BEZIER_KNOTS.);
#4153 = CARTESIAN_POINT('',(42.8,64.236493607141));
#4154 = CARTESIAN_POINT('',(47.8,67.123244953089));
#4155 = ( GEOMETRIC_REPRESENTATION_CONTEXT(2) 
PARAMETRIC_REPRESENTATION_CONTEXT() REPRESENTATION_CONTEXT('2D SPACE',''
  ) );
#4156 = PCURVE('',#4157,#4162);
#4157 = PLANE('',#4158);
#4158 = AXIS2_PLACEMENT_3D('',#4159,#4160,#4161);
#4159 = CARTESIAN_POINT('',(16.8,10.623244953089,-1.));
#4160 = DIRECTION('',(0.5,-0.866025403784,0.));
#4161 = DIRECTION('',(-0.866025403784,-0.5,0.));
#4162 = DEFINITIONAL_REPRESENTATION('',(#4163),#4166);
#4163 = B_SPLINE_CURVE_WITH_KNOTS('',1,(#4164,#4165),.UNSPECIFIED.,.F.,
  .F.,(2,2),(31.705315696824,37.47881838872),.PIECEWISE_BEZIER_KNOTS.);
#4164 = CARTESIAN_POINT('',(5.773502691896,-1.));
#4165 = CARTESIAN_POINT('',(0.,-1.));
#4166 = ( GEOMETRIC_REPRESENTATION_CONTEXT(2) 
PARAMETRIC_REPRESENTATION_CONTEXT() REPRESENTATION_CONTEXT('2D SPACE',''
  ) );
#4167 = ORIENTED_EDGE('',*,*,#4168,.T.);
#4168 = EDGE_CURVE('',#4143,#4169,#4171,.T.);
#4169 = VERTEX_POINT('',#4170);
#4170 = CARTESIAN_POINT('',(21.8,7.736493607141,0.));
#4171 = SURFACE_CURVE('',#4172,(#4176,#4182),.PCURVE_S1.);
#4172 = LINE('',#4173,#4174);
#4173 = CARTESIAN_POINT('',(15.907608828455,11.138467236203,
    1.110223024625E-16));
#4174 = VECTOR('',#4175,1.);
#4175 = DIRECTION('',(0.866025403784,-0.5,0.));
#4176 = PCURVE('',#100,#4177);
#4177 = DEFINITIONAL_REPRESENTATION('',(#4178),#4181);
#4178 = B_SPLINE_CURVE_WITH_KNOTS('',1,(#4179,#4180),.UNSPECIFIED.,.F.,
  .F.,(2,2),(1.030444566228,6.803947258124),.PIECEWISE_BEZIER_KNOTS.);
#4179 = CARTESIAN_POINT('',(47.8,67.123244953089));
#4180 = CARTESIAN_POINT('',(52.8,64.236493607141));
#4181 = ( GEOMETRIC_REPRESENTATION_CONTEXT(2) 
PARAMETRIC_REPRESENTATION_CONTEXT() REPRESENTATION_CONTEXT('2D SPACE',''
  ) );
#4182 = PCURVE('',#4183,#4188);
#4183 = PLANE('',#4184);
#4184 = AXIS2_PLACEMENT_3D('',#4185,#4186,#4187);
#4185 = CARTESIAN_POINT('',(21.8,7.736493607141,-1.));
#4186 = DIRECTION('',(-0.5,-0.866025403784,0.));
#4187 = DIRECTION('',(-0.866025403784,0.5,0.));
#4188 = DEFINITIONAL_REPRESENTATION('',(#4189),#4192);
#4189 = B_SPLINE_CURVE_WITH_KNOTS('',1,(#4190,#4191),.UNSPECIFIED.,.F.,
  .F.,(2,2),(1.030444566228,6.803947258124),.PIECEWISE_BEZIER_KNOTS.);
#4190 = CARTESIAN_POINT('',(5.773502691896,-1.));
#4191 = CARTESIAN_POINT('',(0.,-1.));
#4192 = ( GEOMETRIC_REPRESENTATION_CONTEXT(2) 
PARAMETRIC_REPRESENTATION_CONTEXT() REPRESENTATION_CONTEXT('2D SPACE',''
  ) );
#4193 = ORIENTED_EDGE('',*,*,#4194,.T.);
#4194 = EDGE_CURVE('',#4169,#4195,#4197,.T.);
#4195 = VERTEX_POINT('',#4196);
#4196 = CARTESIAN_POINT('',(21.8,1.962990915245,0.));
#4197 = SURFACE_CURVE('',#4198,(#4202,#4208),.PCURVE_S1.);
#4198 = LINE('',#4199,#4200);
#4199 = CARTESIAN_POINT('',(21.8,-27.26850454237,0.));
#4200 = VECTOR('',#4201,1.);
#4201 = DIRECTION('',(-1.538370149107E-16,-1.,0.));
#4202 = PCURVE('',#100,#4203);
#4203 = DEFINITIONAL_REPRESENTATION('',(#4204),#4207);
#4204 = B_SPLINE_CURVE_WITH_KNOTS('',1,(#4205,#4206),.UNSPECIFIED.,.F.,
  .F.,(2,2),(-35.00499814951,-29.23149545762),.PIECEWISE_BEZIER_KNOTS.);
#4205 = CARTESIAN_POINT('',(52.8,64.236493607141));
#4206 = CARTESIAN_POINT('',(52.8,58.462990915245));
#4207 = ( GEOMETRIC_REPRESENTATION_CONTEXT(2) 
PARAMETRIC_REPRESENTATION_CONTEXT() REPRESENTATION_CONTEXT('2D SPACE',''
  ) );
#4208 = PCURVE('',#4209,#4214);
#4209 = PLANE('',#4210);
#4210 = AXIS2_PLACEMENT_3D('',#4211,#4212,#4213);
#4211 = CARTESIAN_POINT('',(21.8,1.962990915245,-1.));
#4212 = DIRECTION('',(-1.,1.538370149107E-16,0.));
#4213 = DIRECTION('',(1.538370149107E-16,1.,0.));
#4214 = DEFINITIONAL_REPRESENTATION('',(#4215),#4218);
#4215 = B_SPLINE_CURVE_WITH_KNOTS('',1,(#4216,#4217),.UNSPECIFIED.,.F.,
  .F.,(2,2),(-35.00499814951,-29.23149545762),.PIECEWISE_BEZIER_KNOTS.);
#4216 = CARTESIAN_POINT('',(5.773502691896,-1.));
#4217 = CARTESIAN_POINT('',(0.,-1.));
#4218 = ( GEOMETRIC_REPRESENTATION_CONTEXT(2) 
PARAMETRIC_REPRESENTATION_CONTEXT() REPRESENTATION_CONTEXT('2D SPACE',''
  ) );
#4219 = ORIENTED_EDGE('',*,*,#4220,.T.);
#4220 = EDGE_CURVE('',#4195,#4221,#4223,.T.);
#4221 = VERTEX_POINT('',#4222);
#4222 = CARTESIAN_POINT('',(16.8,-0.923760430703,0.));
#4223 = SURFACE_CURVE('',#4224,(#4228,#4234),.PCURVE_S1.);
#4224 = LINE('',#4225,#4226);
#4225 = CARTESIAN_POINT('',(-13.15760882845,-18.21979395209,0.));
#4226 = VECTOR('',#4227,1.);
#4227 = DIRECTION('',(-0.866025403784,-0.5,0.));
#4228 = PCURVE('',#100,#4229);
#4229 = DEFINITIONAL_REPRESENTATION('',(#4230),#4233);
#4230 = B_SPLINE_CURVE_WITH_KNOTS('',1,(#4231,#4232),.UNSPECIFIED.,.F.,
  .F.,(2,2),(-40.36556973466,-34.59206704277),.PIECEWISE_BEZIER_KNOTS.);
#4231 = CARTESIAN_POINT('',(52.8,58.462990915245));
#4232 = CARTESIAN_POINT('',(47.8,55.576239569297));
#4233 = ( GEOMETRIC_REPRESENTATION_CONTEXT(2) 
PARAMETRIC_REPRESENTATION_CONTEXT() REPRESENTATION_CONTEXT('2D SPACE',''
  ) );
#4234 = PCURVE('',#4235,#4240);
#4235 = PLANE('',#4236);
#4236 = AXIS2_PLACEMENT_3D('',#4237,#4238,#4239);
#4237 = CARTESIAN_POINT('',(16.8,-0.923760430703,-1.));
#4238 = DIRECTION('',(-0.5,0.866025403784,0.));
#4239 = DIRECTION('',(0.866025403784,0.5,0.));
#4240 = DEFINITIONAL_REPRESENTATION('',(#4241),#4244);
#4241 = B_SPLINE_CURVE_WITH_KNOTS('',1,(#4242,#4243),.UNSPECIFIED.,.F.,
  .F.,(2,2),(-40.36556973466,-34.59206704277),.PIECEWISE_BEZIER_KNOTS.);
#4242 = CARTESIAN_POINT('',(5.773502691896,-1.));
#4243 = CARTESIAN_POINT('',(0.,-1.));
#4244 = ( GEOMETRIC_REPRESENTATION_CONTEXT(2) 
PARAMETRIC_REPRESENTATION_CONTEXT() REPRESENTATION_CONTEXT('2D SPACE',''
  ) );
#4245 = ORIENTED_EDGE('',*,*,#4246,.T.);
#4246 = EDGE_CURVE('',#4221,#4115,#4247,.T.);
#4247 = SURFACE_CURVE('',#4248,(#4252,#4258),.PCURVE_S1.);
#4248 = LINE('',#4249,#4250);
#4249 = CARTESIAN_POINT('',(8.407608828455,3.921588871333,0.));
#4250 = VECTOR('',#4251,1.);
#4251 = DIRECTION('',(-0.866025403784,0.5,0.));
#4252 = PCURVE('',#100,#4253);
#4253 = DEFINITIONAL_REPRESENTATION('',(#4254),#4257);
#4254 = B_SPLINE_CURVE_WITH_KNOTS('',1,(#4255,#4256),.UNSPECIFIED.,.F.,
  .F.,(2,2),(-9.690698604072,-3.917195912176),.PIECEWISE_BEZIER_KNOTS.);
#4255 = CARTESIAN_POINT('',(47.8,55.576239569297));
#4256 = CARTESIAN_POINT('',(42.8,58.462990915245));
#4257 = ( GEOMETRIC_REPRESENTATION_CONTEXT(2) 
PARAMETRIC_REPRESENTATION_CONTEXT() REPRESENTATION_CONTEXT('2D SPACE',''
  ) );
#4258 = PCURVE('',#4259,#4264);
#4259 = PLANE('',#4260);
#4260 = AXIS2_PLACEMENT_3D('',#4261,#4262,#4263);
#4261 = CARTESIAN_POINT('',(11.8,1.962990915245,-1.));
#4262 = DIRECTION('',(0.5,0.866025403784,-0.));
#4263 = DIRECTION('',(0.866025403784,-0.5,0.));
#4264 = DEFINITIONAL_REPRESENTATION('',(#4265),#4268);
#4265 = B_SPLINE_CURVE_WITH_KNOTS('',1,(#4266,#4267),.UNSPECIFIED.,.F.,
  .F.,(2,2),(-9.690698604072,-3.917195912176),.PIECEWISE_BEZIER_KNOTS.);
#4266 = CARTESIAN_POINT('',(5.773502691896,-1.));
#4267 = CARTESIAN_POINT('',(0.,-1.));
#4268 = ( GEOMETRIC_REPRESENTATION_CONTEXT(2) 
PARAMETRIC_REPRESENTATION_CONTEXT() REPRESENTATION_CONTEXT('2D SPACE',''
  ) );
#4269 = FACE_BOUND('',#4270,.F.);
#4270 = EDGE_LOOP('',(#4271,#4299,#4325,#4351,#4377,#4403));
#4271 = ORIENTED_EDGE('',*,*,#4272,.T.);
#4272 = EDGE_CURVE('',#4273,#4275,#4277,.T.);
#4273 = VERTEX_POINT('',#4274);
#4274 = CARTESIAN_POINT('',(6.2,11.66247543763,0.));
#4275 = VERTEX_POINT('',#4276);
#4276 = CARTESIAN_POINT('',(6.2,17.435978129527,0.));
#4277 = SURFACE_CURVE('',#4278,(#4282,#4288),.PCURVE_S1.);
#4278 = LINE('',#4279,#4280);
#4279 = CARTESIAN_POINT('',(6.2,-19.53201093523,0.));
#4280 = VECTOR('',#4281,1.);
#4281 = DIRECTION('',(4.615110447321E-16,1.,-0.));
#4282 = PCURVE('',#100,#4283);
#4283 = DEFINITIONAL_REPRESENTATION('',(#4284),#4287);
#4284 = B_SPLINE_CURVE_WITH_KNOTS('',1,(#4285,#4286),.UNSPECIFIED.,.F.,
  .F.,(2,2),(31.194486372867,36.967989064763),.PIECEWISE_BEZIER_KNOTS.);
#4285 = CARTESIAN_POINT('',(37.2,68.16247543763));
#4286 = CARTESIAN_POINT('',(37.2,73.935978129527));
#4287 = ( GEOMETRIC_REPRESENTATION_CONTEXT(2) 
PARAMETRIC_REPRESENTATION_CONTEXT() REPRESENTATION_CONTEXT('2D SPACE',''
  ) );
#4288 = PCURVE('',#4289,#4294);
#4289 = PLANE('',#4290);
#4290 = AXIS2_PLACEMENT_3D('',#4291,#4292,#4293);
#4291 = CARTESIAN_POINT('',(6.2,17.435978129527,-1.));
#4292 = DIRECTION('',(1.,-4.615110447321E-16,0.));
#4293 = DIRECTION('',(-4.615110447321E-16,-1.,0.));
#4294 = DEFINITIONAL_REPRESENTATION('',(#4295),#4298);
#4295 = B_SPLINE_CURVE_WITH_KNOTS('',1,(#4296,#4297),.UNSPECIFIED.,.F.,
  .F.,(2,2),(31.194486372867,36.967989064763),.PIECEWISE_BEZIER_KNOTS.);
#4296 = CARTESIAN_POINT('',(5.773502691896,-1.));
#4297 = CARTESIAN_POINT('',(0.,-1.));
#4298 = ( GEOMETRIC_REPRESENTATION_CONTEXT(2) 
PARAMETRIC_REPRESENTATION_CONTEXT() REPRESENTATION_CONTEXT('2D SPACE',''
  ) );
#4299 = ORIENTED_EDGE('',*,*,#4300,.T.);
#4300 = EDGE_CURVE('',#4275,#4301,#4303,.T.);
#4301 = VERTEX_POINT('',#4302);
#4302 = CARTESIAN_POINT('',(11.2,20.322729475475,0.));
#4303 = SURFACE_CURVE('',#4304,(#4308,#4314),.PCURVE_S1.);
#4304 = LINE('',#4305,#4306);
#4305 = CARTESIAN_POINT('',(-21.25760882845,1.583320281115,
    1.110223024625E-16));
#4306 = VECTOR('',#4307,1.);
#4307 = DIRECTION('',(0.866025403784,0.5,-0.));
#4308 = PCURVE('',#100,#4309);
#4309 = DEFINITIONAL_REPRESENTATION('',(#4310),#4313);
#4310 = B_SPLINE_CURVE_WITH_KNOTS('',1,(#4311,#4312),.UNSPECIFIED.,.F.,
  .F.,(2,2),(31.705315696824,37.47881838872),.PIECEWISE_BEZIER_KNOTS.);
#4311 = CARTESIAN_POINT('',(37.2,73.935978129527));
#4312 = CARTESIAN_POINT('',(42.2,76.822729475475));
#4313 = ( GEOMETRIC_REPRESENTATION_CONTEXT(2) 
PARAMETRIC_REPRESENTATION_CONTEXT() REPRESENTATION_CONTEXT('2D SPACE',''
  ) );
#4314 = PCURVE('',#4315,#4320);
#4315 = PLANE('',#4316);
#4316 = AXIS2_PLACEMENT_3D('',#4317,#4318,#4319);
#4317 = CARTESIAN_POINT('',(11.2,20.322729475475,-1.));
#4318 = DIRECTION('',(0.5,-0.866025403784,0.));
#4319 = DIRECTION('',(-0.866025403784,-0.5,0.));
#4320 = DEFINITIONAL_REPRESENTATION('',(#4321),#4324);
#4321 = B_SPLINE_CURVE_WITH_KNOTS('',1,(#4322,#4323),.UNSPECIFIED.,.F.,
  .F.,(2,2),(31.705315696824,37.47881838872),.PIECEWISE_BEZIER_KNOTS.);
#4322 = CARTESIAN_POINT('',(5.773502691896,-1.));
#4323 = CARTESIAN_POINT('',(0.,-1.));
#4324 = ( GEOMETRIC_REPRESENTATION_CONTEXT(2) 
PARAMETRIC_REPRESENTATION_CONTEXT() REPRESENTATION_CONTEXT('2D SPACE',''
  ) );
#4325 = ORIENTED_EDGE('',*,*,#4326,.T.);
#4326 = EDGE_CURVE('',#4301,#4327,#4329,.T.);
#4327 = VERTEX_POINT('',#4328);
#4328 = CARTESIAN_POINT('',(16.2,17.435978129527,0.));
#4329 = SURFACE_CURVE('',#4330,(#4334,#4340),.PCURVE_S1.);
#4330 = LINE('',#4331,#4332);
#4331 = CARTESIAN_POINT('',(14.507608828455,18.413080627992,
    1.110223024625E-16));
#4332 = VECTOR('',#4333,1.);
#4333 = DIRECTION('',(0.866025403784,-0.5,0.));
#4334 = PCURVE('',#100,#4335);
#4335 = DEFINITIONAL_REPRESENTATION('',(#4336),#4339);
#4336 = B_SPLINE_CURVE_WITH_KNOTS('',1,(#4337,#4338),.UNSPECIFIED.,.F.,
  .F.,(2,2),(-3.819297694965,1.954204996931),.PIECEWISE_BEZIER_KNOTS.);
#4337 = CARTESIAN_POINT('',(42.2,76.822729475475));
#4338 = CARTESIAN_POINT('',(47.2,73.935978129527));
#4339 = ( GEOMETRIC_REPRESENTATION_CONTEXT(2) 
PARAMETRIC_REPRESENTATION_CONTEXT() REPRESENTATION_CONTEXT('2D SPACE',''
  ) );
#4340 = PCURVE('',#4341,#4346);
#4341 = PLANE('',#4342);
#4342 = AXIS2_PLACEMENT_3D('',#4343,#4344,#4345);
#4343 = CARTESIAN_POINT('',(16.2,17.435978129527,-1.));
#4344 = DIRECTION('',(-0.5,-0.866025403784,0.));
#4345 = DIRECTION('',(-0.866025403784,0.5,0.));
#4346 = DEFINITIONAL_REPRESENTATION('',(#4347),#4350);
#4347 = B_SPLINE_CURVE_WITH_KNOTS('',1,(#4348,#4349),.UNSPECIFIED.,.F.,
  .F.,(2,2),(-3.819297694965,1.954204996931),.PIECEWISE_BEZIER_KNOTS.);
#4348 = CARTESIAN_POINT('',(5.773502691896,-1.));
#4349 = CARTESIAN_POINT('',(0.,-1.));
#4350 = ( GEOMETRIC_REPRESENTATION_CONTEXT(2) 
PARAMETRIC_REPRESENTATION_CONTEXT() REPRESENTATION_CONTEXT('2D SPACE',''
  ) );
#4351 = ORIENTED_EDGE('',*,*,#4352,.T.);
#4352 = EDGE_CURVE('',#4327,#4353,#4355,.T.);
#4353 = VERTEX_POINT('',#4354);
#4354 = CARTESIAN_POINT('',(16.2,11.66247543763,0.));
#4355 = SURFACE_CURVE('',#4356,(#4360,#4366),.PCURVE_S1.);
#4356 = LINE('',#4357,#4358);
#4357 = CARTESIAN_POINT('',(16.2,-22.41876228118,0.));
#4358 = VECTOR('',#4359,1.);
#4359 = DIRECTION('',(-1.538370149107E-16,-1.,0.));
#4360 = PCURVE('',#100,#4361);
#4361 = DEFINITIONAL_REPRESENTATION('',(#4362),#4365);
#4362 = B_SPLINE_CURVE_WITH_KNOTS('',1,(#4363,#4364),.UNSPECIFIED.,.F.,
  .F.,(2,2),(-39.85474041071,-34.08123771881),.PIECEWISE_BEZIER_KNOTS.);
#4363 = CARTESIAN_POINT('',(47.2,73.935978129527));
#4364 = CARTESIAN_POINT('',(47.2,68.16247543763));
#4365 = ( GEOMETRIC_REPRESENTATION_CONTEXT(2) 
PARAMETRIC_REPRESENTATION_CONTEXT() REPRESENTATION_CONTEXT('2D SPACE',''
  ) );
#4366 = PCURVE('',#4367,#4372);
#4367 = PLANE('',#4368);
#4368 = AXIS2_PLACEMENT_3D('',#4369,#4370,#4371);
#4369 = CARTESIAN_POINT('',(16.2,11.66247543763,-1.));
#4370 = DIRECTION('',(-1.,1.538370149107E-16,0.));
#4371 = DIRECTION('',(1.538370149107E-16,1.,0.));
#4372 = DEFINITIONAL_REPRESENTATION('',(#4373),#4376);
#4373 = B_SPLINE_CURVE_WITH_KNOTS('',1,(#4374,#4375),.UNSPECIFIED.,.F.,
  .F.,(2,2),(-39.85474041071,-34.08123771881),.PIECEWISE_BEZIER_KNOTS.);
#4374 = CARTESIAN_POINT('',(5.773502691896,-1.));
#4375 = CARTESIAN_POINT('',(0.,-1.));
#4376 = ( GEOMETRIC_REPRESENTATION_CONTEXT(2) 
PARAMETRIC_REPRESENTATION_CONTEXT() REPRESENTATION_CONTEXT('2D SPACE',''
  ) );
#4377 = ORIENTED_EDGE('',*,*,#4378,.T.);
#4378 = EDGE_CURVE('',#4353,#4379,#4381,.T.);
#4379 = VERTEX_POINT('',#4380);
#4380 = CARTESIAN_POINT('',(11.2,8.775724091682,0.));
#4381 = SURFACE_CURVE('',#4382,(#4386,#4392),.PCURVE_S1.);
#4382 = LINE('',#4383,#4384);
#4383 = CARTESIAN_POINT('',(-18.75760882845,-8.520309429704,0.));
#4384 = VECTOR('',#4385,1.);
#4385 = DIRECTION('',(-0.866025403784,-0.5,0.));
#4386 = PCURVE('',#100,#4387);
#4387 = DEFINITIONAL_REPRESENTATION('',(#4388),#4391);
#4388 = B_SPLINE_CURVE_WITH_KNOTS('',1,(#4389,#4390),.UNSPECIFIED.,.F.,
  .F.,(2,2),(-40.36556973466,-34.59206704277),.PIECEWISE_BEZIER_KNOTS.);
#4389 = CARTESIAN_POINT('',(47.2,68.16247543763));
#4390 = CARTESIAN_POINT('',(42.2,65.275724091682));
#4391 = ( GEOMETRIC_REPRESENTATION_CONTEXT(2) 
PARAMETRIC_REPRESENTATION_CONTEXT() REPRESENTATION_CONTEXT('2D SPACE',''
  ) );
#4392 = PCURVE('',#4393,#4398);
#4393 = PLANE('',#4394);
#4394 = AXIS2_PLACEMENT_3D('',#4395,#4396,#4397);
#4395 = CARTESIAN_POINT('',(11.2,8.775724091682,-1.));
#4396 = DIRECTION('',(-0.5,0.866025403784,0.));
#4397 = DIRECTION('',(0.866025403784,0.5,0.));
#4398 = DEFINITIONAL_REPRESENTATION('',(#4399),#4402);
#4399 = B_SPLINE_CURVE_WITH_KNOTS('',1,(#4400,#4401),.UNSPECIFIED.,.F.,
  .F.,(2,2),(-40.36556973466,-34.59206704277),.PIECEWISE_BEZIER_KNOTS.);
#4400 = CARTESIAN_POINT('',(5.773502691896,-1.));
#4401 = CARTESIAN_POINT('',(0.,-1.));
#4402 = ( GEOMETRIC_REPRESENTATION_CONTEXT(2) 
PARAMETRIC_REPRESENTATION_CONTEXT() REPRESENTATION_CONTEXT('2D SPACE',''
  ) );
#4403 = ORIENTED_EDGE('',*,*,#4404,.T.);
#4404 = EDGE_CURVE('',#4379,#4273,#4405,.T.);
#4405 = SURFACE_CURVE('',#4406,(#4410,#4416),.PCURVE_S1.);
#4406 = LINE('',#4407,#4408);
#4407 = CARTESIAN_POINT('',(7.007608828455,11.196202263122,0.));
#4408 = VECTOR('',#4409,1.);
#4409 = DIRECTION('',(-0.866025403784,0.5,0.));
#4410 = PCURVE('',#100,#4411);
#4411 = DEFINITIONAL_REPRESENTATION('',(#4412),#4415);
#4412 = B_SPLINE_CURVE_WITH_KNOTS('',1,(#4413,#4414),.UNSPECIFIED.,.F.,
  .F.,(2,2),(-4.840956342879,0.932546349017),.PIECEWISE_BEZIER_KNOTS.);
#4413 = CARTESIAN_POINT('',(42.2,65.275724091682));
#4414 = CARTESIAN_POINT('',(37.2,68.16247543763));
#4415 = ( GEOMETRIC_REPRESENTATION_CONTEXT(2) 
PARAMETRIC_REPRESENTATION_CONTEXT() REPRESENTATION_CONTEXT('2D SPACE',''
  ) );
#4416 = PCURVE('',#4417,#4422);
#4417 = PLANE('',#4418);
#4418 = AXIS2_PLACEMENT_3D('',#4419,#4420,#4421);
#4419 = CARTESIAN_POINT('',(6.2,11.66247543763,-1.));
#4420 = DIRECTION('',(0.5,0.866025403784,-0.));
#4421 = DIRECTION('',(0.866025403784,-0.5,0.));
#4422 = DEFINITIONAL_REPRESENTATION('',(#4423),#4426);
#4423 = B_SPLINE_CURVE_WITH_KNOTS('',1,(#4424,#4425),.UNSPECIFIED.,.F.,
  .F.,(2,2),(-4.840956342879,0.932546349017),.PIECEWISE_BEZIER_KNOTS.);
#4424 = CARTESIAN_POINT('',(5.773502691896,-1.));
#4425 = CARTESIAN_POINT('',(0.,-1.));
#4426 = ( GEOMETRIC_REPRESENTATION_CONTEXT(2) 
PARAMETRIC_REPRESENTATION_CONTEXT() REPRESENTATION_CONTEXT('2D SPACE',''
  ) );
#4427 = FACE_BOUND('',#4428,.F.);
#4428 = EDGE_LOOP('',(#4429,#4457,#4483,#4509,#4535,#4561));
#4429 = ORIENTED_EDGE('',*,*,#4430,.T.);
#4430 = EDGE_CURVE('',#4431,#4433,#4435,.T.);
#4431 = VERTEX_POINT('',#4432);
#4432 = CARTESIAN_POINT('',(0.6,21.361959960016,0.));
#4433 = VERTEX_POINT('',#4434);
#4434 = CARTESIAN_POINT('',(0.6,27.135462651912,0.));
#4435 = SURFACE_CURVE('',#4436,(#4440,#4446),.PCURVE_S1.);
#4436 = LINE('',#4437,#4438);
#4437 = CARTESIAN_POINT('',(0.6,-14.68226867404,0.));
#4438 = VECTOR('',#4439,1.);
#4439 = DIRECTION('',(4.615110447321E-16,1.,-0.));
#4440 = PCURVE('',#100,#4441);
#4441 = DEFINITIONAL_REPRESENTATION('',(#4442),#4445);
#4442 = B_SPLINE_CURVE_WITH_KNOTS('',1,(#4443,#4444),.UNSPECIFIED.,.F.,
  .F.,(2,2),(36.04422863406,41.817731325956),.PIECEWISE_BEZIER_KNOTS.);
#4443 = CARTESIAN_POINT('',(31.6,77.861959960016));
#4444 = CARTESIAN_POINT('',(31.6,83.635462651912));
#4445 = ( GEOMETRIC_REPRESENTATION_CONTEXT(2) 
PARAMETRIC_REPRESENTATION_CONTEXT() REPRESENTATION_CONTEXT('2D SPACE',''
  ) );
#4446 = PCURVE('',#4447,#4452);
#4447 = PLANE('',#4448);
#4448 = AXIS2_PLACEMENT_3D('',#4449,#4450,#4451);
#4449 = CARTESIAN_POINT('',(0.6,27.135462651912,-1.));
#4450 = DIRECTION('',(1.,-4.615110447321E-16,0.));
#4451 = DIRECTION('',(-4.615110447321E-16,-1.,0.));
#4452 = DEFINITIONAL_REPRESENTATION('',(#4453),#4456);
#4453 = B_SPLINE_CURVE_WITH_KNOTS('',1,(#4454,#4455),.UNSPECIFIED.,.F.,
  .F.,(2,2),(36.04422863406,41.817731325956),.PIECEWISE_BEZIER_KNOTS.);
#4454 = CARTESIAN_POINT('',(5.773502691896,-1.));
#4455 = CARTESIAN_POINT('',(0.,-1.));
#4456 = ( GEOMETRIC_REPRESENTATION_CONTEXT(2) 
PARAMETRIC_REPRESENTATION_CONTEXT() REPRESENTATION_CONTEXT('2D SPACE',''
  ) );
#4457 = ORIENTED_EDGE('',*,*,#4458,.T.);
#4458 = EDGE_CURVE('',#4433,#4459,#4461,.T.);
#4459 = VERTEX_POINT('',#4460);
#4460 = CARTESIAN_POINT('',(5.6,30.022213997861,0.));
#4461 = SURFACE_CURVE('',#4462,(#4466,#4472),.PCURVE_S1.);
#4462 = LINE('',#4463,#4464);
#4463 = CARTESIAN_POINT('',(-26.85760882845,11.2828048035,
    1.110223024625E-16));
#4464 = VECTOR('',#4465,1.);
#4465 = DIRECTION('',(0.866025403784,0.5,-0.));
#4466 = PCURVE('',#100,#4467);
#4467 = DEFINITIONAL_REPRESENTATION('',(#4468),#4471);
#4468 = B_SPLINE_CURVE_WITH_KNOTS('',1,(#4469,#4470),.UNSPECIFIED.,.F.,
  .F.,(2,2),(31.705315696824,37.47881838872),.PIECEWISE_BEZIER_KNOTS.);
#4469 = CARTESIAN_POINT('',(31.6,83.635462651912));
#4470 = CARTESIAN_POINT('',(36.6,86.522213997861));
#4471 = ( GEOMETRIC_REPRESENTATION_CONTEXT(2) 
PARAMETRIC_REPRESENTATION_CONTEXT() REPRESENTATION_CONTEXT('2D SPACE',''
  ) );
#4472 = PCURVE('',#4473,#4478);
#4473 = PLANE('',#4474);
#4474 = AXIS2_PLACEMENT_3D('',#4475,#4476,#4477);
#4475 = CARTESIAN_POINT('',(5.6,30.022213997861,-1.));
#4476 = DIRECTION('',(0.5,-0.866025403784,0.));
#4477 = DIRECTION('',(-0.866025403784,-0.5,0.));
#4478 = DEFINITIONAL_REPRESENTATION('',(#4479),#4482);
#4479 = B_SPLINE_CURVE_WITH_KNOTS('',1,(#4480,#4481),.UNSPECIFIED.,.F.,
  .F.,(2,2),(31.705315696824,37.47881838872),.PIECEWISE_BEZIER_KNOTS.);
#4480 = CARTESIAN_POINT('',(5.773502691896,-1.));
#4481 = CARTESIAN_POINT('',(0.,-1.));
#4482 = ( GEOMETRIC_REPRESENTATION_CONTEXT(2) 
PARAMETRIC_REPRESENTATION_CONTEXT() REPRESENTATION_CONTEXT('2D SPACE',''
  ) );
#4483 = ORIENTED_EDGE('',*,*,#4484,.T.);
#4484 = EDGE_CURVE('',#4459,#4485,#4487,.T.);
#4485 = VERTEX_POINT('',#4486);
#4486 = CARTESIAN_POINT('',(10.6,27.135462651912,0.));
#4487 = SURFACE_CURVE('',#4488,(#4492,#4498),.PCURVE_S1.);
#4488 = LINE('',#4489,#4490);
#4489 = CARTESIAN_POINT('',(13.107608828455,25.687694019782,
    1.110223024625E-16));
#4490 = VECTOR('',#4491,1.);
#4491 = DIRECTION('',(0.866025403784,-0.5,0.));
#4492 = PCURVE('',#100,#4493);
#4493 = DEFINITIONAL_REPRESENTATION('',(#4494),#4497);
#4494 = B_SPLINE_CURVE_WITH_KNOTS('',1,(#4495,#4496),.UNSPECIFIED.,.F.,
  .F.,(2,2),(-8.669039956158,-2.895537264262),.PIECEWISE_BEZIER_KNOTS.);
#4495 = CARTESIAN_POINT('',(36.6,86.522213997861));
#4496 = CARTESIAN_POINT('',(41.6,83.635462651912));
#4497 = ( GEOMETRIC_REPRESENTATION_CONTEXT(2) 
PARAMETRIC_REPRESENTATION_CONTEXT() REPRESENTATION_CONTEXT('2D SPACE',''
  ) );
#4498 = PCURVE('',#4499,#4504);
#4499 = PLANE('',#4500);
#4500 = AXIS2_PLACEMENT_3D('',#4501,#4502,#4503);
#4501 = CARTESIAN_POINT('',(10.6,27.135462651912,-1.));
#4502 = DIRECTION('',(-0.5,-0.866025403784,0.));
#4503 = DIRECTION('',(-0.866025403784,0.5,0.));
#4504 = DEFINITIONAL_REPRESENTATION('',(#4505),#4508);
#4505 = B_SPLINE_CURVE_WITH_KNOTS('',1,(#4506,#4507),.UNSPECIFIED.,.F.,
  .F.,(2,2),(-8.669039956158,-2.895537264262),.PIECEWISE_BEZIER_KNOTS.);
#4506 = CARTESIAN_POINT('',(5.773502691896,-1.));
#4507 = CARTESIAN_POINT('',(0.,-1.));
#4508 = ( GEOMETRIC_REPRESENTATION_CONTEXT(2) 
PARAMETRIC_REPRESENTATION_CONTEXT() REPRESENTATION_CONTEXT('2D SPACE',''
  ) );
#4509 = ORIENTED_EDGE('',*,*,#4510,.T.);
#4510 = EDGE_CURVE('',#4485,#4511,#4513,.T.);
#4511 = VERTEX_POINT('',#4512);
#4512 = CARTESIAN_POINT('',(10.6,21.361959960016,0.));
#4513 = SURFACE_CURVE('',#4514,(#4518,#4524),.PCURVE_S1.);
#4514 = LINE('',#4515,#4516);
#4515 = CARTESIAN_POINT('',(10.6,-17.56902001999,0.));
#4516 = VECTOR('',#4517,1.);
#4517 = DIRECTION('',(-1.538370149107E-16,-1.,0.));
#4518 = PCURVE('',#100,#4519);
#4519 = DEFINITIONAL_REPRESENTATION('',(#4520),#4523);
#4520 = B_SPLINE_CURVE_WITH_KNOTS('',1,(#4521,#4522),.UNSPECIFIED.,.F.,
  .F.,(2,2),(-44.7044826719,-38.93097998),.PIECEWISE_BEZIER_KNOTS.);
#4521 = CARTESIAN_POINT('',(41.6,83.635462651912));
#4522 = CARTESIAN_POINT('',(41.6,77.861959960016));
#4523 = ( GEOMETRIC_REPRESENTATION_CONTEXT(2) 
PARAMETRIC_REPRESENTATION_CONTEXT() REPRESENTATION_CONTEXT('2D SPACE',''
  ) );
#4524 = PCURVE('',#4525,#4530);
#4525 = PLANE('',#4526);
#4526 = AXIS2_PLACEMENT_3D('',#4527,#4528,#4529);
#4527 = CARTESIAN_POINT('',(10.6,21.361959960016,-1.));
#4528 = DIRECTION('',(-1.,1.538370149107E-16,0.));
#4529 = DIRECTION('',(1.538370149107E-16,1.,0.));
#4530 = DEFINITIONAL_REPRESENTATION('',(#4531),#4534);
#4531 = B_SPLINE_CURVE_WITH_KNOTS('',1,(#4532,#4533),.UNSPECIFIED.,.F.,
  .F.,(2,2),(-44.7044826719,-38.93097998),.PIECEWISE_BEZIER_KNOTS.);
#4532 = CARTESIAN_POINT('',(5.773502691896,-1.));
#4533 = CARTESIAN_POINT('',(0.,-1.));
#4534 = ( GEOMETRIC_REPRESENTATION_CONTEXT(2) 
PARAMETRIC_REPRESENTATION_CONTEXT() REPRESENTATION_CONTEXT('2D SPACE',''
  ) );
#4535 = ORIENTED_EDGE('',*,*,#4536,.T.);
#4536 = EDGE_CURVE('',#4511,#4537,#4539,.T.);
#4537 = VERTEX_POINT('',#4538);
#4538 = CARTESIAN_POINT('',(5.6,18.475208614068,0.));
#4539 = SURFACE_CURVE('',#4540,(#4544,#4550),.PCURVE_S1.);
#4540 = LINE('',#4541,#4542);
#4541 = CARTESIAN_POINT('',(-24.35760882845,1.179175092682,0.));
#4542 = VECTOR('',#4543,1.);
#4543 = DIRECTION('',(-0.866025403784,-0.5,0.));
#4544 = PCURVE('',#100,#4545);
#4545 = DEFINITIONAL_REPRESENTATION('',(#4546),#4549);
#4546 = B_SPLINE_CURVE_WITH_KNOTS('',1,(#4547,#4548),.UNSPECIFIED.,.F.,
  .F.,(2,2),(-40.36556973466,-34.59206704277),.PIECEWISE_BEZIER_KNOTS.);
#4547 = CARTESIAN_POINT('',(41.6,77.861959960016));
#4548 = CARTESIAN_POINT('',(36.6,74.975208614068));
#4549 = ( GEOMETRIC_REPRESENTATION_CONTEXT(2) 
PARAMETRIC_REPRESENTATION_CONTEXT() REPRESENTATION_CONTEXT('2D SPACE',''
  ) );
#4550 = PCURVE('',#4551,#4556);
#4551 = PLANE('',#4552);
#4552 = AXIS2_PLACEMENT_3D('',#4553,#4554,#4555);
#4553 = CARTESIAN_POINT('',(5.6,18.475208614068,-1.));
#4554 = DIRECTION('',(-0.5,0.866025403784,0.));
#4555 = DIRECTION('',(0.866025403784,0.5,0.));
#4556 = DEFINITIONAL_REPRESENTATION('',(#4557),#4560);
#4557 = B_SPLINE_CURVE_WITH_KNOTS('',1,(#4558,#4559),.UNSPECIFIED.,.F.,
  .F.,(2,2),(-40.36556973466,-34.59206704277),.PIECEWISE_BEZIER_KNOTS.);
#4558 = CARTESIAN_POINT('',(5.773502691896,-1.));
#4559 = CARTESIAN_POINT('',(0.,-1.));
#4560 = ( GEOMETRIC_REPRESENTATION_CONTEXT(2) 
PARAMETRIC_REPRESENTATION_CONTEXT() REPRESENTATION_CONTEXT('2D SPACE',''
  ) );
#4561 = ORIENTED_EDGE('',*,*,#4562,.T.);
#4562 = EDGE_CURVE('',#4537,#4431,#4563,.T.);
#4563 = SURFACE_CURVE('',#4564,(#4568,#4574),.PCURVE_S1.);
#4564 = LINE('',#4565,#4566);
#4565 = CARTESIAN_POINT('',(5.607608828455,18.470815654911,0.));
#4566 = VECTOR('',#4567,1.);
#4567 = DIRECTION('',(-0.866025403784,0.5,0.));
#4568 = PCURVE('',#100,#4569);
#4569 = DEFINITIONAL_REPRESENTATION('',(#4570),#4573);
#4570 = B_SPLINE_CURVE_WITH_KNOTS('',1,(#4571,#4572),.UNSPECIFIED.,.F.,
  .F.,(2,2),(8.785918313653E-03,5.78228861021),
  .PIECEWISE_BEZIER_KNOTS.);
#4571 = CARTESIAN_POINT('',(36.6,74.975208614068));
#4572 = CARTESIAN_POINT('',(31.6,77.861959960016));
#4573 = ( GEOMETRIC_REPRESENTATION_CONTEXT(2) 
PARAMETRIC_REPRESENTATION_CONTEXT() REPRESENTATION_CONTEXT('2D SPACE',''
  ) );
#4574 = PCURVE('',#4575,#4580);
#4575 = PLANE('',#4576);
#4576 = AXIS2_PLACEMENT_3D('',#4577,#4578,#4579);
#4577 = CARTESIAN_POINT('',(0.6,21.361959960016,-1.));
#4578 = DIRECTION('',(0.5,0.866025403784,-0.));
#4579 = DIRECTION('',(0.866025403784,-0.5,0.));
#4580 = DEFINITIONAL_REPRESENTATION('',(#4581),#4584);
#4581 = B_SPLINE_CURVE_WITH_KNOTS('',1,(#4582,#4583),.UNSPECIFIED.,.F.,
  .F.,(2,2),(8.785918313653E-03,5.78228861021),
  .PIECEWISE_BEZIER_KNOTS.);
#4582 = CARTESIAN_POINT('',(5.773502691896,-1.));
#4583 = CARTESIAN_POINT('',(0.,-1.));
#4584 = ( GEOMETRIC_REPRESENTATION_CONTEXT(2) 
PARAMETRIC_REPRESENTATION_CONTEXT() REPRESENTATION_CONTEXT('2D SPACE',''
  ) );
#4585 = FACE_BOUND('',#4586,.F.);
#4586 = EDGE_LOOP('',(#4587,#4615,#4641,#4667,#4693,#4719));
#4587 = ORIENTED_EDGE('',*,*,#4588,.T.);
#4588 = EDGE_CURVE('',#4589,#4591,#4593,.T.);
#4589 = VERTEX_POINT('',#4590);
#4590 = CARTESIAN_POINT('',(-5.,31.061444482402,0.));
#4591 = VERTEX_POINT('',#4592);
#4592 = CARTESIAN_POINT('',(-5.,36.834947174298,0.));
#4593 = SURFACE_CURVE('',#4594,(#4598,#4604),.PCURVE_S1.);
#4594 = LINE('',#4595,#4596);
#4595 = CARTESIAN_POINT('',(-5.,-9.832526412851,0.));
#4596 = VECTOR('',#4597,1.);
#4597 = DIRECTION('',(4.615110447321E-16,1.,-0.));
#4598 = PCURVE('',#100,#4599);
#4599 = DEFINITIONAL_REPRESENTATION('',(#4600),#4603);
#4600 = B_SPLINE_CURVE_WITH_KNOTS('',1,(#4601,#4602),.UNSPECIFIED.,.F.,
  .F.,(2,2),(40.893970895253,46.667473587149),.PIECEWISE_BEZIER_KNOTS.);
#4601 = CARTESIAN_POINT('',(26.,87.561444482402));
#4602 = CARTESIAN_POINT('',(26.,93.334947174298));
#4603 = ( GEOMETRIC_REPRESENTATION_CONTEXT(2) 
PARAMETRIC_REPRESENTATION_CONTEXT() REPRESENTATION_CONTEXT('2D SPACE',''
  ) );
#4604 = PCURVE('',#4605,#4610);
#4605 = PLANE('',#4606);
#4606 = AXIS2_PLACEMENT_3D('',#4607,#4608,#4609);
#4607 = CARTESIAN_POINT('',(-5.,36.834947174298,-1.));
#4608 = DIRECTION('',(1.,-4.615110447321E-16,0.));
#4609 = DIRECTION('',(-4.615110447321E-16,-1.,0.));
#4610 = DEFINITIONAL_REPRESENTATION('',(#4611),#4614);
#4611 = B_SPLINE_CURVE_WITH_KNOTS('',1,(#4612,#4613),.UNSPECIFIED.,.F.,
  .F.,(2,2),(40.893970895253,46.667473587149),.PIECEWISE_BEZIER_KNOTS.);
#4612 = CARTESIAN_POINT('',(5.773502691896,-1.));
#4613 = CARTESIAN_POINT('',(0.,-1.));
#4614 = ( GEOMETRIC_REPRESENTATION_CONTEXT(2) 
PARAMETRIC_REPRESENTATION_CONTEXT() REPRESENTATION_CONTEXT('2D SPACE',''
  ) );
#4615 = ORIENTED_EDGE('',*,*,#4616,.T.);
#4616 = EDGE_CURVE('',#4591,#4617,#4619,.T.);
#4617 = VERTEX_POINT('',#4618);
#4618 = CARTESIAN_POINT('',(2.129881918975E-15,39.721698520246,0.));
#4619 = SURFACE_CURVE('',#4620,(#4624,#4630),.PCURVE_S1.);
#4620 = LINE('',#4621,#4622);
#4621 = CARTESIAN_POINT('',(-32.45760882845,20.982289325886,
    1.110223024625E-16));
#4622 = VECTOR('',#4623,1.);
#4623 = DIRECTION('',(0.866025403784,0.5,-0.));
#4624 = PCURVE('',#100,#4625);
#4625 = DEFINITIONAL_REPRESENTATION('',(#4626),#4629);
#4626 = B_SPLINE_CURVE_WITH_KNOTS('',1,(#4627,#4628),.UNSPECIFIED.,.F.,
  .F.,(2,2),(31.705315696824,37.47881838872),.PIECEWISE_BEZIER_KNOTS.);
#4627 = CARTESIAN_POINT('',(26.,93.334947174298));
#4628 = CARTESIAN_POINT('',(31.,96.221698520246));
#4629 = ( GEOMETRIC_REPRESENTATION_CONTEXT(2) 
PARAMETRIC_REPRESENTATION_CONTEXT() REPRESENTATION_CONTEXT('2D SPACE',''
  ) );
#4630 = PCURVE('',#4631,#4636);
#4631 = PLANE('',#4632);
#4632 = AXIS2_PLACEMENT_3D('',#4633,#4634,#4635);
#4633 = CARTESIAN_POINT('',(2.129881918975E-15,39.721698520246,-1.));
#4634 = DIRECTION('',(0.5,-0.866025403784,0.));
#4635 = DIRECTION('',(-0.866025403784,-0.5,0.));
#4636 = DEFINITIONAL_REPRESENTATION('',(#4637),#4640);
#4637 = B_SPLINE_CURVE_WITH_KNOTS('',1,(#4638,#4639),.UNSPECIFIED.,.F.,
  .F.,(2,2),(31.705315696824,37.47881838872),.PIECEWISE_BEZIER_KNOTS.);
#4638 = CARTESIAN_POINT('',(5.773502691896,-1.));
#4639 = CARTESIAN_POINT('',(0.,-1.));
#4640 = ( GEOMETRIC_REPRESENTATION_CONTEXT(2) 
PARAMETRIC_REPRESENTATION_CONTEXT() REPRESENTATION_CONTEXT('2D SPACE',''
  ) );
#4641 = ORIENTED_EDGE('',*,*,#4642,.T.);
#4642 = EDGE_CURVE('',#4617,#4643,#4645,.T.);
#4643 = VERTEX_POINT('',#4644);
#4644 = CARTESIAN_POINT('',(5.,36.834947174298,0.));
#4645 = SURFACE_CURVE('',#4646,(#4650,#4656),.PCURVE_S1.);
#4646 = LINE('',#4647,#4648);
#4647 = CARTESIAN_POINT('',(11.707608828455,32.962307411571,
    1.110223024625E-16));
#4648 = VECTOR('',#4649,1.);
#4649 = DIRECTION('',(0.866025403784,-0.5,0.));
#4650 = PCURVE('',#100,#4651);
#4651 = DEFINITIONAL_REPRESENTATION('',(#4652),#4655);
#4652 = B_SPLINE_CURVE_WITH_KNOTS('',1,(#4653,#4654),.UNSPECIFIED.,.F.,
  .F.,(2,2),(-13.51878221735,-7.745279525455),.PIECEWISE_BEZIER_KNOTS.);
#4653 = CARTESIAN_POINT('',(31.,96.221698520246));
#4654 = CARTESIAN_POINT('',(36.,93.334947174298));
#4655 = ( GEOMETRIC_REPRESENTATION_CONTEXT(2) 
PARAMETRIC_REPRESENTATION_CONTEXT() REPRESENTATION_CONTEXT('2D SPACE',''
  ) );
#4656 = PCURVE('',#4657,#4662);
#4657 = PLANE('',#4658);
#4658 = AXIS2_PLACEMENT_3D('',#4659,#4660,#4661);
#4659 = CARTESIAN_POINT('',(5.,36.834947174298,-1.));
#4660 = DIRECTION('',(-0.5,-0.866025403784,0.));
#4661 = DIRECTION('',(-0.866025403784,0.5,0.));
#4662 = DEFINITIONAL_REPRESENTATION('',(#4663),#4666);
#4663 = B_SPLINE_CURVE_WITH_KNOTS('',1,(#4664,#4665),.UNSPECIFIED.,.F.,
  .F.,(2,2),(-13.51878221735,-7.745279525455),.PIECEWISE_BEZIER_KNOTS.);
#4664 = CARTESIAN_POINT('',(5.773502691896,-1.));
#4665 = CARTESIAN_POINT('',(0.,-1.));
#4666 = ( GEOMETRIC_REPRESENTATION_CONTEXT(2) 
PARAMETRIC_REPRESENTATION_CONTEXT() REPRESENTATION_CONTEXT('2D SPACE',''
  ) );
#4667 = ORIENTED_EDGE('',*,*,#4668,.T.);
#4668 = EDGE_CURVE('',#4643,#4669,#4671,.T.);
#4669 = VERTEX_POINT('',#4670);
#4670 = CARTESIAN_POINT('',(5.,31.061444482402,0.));
#4671 = SURFACE_CURVE('',#4672,(#4676,#4682),.PCURVE_S1.);
#4672 = LINE('',#4673,#4674);
#4673 = CARTESIAN_POINT('',(5.,-12.71927775879,0.));
#4674 = VECTOR('',#4675,1.);
#4675 = DIRECTION('',(-1.538370149107E-16,-1.,0.));
#4676 = PCURVE('',#100,#4677);
#4677 = DEFINITIONAL_REPRESENTATION('',(#4678),#4681);
#4678 = B_SPLINE_CURVE_WITH_KNOTS('',1,(#4679,#4680),.UNSPECIFIED.,.F.,
  .F.,(2,2),(-49.55422493309,-43.7807222412),.PIECEWISE_BEZIER_KNOTS.);
#4679 = CARTESIAN_POINT('',(36.,93.334947174298));
#4680 = CARTESIAN_POINT('',(36.,87.561444482402));
#4681 = ( GEOMETRIC_REPRESENTATION_CONTEXT(2) 
PARAMETRIC_REPRESENTATION_CONTEXT() REPRESENTATION_CONTEXT('2D SPACE',''
  ) );
#4682 = PCURVE('',#4683,#4688);
#4683 = PLANE('',#4684);
#4684 = AXIS2_PLACEMENT_3D('',#4685,#4686,#4687);
#4685 = CARTESIAN_POINT('',(5.,31.061444482402,-1.));
#4686 = DIRECTION('',(-1.,1.538370149107E-16,0.));
#4687 = DIRECTION('',(1.538370149107E-16,1.,0.));
#4688 = DEFINITIONAL_REPRESENTATION('',(#4689),#4692);
#4689 = B_SPLINE_CURVE_WITH_KNOTS('',1,(#4690,#4691),.UNSPECIFIED.,.F.,
  .F.,(2,2),(-49.55422493309,-43.7807222412),.PIECEWISE_BEZIER_KNOTS.);
#4690 = CARTESIAN_POINT('',(5.773502691896,-1.));
#4691 = CARTESIAN_POINT('',(0.,-1.));
#4692 = ( GEOMETRIC_REPRESENTATION_CONTEXT(2) 
PARAMETRIC_REPRESENTATION_CONTEXT() REPRESENTATION_CONTEXT('2D SPACE',''
  ) );
#4693 = ORIENTED_EDGE('',*,*,#4694,.T.);
#4694 = EDGE_CURVE('',#4669,#4695,#4697,.T.);
#4695 = VERTEX_POINT('',#4696);
#4696 = CARTESIAN_POINT('',(7.157816006753E-16,28.174693136454,0.));
#4697 = SURFACE_CURVE('',#4698,(#4702,#4708),.PCURVE_S1.);
#4698 = LINE('',#4699,#4700);
#4699 = CARTESIAN_POINT('',(-29.95760882845,10.878659615068,0.));
#4700 = VECTOR('',#4701,1.);
#4701 = DIRECTION('',(-0.866025403784,-0.5,0.));
#4702 = PCURVE('',#100,#4703);
#4703 = DEFINITIONAL_REPRESENTATION('',(#4704),#4707);
#4704 = B_SPLINE_CURVE_WITH_KNOTS('',1,(#4705,#4706),.UNSPECIFIED.,.F.,
  .F.,(2,2),(-40.36556973466,-34.59206704277),.PIECEWISE_BEZIER_KNOTS.);
#4705 = CARTESIAN_POINT('',(36.,87.561444482402));
#4706 = CARTESIAN_POINT('',(31.,84.674693136454));
#4707 = ( GEOMETRIC_REPRESENTATION_CONTEXT(2) 
PARAMETRIC_REPRESENTATION_CONTEXT() REPRESENTATION_CONTEXT('2D SPACE',''
  ) );
#4708 = PCURVE('',#4709,#4714);
#4709 = PLANE('',#4710);
#4710 = AXIS2_PLACEMENT_3D('',#4711,#4712,#4713);
#4711 = CARTESIAN_POINT('',(7.157816006753E-16,28.174693136454,-1.));
#4712 = DIRECTION('',(-0.5,0.866025403784,0.));
#4713 = DIRECTION('',(0.866025403784,0.5,0.));
#4714 = DEFINITIONAL_REPRESENTATION('',(#4715),#4718);
#4715 = B_SPLINE_CURVE_WITH_KNOTS('',1,(#4716,#4717),.UNSPECIFIED.,.F.,
  .F.,(2,2),(-40.36556973466,-34.59206704277),.PIECEWISE_BEZIER_KNOTS.);
#4716 = CARTESIAN_POINT('',(5.773502691896,-1.));
#4717 = CARTESIAN_POINT('',(0.,-1.));
#4718 = ( GEOMETRIC_REPRESENTATION_CONTEXT(2) 
PARAMETRIC_REPRESENTATION_CONTEXT() REPRESENTATION_CONTEXT('2D SPACE',''
  ) );
#4719 = ORIENTED_EDGE('',*,*,#4720,.T.);
#4720 = EDGE_CURVE('',#4695,#4589,#4721,.T.);
#4721 = SURFACE_CURVE('',#4722,(#4726,#4732),.PCURVE_S1.);
#4722 = LINE('',#4723,#4724);
#4723 = CARTESIAN_POINT('',(4.207608828455,25.7454290467,0.));
#4724 = VECTOR('',#4725,1.);
#4725 = DIRECTION('',(-0.866025403784,0.5,0.));
#4726 = PCURVE('',#100,#4727);
#4727 = DEFINITIONAL_REPRESENTATION('',(#4728),#4731);
#4728 = B_SPLINE_CURVE_WITH_KNOTS('',1,(#4729,#4730),.UNSPECIFIED.,.F.,
  .F.,(2,2),(4.858528179507,10.632030871403),.PIECEWISE_BEZIER_KNOTS.);
#4729 = CARTESIAN_POINT('',(31.,84.674693136454));
#4730 = CARTESIAN_POINT('',(26.,87.561444482402));
#4731 = ( GEOMETRIC_REPRESENTATION_CONTEXT(2) 
PARAMETRIC_REPRESENTATION_CONTEXT() REPRESENTATION_CONTEXT('2D SPACE',''
  ) );
#4732 = PCURVE('',#4733,#4738);
#4733 = PLANE('',#4734);
#4734 = AXIS2_PLACEMENT_3D('',#4735,#4736,#4737);
#4735 = CARTESIAN_POINT('',(-5.,31.061444482402,-1.));
#4736 = DIRECTION('',(0.5,0.866025403784,-0.));
#4737 = DIRECTION('',(0.866025403784,-0.5,0.));
#4738 = DEFINITIONAL_REPRESENTATION('',(#4739),#4742);
#4739 = B_SPLINE_CURVE_WITH_KNOTS('',1,(#4740,#4741),.UNSPECIFIED.,.F.,
  .F.,(2,2),(4.858528179507,10.632030871403),.PIECEWISE_BEZIER_KNOTS.);
#4740 = CARTESIAN_POINT('',(5.773502691896,-1.));
#4741 = CARTESIAN_POINT('',(0.,-1.));
#4742 = ( GEOMETRIC_REPRESENTATION_CONTEXT(2) 
PARAMETRIC_REPRESENTATION_CONTEXT() REPRESENTATION_CONTEXT('2D SPACE',''
  ) );
#4743 = FACE_BOUND('',#4744,.F.);
#4744 = EDGE_LOOP('',(#4745,#4773,#4799,#4825,#4851,#4877));
#4745 = ORIENTED_EDGE('',*,*,#4746,.T.);
#4746 = EDGE_CURVE('',#4747,#4749,#4751,.T.);
#4747 = VERTEX_POINT('',#4748);
#4748 = CARTESIAN_POINT('',(11.8,21.361959960016,0.));
#4749 = VERTEX_POINT('',#4750);
#4750 = CARTESIAN_POINT('',(11.8,27.135462651912,0.));
#4751 = SURFACE_CURVE('',#4752,(#4756,#4762),.PCURVE_S1.);
#4752 = LINE('',#4753,#4754);
#4753 = CARTESIAN_POINT('',(11.8,-14.68226867404,0.));
#4754 = VECTOR('',#4755,1.);
#4755 = DIRECTION('',(4.615110447321E-16,1.,-0.));
#4756 = PCURVE('',#100,#4757);
#4757 = DEFINITIONAL_REPRESENTATION('',(#4758),#4761);
#4758 = B_SPLINE_CURVE_WITH_KNOTS('',1,(#4759,#4760),.UNSPECIFIED.,.F.,
  .F.,(2,2),(36.04422863406,41.817731325956),.PIECEWISE_BEZIER_KNOTS.);
#4759 = CARTESIAN_POINT('',(42.8,77.861959960016));
#4760 = CARTESIAN_POINT('',(42.8,83.635462651912));
#4761 = ( GEOMETRIC_REPRESENTATION_CONTEXT(2) 
PARAMETRIC_REPRESENTATION_CONTEXT() REPRESENTATION_CONTEXT('2D SPACE',''
  ) );
#4762 = PCURVE('',#4763,#4768);
#4763 = PLANE('',#4764);
#4764 = AXIS2_PLACEMENT_3D('',#4765,#4766,#4767);
#4765 = CARTESIAN_POINT('',(11.8,27.135462651912,-1.));
#4766 = DIRECTION('',(1.,-4.615110447321E-16,0.));
#4767 = DIRECTION('',(-4.615110447321E-16,-1.,0.));
#4768 = DEFINITIONAL_REPRESENTATION('',(#4769),#4772);
#4769 = B_SPLINE_CURVE_WITH_KNOTS('',1,(#4770,#4771),.UNSPECIFIED.,.F.,
  .F.,(2,2),(36.04422863406,41.817731325956),.PIECEWISE_BEZIER_KNOTS.);
#4770 = CARTESIAN_POINT('',(5.773502691896,-1.));
#4771 = CARTESIAN_POINT('',(0.,-1.));
#4772 = ( GEOMETRIC_REPRESENTATION_CONTEXT(2) 
PARAMETRIC_REPRESENTATION_CONTEXT() REPRESENTATION_CONTEXT('2D SPACE',''
  ) );
#4773 = ORIENTED_EDGE('',*,*,#4774,.T.);
#4774 = EDGE_CURVE('',#4749,#4775,#4777,.T.);
#4775 = VERTEX_POINT('',#4776);
#4776 = CARTESIAN_POINT('',(16.8,30.022213997861,0.));
#4777 = SURFACE_CURVE('',#4778,(#4782,#4788),.PCURVE_S1.);
#4778 = LINE('',#4779,#4780);
#4779 = CARTESIAN_POINT('',(-19.85760882845,8.857933672904,
    1.110223024625E-16));
#4780 = VECTOR('',#4781,1.);
#4781 = DIRECTION('',(0.866025403784,0.5,-0.));
#4782 = PCURVE('',#100,#4783);
#4783 = DEFINITIONAL_REPRESENTATION('',(#4784),#4787);
#4784 = B_SPLINE_CURVE_WITH_KNOTS('',1,(#4785,#4786),.UNSPECIFIED.,.F.,
  .F.,(2,2),(36.555057958017,42.328560649913),.PIECEWISE_BEZIER_KNOTS.);
#4785 = CARTESIAN_POINT('',(42.8,83.635462651912));
#4786 = CARTESIAN_POINT('',(47.8,86.522213997861));
#4787 = ( GEOMETRIC_REPRESENTATION_CONTEXT(2) 
PARAMETRIC_REPRESENTATION_CONTEXT() REPRESENTATION_CONTEXT('2D SPACE',''
  ) );
#4788 = PCURVE('',#4789,#4794);
#4789 = PLANE('',#4790);
#4790 = AXIS2_PLACEMENT_3D('',#4791,#4792,#4793);
#4791 = CARTESIAN_POINT('',(16.8,30.022213997861,-1.));
#4792 = DIRECTION('',(0.5,-0.866025403784,0.));
#4793 = DIRECTION('',(-0.866025403784,-0.5,0.));
#4794 = DEFINITIONAL_REPRESENTATION('',(#4795),#4798);
#4795 = B_SPLINE_CURVE_WITH_KNOTS('',1,(#4796,#4797),.UNSPECIFIED.,.F.,
  .F.,(2,2),(36.555057958017,42.328560649913),.PIECEWISE_BEZIER_KNOTS.);
#4796 = CARTESIAN_POINT('',(5.773502691896,-1.));
#4797 = CARTESIAN_POINT('',(0.,-1.));
#4798 = ( GEOMETRIC_REPRESENTATION_CONTEXT(2) 
PARAMETRIC_REPRESENTATION_CONTEXT() REPRESENTATION_CONTEXT('2D SPACE',''
  ) );
#4799 = ORIENTED_EDGE('',*,*,#4800,.T.);
#4800 = EDGE_CURVE('',#4775,#4801,#4803,.T.);
#4801 = VERTEX_POINT('',#4802);
#4802 = CARTESIAN_POINT('',(21.8,27.135462651912,0.));
#4803 = SURFACE_CURVE('',#4804,(#4808,#4814),.PCURVE_S1.);
#4804 = LINE('',#4805,#4806);
#4805 = CARTESIAN_POINT('',(20.107608828455,28.112565150378,
    1.110223024625E-16));
#4806 = VECTOR('',#4807,1.);
#4807 = DIRECTION('',(0.866025403784,-0.5,0.));
#4808 = PCURVE('',#100,#4809);
#4809 = DEFINITIONAL_REPRESENTATION('',(#4810),#4813);
#4810 = B_SPLINE_CURVE_WITH_KNOTS('',1,(#4811,#4812),.UNSPECIFIED.,.F.,
  .F.,(2,2),(-3.819297694965,1.954204996931),.PIECEWISE_BEZIER_KNOTS.);
#4811 = CARTESIAN_POINT('',(47.8,86.522213997861));
#4812 = CARTESIAN_POINT('',(52.8,83.635462651912));
#4813 = ( GEOMETRIC_REPRESENTATION_CONTEXT(2) 
PARAMETRIC_REPRESENTATION_CONTEXT() REPRESENTATION_CONTEXT('2D SPACE',''
  ) );
#4814 = PCURVE('',#4815,#4820);
#4815 = PLANE('',#4816);
#4816 = AXIS2_PLACEMENT_3D('',#4817,#4818,#4819);
#4817 = CARTESIAN_POINT('',(21.8,27.135462651912,-1.));
#4818 = DIRECTION('',(-0.5,-0.866025403784,0.));
#4819 = DIRECTION('',(-0.866025403784,0.5,0.));
#4820 = DEFINITIONAL_REPRESENTATION('',(#4821),#4824);
#4821 = B_SPLINE_CURVE_WITH_KNOTS('',1,(#4822,#4823),.UNSPECIFIED.,.F.,
  .F.,(2,2),(-3.819297694965,1.954204996931),.PIECEWISE_BEZIER_KNOTS.);
#4822 = CARTESIAN_POINT('',(5.773502691896,-1.));
#4823 = CARTESIAN_POINT('',(0.,-1.));
#4824 = ( GEOMETRIC_REPRESENTATION_CONTEXT(2) 
PARAMETRIC_REPRESENTATION_CONTEXT() REPRESENTATION_CONTEXT('2D SPACE',''
  ) );
#4825 = ORIENTED_EDGE('',*,*,#4826,.T.);
#4826 = EDGE_CURVE('',#4801,#4827,#4829,.T.);
#4827 = VERTEX_POINT('',#4828);
#4828 = CARTESIAN_POINT('',(21.8,21.361959960016,0.));
#4829 = SURFACE_CURVE('',#4830,(#4834,#4840),.PCURVE_S1.);
#4830 = LINE('',#4831,#4832);
#4831 = CARTESIAN_POINT('',(21.8,-17.56902001999,0.));
#4832 = VECTOR('',#4833,1.);
#4833 = DIRECTION('',(-1.538370149107E-16,-1.,0.));
#4834 = PCURVE('',#100,#4835);
#4835 = DEFINITIONAL_REPRESENTATION('',(#4836),#4839);
#4836 = B_SPLINE_CURVE_WITH_KNOTS('',1,(#4837,#4838),.UNSPECIFIED.,.F.,
  .F.,(2,2),(-44.7044826719,-38.93097998),.PIECEWISE_BEZIER_KNOTS.);
#4837 = CARTESIAN_POINT('',(52.8,83.635462651912));
#4838 = CARTESIAN_POINT('',(52.8,77.861959960016));
#4839 = ( GEOMETRIC_REPRESENTATION_CONTEXT(2) 
PARAMETRIC_REPRESENTATION_CONTEXT() REPRESENTATION_CONTEXT('2D SPACE',''
  ) );
#4840 = PCURVE('',#4841,#4846);
#4841 = PLANE('',#4842);
#4842 = AXIS2_PLACEMENT_3D('',#4843,#4844,#4845);
#4843 = CARTESIAN_POINT('',(21.8,21.361959960016,-1.));
#4844 = DIRECTION('',(-1.,1.538370149107E-16,0.));
#4845 = DIRECTION('',(1.538370149107E-16,1.,0.));
#4846 = DEFINITIONAL_REPRESENTATION('',(#4847),#4850);
#4847 = B_SPLINE_CURVE_WITH_KNOTS('',1,(#4848,#4849),.UNSPECIFIED.,.F.,
  .F.,(2,2),(-44.7044826719,-38.93097998),.PIECEWISE_BEZIER_KNOTS.);
#4848 = CARTESIAN_POINT('',(5.773502691896,-1.));
#4849 = CARTESIAN_POINT('',(0.,-1.));
#4850 = ( GEOMETRIC_REPRESENTATION_CONTEXT(2) 
PARAMETRIC_REPRESENTATION_CONTEXT() REPRESENTATION_CONTEXT('2D SPACE',''
  ) );
#4851 = ORIENTED_EDGE('',*,*,#4852,.T.);
#4852 = EDGE_CURVE('',#4827,#4853,#4855,.T.);
#4853 = VERTEX_POINT('',#4854);
#4854 = CARTESIAN_POINT('',(16.8,18.475208614068,0.));
#4855 = SURFACE_CURVE('',#4856,(#4860,#4866),.PCURVE_S1.);
#4856 = LINE('',#4857,#4858);
#4857 = CARTESIAN_POINT('',(-17.35760882845,-1.245696037915,0.));
#4858 = VECTOR('',#4859,1.);
#4859 = DIRECTION('',(-0.866025403784,-0.5,0.));
#4860 = PCURVE('',#100,#4861);
#4861 = DEFINITIONAL_REPRESENTATION('',(#4862),#4865);
#4862 = B_SPLINE_CURVE_WITH_KNOTS('',1,(#4863,#4864),.UNSPECIFIED.,.F.,
  .F.,(2,2),(-45.21531199586,-39.44180930396),.PIECEWISE_BEZIER_KNOTS.);
#4863 = CARTESIAN_POINT('',(52.8,77.861959960016));
#4864 = CARTESIAN_POINT('',(47.8,74.975208614068));
#4865 = ( GEOMETRIC_REPRESENTATION_CONTEXT(2) 
PARAMETRIC_REPRESENTATION_CONTEXT() REPRESENTATION_CONTEXT('2D SPACE',''
  ) );
#4866 = PCURVE('',#4867,#4872);
#4867 = PLANE('',#4868);
#4868 = AXIS2_PLACEMENT_3D('',#4869,#4870,#4871);
#4869 = CARTESIAN_POINT('',(16.8,18.475208614068,-1.));
#4870 = DIRECTION('',(-0.5,0.866025403784,0.));
#4871 = DIRECTION('',(0.866025403784,0.5,0.));
#4872 = DEFINITIONAL_REPRESENTATION('',(#4873),#4876);
#4873 = B_SPLINE_CURVE_WITH_KNOTS('',1,(#4874,#4875),.UNSPECIFIED.,.F.,
  .F.,(2,2),(-45.21531199586,-39.44180930396),.PIECEWISE_BEZIER_KNOTS.);
#4874 = CARTESIAN_POINT('',(5.773502691896,-1.));
#4875 = CARTESIAN_POINT('',(0.,-1.));
#4876 = ( GEOMETRIC_REPRESENTATION_CONTEXT(2) 
PARAMETRIC_REPRESENTATION_CONTEXT() REPRESENTATION_CONTEXT('2D SPACE',''
  ) );
#4877 = ORIENTED_EDGE('',*,*,#4878,.T.);
#4878 = EDGE_CURVE('',#4853,#4747,#4879,.T.);
#4879 = SURFACE_CURVE('',#4880,(#4884,#4890),.PCURVE_S1.);
#4880 = LINE('',#4881,#4882);
#4881 = CARTESIAN_POINT('',(12.607608828455,20.895686785508,0.));
#4882 = VECTOR('',#4883,1.);
#4883 = DIRECTION('',(-0.866025403784,0.5,0.));
#4884 = PCURVE('',#100,#4885);
#4885 = DEFINITIONAL_REPRESENTATION('',(#4886),#4889);
#4886 = B_SPLINE_CURVE_WITH_KNOTS('',1,(#4887,#4888),.UNSPECIFIED.,.F.,
  .F.,(2,2),(-4.840956342879,0.932546349017),.PIECEWISE_BEZIER_KNOTS.);
#4887 = CARTESIAN_POINT('',(47.8,74.975208614068));
#4888 = CARTESIAN_POINT('',(42.8,77.861959960016));
#4889 = ( GEOMETRIC_REPRESENTATION_CONTEXT(2) 
PARAMETRIC_REPRESENTATION_CONTEXT() REPRESENTATION_CONTEXT('2D SPACE',''
  ) );
#4890 = PCURVE('',#4891,#4896);
#4891 = PLANE('',#4892);
#4892 = AXIS2_PLACEMENT_3D('',#4893,#4894,#4895);
#4893 = CARTESIAN_POINT('',(11.8,21.361959960016,-1.));
#4894 = DIRECTION('',(0.5,0.866025403784,-0.));
#4895 = DIRECTION('',(0.866025403784,-0.5,0.));
#4896 = DEFINITIONAL_REPRESENTATION('',(#4897),#4900);
#4897 = B_SPLINE_CURVE_WITH_KNOTS('',1,(#4898,#4899),.UNSPECIFIED.,.F.,
  .F.,(2,2),(-4.840956342879,0.932546349017),.PIECEWISE_BEZIER_KNOTS.);
#4898 = CARTESIAN_POINT('',(5.773502691896,-1.));
#4899 = CARTESIAN_POINT('',(0.,-1.));
#4900 = ( GEOMETRIC_REPRESENTATION_CONTEXT(2) 
PARAMETRIC_REPRESENTATION_CONTEXT() REPRESENTATION_CONTEXT('2D SPACE',''
  ) );
#4901 = FACE_BOUND('',#4902,.F.);
#4902 = EDGE_LOOP('',(#4903,#4931,#4957,#4983,#5009,#5035));
#4903 = ORIENTED_EDGE('',*,*,#4904,.T.);
#4904 = EDGE_CURVE('',#4905,#4907,#4909,.T.);
#4905 = VERTEX_POINT('',#4906);
#4906 = CARTESIAN_POINT('',(6.2,31.061444482402,0.));
#4907 = VERTEX_POINT('',#4908);
#4908 = CARTESIAN_POINT('',(6.2,36.834947174298,0.));
#4909 = SURFACE_CURVE('',#4910,(#4914,#4920),.PCURVE_S1.);
#4910 = LINE('',#4911,#4912);
#4911 = CARTESIAN_POINT('',(6.2,-9.832526412851,0.));
#4912 = VECTOR('',#4913,1.);
#4913 = DIRECTION('',(4.615110447321E-16,1.,-0.));
#4914 = PCURVE('',#100,#4915);
#4915 = DEFINITIONAL_REPRESENTATION('',(#4916),#4919);
#4916 = B_SPLINE_CURVE_WITH_KNOTS('',1,(#4917,#4918),.UNSPECIFIED.,.F.,
  .F.,(2,2),(40.893970895253,46.667473587149),.PIECEWISE_BEZIER_KNOTS.);
#4917 = CARTESIAN_POINT('',(37.2,87.561444482402));
#4918 = CARTESIAN_POINT('',(37.2,93.334947174298));
#4919 = ( GEOMETRIC_REPRESENTATION_CONTEXT(2) 
PARAMETRIC_REPRESENTATION_CONTEXT() REPRESENTATION_CONTEXT('2D SPACE',''
  ) );
#4920 = PCURVE('',#4921,#4926);
#4921 = PLANE('',#4922);
#4922 = AXIS2_PLACEMENT_3D('',#4923,#4924,#4925);
#4923 = CARTESIAN_POINT('',(6.2,36.834947174298,-1.));
#4924 = DIRECTION('',(1.,-4.615110447321E-16,0.));
#4925 = DIRECTION('',(-4.615110447321E-16,-1.,0.));
#4926 = DEFINITIONAL_REPRESENTATION('',(#4927),#4930);
#4927 = B_SPLINE_CURVE_WITH_KNOTS('',1,(#4928,#4929),.UNSPECIFIED.,.F.,
  .F.,(2,2),(40.893970895253,46.667473587149),.PIECEWISE_BEZIER_KNOTS.);
#4928 = CARTESIAN_POINT('',(5.773502691896,-1.));
#4929 = CARTESIAN_POINT('',(0.,-1.));
#4930 = ( GEOMETRIC_REPRESENTATION_CONTEXT(2) 
PARAMETRIC_REPRESENTATION_CONTEXT() REPRESENTATION_CONTEXT('2D SPACE',''
  ) );
#4931 = ORIENTED_EDGE('',*,*,#4932,.T.);
#4932 = EDGE_CURVE('',#4907,#4933,#4935,.T.);
#4933 = VERTEX_POINT('',#4934);
#4934 = CARTESIAN_POINT('',(11.2,39.721698520246,0.));
#4935 = SURFACE_CURVE('',#4936,(#4940,#4946),.PCURVE_S1.);
#4936 = LINE('',#4937,#4938);
#4937 = CARTESIAN_POINT('',(-25.45760882845,18.55741819529,
    1.110223024625E-16));
#4938 = VECTOR('',#4939,1.);
#4939 = DIRECTION('',(0.866025403784,0.5,-0.));
#4940 = PCURVE('',#100,#4941);
#4941 = DEFINITIONAL_REPRESENTATION('',(#4942),#4945);
#4942 = B_SPLINE_CURVE_WITH_KNOTS('',1,(#4943,#4944),.UNSPECIFIED.,.F.,
  .F.,(2,2),(36.555057958017,42.328560649913),.PIECEWISE_BEZIER_KNOTS.);
#4943 = CARTESIAN_POINT('',(37.2,93.334947174298));
#4944 = CARTESIAN_POINT('',(42.2,96.221698520246));
#4945 = ( GEOMETRIC_REPRESENTATION_CONTEXT(2) 
PARAMETRIC_REPRESENTATION_CONTEXT() REPRESENTATION_CONTEXT('2D SPACE',''
  ) );
#4946 = PCURVE('',#4947,#4952);
#4947 = PLANE('',#4948);
#4948 = AXIS2_PLACEMENT_3D('',#4949,#4950,#4951);
#4949 = CARTESIAN_POINT('',(11.2,39.721698520246,-1.));
#4950 = DIRECTION('',(0.5,-0.866025403784,0.));
#4951 = DIRECTION('',(-0.866025403784,-0.5,0.));
#4952 = DEFINITIONAL_REPRESENTATION('',(#4953),#4956);
#4953 = B_SPLINE_CURVE_WITH_KNOTS('',1,(#4954,#4955),.UNSPECIFIED.,.F.,
  .F.,(2,2),(36.555057958017,42.328560649913),.PIECEWISE_BEZIER_KNOTS.);
#4954 = CARTESIAN_POINT('',(5.773502691896,-1.));
#4955 = CARTESIAN_POINT('',(0.,-1.));
#4956 = ( GEOMETRIC_REPRESENTATION_CONTEXT(2) 
PARAMETRIC_REPRESENTATION_CONTEXT() REPRESENTATION_CONTEXT('2D SPACE',''
  ) );
#4957 = ORIENTED_EDGE('',*,*,#4958,.T.);
#4958 = EDGE_CURVE('',#4933,#4959,#4961,.T.);
#4959 = VERTEX_POINT('',#4960);
#4960 = CARTESIAN_POINT('',(16.2,36.834947174298,0.));
#4961 = SURFACE_CURVE('',#4962,(#4966,#4972),.PCURVE_S1.);
#4962 = LINE('',#4963,#4964);
#4963 = CARTESIAN_POINT('',(18.707608828455,35.387178542167,
    1.110223024625E-16));
#4964 = VECTOR('',#4965,1.);
#4965 = DIRECTION('',(0.866025403784,-0.5,0.));
#4966 = PCURVE('',#100,#4967);
#4967 = DEFINITIONAL_REPRESENTATION('',(#4968),#4971);
#4968 = B_SPLINE_CURVE_WITH_KNOTS('',1,(#4969,#4970),.UNSPECIFIED.,.F.,
  .F.,(2,2),(-8.669039956158,-2.895537264262),.PIECEWISE_BEZIER_KNOTS.);
#4969 = CARTESIAN_POINT('',(42.2,96.221698520246));
#4970 = CARTESIAN_POINT('',(47.2,93.334947174298));
#4971 = ( GEOMETRIC_REPRESENTATION_CONTEXT(2) 
PARAMETRIC_REPRESENTATION_CONTEXT() REPRESENTATION_CONTEXT('2D SPACE',''
  ) );
#4972 = PCURVE('',#4973,#4978);
#4973 = PLANE('',#4974);
#4974 = AXIS2_PLACEMENT_3D('',#4975,#4976,#4977);
#4975 = CARTESIAN_POINT('',(16.2,36.834947174298,-1.));
#4976 = DIRECTION('',(-0.5,-0.866025403784,0.));
#4977 = DIRECTION('',(-0.866025403784,0.5,0.));
#4978 = DEFINITIONAL_REPRESENTATION('',(#4979),#4982);
#4979 = B_SPLINE_CURVE_WITH_KNOTS('',1,(#4980,#4981),.UNSPECIFIED.,.F.,
  .F.,(2,2),(-8.669039956158,-2.895537264262),.PIECEWISE_BEZIER_KNOTS.);
#4980 = CARTESIAN_POINT('',(5.773502691896,-1.));
#4981 = CARTESIAN_POINT('',(0.,-1.));
#4982 = ( GEOMETRIC_REPRESENTATION_CONTEXT(2) 
PARAMETRIC_REPRESENTATION_CONTEXT() REPRESENTATION_CONTEXT('2D SPACE',''
  ) );
#4983 = ORIENTED_EDGE('',*,*,#4984,.T.);
#4984 = EDGE_CURVE('',#4959,#4985,#4987,.T.);
#4985 = VERTEX_POINT('',#4986);
#4986 = CARTESIAN_POINT('',(16.2,31.061444482402,0.));
#4987 = SURFACE_CURVE('',#4988,(#4992,#4998),.PCURVE_S1.);
#4988 = LINE('',#4989,#4990);
#4989 = CARTESIAN_POINT('',(16.2,-12.71927775879,0.));
#4990 = VECTOR('',#4991,1.);
#4991 = DIRECTION('',(-1.538370149107E-16,-1.,0.));
#4992 = PCURVE('',#100,#4993);
#4993 = DEFINITIONAL_REPRESENTATION('',(#4994),#4997);
#4994 = B_SPLINE_CURVE_WITH_KNOTS('',1,(#4995,#4996),.UNSPECIFIED.,.F.,
  .F.,(2,2),(-49.55422493309,-43.7807222412),.PIECEWISE_BEZIER_KNOTS.);
#4995 = CARTESIAN_POINT('',(47.2,93.334947174298));
#4996 = CARTESIAN_POINT('',(47.2,87.561444482402));
#4997 = ( GEOMETRIC_REPRESENTATION_CONTEXT(2) 
PARAMETRIC_REPRESENTATION_CONTEXT() REPRESENTATION_CONTEXT('2D SPACE',''
  ) );
#4998 = PCURVE('',#4999,#5004);
#4999 = PLANE('',#5000);
#5000 = AXIS2_PLACEMENT_3D('',#5001,#5002,#5003);
#5001 = CARTESIAN_POINT('',(16.2,31.061444482402,-1.));
#5002 = DIRECTION('',(-1.,1.538370149107E-16,0.));
#5003 = DIRECTION('',(1.538370149107E-16,1.,0.));
#5004 = DEFINITIONAL_REPRESENTATION('',(#5005),#5008);
#5005 = B_SPLINE_CURVE_WITH_KNOTS('',1,(#5006,#5007),.UNSPECIFIED.,.F.,
  .F.,(2,2),(-49.55422493309,-43.7807222412),.PIECEWISE_BEZIER_KNOTS.);
#5006 = CARTESIAN_POINT('',(5.773502691896,-1.));
#5007 = CARTESIAN_POINT('',(0.,-1.));
#5008 = ( GEOMETRIC_REPRESENTATION_CONTEXT(2) 
PARAMETRIC_REPRESENTATION_CONTEXT() REPRESENTATION_CONTEXT('2D SPACE',''
  ) );
#5009 = ORIENTED_EDGE('',*,*,#5010,.T.);
#5010 = EDGE_CURVE('',#4985,#5011,#5013,.T.);
#5011 = VERTEX_POINT('',#5012);
#5012 = CARTESIAN_POINT('',(11.2,28.174693136454,0.));
#5013 = SURFACE_CURVE('',#5014,(#5018,#5024),.PCURVE_S1.);
#5014 = LINE('',#5015,#5016);
#5015 = CARTESIAN_POINT('',(-22.95760882845,8.453788484471,0.));
#5016 = VECTOR('',#5017,1.);
#5017 = DIRECTION('',(-0.866025403784,-0.5,0.));
#5018 = PCURVE('',#100,#5019);
#5019 = DEFINITIONAL_REPRESENTATION('',(#5020),#5023);
#5020 = B_SPLINE_CURVE_WITH_KNOTS('',1,(#5021,#5022),.UNSPECIFIED.,.F.,
  .F.,(2,2),(-45.21531199586,-39.44180930396),.PIECEWISE_BEZIER_KNOTS.);
#5021 = CARTESIAN_POINT('',(47.2,87.561444482402));
#5022 = CARTESIAN_POINT('',(42.2,84.674693136454));
#5023 = ( GEOMETRIC_REPRESENTATION_CONTEXT(2) 
PARAMETRIC_REPRESENTATION_CONTEXT() REPRESENTATION_CONTEXT('2D SPACE',''
  ) );
#5024 = PCURVE('',#5025,#5030);
#5025 = PLANE('',#5026);
#5026 = AXIS2_PLACEMENT_3D('',#5027,#5028,#5029);
#5027 = CARTESIAN_POINT('',(11.2,28.174693136454,-1.));
#5028 = DIRECTION('',(-0.5,0.866025403784,0.));
#5029 = DIRECTION('',(0.866025403784,0.5,0.));
#5030 = DEFINITIONAL_REPRESENTATION('',(#5031),#5034);
#5031 = B_SPLINE_CURVE_WITH_KNOTS('',1,(#5032,#5033),.UNSPECIFIED.,.F.,
  .F.,(2,2),(-45.21531199586,-39.44180930396),.PIECEWISE_BEZIER_KNOTS.);
#5032 = CARTESIAN_POINT('',(5.773502691896,-1.));
#5033 = CARTESIAN_POINT('',(0.,-1.));
#5034 = ( GEOMETRIC_REPRESENTATION_CONTEXT(2) 
PARAMETRIC_REPRESENTATION_CONTEXT() REPRESENTATION_CONTEXT('2D SPACE',''
  ) );
#5035 = ORIENTED_EDGE('',*,*,#5036,.T.);
#5036 = EDGE_CURVE('',#5011,#4905,#5037,.T.);
#5037 = SURFACE_CURVE('',#5038,(#5042,#5048),.PCURVE_S1.);
#5038 = LINE('',#5039,#5040);
#5039 = CARTESIAN_POINT('',(11.207608828455,28.170300177297,0.));
#5040 = VECTOR('',#5041,1.);
#5041 = DIRECTION('',(-0.866025403784,0.5,0.));
#5042 = PCURVE('',#100,#5043);
#5043 = DEFINITIONAL_REPRESENTATION('',(#5044),#5047);
#5044 = B_SPLINE_CURVE_WITH_KNOTS('',1,(#5045,#5046),.UNSPECIFIED.,.F.,
  .F.,(2,2),(8.785918313654E-03,5.78228861021),
  .PIECEWISE_BEZIER_KNOTS.);
#5045 = CARTESIAN_POINT('',(42.2,84.674693136454));
#5046 = CARTESIAN_POINT('',(37.2,87.561444482402));
#5047 = ( GEOMETRIC_REPRESENTATION_CONTEXT(2) 
PARAMETRIC_REPRESENTATION_CONTEXT() REPRESENTATION_CONTEXT('2D SPACE',''
  ) );
#5048 = PCURVE('',#5049,#5054);
#5049 = PLANE('',#5050);
#5050 = AXIS2_PLACEMENT_3D('',#5051,#5052,#5053);
#5051 = CARTESIAN_POINT('',(6.2,31.061444482402,-1.));
#5052 = DIRECTION('',(0.5,0.866025403784,-0.));
#5053 = DIRECTION('',(0.866025403784,-0.5,0.));
#5054 = DEFINITIONAL_REPRESENTATION('',(#5055),#5058);
#5055 = B_SPLINE_CURVE_WITH_KNOTS('',1,(#5056,#5057),.UNSPECIFIED.,.F.,
  .F.,(2,2),(8.785918313654E-03,5.78228861021),
  .PIECEWISE_BEZIER_KNOTS.);
#5056 = CARTESIAN_POINT('',(5.773502691896,-1.));
#5057 = CARTESIAN_POINT('',(0.,-1.));
#5058 = ( GEOMETRIC_REPRESENTATION_CONTEXT(2) 
PARAMETRIC_REPRESENTATION_CONTEXT() REPRESENTATION_CONTEXT('2D SPACE',''
  ) );
#5059 = ADVANCED_FACE('',(#5060,#5221),#212,.T.);
#5060 = FACE_BOUND('',#5061,.T.);
#5061 = EDGE_LOOP('',(#5062,#5063,#5064,#5087,#5115,#5138,#5167,#5195));
#5062 = ORIENTED_EDGE('',*,*,#196,.F.);
#5063 = ORIENTED_EDGE('',*,*,#565,.T.);
#5064 = ORIENTED_EDGE('',*,*,#5065,.T.);
#5065 = EDGE_CURVE('',#543,#5066,#5068,.T.);
#5066 = VERTEX_POINT('',#5067);
#5067 = CARTESIAN_POINT('',(29.,-46.5,40.));
#5068 = SURFACE_CURVE('',#5069,(#5073,#5080),.PCURVE_S1.);
#5069 = LINE('',#5070,#5071);
#5070 = CARTESIAN_POINT('',(-31.,-46.5,40.));
#5071 = VECTOR('',#5072,1.);
#5072 = DIRECTION('',(1.,0.,0.));
#5073 = PCURVE('',#212,#5074);
#5074 = DEFINITIONAL_REPRESENTATION('',(#5075),#5079);
#5075 = LINE('',#5076,#5077);
#5076 = CARTESIAN_POINT('',(0.,0.));
#5077 = VECTOR('',#5078,1.);
#5078 = DIRECTION('',(1.,0.));
#5079 = ( GEOMETRIC_REPRESENTATION_CONTEXT(2) 
PARAMETRIC_REPRESENTATION_CONTEXT() REPRESENTATION_CONTEXT('2D SPACE',''
  ) );
#5080 = PCURVE('',#455,#5081);
#5081 = DEFINITIONAL_REPRESENTATION('',(#5082),#5086);
#5082 = LINE('',#5083,#5084);
#5083 = CARTESIAN_POINT('',(40.,0.));
#5084 = VECTOR('',#5085,1.);
#5085 = DIRECTION('',(0.,1.));
#5086 = ( GEOMETRIC_REPRESENTATION_CONTEXT(2) 
PARAMETRIC_REPRESENTATION_CONTEXT() REPRESENTATION_CONTEXT('2D SPACE',''
  ) );
#5087 = ORIENTED_EDGE('',*,*,#5088,.F.);
#5088 = EDGE_CURVE('',#5089,#5066,#5091,.T.);
#5089 = VERTEX_POINT('',#5090);
#5090 = CARTESIAN_POINT('',(31.,-44.5,40.));
#5091 = SURFACE_CURVE('',#5092,(#5097,#5108),.PCURVE_S1.);
#5092 = CIRCLE('',#5093,2.);
#5093 = AXIS2_PLACEMENT_3D('',#5094,#5095,#5096);
#5094 = CARTESIAN_POINT('',(29.,-44.5,40.));
#5095 = DIRECTION('',(-0.,-0.,-1.));
#5096 = DIRECTION('',(0.,-1.,0.));
#5097 = PCURVE('',#212,#5098);
#5098 = DEFINITIONAL_REPRESENTATION('',(#5099),#5107);
#5099 = ( BOUNDED_CURVE() B_SPLINE_CURVE(2,(#5100,#5101,#5102,#5103,
#5104,#5105,#5106),.UNSPECIFIED.,.T.,.F.) B_SPLINE_CURVE_WITH_KNOTS((1,2
    ,2,2,2,1),(-2.094395102393,0.,2.094395102393,4.188790204786,
6.28318530718,8.377580409573),.UNSPECIFIED.) CURVE() 
GEOMETRIC_REPRESENTATION_ITEM() RATIONAL_B_SPLINE_CURVE((1.,0.5,1.,0.5,
1.,0.5,1.)) REPRESENTATION_ITEM('') );
#5100 = CARTESIAN_POINT('',(60.,0.));
#5101 = CARTESIAN_POINT('',(56.535898384862,0.));
#5102 = CARTESIAN_POINT('',(58.267949192431,3.));
#5103 = CARTESIAN_POINT('',(60.,6.));
#5104 = CARTESIAN_POINT('',(61.732050807569,3.));
#5105 = CARTESIAN_POINT('',(63.464101615138,3.10862446895E-15));
#5106 = CARTESIAN_POINT('',(60.,0.));
#5107 = ( GEOMETRIC_REPRESENTATION_CONTEXT(2) 
PARAMETRIC_REPRESENTATION_CONTEXT() REPRESENTATION_CONTEXT('2D SPACE',''
  ) );
#5108 = PCURVE('',#428,#5109);
#5109 = DEFINITIONAL_REPRESENTATION('',(#5110),#5114);
#5110 = LINE('',#5111,#5112);
#5111 = CARTESIAN_POINT('',(4.712388980385,40.));
#5112 = VECTOR('',#5113,1.);
#5113 = DIRECTION('',(-1.,0.));
#5114 = ( GEOMETRIC_REPRESENTATION_CONTEXT(2) 
PARAMETRIC_REPRESENTATION_CONTEXT() REPRESENTATION_CONTEXT('2D SPACE',''
  ) );
#5115 = ORIENTED_EDGE('',*,*,#5116,.T.);
#5116 = EDGE_CURVE('',#5089,#5117,#5119,.T.);
#5117 = VERTEX_POINT('',#5118);
#5118 = CARTESIAN_POINT('',(31.,44.5,40.));
#5119 = SURFACE_CURVE('',#5120,(#5124,#5131),.PCURVE_S1.);
#5120 = LINE('',#5121,#5122);
#5121 = CARTESIAN_POINT('',(31.,-46.5,40.));
#5122 = VECTOR('',#5123,1.);
#5123 = DIRECTION('',(0.,1.,0.));
#5124 = PCURVE('',#212,#5125);
#5125 = DEFINITIONAL_REPRESENTATION('',(#5126),#5130);
#5126 = LINE('',#5127,#5128);
#5127 = CARTESIAN_POINT('',(62.,0.));
#5128 = VECTOR('',#5129,1.);
#5129 = DIRECTION('',(0.,1.));
#5130 = ( GEOMETRIC_REPRESENTATION_CONTEXT(2) 
PARAMETRIC_REPRESENTATION_CONTEXT() REPRESENTATION_CONTEXT('2D SPACE',''
  ) );
#5131 = PCURVE('',#399,#5132);
#5132 = DEFINITIONAL_REPRESENTATION('',(#5133),#5137);
#5133 = LINE('',#5134,#5135);
#5134 = CARTESIAN_POINT('',(40.,-10.));
#5135 = VECTOR('',#5136,1.);
#5136 = DIRECTION('',(0.,-1.));
#5137 = ( GEOMETRIC_REPRESENTATION_CONTEXT(2) 
PARAMETRIC_REPRESENTATION_CONTEXT() REPRESENTATION_CONTEXT('2D SPACE',''
  ) );
#5138 = ORIENTED_EDGE('',*,*,#5139,.T.);
#5139 = EDGE_CURVE('',#5117,#5140,#5142,.T.);
#5140 = VERTEX_POINT('',#5141);
#5141 = CARTESIAN_POINT('',(29.,46.5,40.));
#5142 = SURFACE_CURVE('',#5143,(#5148,#5155),.PCURVE_S1.);
#5143 = CIRCLE('',#5144,2.);
#5144 = AXIS2_PLACEMENT_3D('',#5145,#5146,#5147);
#5145 = CARTESIAN_POINT('',(29.,44.5,40.));
#5146 = DIRECTION('',(0.,0.,1.));
#5147 = DIRECTION('',(0.,-1.,0.));
#5148 = PCURVE('',#212,#5149);
#5149 = DEFINITIONAL_REPRESENTATION('',(#5150),#5154);
#5150 = CIRCLE('',#5151,2.);
#5151 = AXIS2_PLACEMENT_2D('',#5152,#5153);
#5152 = CARTESIAN_POINT('',(60.,91.));
#5153 = DIRECTION('',(0.,-1.));
#5154 = ( GEOMETRIC_REPRESENTATION_CONTEXT(2) 
PARAMETRIC_REPRESENTATION_CONTEXT() REPRESENTATION_CONTEXT('2D SPACE',''
  ) );
#5155 = PCURVE('',#5156,#5161);
#5156 = CYLINDRICAL_SURFACE('',#5157,2.);
#5157 = AXIS2_PLACEMENT_3D('',#5158,#5159,#5160);
#5158 = CARTESIAN_POINT('',(29.,44.5,0.));
#5159 = DIRECTION('',(0.,0.,1.));
#5160 = DIRECTION('',(1.,0.,-0.));
#5161 = DEFINITIONAL_REPRESENTATION('',(#5162),#5166);
#5162 = LINE('',#5163,#5164);
#5163 = CARTESIAN_POINT('',(-1.570796326795,40.));
#5164 = VECTOR('',#5165,1.);
#5165 = DIRECTION('',(1.,0.));
#5166 = ( GEOMETRIC_REPRESENTATION_CONTEXT(2) 
PARAMETRIC_REPRESENTATION_CONTEXT() REPRESENTATION_CONTEXT('2D SPACE',''
  ) );
#5167 = ORIENTED_EDGE('',*,*,#5168,.F.);
#5168 = EDGE_CURVE('',#5169,#5140,#5171,.T.);
#5169 = VERTEX_POINT('',#5170);
#5170 = CARTESIAN_POINT('',(-29.,46.5,40.));
#5171 = SURFACE_CURVE('',#5172,(#5176,#5183),.PCURVE_S1.);
#5172 = LINE('',#5173,#5174);
#5173 = CARTESIAN_POINT('',(-31.,46.5,40.));
#5174 = VECTOR('',#5175,1.);
#5175 = DIRECTION('',(1.,0.,0.));
#5176 = PCURVE('',#212,#5177);
#5177 = DEFINITIONAL_REPRESENTATION('',(#5178),#5182);
#5178 = LINE('',#5179,#5180);
#5179 = CARTESIAN_POINT('',(0.,93.));
#5180 = VECTOR('',#5181,1.);
#5181 = DIRECTION('',(1.,0.));
#5182 = ( GEOMETRIC_REPRESENTATION_CONTEXT(2) 
PARAMETRIC_REPRESENTATION_CONTEXT() REPRESENTATION_CONTEXT('2D SPACE',''
  ) );
#5183 = PCURVE('',#5184,#5189);
#5184 = PLANE('',#5185);
#5185 = AXIS2_PLACEMENT_3D('',#5186,#5187,#5188);
#5186 = CARTESIAN_POINT('',(-31.,46.5,0.));
#5187 = DIRECTION('',(0.,1.,0.));
#5188 = DIRECTION('',(0.,0.,1.));
#5189 = DEFINITIONAL_REPRESENTATION('',(#5190),#5194);
#5190 = LINE('',#5191,#5192);
#5191 = CARTESIAN_POINT('',(40.,0.));
#5192 = VECTOR('',#5193,1.);
#5193 = DIRECTION('',(0.,1.));
#5194 = ( GEOMETRIC_REPRESENTATION_CONTEXT(2) 
PARAMETRIC_REPRESENTATION_CONTEXT() REPRESENTATION_CONTEXT('2D SPACE',''
  ) );
#5195 = ORIENTED_EDGE('',*,*,#5196,.F.);
#5196 = EDGE_CURVE('',#169,#5169,#5197,.T.);
#5197 = SURFACE_CURVE('',#5198,(#5203,#5214),.PCURVE_S1.);
#5198 = CIRCLE('',#5199,2.);
#5199 = AXIS2_PLACEMENT_3D('',#5200,#5201,#5202);
#5200 = CARTESIAN_POINT('',(-29.,44.5,40.));
#5201 = DIRECTION('',(-0.,-0.,-1.));
#5202 = DIRECTION('',(0.,-1.,0.));
#5203 = PCURVE('',#212,#5204);
#5204 = DEFINITIONAL_REPRESENTATION('',(#5205),#5213);
#5205 = ( BOUNDED_CURVE() B_SPLINE_CURVE(2,(#5206,#5207,#5208,#5209,
#5210,#5211,#5212),.UNSPECIFIED.,.T.,.F.) B_SPLINE_CURVE_WITH_KNOTS((1,2
    ,2,2,2,1),(-2.094395102393,0.,2.094395102393,4.188790204786,
6.28318530718,8.377580409573),.UNSPECIFIED.) CURVE() 
GEOMETRIC_REPRESENTATION_ITEM() RATIONAL_B_SPLINE_CURVE((1.,0.5,1.,0.5,
1.,0.5,1.)) REPRESENTATION_ITEM('') );
#5206 = CARTESIAN_POINT('',(2.,89.));
#5207 = CARTESIAN_POINT('',(-1.464101615138,89.));
#5208 = CARTESIAN_POINT('',(0.267949192431,92.));
#5209 = CARTESIAN_POINT('',(2.,95.));
#5210 = CARTESIAN_POINT('',(3.732050807569,92.));
#5211 = CARTESIAN_POINT('',(5.464101615138,89.));
#5212 = CARTESIAN_POINT('',(2.,89.));
#5213 = ( GEOMETRIC_REPRESENTATION_CONTEXT(2) 
PARAMETRIC_REPRESENTATION_CONTEXT() REPRESENTATION_CONTEXT('2D SPACE',''
  ) );
#5214 = PCURVE('',#184,#5215);
#5215 = DEFINITIONAL_REPRESENTATION('',(#5216),#5220);
#5216 = LINE('',#5217,#5218);
#5217 = CARTESIAN_POINT('',(1.570796326795,40.));
#5218 = VECTOR('',#5219,1.);
#5219 = DIRECTION('',(-1.,0.));
#5220 = ( GEOMETRIC_REPRESENTATION_CONTEXT(2) 
PARAMETRIC_REPRESENTATION_CONTEXT() REPRESENTATION_CONTEXT('2D SPACE',''
  ) );
#5221 = FACE_BOUND('',#5222,.T.);
#5222 = EDGE_LOOP('',(#5223,#5253,#5281,#5309));
#5223 = ORIENTED_EDGE('',*,*,#5224,.F.);
#5224 = EDGE_CURVE('',#5225,#5227,#5229,.T.);
#5225 = VERTEX_POINT('',#5226);
#5226 = CARTESIAN_POINT('',(-29.8,-45.3,40.));
#5227 = VERTEX_POINT('',#5228);
#5228 = CARTESIAN_POINT('',(29.8,-45.3,40.));
#5229 = SURFACE_CURVE('',#5230,(#5234,#5241),.PCURVE_S1.);
#5230 = LINE('',#5231,#5232);
#5231 = CARTESIAN_POINT('',(0.,-45.3,40.));
#5232 = VECTOR('',#5233,1.);
#5233 = DIRECTION('',(1.,0.,0.));
#5234 = PCURVE('',#212,#5235);
#5235 = DEFINITIONAL_REPRESENTATION('',(#5236),#5240);
#5236 = LINE('',#5237,#5238);
#5237 = CARTESIAN_POINT('',(31.,1.2));
#5238 = VECTOR('',#5239,1.);
#5239 = DIRECTION('',(1.,0.));
#5240 = ( GEOMETRIC_REPRESENTATION_CONTEXT(2) 
PARAMETRIC_REPRESENTATION_CONTEXT() REPRESENTATION_CONTEXT('2D SPACE',''
  ) );
#5241 = PCURVE('',#5242,#5247);
#5242 = PLANE('',#5243);
#5243 = AXIS2_PLACEMENT_3D('',#5244,#5245,#5246);
#5244 = CARTESIAN_POINT('',(-29.8,-45.3,40.));
#5245 = DIRECTION('',(0.,-1.,0.));
#5246 = DIRECTION('',(1.,0.,0.));
#5247 = DEFINITIONAL_REPRESENTATION('',(#5248),#5252);
#5248 = LINE('',#5249,#5250);
#5249 = CARTESIAN_POINT('',(29.8,0.));
#5250 = VECTOR('',#5251,1.);
#5251 = DIRECTION('',(1.,0.));
#5252 = ( GEOMETRIC_REPRESENTATION_CONTEXT(2) 
PARAMETRIC_REPRESENTATION_CONTEXT() REPRESENTATION_CONTEXT('2D SPACE',''
  ) );
#5253 = ORIENTED_EDGE('',*,*,#5254,.T.);
#5254 = EDGE_CURVE('',#5225,#5255,#5257,.T.);
#5255 = VERTEX_POINT('',#5256);
#5256 = CARTESIAN_POINT('',(-29.8,45.3,40.));
#5257 = SURFACE_CURVE('',#5258,(#5262,#5269),.PCURVE_S1.);
#5258 = LINE('',#5259,#5260);
#5259 = CARTESIAN_POINT('',(-29.8,0.,40.));
#5260 = VECTOR('',#5261,1.);
#5261 = DIRECTION('',(0.,1.,0.));
#5262 = PCURVE('',#212,#5263);
#5263 = DEFINITIONAL_REPRESENTATION('',(#5264),#5268);
#5264 = LINE('',#5265,#5266);
#5265 = CARTESIAN_POINT('',(1.2,46.5));
#5266 = VECTOR('',#5267,1.);
#5267 = DIRECTION('',(0.,1.));
#5268 = ( GEOMETRIC_REPRESENTATION_CONTEXT(2) 
PARAMETRIC_REPRESENTATION_CONTEXT() REPRESENTATION_CONTEXT('2D SPACE',''
  ) );
#5269 = PCURVE('',#5270,#5275);
#5270 = PLANE('',#5271);
#5271 = AXIS2_PLACEMENT_3D('',#5272,#5273,#5274);
#5272 = CARTESIAN_POINT('',(-29.8,-45.3,40.));
#5273 = DIRECTION('',(1.,0.,0.));
#5274 = DIRECTION('',(-0.,1.,0.));
#5275 = DEFINITIONAL_REPRESENTATION('',(#5276),#5280);
#5276 = LINE('',#5277,#5278);
#5277 = CARTESIAN_POINT('',(45.3,0.));
#5278 = VECTOR('',#5279,1.);
#5279 = DIRECTION('',(1.,0.));
#5280 = ( GEOMETRIC_REPRESENTATION_CONTEXT(2) 
PARAMETRIC_REPRESENTATION_CONTEXT() REPRESENTATION_CONTEXT('2D SPACE',''
  ) );
#5281 = ORIENTED_EDGE('',*,*,#5282,.T.);
#5282 = EDGE_CURVE('',#5255,#5283,#5285,.T.);
#5283 = VERTEX_POINT('',#5284);
#5284 = CARTESIAN_POINT('',(29.8,45.3,40.));
#5285 = SURFACE_CURVE('',#5286,(#5290,#5297),.PCURVE_S1.);
#5286 = LINE('',#5287,#5288);
#5287 = CARTESIAN_POINT('',(0.,45.3,40.));
#5288 = VECTOR('',#5289,1.);
#5289 = DIRECTION('',(1.,0.,0.));
#5290 = PCURVE('',#212,#5291);
#5291 = DEFINITIONAL_REPRESENTATION('',(#5292),#5296);
#5292 = LINE('',#5293,#5294);
#5293 = CARTESIAN_POINT('',(31.,91.8));
#5294 = VECTOR('',#5295,1.);
#5295 = DIRECTION('',(1.,0.));
#5296 = ( GEOMETRIC_REPRESENTATION_CONTEXT(2) 
PARAMETRIC_REPRESENTATION_CONTEXT() REPRESENTATION_CONTEXT('2D SPACE',''
  ) );
#5297 = PCURVE('',#5298,#5303);
#5298 = PLANE('',#5299);
#5299 = AXIS2_PLACEMENT_3D('',#5300,#5301,#5302);
#5300 = CARTESIAN_POINT('',(-29.8,45.3,40.));
#5301 = DIRECTION('',(0.,-1.,0.));
#5302 = DIRECTION('',(1.,0.,0.));
#5303 = DEFINITIONAL_REPRESENTATION('',(#5304),#5308);
#5304 = LINE('',#5305,#5306);
#5305 = CARTESIAN_POINT('',(29.8,0.));
#5306 = VECTOR('',#5307,1.);
#5307 = DIRECTION('',(1.,0.));
#5308 = ( GEOMETRIC_REPRESENTATION_CONTEXT(2) 
PARAMETRIC_REPRESENTATION_CONTEXT() REPRESENTATION_CONTEXT('2D SPACE',''
  ) );
#5309 = ORIENTED_EDGE('',*,*,#5310,.F.);
#5310 = EDGE_CURVE('',#5227,#5283,#5311,.T.);
#5311 = SURFACE_CURVE('',#5312,(#5316,#5323),.PCURVE_S1.);
#5312 = LINE('',#5313,#5314);
#5313 = CARTESIAN_POINT('',(29.8,0.,40.));
#5314 = VECTOR('',#5315,1.);
#5315 = DIRECTION('',(0.,1.,0.));
#5316 = PCURVE('',#212,#5317);
#5317 = DEFINITIONAL_REPRESENTATION('',(#5318),#5322);
#5318 = LINE('',#5319,#5320);
#5319 = CARTESIAN_POINT('',(60.8,46.5));
#5320 = VECTOR('',#5321,1.);
#5321 = DIRECTION('',(0.,1.));
#5322 = ( GEOMETRIC_REPRESENTATION_CONTEXT(2) 
PARAMETRIC_REPRESENTATION_CONTEXT() REPRESENTATION_CONTEXT('2D SPACE',''
  ) );
#5323 = PCURVE('',#5324,#5329);
#5324 = PLANE('',#5325);
#5325 = AXIS2_PLACEMENT_3D('',#5326,#5327,#5328);
#5326 = CARTESIAN_POINT('',(29.8,-45.3,40.));
#5327 = DIRECTION('',(1.,0.,0.));
#5328 = DIRECTION('',(-0.,1.,0.));
#5329 = DEFINITIONAL_REPRESENTATION('',(#5330),#5334);
#5330 = LINE('',#5331,#5332);
#5331 = CARTESIAN_POINT('',(45.3,0.));
#5332 = VECTOR('',#5333,1.);
#5333 = DIRECTION('',(1.,0.));
#5334 = ( GEOMETRIC_REPRESENTATION_CONTEXT(2) 
PARAMETRIC_REPRESENTATION_CONTEXT() REPRESENTATION_CONTEXT('2D SPACE',''
  ) );
#5335 = ADVANCED_FACE('',(#5336),#128,.T.);
#5336 = FACE_BOUND('',#5337,.T.);
#5337 = EDGE_LOOP('',(#5338,#5339,#5340,#5363));
#5338 = ORIENTED_EDGE('',*,*,#614,.F.);
#5339 = ORIENTED_EDGE('',*,*,#112,.T.);
#5340 = ORIENTED_EDGE('',*,*,#5341,.T.);
#5341 = EDGE_CURVE('',#113,#5342,#5344,.T.);
#5342 = VERTEX_POINT('',#5343);
#5343 = CARTESIAN_POINT('',(31.,56.5,2.2));
#5344 = SURFACE_CURVE('',#5345,(#5349,#5356),.PCURVE_S1.);
#5345 = LINE('',#5346,#5347);
#5346 = CARTESIAN_POINT('',(-31.,56.5,2.2));
#5347 = VECTOR('',#5348,1.);
#5348 = DIRECTION('',(1.,0.,0.));
#5349 = PCURVE('',#128,#5350);
#5350 = DEFINITIONAL_REPRESENTATION('',(#5351),#5355);
#5351 = LINE('',#5352,#5353);
#5352 = CARTESIAN_POINT('',(2.2,0.));
#5353 = VECTOR('',#5354,1.);
#5354 = DIRECTION('',(0.,1.));
#5355 = ( GEOMETRIC_REPRESENTATION_CONTEXT(2) 
PARAMETRIC_REPRESENTATION_CONTEXT() REPRESENTATION_CONTEXT('2D SPACE',''
  ) );
#5356 = PCURVE('',#156,#5357);
#5357 = DEFINITIONAL_REPRESENTATION('',(#5358),#5362);
#5358 = LINE('',#5359,#5360);
#5359 = CARTESIAN_POINT('',(0.,113.));
#5360 = VECTOR('',#5361,1.);
#5361 = DIRECTION('',(1.,0.));
#5362 = ( GEOMETRIC_REPRESENTATION_CONTEXT(2) 
PARAMETRIC_REPRESENTATION_CONTEXT() REPRESENTATION_CONTEXT('2D SPACE',''
  ) );
#5363 = ORIENTED_EDGE('',*,*,#5364,.F.);
#5364 = EDGE_CURVE('',#592,#5342,#5365,.T.);
#5365 = SURFACE_CURVE('',#5366,(#5370,#5377),.PCURVE_S1.);
#5366 = LINE('',#5367,#5368);
#5367 = CARTESIAN_POINT('',(31.,56.5,0.));
#5368 = VECTOR('',#5369,1.);
#5369 = DIRECTION('',(0.,0.,1.));
#5370 = PCURVE('',#128,#5371);
#5371 = DEFINITIONAL_REPRESENTATION('',(#5372),#5376);
#5372 = LINE('',#5373,#5374);
#5373 = CARTESIAN_POINT('',(0.,62.));
#5374 = VECTOR('',#5375,1.);
#5375 = DIRECTION('',(1.,0.));
#5376 = ( GEOMETRIC_REPRESENTATION_CONTEXT(2) 
PARAMETRIC_REPRESENTATION_CONTEXT() REPRESENTATION_CONTEXT('2D SPACE',''
  ) );
#5377 = PCURVE('',#399,#5378);
#5378 = DEFINITIONAL_REPRESENTATION('',(#5379),#5383);
#5379 = LINE('',#5380,#5381);
#5380 = CARTESIAN_POINT('',(0.,-113.));
#5381 = VECTOR('',#5382,1.);
#5382 = DIRECTION('',(1.,0.));
#5383 = ( GEOMETRIC_REPRESENTATION_CONTEXT(2) 
PARAMETRIC_REPRESENTATION_CONTEXT() REPRESENTATION_CONTEXT('2D SPACE',''
  ) );
#5384 = ADVANCED_FACE('',(#5385),#184,.T.);
#5385 = FACE_BOUND('',#5386,.F.);
#5386 = EDGE_LOOP('',(#5387,#5388,#5412,#5433));
#5387 = ORIENTED_EDGE('',*,*,#168,.F.);
#5388 = ORIENTED_EDGE('',*,*,#5389,.F.);
#5389 = EDGE_CURVE('',#5390,#141,#5392,.T.);
#5390 = VERTEX_POINT('',#5391);
#5391 = CARTESIAN_POINT('',(-29.,46.5,2.2));
#5392 = SURFACE_CURVE('',#5393,(#5398,#5405),.PCURVE_S1.);
#5393 = CIRCLE('',#5394,2.);
#5394 = AXIS2_PLACEMENT_3D('',#5395,#5396,#5397);
#5395 = CARTESIAN_POINT('',(-29.,44.5,2.2));
#5396 = DIRECTION('',(0.,0.,1.));
#5397 = DIRECTION('',(-1.,-0.,0.));
#5398 = PCURVE('',#184,#5399);
#5399 = DEFINITIONAL_REPRESENTATION('',(#5400),#5404);
#5400 = LINE('',#5401,#5402);
#5401 = CARTESIAN_POINT('',(-6.28318530718,2.2));
#5402 = VECTOR('',#5403,1.);
#5403 = DIRECTION('',(1.,-0.));
#5404 = ( GEOMETRIC_REPRESENTATION_CONTEXT(2) 
PARAMETRIC_REPRESENTATION_CONTEXT() REPRESENTATION_CONTEXT('2D SPACE',''
  ) );
#5405 = PCURVE('',#156,#5406);
#5406 = DEFINITIONAL_REPRESENTATION('',(#5407),#5411);
#5407 = CIRCLE('',#5408,2.);
#5408 = AXIS2_PLACEMENT_2D('',#5409,#5410);
#5409 = CARTESIAN_POINT('',(2.,101.));
#5410 = DIRECTION('',(-1.,0.));
#5411 = ( GEOMETRIC_REPRESENTATION_CONTEXT(2) 
PARAMETRIC_REPRESENTATION_CONTEXT() REPRESENTATION_CONTEXT('2D SPACE',''
  ) );
#5412 = ORIENTED_EDGE('',*,*,#5413,.T.);
#5413 = EDGE_CURVE('',#5390,#5169,#5414,.T.);
#5414 = SURFACE_CURVE('',#5415,(#5419,#5426),.PCURVE_S1.);
#5415 = LINE('',#5416,#5417);
#5416 = CARTESIAN_POINT('',(-29.,46.5,0.));
#5417 = VECTOR('',#5418,1.);
#5418 = DIRECTION('',(0.,0.,1.));
#5419 = PCURVE('',#184,#5420);
#5420 = DEFINITIONAL_REPRESENTATION('',(#5421),#5425);
#5421 = LINE('',#5422,#5423);
#5422 = CARTESIAN_POINT('',(-1.570796326795,0.));
#5423 = VECTOR('',#5424,1.);
#5424 = DIRECTION('',(-0.,1.));
#5425 = ( GEOMETRIC_REPRESENTATION_CONTEXT(2) 
PARAMETRIC_REPRESENTATION_CONTEXT() REPRESENTATION_CONTEXT('2D SPACE',''
  ) );
#5426 = PCURVE('',#5184,#5427);
#5427 = DEFINITIONAL_REPRESENTATION('',(#5428),#5432);
#5428 = LINE('',#5429,#5430);
#5429 = CARTESIAN_POINT('',(0.,2.));
#5430 = VECTOR('',#5431,1.);
#5431 = DIRECTION('',(1.,0.));
#5432 = ( GEOMETRIC_REPRESENTATION_CONTEXT(2) 
PARAMETRIC_REPRESENTATION_CONTEXT() REPRESENTATION_CONTEXT('2D SPACE',''
  ) );
#5433 = ORIENTED_EDGE('',*,*,#5196,.F.);
#5434 = ADVANCED_FACE('',(#5435),#156,.T.);
#5435 = FACE_BOUND('',#5436,.T.);
#5436 = EDGE_LOOP('',(#5437,#5438,#5439,#5460,#5484,#5505));
#5437 = ORIENTED_EDGE('',*,*,#140,.F.);
#5438 = ORIENTED_EDGE('',*,*,#5389,.F.);
#5439 = ORIENTED_EDGE('',*,*,#5440,.T.);
#5440 = EDGE_CURVE('',#5390,#5441,#5443,.T.);
#5441 = VERTEX_POINT('',#5442);
#5442 = CARTESIAN_POINT('',(29.,46.5,2.2));
#5443 = SURFACE_CURVE('',#5444,(#5448,#5454),.PCURVE_S1.);
#5444 = LINE('',#5445,#5446);
#5445 = CARTESIAN_POINT('',(-31.,46.5,2.2));
#5446 = VECTOR('',#5447,1.);
#5447 = DIRECTION('',(1.,0.,0.));
#5448 = PCURVE('',#156,#5449);
#5449 = DEFINITIONAL_REPRESENTATION('',(#5450),#5453);
#5450 = B_SPLINE_CURVE_WITH_KNOTS('',1,(#5451,#5452),.UNSPECIFIED.,.F.,
  .F.,(2,2),(2.,60.),.PIECEWISE_BEZIER_KNOTS.);
#5451 = CARTESIAN_POINT('',(2.,103.));
#5452 = CARTESIAN_POINT('',(60.,103.));
#5453 = ( GEOMETRIC_REPRESENTATION_CONTEXT(2) 
PARAMETRIC_REPRESENTATION_CONTEXT() REPRESENTATION_CONTEXT('2D SPACE',''
  ) );
#5454 = PCURVE('',#5184,#5455);
#5455 = DEFINITIONAL_REPRESENTATION('',(#5456),#5459);
#5456 = B_SPLINE_CURVE_WITH_KNOTS('',1,(#5457,#5458),.UNSPECIFIED.,.F.,
  .F.,(2,2),(2.,60.),.PIECEWISE_BEZIER_KNOTS.);
#5457 = CARTESIAN_POINT('',(2.2,2.));
#5458 = CARTESIAN_POINT('',(2.2,60.));
#5459 = ( GEOMETRIC_REPRESENTATION_CONTEXT(2) 
PARAMETRIC_REPRESENTATION_CONTEXT() REPRESENTATION_CONTEXT('2D SPACE',''
  ) );
#5460 = ORIENTED_EDGE('',*,*,#5461,.F.);
#5461 = EDGE_CURVE('',#5462,#5441,#5464,.T.);
#5462 = VERTEX_POINT('',#5463);
#5463 = CARTESIAN_POINT('',(31.,44.5,2.2));
#5464 = SURFACE_CURVE('',#5465,(#5470,#5477),.PCURVE_S1.);
#5465 = CIRCLE('',#5466,2.);
#5466 = AXIS2_PLACEMENT_3D('',#5467,#5468,#5469);
#5467 = CARTESIAN_POINT('',(29.,44.5,2.2));
#5468 = DIRECTION('',(0.,0.,1.));
#5469 = DIRECTION('',(1.,0.,-0.));
#5470 = PCURVE('',#156,#5471);
#5471 = DEFINITIONAL_REPRESENTATION('',(#5472),#5476);
#5472 = CIRCLE('',#5473,2.);
#5473 = AXIS2_PLACEMENT_2D('',#5474,#5475);
#5474 = CARTESIAN_POINT('',(60.,101.));
#5475 = DIRECTION('',(1.,0.));
#5476 = ( GEOMETRIC_REPRESENTATION_CONTEXT(2) 
PARAMETRIC_REPRESENTATION_CONTEXT() REPRESENTATION_CONTEXT('2D SPACE',''
  ) );
#5477 = PCURVE('',#5156,#5478);
#5478 = DEFINITIONAL_REPRESENTATION('',(#5479),#5483);
#5479 = LINE('',#5480,#5481);
#5480 = CARTESIAN_POINT('',(0.,2.2));
#5481 = VECTOR('',#5482,1.);
#5482 = DIRECTION('',(1.,0.));
#5483 = ( GEOMETRIC_REPRESENTATION_CONTEXT(2) 
PARAMETRIC_REPRESENTATION_CONTEXT() REPRESENTATION_CONTEXT('2D SPACE',''
  ) );
#5484 = ORIENTED_EDGE('',*,*,#5485,.T.);
#5485 = EDGE_CURVE('',#5462,#5342,#5486,.T.);
#5486 = SURFACE_CURVE('',#5487,(#5491,#5498),.PCURVE_S1.);
#5487 = LINE('',#5488,#5489);
#5488 = CARTESIAN_POINT('',(31.,-56.5,2.2));
#5489 = VECTOR('',#5490,1.);
#5490 = DIRECTION('',(0.,1.,0.));
#5491 = PCURVE('',#156,#5492);
#5492 = DEFINITIONAL_REPRESENTATION('',(#5493),#5497);
#5493 = LINE('',#5494,#5495);
#5494 = CARTESIAN_POINT('',(62.,0.));
#5495 = VECTOR('',#5496,1.);
#5496 = DIRECTION('',(0.,1.));
#5497 = ( GEOMETRIC_REPRESENTATION_CONTEXT(2) 
PARAMETRIC_REPRESENTATION_CONTEXT() REPRESENTATION_CONTEXT('2D SPACE',''
  ) );
#5498 = PCURVE('',#399,#5499);
#5499 = DEFINITIONAL_REPRESENTATION('',(#5500),#5504);
#5500 = LINE('',#5501,#5502);
#5501 = CARTESIAN_POINT('',(2.2,0.));
#5502 = VECTOR('',#5503,1.);
#5503 = DIRECTION('',(0.,-1.));
#5504 = ( GEOMETRIC_REPRESENTATION_CONTEXT(2) 
PARAMETRIC_REPRESENTATION_CONTEXT() REPRESENTATION_CONTEXT('2D SPACE',''
  ) );
#5505 = ORIENTED_EDGE('',*,*,#5341,.F.);
#5506 = ADVANCED_FACE('',(#5507),#269,.F.);
#5507 = FACE_BOUND('',#5508,.F.);
#5508 = EDGE_LOOP('',(#5509,#5510,#5533,#5559));
#5509 = ORIENTED_EDGE('',*,*,#252,.T.);
#5510 = ORIENTED_EDGE('',*,*,#5511,.T.);
#5511 = EDGE_CURVE('',#255,#5512,#5514,.T.);
#5512 = VERTEX_POINT('',#5513);
#5513 = CARTESIAN_POINT('',(-28.8,-3.3,32.3));
#5514 = SURFACE_CURVE('',#5515,(#5519,#5526),.PCURVE_S1.);
#5515 = LINE('',#5516,#5517);
#5516 = CARTESIAN_POINT('',(-32.,-3.3,32.3));
#5517 = VECTOR('',#5518,1.);
#5518 = DIRECTION('',(1.,0.,0.));
#5519 = PCURVE('',#269,#5520);
#5520 = DEFINITIONAL_REPRESENTATION('',(#5521),#5525);
#5521 = LINE('',#5522,#5523);
#5522 = CARTESIAN_POINT('',(0.,0.));
#5523 = VECTOR('',#5524,1.);
#5524 = DIRECTION('',(0.,-1.));
#5525 = ( GEOMETRIC_REPRESENTATION_CONTEXT(2) 
PARAMETRIC_REPRESENTATION_CONTEXT() REPRESENTATION_CONTEXT('2D SPACE',''
  ) );
#5526 = PCURVE('',#345,#5527);
#5527 = DEFINITIONAL_REPRESENTATION('',(#5528),#5532);
#5528 = LINE('',#5529,#5530);
#5529 = CARTESIAN_POINT('',(0.,0.));
#5530 = VECTOR('',#5531,1.);
#5531 = DIRECTION('',(0.,-1.));
#5532 = ( GEOMETRIC_REPRESENTATION_CONTEXT(2) 
PARAMETRIC_REPRESENTATION_CONTEXT() REPRESENTATION_CONTEXT('2D SPACE',''
  ) );
#5533 = ORIENTED_EDGE('',*,*,#5534,.F.);
#5534 = EDGE_CURVE('',#5535,#5512,#5537,.T.);
#5535 = VERTEX_POINT('',#5536);
#5536 = CARTESIAN_POINT('',(-28.8,-3.3,33.5));
#5537 = SURFACE_CURVE('',#5538,(#5542,#5548),.PCURVE_S1.);
#5538 = LINE('',#5539,#5540);
#5539 = CARTESIAN_POINT('',(-28.8,-3.3,36.15));
#5540 = VECTOR('',#5541,1.);
#5541 = DIRECTION('',(0.,0.,-1.));
#5542 = PCURVE('',#269,#5543);
#5543 = DEFINITIONAL_REPRESENTATION('',(#5544),#5547);
#5544 = B_SPLINE_CURVE_WITH_KNOTS('',1,(#5545,#5546),.UNSPECIFIED.,.F.,
  .F.,(2,2),(2.65,3.85),.PIECEWISE_BEZIER_KNOTS.);
#5545 = CARTESIAN_POINT('',(1.2,-3.2));
#5546 = CARTESIAN_POINT('',(0.,-3.2));
#5547 = ( GEOMETRIC_REPRESENTATION_CONTEXT(2) 
PARAMETRIC_REPRESENTATION_CONTEXT() REPRESENTATION_CONTEXT('2D SPACE',''
  ) );
#5548 = PCURVE('',#5549,#5554);
#5549 = PLANE('',#5550);
#5550 = AXIS2_PLACEMENT_3D('',#5551,#5552,#5553);
#5551 = CARTESIAN_POINT('',(-28.8,-44.3,40.));
#5552 = DIRECTION('',(1.,0.,0.));
#5553 = DIRECTION('',(-0.,1.,0.));
#5554 = DEFINITIONAL_REPRESENTATION('',(#5555),#5558);
#5555 = B_SPLINE_CURVE_WITH_KNOTS('',1,(#5556,#5557),.UNSPECIFIED.,.F.,
  .F.,(2,2),(2.65,3.85),.PIECEWISE_BEZIER_KNOTS.);
#5556 = CARTESIAN_POINT('',(41.,-6.5));
#5557 = CARTESIAN_POINT('',(41.,-7.7));
#5558 = ( GEOMETRIC_REPRESENTATION_CONTEXT(2) 
PARAMETRIC_REPRESENTATION_CONTEXT() REPRESENTATION_CONTEXT('2D SPACE',''
  ) );
#5559 = ORIENTED_EDGE('',*,*,#5560,.F.);
#5560 = EDGE_CURVE('',#253,#5535,#5561,.T.);
#5561 = SURFACE_CURVE('',#5562,(#5566,#5573),.PCURVE_S1.);
#5562 = LINE('',#5563,#5564);
#5563 = CARTESIAN_POINT('',(-32.,-3.3,33.5));
#5564 = VECTOR('',#5565,1.);
#5565 = DIRECTION('',(1.,0.,0.));
#5566 = PCURVE('',#269,#5567);
#5567 = DEFINITIONAL_REPRESENTATION('',(#5568),#5572);
#5568 = LINE('',#5569,#5570);
#5569 = CARTESIAN_POINT('',(1.2,0.));
#5570 = VECTOR('',#5571,1.);
#5571 = DIRECTION('',(0.,-1.));
#5572 = ( GEOMETRIC_REPRESENTATION_CONTEXT(2) 
PARAMETRIC_REPRESENTATION_CONTEXT() REPRESENTATION_CONTEXT('2D SPACE',''
  ) );
#5573 = PCURVE('',#295,#5574);
#5574 = DEFINITIONAL_REPRESENTATION('',(#5575),#5579);
#5575 = LINE('',#5576,#5577);
#5576 = CARTESIAN_POINT('',(0.,0.));
#5577 = VECTOR('',#5578,1.);
#5578 = DIRECTION('',(0.,-1.));
#5579 = ( GEOMETRIC_REPRESENTATION_CONTEXT(2) 
PARAMETRIC_REPRESENTATION_CONTEXT() REPRESENTATION_CONTEXT('2D SPACE',''
  ) );
#5580 = ADVANCED_FACE('',(#5581),#345,.T.);
#5581 = FACE_BOUND('',#5582,.T.);
#5582 = EDGE_LOOP('',(#5583,#5584,#5585,#5606));
#5583 = ORIENTED_EDGE('',*,*,#332,.T.);
#5584 = ORIENTED_EDGE('',*,*,#5511,.T.);
#5585 = ORIENTED_EDGE('',*,*,#5586,.F.);
#5586 = EDGE_CURVE('',#5587,#5512,#5589,.T.);
#5587 = VERTEX_POINT('',#5588);
#5588 = CARTESIAN_POINT('',(-28.8,3.3,32.3));
#5589 = SURFACE_CURVE('',#5590,(#5594,#5600),.PCURVE_S1.);
#5590 = LINE('',#5591,#5592);
#5591 = CARTESIAN_POINT('',(-28.8,-23.8,32.3));
#5592 = VECTOR('',#5593,1.);
#5593 = DIRECTION('',(0.,-1.,0.));
#5594 = PCURVE('',#345,#5595);
#5595 = DEFINITIONAL_REPRESENTATION('',(#5596),#5599);
#5596 = B_SPLINE_CURVE_WITH_KNOTS('',1,(#5597,#5598),.UNSPECIFIED.,.F.,
  .F.,(2,2),(-27.1,-20.5),.PIECEWISE_BEZIER_KNOTS.);
#5597 = CARTESIAN_POINT('',(6.6,-3.2));
#5598 = CARTESIAN_POINT('',(0.,-3.2));
#5599 = ( GEOMETRIC_REPRESENTATION_CONTEXT(2) 
PARAMETRIC_REPRESENTATION_CONTEXT() REPRESENTATION_CONTEXT('2D SPACE',''
  ) );
#5600 = PCURVE('',#5549,#5601);
#5601 = DEFINITIONAL_REPRESENTATION('',(#5602),#5605);
#5602 = B_SPLINE_CURVE_WITH_KNOTS('',1,(#5603,#5604),.UNSPECIFIED.,.F.,
  .F.,(2,2),(-27.1,-20.5),.PIECEWISE_BEZIER_KNOTS.);
#5603 = CARTESIAN_POINT('',(47.6,-7.7));
#5604 = CARTESIAN_POINT('',(41.,-7.7));
#5605 = ( GEOMETRIC_REPRESENTATION_CONTEXT(2) 
PARAMETRIC_REPRESENTATION_CONTEXT() REPRESENTATION_CONTEXT('2D SPACE',''
  ) );
#5606 = ORIENTED_EDGE('',*,*,#5607,.F.);
#5607 = EDGE_CURVE('',#307,#5587,#5608,.T.);
#5608 = SURFACE_CURVE('',#5609,(#5613,#5620),.PCURVE_S1.);
#5609 = LINE('',#5610,#5611);
#5610 = CARTESIAN_POINT('',(-32.,3.3,32.3));
#5611 = VECTOR('',#5612,1.);
#5612 = DIRECTION('',(1.,0.,0.));
#5613 = PCURVE('',#345,#5614);
#5614 = DEFINITIONAL_REPRESENTATION('',(#5615),#5619);
#5615 = LINE('',#5616,#5617);
#5616 = CARTESIAN_POINT('',(6.6,0.));
#5617 = VECTOR('',#5618,1.);
#5618 = DIRECTION('',(0.,-1.));
#5619 = ( GEOMETRIC_REPRESENTATION_CONTEXT(2) 
PARAMETRIC_REPRESENTATION_CONTEXT() REPRESENTATION_CONTEXT('2D SPACE',''
  ) );
#5620 = PCURVE('',#321,#5621);
#5621 = DEFINITIONAL_REPRESENTATION('',(#5622),#5626);
#5622 = LINE('',#5623,#5624);
#5623 = CARTESIAN_POINT('',(0.,0.));
#5624 = VECTOR('',#5625,1.);
#5625 = DIRECTION('',(0.,-1.));
#5626 = ( GEOMETRIC_REPRESENTATION_CONTEXT(2) 
PARAMETRIC_REPRESENTATION_CONTEXT() REPRESENTATION_CONTEXT('2D SPACE',''
  ) );
#5627 = ADVANCED_FACE('',(#5628),#321,.T.);
#5628 = FACE_BOUND('',#5629,.T.);
#5629 = EDGE_LOOP('',(#5630,#5631,#5632,#5653));
#5630 = ORIENTED_EDGE('',*,*,#306,.T.);
#5631 = ORIENTED_EDGE('',*,*,#5607,.T.);
#5632 = ORIENTED_EDGE('',*,*,#5633,.F.);
#5633 = EDGE_CURVE('',#5634,#5587,#5636,.T.);
#5634 = VERTEX_POINT('',#5635);
#5635 = CARTESIAN_POINT('',(-28.8,3.3,33.5));
#5636 = SURFACE_CURVE('',#5637,(#5641,#5647),.PCURVE_S1.);
#5637 = LINE('',#5638,#5639);
#5638 = CARTESIAN_POINT('',(-28.8,3.3,36.15));
#5639 = VECTOR('',#5640,1.);
#5640 = DIRECTION('',(0.,0.,-1.));
#5641 = PCURVE('',#321,#5642);
#5642 = DEFINITIONAL_REPRESENTATION('',(#5643),#5646);
#5643 = B_SPLINE_CURVE_WITH_KNOTS('',1,(#5644,#5645),.UNSPECIFIED.,.F.,
  .F.,(2,2),(2.65,3.85),.PIECEWISE_BEZIER_KNOTS.);
#5644 = CARTESIAN_POINT('',(1.2,-3.2));
#5645 = CARTESIAN_POINT('',(0.,-3.2));
#5646 = ( GEOMETRIC_REPRESENTATION_CONTEXT(2) 
PARAMETRIC_REPRESENTATION_CONTEXT() REPRESENTATION_CONTEXT('2D SPACE',''
  ) );
#5647 = PCURVE('',#5549,#5648);
#5648 = DEFINITIONAL_REPRESENTATION('',(#5649),#5652);
#5649 = B_SPLINE_CURVE_WITH_KNOTS('',1,(#5650,#5651),.UNSPECIFIED.,.F.,
  .F.,(2,2),(2.65,3.85),.PIECEWISE_BEZIER_KNOTS.);
#5650 = CARTESIAN_POINT('',(47.6,-6.5));
#5651 = CARTESIAN_POINT('',(47.6,-7.7));
#5652 = ( GEOMETRIC_REPRESENTATION_CONTEXT(2) 
PARAMETRIC_REPRESENTATION_CONTEXT() REPRESENTATION_CONTEXT('2D SPACE',''
  ) );
#5653 = ORIENTED_EDGE('',*,*,#5654,.F.);
#5654 = EDGE_CURVE('',#281,#5634,#5655,.T.);
#5655 = SURFACE_CURVE('',#5656,(#5660,#5667),.PCURVE_S1.);
#5656 = LINE('',#5657,#5658);
#5657 = CARTESIAN_POINT('',(-32.,3.3,33.5));
#5658 = VECTOR('',#5659,1.);
#5659 = DIRECTION('',(1.,0.,0.));
#5660 = PCURVE('',#321,#5661);
#5661 = DEFINITIONAL_REPRESENTATION('',(#5662),#5666);
#5662 = LINE('',#5663,#5664);
#5663 = CARTESIAN_POINT('',(1.2,0.));
#5664 = VECTOR('',#5665,1.);
#5665 = DIRECTION('',(0.,-1.));
#5666 = ( GEOMETRIC_REPRESENTATION_CONTEXT(2) 
PARAMETRIC_REPRESENTATION_CONTEXT() REPRESENTATION_CONTEXT('2D SPACE',''
  ) );
#5667 = PCURVE('',#295,#5668);
#5668 = DEFINITIONAL_REPRESENTATION('',(#5669),#5673);
#5669 = LINE('',#5670,#5671);
#5670 = CARTESIAN_POINT('',(6.6,0.));
#5671 = VECTOR('',#5672,1.);
#5672 = DIRECTION('',(0.,-1.));
#5673 = ( GEOMETRIC_REPRESENTATION_CONTEXT(2) 
PARAMETRIC_REPRESENTATION_CONTEXT() REPRESENTATION_CONTEXT('2D SPACE',''
  ) );
#5674 = ADVANCED_FACE('',(#5675),#295,.F.);
#5675 = FACE_BOUND('',#5676,.F.);
#5676 = EDGE_LOOP('',(#5677,#5678,#5679,#5698));
#5677 = ORIENTED_EDGE('',*,*,#280,.T.);
#5678 = ORIENTED_EDGE('',*,*,#5560,.T.);
#5679 = ORIENTED_EDGE('',*,*,#5680,.F.);
#5680 = EDGE_CURVE('',#5634,#5535,#5681,.T.);
#5681 = SURFACE_CURVE('',#5682,(#5686,#5692),.PCURVE_S1.);
#5682 = LINE('',#5683,#5684);
#5683 = CARTESIAN_POINT('',(-28.8,-23.8,33.5));
#5684 = VECTOR('',#5685,1.);
#5685 = DIRECTION('',(0.,-1.,0.));
#5686 = PCURVE('',#295,#5687);
#5687 = DEFINITIONAL_REPRESENTATION('',(#5688),#5691);
#5688 = B_SPLINE_CURVE_WITH_KNOTS('',1,(#5689,#5690),.UNSPECIFIED.,.F.,
  .F.,(2,2),(-27.1,-20.5),.PIECEWISE_BEZIER_KNOTS.);
#5689 = CARTESIAN_POINT('',(6.6,-3.2));
#5690 = CARTESIAN_POINT('',(0.,-3.2));
#5691 = ( GEOMETRIC_REPRESENTATION_CONTEXT(2) 
PARAMETRIC_REPRESENTATION_CONTEXT() REPRESENTATION_CONTEXT('2D SPACE',''
  ) );
#5692 = PCURVE('',#5549,#5693);
#5693 = DEFINITIONAL_REPRESENTATION('',(#5694),#5697);
#5694 = B_SPLINE_CURVE_WITH_KNOTS('',1,(#5695,#5696),.UNSPECIFIED.,.F.,
  .F.,(2,2),(-27.1,-20.5),.PIECEWISE_BEZIER_KNOTS.);
#5695 = CARTESIAN_POINT('',(47.6,-6.5));
#5696 = CARTESIAN_POINT('',(41.,-6.5));
#5697 = ( GEOMETRIC_REPRESENTATION_CONTEXT(2) 
PARAMETRIC_REPRESENTATION_CONTEXT() REPRESENTATION_CONTEXT('2D SPACE',''
  ) );
#5698 = ORIENTED_EDGE('',*,*,#5654,.F.);
#5699 = ADVANCED_FACE('',(#5700),#455,.F.);
#5700 = FACE_BOUND('',#5701,.F.);
#5701 = EDGE_LOOP('',(#5702,#5703,#5704,#5705));
#5702 = ORIENTED_EDGE('',*,*,#440,.F.);
#5703 = ORIENTED_EDGE('',*,*,#542,.T.);
#5704 = ORIENTED_EDGE('',*,*,#5065,.T.);
#5705 = ORIENTED_EDGE('',*,*,#5706,.F.);
#5706 = EDGE_CURVE('',#412,#5066,#5707,.T.);
#5707 = SURFACE_CURVE('',#5708,(#5712,#5719),.PCURVE_S1.);
#5708 = LINE('',#5709,#5710);
#5709 = CARTESIAN_POINT('',(29.,-46.5,0.));
#5710 = VECTOR('',#5711,1.);
#5711 = DIRECTION('',(0.,0.,1.));
#5712 = PCURVE('',#455,#5713);
#5713 = DEFINITIONAL_REPRESENTATION('',(#5714),#5718);
#5714 = LINE('',#5715,#5716);
#5715 = CARTESIAN_POINT('',(0.,60.));
#5716 = VECTOR('',#5717,1.);
#5717 = DIRECTION('',(1.,0.));
#5718 = ( GEOMETRIC_REPRESENTATION_CONTEXT(2) 
PARAMETRIC_REPRESENTATION_CONTEXT() REPRESENTATION_CONTEXT('2D SPACE',''
  ) );
#5719 = PCURVE('',#428,#5720);
#5720 = DEFINITIONAL_REPRESENTATION('',(#5721),#5725);
#5721 = LINE('',#5722,#5723);
#5722 = CARTESIAN_POINT('',(-1.570796326795,0.));
#5723 = VECTOR('',#5724,1.);
#5724 = DIRECTION('',(-0.,1.));
#5725 = ( GEOMETRIC_REPRESENTATION_CONTEXT(2) 
PARAMETRIC_REPRESENTATION_CONTEXT() REPRESENTATION_CONTEXT('2D SPACE',''
  ) );
#5726 = ADVANCED_FACE('',(#5727),#428,.T.);
#5727 = FACE_BOUND('',#5728,.F.);
#5728 = EDGE_LOOP('',(#5729,#5750,#5751,#5752));
#5729 = ORIENTED_EDGE('',*,*,#5730,.F.);
#5730 = EDGE_CURVE('',#384,#5089,#5731,.T.);
#5731 = SURFACE_CURVE('',#5732,(#5736,#5743),.PCURVE_S1.);
#5732 = LINE('',#5733,#5734);
#5733 = CARTESIAN_POINT('',(31.,-44.5,0.));
#5734 = VECTOR('',#5735,1.);
#5735 = DIRECTION('',(0.,0.,1.));
#5736 = PCURVE('',#428,#5737);
#5737 = DEFINITIONAL_REPRESENTATION('',(#5738),#5742);
#5738 = LINE('',#5739,#5740);
#5739 = CARTESIAN_POINT('',(-0.,0.));
#5740 = VECTOR('',#5741,1.);
#5741 = DIRECTION('',(-0.,1.));
#5742 = ( GEOMETRIC_REPRESENTATION_CONTEXT(2) 
PARAMETRIC_REPRESENTATION_CONTEXT() REPRESENTATION_CONTEXT('2D SPACE',''
  ) );
#5743 = PCURVE('',#399,#5744);
#5744 = DEFINITIONAL_REPRESENTATION('',(#5745),#5749);
#5745 = LINE('',#5746,#5747);
#5746 = CARTESIAN_POINT('',(0.,-12.));
#5747 = VECTOR('',#5748,1.);
#5748 = DIRECTION('',(1.,0.));
#5749 = ( GEOMETRIC_REPRESENTATION_CONTEXT(2) 
PARAMETRIC_REPRESENTATION_CONTEXT() REPRESENTATION_CONTEXT('2D SPACE',''
  ) );
#5750 = ORIENTED_EDGE('',*,*,#411,.F.);
#5751 = ORIENTED_EDGE('',*,*,#5706,.T.);
#5752 = ORIENTED_EDGE('',*,*,#5088,.F.);
#5753 = ADVANCED_FACE('',(#5754,#5784),#399,.T.);
#5754 = FACE_BOUND('',#5755,.T.);
#5755 = EDGE_LOOP('',(#5756,#5757,#5758,#5759,#5760,#5761,#5782,#5783));
#5756 = ORIENTED_EDGE('',*,*,#383,.F.);
#5757 = ORIENTED_EDGE('',*,*,#516,.F.);
#5758 = ORIENTED_EDGE('',*,*,#591,.F.);
#5759 = ORIENTED_EDGE('',*,*,#5364,.T.);
#5760 = ORIENTED_EDGE('',*,*,#5485,.F.);
#5761 = ORIENTED_EDGE('',*,*,#5762,.T.);
#5762 = EDGE_CURVE('',#5462,#5117,#5763,.T.);
#5763 = SURFACE_CURVE('',#5764,(#5768,#5775),.PCURVE_S1.);
#5764 = LINE('',#5765,#5766);
#5765 = CARTESIAN_POINT('',(31.,44.5,0.));
#5766 = VECTOR('',#5767,1.);
#5767 = DIRECTION('',(0.,0.,1.));
#5768 = PCURVE('',#399,#5769);
#5769 = DEFINITIONAL_REPRESENTATION('',(#5770),#5774);
#5770 = LINE('',#5771,#5772);
#5771 = CARTESIAN_POINT('',(0.,-101.));
#5772 = VECTOR('',#5773,1.);
#5773 = DIRECTION('',(1.,0.));
#5774 = ( GEOMETRIC_REPRESENTATION_CONTEXT(2) 
PARAMETRIC_REPRESENTATION_CONTEXT() REPRESENTATION_CONTEXT('2D SPACE',''
  ) );
#5775 = PCURVE('',#5156,#5776);
#5776 = DEFINITIONAL_REPRESENTATION('',(#5777),#5781);
#5777 = LINE('',#5778,#5779);
#5778 = CARTESIAN_POINT('',(0.,0.));
#5779 = VECTOR('',#5780,1.);
#5780 = DIRECTION('',(0.,1.));
#5781 = ( GEOMETRIC_REPRESENTATION_CONTEXT(2) 
PARAMETRIC_REPRESENTATION_CONTEXT() REPRESENTATION_CONTEXT('2D SPACE',''
  ) );
#5782 = ORIENTED_EDGE('',*,*,#5116,.F.);
#5783 = ORIENTED_EDGE('',*,*,#5730,.F.);
#5784 = FACE_BOUND('',#5785,.T.);
#5785 = EDGE_LOOP('',(#5786,#5814,#5840,#5866));
#5786 = ORIENTED_EDGE('',*,*,#5787,.F.);
#5787 = EDGE_CURVE('',#5788,#5790,#5792,.T.);
#5788 = VERTEX_POINT('',#5789);
#5789 = CARTESIAN_POINT('',(31.,-3.3,32.3));
#5790 = VERTEX_POINT('',#5791);
#5791 = CARTESIAN_POINT('',(31.,3.3,32.3));
#5792 = SURFACE_CURVE('',#5793,(#5797,#5803),.PCURVE_S1.);
#5793 = LINE('',#5794,#5795);
#5794 = CARTESIAN_POINT('',(31.,-29.9,32.3));
#5795 = VECTOR('',#5796,1.);
#5796 = DIRECTION('',(-0.,1.,0.));
#5797 = PCURVE('',#399,#5798);
#5798 = DEFINITIONAL_REPRESENTATION('',(#5799),#5802);
#5799 = B_SPLINE_CURVE_WITH_KNOTS('',1,(#5800,#5801),.UNSPECIFIED.,.F.,
  .F.,(2,2),(26.6,33.2),.PIECEWISE_BEZIER_KNOTS.);
#5800 = CARTESIAN_POINT('',(32.3,-53.2));
#5801 = CARTESIAN_POINT('',(32.3,-59.8));
#5802 = ( GEOMETRIC_REPRESENTATION_CONTEXT(2) 
PARAMETRIC_REPRESENTATION_CONTEXT() REPRESENTATION_CONTEXT('2D SPACE',''
  ) );
#5803 = PCURVE('',#5804,#5809);
#5804 = PLANE('',#5805);
#5805 = AXIS2_PLACEMENT_3D('',#5806,#5807,#5808);
#5806 = CARTESIAN_POINT('',(32.,-3.3,32.3));
#5807 = DIRECTION('',(0.,0.,-1.));
#5808 = DIRECTION('',(0.,1.,0.));
#5809 = DEFINITIONAL_REPRESENTATION('',(#5810),#5813);
#5810 = B_SPLINE_CURVE_WITH_KNOTS('',1,(#5811,#5812),.UNSPECIFIED.,.F.,
  .F.,(2,2),(26.6,33.2),.PIECEWISE_BEZIER_KNOTS.);
#5811 = CARTESIAN_POINT('',(0.,-1.));
#5812 = CARTESIAN_POINT('',(6.6,-1.));
#5813 = ( GEOMETRIC_REPRESENTATION_CONTEXT(2) 
PARAMETRIC_REPRESENTATION_CONTEXT() REPRESENTATION_CONTEXT('2D SPACE',''
  ) );
#5814 = ORIENTED_EDGE('',*,*,#5815,.T.);
#5815 = EDGE_CURVE('',#5788,#5816,#5818,.T.);
#5816 = VERTEX_POINT('',#5817);
#5817 = CARTESIAN_POINT('',(31.,-3.3,33.5));
#5818 = SURFACE_CURVE('',#5819,(#5823,#5829),.PCURVE_S1.);
#5819 = LINE('',#5820,#5821);
#5820 = CARTESIAN_POINT('',(31.,-3.3,16.15));
#5821 = VECTOR('',#5822,1.);
#5822 = DIRECTION('',(0.,0.,1.));
#5823 = PCURVE('',#399,#5824);
#5824 = DEFINITIONAL_REPRESENTATION('',(#5825),#5828);
#5825 = B_SPLINE_CURVE_WITH_KNOTS('',1,(#5826,#5827),.UNSPECIFIED.,.F.,
  .F.,(2,2),(16.15,17.35),.PIECEWISE_BEZIER_KNOTS.);
#5826 = CARTESIAN_POINT('',(32.3,-53.2));
#5827 = CARTESIAN_POINT('',(33.5,-53.2));
#5828 = ( GEOMETRIC_REPRESENTATION_CONTEXT(2) 
PARAMETRIC_REPRESENTATION_CONTEXT() REPRESENTATION_CONTEXT('2D SPACE',''
  ) );
#5829 = PCURVE('',#5830,#5835);
#5830 = PLANE('',#5831);
#5831 = AXIS2_PLACEMENT_3D('',#5832,#5833,#5834);
#5832 = CARTESIAN_POINT('',(32.,-3.3,32.3));
#5833 = DIRECTION('',(0.,1.,0.));
#5834 = DIRECTION('',(0.,-0.,1.));
#5835 = DEFINITIONAL_REPRESENTATION('',(#5836),#5839);
#5836 = B_SPLINE_CURVE_WITH_KNOTS('',1,(#5837,#5838),.UNSPECIFIED.,.F.,
  .F.,(2,2),(16.15,17.35),.PIECEWISE_BEZIER_KNOTS.);
#5837 = CARTESIAN_POINT('',(0.,-1.));
#5838 = CARTESIAN_POINT('',(1.2,-1.));
#5839 = ( GEOMETRIC_REPRESENTATION_CONTEXT(2) 
PARAMETRIC_REPRESENTATION_CONTEXT() REPRESENTATION_CONTEXT('2D SPACE',''
  ) );
#5840 = ORIENTED_EDGE('',*,*,#5841,.T.);
#5841 = EDGE_CURVE('',#5816,#5842,#5844,.T.);
#5842 = VERTEX_POINT('',#5843);
#5843 = CARTESIAN_POINT('',(31.,3.3,33.5));
#5844 = SURFACE_CURVE('',#5845,(#5849,#5855),.PCURVE_S1.);
#5845 = LINE('',#5846,#5847);
#5846 = CARTESIAN_POINT('',(31.,-29.9,33.5));
#5847 = VECTOR('',#5848,1.);
#5848 = DIRECTION('',(-0.,1.,0.));
#5849 = PCURVE('',#399,#5850);
#5850 = DEFINITIONAL_REPRESENTATION('',(#5851),#5854);
#5851 = B_SPLINE_CURVE_WITH_KNOTS('',1,(#5852,#5853),.UNSPECIFIED.,.F.,
  .F.,(2,2),(26.6,33.2),.PIECEWISE_BEZIER_KNOTS.);
#5852 = CARTESIAN_POINT('',(33.5,-53.2));
#5853 = CARTESIAN_POINT('',(33.5,-59.8));
#5854 = ( GEOMETRIC_REPRESENTATION_CONTEXT(2) 
PARAMETRIC_REPRESENTATION_CONTEXT() REPRESENTATION_CONTEXT('2D SPACE',''
  ) );
#5855 = PCURVE('',#5856,#5861);
#5856 = PLANE('',#5857);
#5857 = AXIS2_PLACEMENT_3D('',#5858,#5859,#5860);
#5858 = CARTESIAN_POINT('',(32.,-3.3,33.5));
#5859 = DIRECTION('',(0.,0.,-1.));
#5860 = DIRECTION('',(0.,1.,0.));
#5861 = DEFINITIONAL_REPRESENTATION('',(#5862),#5865);
#5862 = B_SPLINE_CURVE_WITH_KNOTS('',1,(#5863,#5864),.UNSPECIFIED.,.F.,
  .F.,(2,2),(26.6,33.2),.PIECEWISE_BEZIER_KNOTS.);
#5863 = CARTESIAN_POINT('',(0.,-1.));
#5864 = CARTESIAN_POINT('',(6.6,-1.));
#5865 = ( GEOMETRIC_REPRESENTATION_CONTEXT(2) 
PARAMETRIC_REPRESENTATION_CONTEXT() REPRESENTATION_CONTEXT('2D SPACE',''
  ) );
#5866 = ORIENTED_EDGE('',*,*,#5867,.F.);
#5867 = EDGE_CURVE('',#5790,#5842,#5868,.T.);
#5868 = SURFACE_CURVE('',#5869,(#5873,#5879),.PCURVE_S1.);
#5869 = LINE('',#5870,#5871);
#5870 = CARTESIAN_POINT('',(31.,3.3,16.15));
#5871 = VECTOR('',#5872,1.);
#5872 = DIRECTION('',(0.,0.,1.));
#5873 = PCURVE('',#399,#5874);
#5874 = DEFINITIONAL_REPRESENTATION('',(#5875),#5878);
#5875 = B_SPLINE_CURVE_WITH_KNOTS('',1,(#5876,#5877),.UNSPECIFIED.,.F.,
  .F.,(2,2),(16.15,17.35),.PIECEWISE_BEZIER_KNOTS.);
#5876 = CARTESIAN_POINT('',(32.3,-59.8));
#5877 = CARTESIAN_POINT('',(33.5,-59.8));
#5878 = ( GEOMETRIC_REPRESENTATION_CONTEXT(2) 
PARAMETRIC_REPRESENTATION_CONTEXT() REPRESENTATION_CONTEXT('2D SPACE',''
  ) );
#5879 = PCURVE('',#5880,#5885);
#5880 = PLANE('',#5881);
#5881 = AXIS2_PLACEMENT_3D('',#5882,#5883,#5884);
#5882 = CARTESIAN_POINT('',(32.,3.3,32.3));
#5883 = DIRECTION('',(0.,1.,0.));
#5884 = DIRECTION('',(0.,-0.,1.));
#5885 = DEFINITIONAL_REPRESENTATION('',(#5886),#5889);
#5886 = B_SPLINE_CURVE_WITH_KNOTS('',1,(#5887,#5888),.UNSPECIFIED.,.F.,
  .F.,(2,2),(16.15,17.35),.PIECEWISE_BEZIER_KNOTS.);
#5887 = CARTESIAN_POINT('',(0.,-1.));
#5888 = CARTESIAN_POINT('',(1.2,-1.));
#5889 = ( GEOMETRIC_REPRESENTATION_CONTEXT(2) 
PARAMETRIC_REPRESENTATION_CONTEXT() REPRESENTATION_CONTEXT('2D SPACE',''
  ) );
#5890 = ADVANCED_FACE('',(#5891),#655,.T.);
#5891 = FACE_BOUND('',#5892,.T.);
#5892 = EDGE_LOOP('',(#5893,#5894,#5917,#5943));
#5893 = ORIENTED_EDGE('',*,*,#638,.T.);
#5894 = ORIENTED_EDGE('',*,*,#5895,.T.);
#5895 = EDGE_CURVE('',#641,#5896,#5898,.T.);
#5896 = VERTEX_POINT('',#5897);
#5897 = CARTESIAN_POINT('',(-21.8,-31.0614444824,2.2));
#5898 = SURFACE_CURVE('',#5899,(#5903,#5910),.PCURVE_S1.);
#5899 = LINE('',#5900,#5901);
#5900 = CARTESIAN_POINT('',(-21.8,-31.0614444824,-1.));
#5901 = VECTOR('',#5902,1.);
#5902 = DIRECTION('',(0.,0.,1.));
#5903 = PCURVE('',#655,#5904);
#5904 = DEFINITIONAL_REPRESENTATION('',(#5905),#5909);
#5905 = LINE('',#5906,#5907);
#5906 = CARTESIAN_POINT('',(0.,0.));
#5907 = VECTOR('',#5908,1.);
#5908 = DIRECTION('',(0.,-1.));
#5909 = ( GEOMETRIC_REPRESENTATION_CONTEXT(2) 
PARAMETRIC_REPRESENTATION_CONTEXT() REPRESENTATION_CONTEXT('2D SPACE',''
  ) );
#5910 = PCURVE('',#681,#5911);
#5911 = DEFINITIONAL_REPRESENTATION('',(#5912),#5916);
#5912 = LINE('',#5913,#5914);
#5913 = CARTESIAN_POINT('',(5.773502691896,0.));
#5914 = VECTOR('',#5915,1.);
#5915 = DIRECTION('',(0.,-1.));
#5916 = ( GEOMETRIC_REPRESENTATION_CONTEXT(2) 
PARAMETRIC_REPRESENTATION_CONTEXT() REPRESENTATION_CONTEXT('2D SPACE',''
  ) );
#5917 = ORIENTED_EDGE('',*,*,#5918,.F.);
#5918 = EDGE_CURVE('',#5919,#5896,#5921,.T.);
#5919 = VERTEX_POINT('',#5920);
#5920 = CARTESIAN_POINT('',(-21.8,-36.83494717429,2.2));
#5921 = SURFACE_CURVE('',#5922,(#5926,#5932),.PCURVE_S1.);
#5922 = LINE('',#5923,#5924);
#5923 = CARTESIAN_POINT('',(-21.8,-15.5307222412,2.2));
#5924 = VECTOR('',#5925,1.);
#5925 = DIRECTION('',(4.615110447321E-16,1.,-0.));
#5926 = PCURVE('',#655,#5927);
#5927 = DEFINITIONAL_REPRESENTATION('',(#5928),#5931);
#5928 = B_SPLINE_CURVE_WITH_KNOTS('',1,(#5929,#5930),.UNSPECIFIED.,.F.,
  .F.,(2,2),(-21.30422493309,-15.5307222412),.PIECEWISE_BEZIER_KNOTS.);
#5929 = CARTESIAN_POINT('',(5.773502691896,-3.2));
#5930 = CARTESIAN_POINT('',(0.,-3.2));
#5931 = ( GEOMETRIC_REPRESENTATION_CONTEXT(2) 
PARAMETRIC_REPRESENTATION_CONTEXT() REPRESENTATION_CONTEXT('2D SPACE',''
  ) );
#5932 = PCURVE('',#5933,#5938);
#5933 = PLANE('',#5934);
#5934 = AXIS2_PLACEMENT_3D('',#5935,#5936,#5937);
#5935 = CARTESIAN_POINT('',(0.,0.,2.2));
#5936 = DIRECTION('',(0.,0.,1.));
#5937 = DIRECTION('',(1.,0.,0.));
#5938 = DEFINITIONAL_REPRESENTATION('',(#5939),#5942);
#5939 = B_SPLINE_CURVE_WITH_KNOTS('',1,(#5940,#5941),.UNSPECIFIED.,.F.,
  .F.,(2,2),(-21.30422493309,-15.5307222412),.PIECEWISE_BEZIER_KNOTS.);
#5940 = CARTESIAN_POINT('',(-21.8,-36.83494717429));
#5941 = CARTESIAN_POINT('',(-21.8,-31.0614444824));
#5942 = ( GEOMETRIC_REPRESENTATION_CONTEXT(2) 
PARAMETRIC_REPRESENTATION_CONTEXT() REPRESENTATION_CONTEXT('2D SPACE',''
  ) );
#5943 = ORIENTED_EDGE('',*,*,#5944,.F.);
#5944 = EDGE_CURVE('',#639,#5919,#5945,.T.);
#5945 = SURFACE_CURVE('',#5946,(#5950,#5957),.PCURVE_S1.);
#5946 = LINE('',#5947,#5948);
#5947 = CARTESIAN_POINT('',(-21.8,-36.83494717429,-1.));
#5948 = VECTOR('',#5949,1.);
#5949 = DIRECTION('',(0.,0.,1.));
#5950 = PCURVE('',#655,#5951);
#5951 = DEFINITIONAL_REPRESENTATION('',(#5952),#5956);
#5952 = LINE('',#5953,#5954);
#5953 = CARTESIAN_POINT('',(5.773502691896,0.));
#5954 = VECTOR('',#5955,1.);
#5955 = DIRECTION('',(0.,-1.));
#5956 = ( GEOMETRIC_REPRESENTATION_CONTEXT(2) 
PARAMETRIC_REPRESENTATION_CONTEXT() REPRESENTATION_CONTEXT('2D SPACE',''
  ) );
#5957 = PCURVE('',#783,#5958);
#5958 = DEFINITIONAL_REPRESENTATION('',(#5959),#5963);
#5959 = LINE('',#5960,#5961);
#5960 = CARTESIAN_POINT('',(0.,0.));
#5961 = VECTOR('',#5962,1.);
#5962 = DIRECTION('',(0.,-1.));
#5963 = ( GEOMETRIC_REPRESENTATION_CONTEXT(2) 
PARAMETRIC_REPRESENTATION_CONTEXT() REPRESENTATION_CONTEXT('2D SPACE',''
  ) );
#5964 = ADVANCED_FACE('',(#5965),#783,.T.);
#5965 = FACE_BOUND('',#5966,.T.);
#5966 = EDGE_LOOP('',(#5967,#5968,#5969,#5990));
#5967 = ORIENTED_EDGE('',*,*,#770,.T.);
#5968 = ORIENTED_EDGE('',*,*,#5944,.T.);
#5969 = ORIENTED_EDGE('',*,*,#5970,.F.);
#5970 = EDGE_CURVE('',#5971,#5919,#5973,.T.);
#5971 = VERTEX_POINT('',#5972);
#5972 = CARTESIAN_POINT('',(-16.8,-39.72169852024,2.2));
#5973 = SURFACE_CURVE('',#5974,(#5978,#5984),.PCURVE_S1.);
#5974 = LINE('',#5975,#5976);
#5975 = CARTESIAN_POINT('',(-21.6,-36.95041722813,2.2));
#5976 = VECTOR('',#5977,1.);
#5977 = DIRECTION('',(-0.866025403784,0.5,0.));
#5978 = PCURVE('',#783,#5979);
#5979 = DEFINITIONAL_REPRESENTATION('',(#5980),#5983);
#5980 = B_SPLINE_CURVE_WITH_KNOTS('',1,(#5981,#5982),.UNSPECIFIED.,.F.,
  .F.,(2,2),(-5.54256258422,0.230940107676),.PIECEWISE_BEZIER_KNOTS.);
#5981 = CARTESIAN_POINT('',(5.773502691896,-3.2));
#5982 = CARTESIAN_POINT('',(0.,-3.2));
#5983 = ( GEOMETRIC_REPRESENTATION_CONTEXT(2) 
PARAMETRIC_REPRESENTATION_CONTEXT() REPRESENTATION_CONTEXT('2D SPACE',''
  ) );
#5984 = PCURVE('',#5933,#5985);
#5985 = DEFINITIONAL_REPRESENTATION('',(#5986),#5989);
#5986 = B_SPLINE_CURVE_WITH_KNOTS('',1,(#5987,#5988),.UNSPECIFIED.,.F.,
  .F.,(2,2),(-5.54256258422,0.230940107676),.PIECEWISE_BEZIER_KNOTS.);
#5987 = CARTESIAN_POINT('',(-16.8,-39.72169852024));
#5988 = CARTESIAN_POINT('',(-21.8,-36.83494717429));
#5989 = ( GEOMETRIC_REPRESENTATION_CONTEXT(2) 
PARAMETRIC_REPRESENTATION_CONTEXT() REPRESENTATION_CONTEXT('2D SPACE',''
  ) );
#5990 = ORIENTED_EDGE('',*,*,#5991,.F.);
#5991 = EDGE_CURVE('',#745,#5971,#5992,.T.);
#5992 = SURFACE_CURVE('',#5993,(#5997,#6004),.PCURVE_S1.);
#5993 = LINE('',#5994,#5995);
#5994 = CARTESIAN_POINT('',(-16.8,-39.72169852024,-1.));
#5995 = VECTOR('',#5996,1.);
#5996 = DIRECTION('',(0.,0.,1.));
#5997 = PCURVE('',#783,#5998);
#5998 = DEFINITIONAL_REPRESENTATION('',(#5999),#6003);
#5999 = LINE('',#6000,#6001);
#6000 = CARTESIAN_POINT('',(5.773502691896,0.));
#6001 = VECTOR('',#6002,1.);
#6002 = DIRECTION('',(0.,-1.));
#6003 = ( GEOMETRIC_REPRESENTATION_CONTEXT(2) 
PARAMETRIC_REPRESENTATION_CONTEXT() REPRESENTATION_CONTEXT('2D SPACE',''
  ) );
#6004 = PCURVE('',#759,#6005);
#6005 = DEFINITIONAL_REPRESENTATION('',(#6006),#6010);
#6006 = LINE('',#6007,#6008);
#6007 = CARTESIAN_POINT('',(0.,0.));
#6008 = VECTOR('',#6009,1.);
#6009 = DIRECTION('',(0.,-1.));
#6010 = ( GEOMETRIC_REPRESENTATION_CONTEXT(2) 
PARAMETRIC_REPRESENTATION_CONTEXT() REPRESENTATION_CONTEXT('2D SPACE',''
  ) );
#6011 = ADVANCED_FACE('',(#6012),#759,.T.);
#6012 = FACE_BOUND('',#6013,.T.);
#6013 = EDGE_LOOP('',(#6014,#6015,#6016,#6037));
#6014 = ORIENTED_EDGE('',*,*,#744,.T.);
#6015 = ORIENTED_EDGE('',*,*,#5991,.T.);
#6016 = ORIENTED_EDGE('',*,*,#6017,.F.);
#6017 = EDGE_CURVE('',#6018,#5971,#6020,.T.);
#6018 = VERTEX_POINT('',#6019);
#6019 = CARTESIAN_POINT('',(-11.8,-36.83494717429,2.2));
#6020 = SURFACE_CURVE('',#6021,(#6025,#6031),.PCURVE_S1.);
#6021 = LINE('',#6022,#6023);
#6022 = CARTESIAN_POINT('',(-1.9,-31.11917950932,2.2));
#6023 = VECTOR('',#6024,1.);
#6024 = DIRECTION('',(-0.866025403784,-0.5,0.));
#6025 = PCURVE('',#759,#6026);
#6026 = DEFINITIONAL_REPRESENTATION('',(#6027),#6030);
#6027 = B_SPLINE_CURVE_WITH_KNOTS('',1,(#6028,#6029),.UNSPECIFIED.,.F.,
  .F.,(2,2),(11.431535329955,17.205038021851),.PIECEWISE_BEZIER_KNOTS.);
#6028 = CARTESIAN_POINT('',(5.773502691896,-3.2));
#6029 = CARTESIAN_POINT('',(0.,-3.2));
#6030 = ( GEOMETRIC_REPRESENTATION_CONTEXT(2) 
PARAMETRIC_REPRESENTATION_CONTEXT() REPRESENTATION_CONTEXT('2D SPACE',''
  ) );
#6031 = PCURVE('',#5933,#6032);
#6032 = DEFINITIONAL_REPRESENTATION('',(#6033),#6036);
#6033 = B_SPLINE_CURVE_WITH_KNOTS('',1,(#6034,#6035),.UNSPECIFIED.,.F.,
  .F.,(2,2),(11.431535329955,17.205038021851),.PIECEWISE_BEZIER_KNOTS.);
#6034 = CARTESIAN_POINT('',(-11.8,-36.83494717429));
#6035 = CARTESIAN_POINT('',(-16.8,-39.72169852024));
#6036 = ( GEOMETRIC_REPRESENTATION_CONTEXT(2) 
PARAMETRIC_REPRESENTATION_CONTEXT() REPRESENTATION_CONTEXT('2D SPACE',''
  ) );
#6037 = ORIENTED_EDGE('',*,*,#6038,.F.);
#6038 = EDGE_CURVE('',#719,#6018,#6039,.T.);
#6039 = SURFACE_CURVE('',#6040,(#6044,#6051),.PCURVE_S1.);
#6040 = LINE('',#6041,#6042);
#6041 = CARTESIAN_POINT('',(-11.8,-36.83494717429,-1.));
#6042 = VECTOR('',#6043,1.);
#6043 = DIRECTION('',(0.,0.,1.));
#6044 = PCURVE('',#759,#6045);
#6045 = DEFINITIONAL_REPRESENTATION('',(#6046),#6050);
#6046 = LINE('',#6047,#6048);
#6047 = CARTESIAN_POINT('',(5.773502691896,0.));
#6048 = VECTOR('',#6049,1.);
#6049 = DIRECTION('',(0.,-1.));
#6050 = ( GEOMETRIC_REPRESENTATION_CONTEXT(2) 
PARAMETRIC_REPRESENTATION_CONTEXT() REPRESENTATION_CONTEXT('2D SPACE',''
  ) );
#6051 = PCURVE('',#733,#6052);
#6052 = DEFINITIONAL_REPRESENTATION('',(#6053),#6057);
#6053 = LINE('',#6054,#6055);
#6054 = CARTESIAN_POINT('',(0.,0.));
#6055 = VECTOR('',#6056,1.);
#6056 = DIRECTION('',(0.,-1.));
#6057 = ( GEOMETRIC_REPRESENTATION_CONTEXT(2) 
PARAMETRIC_REPRESENTATION_CONTEXT() REPRESENTATION_CONTEXT('2D SPACE',''
  ) );
#6058 = ADVANCED_FACE('',(#6059),#733,.T.);
#6059 = FACE_BOUND('',#6060,.T.);
#6060 = EDGE_LOOP('',(#6061,#6062,#6063,#6084));
#6061 = ORIENTED_EDGE('',*,*,#718,.T.);
#6062 = ORIENTED_EDGE('',*,*,#6038,.T.);
#6063 = ORIENTED_EDGE('',*,*,#6064,.F.);
#6064 = EDGE_CURVE('',#6065,#6018,#6067,.T.);
#6065 = VERTEX_POINT('',#6066);
#6066 = CARTESIAN_POINT('',(-11.8,-31.0614444824,2.2));
#6067 = SURFACE_CURVE('',#6068,(#6072,#6078),.PCURVE_S1.);
#6068 = LINE('',#6069,#6070);
#6069 = CARTESIAN_POINT('',(-11.8,-18.41747358714,2.2));
#6070 = VECTOR('',#6071,1.);
#6071 = DIRECTION('',(-1.538370149107E-16,-1.,0.));
#6072 = PCURVE('',#733,#6073);
#6073 = DEFINITIONAL_REPRESENTATION('',(#6074),#6077);
#6074 = B_SPLINE_CURVE_WITH_KNOTS('',1,(#6075,#6076),.UNSPECIFIED.,.F.,
  .F.,(2,2),(12.643970895253,18.417473587149),.PIECEWISE_BEZIER_KNOTS.);
#6075 = CARTESIAN_POINT('',(5.773502691896,-3.2));
#6076 = CARTESIAN_POINT('',(0.,-3.2));
#6077 = ( GEOMETRIC_REPRESENTATION_CONTEXT(2) 
PARAMETRIC_REPRESENTATION_CONTEXT() REPRESENTATION_CONTEXT('2D SPACE',''
  ) );
#6078 = PCURVE('',#5933,#6079);
#6079 = DEFINITIONAL_REPRESENTATION('',(#6080),#6083);
#6080 = B_SPLINE_CURVE_WITH_KNOTS('',1,(#6081,#6082),.UNSPECIFIED.,.F.,
  .F.,(2,2),(12.643970895253,18.417473587149),.PIECEWISE_BEZIER_KNOTS.);
#6081 = CARTESIAN_POINT('',(-11.8,-31.0614444824));
#6082 = CARTESIAN_POINT('',(-11.8,-36.83494717429));
#6083 = ( GEOMETRIC_REPRESENTATION_CONTEXT(2) 
PARAMETRIC_REPRESENTATION_CONTEXT() REPRESENTATION_CONTEXT('2D SPACE',''
  ) );
#6084 = ORIENTED_EDGE('',*,*,#6085,.F.);
#6085 = EDGE_CURVE('',#693,#6065,#6086,.T.);
#6086 = SURFACE_CURVE('',#6087,(#6091,#6098),.PCURVE_S1.);
#6087 = LINE('',#6088,#6089);
#6088 = CARTESIAN_POINT('',(-11.8,-31.0614444824,-1.));
#6089 = VECTOR('',#6090,1.);
#6090 = DIRECTION('',(0.,0.,1.));
#6091 = PCURVE('',#733,#6092);
#6092 = DEFINITIONAL_REPRESENTATION('',(#6093),#6097);
#6093 = LINE('',#6094,#6095);
#6094 = CARTESIAN_POINT('',(5.773502691896,0.));
#6095 = VECTOR('',#6096,1.);
#6096 = DIRECTION('',(0.,-1.));
#6097 = ( GEOMETRIC_REPRESENTATION_CONTEXT(2) 
PARAMETRIC_REPRESENTATION_CONTEXT() REPRESENTATION_CONTEXT('2D SPACE',''
  ) );
#6098 = PCURVE('',#707,#6099);
#6099 = DEFINITIONAL_REPRESENTATION('',(#6100),#6104);
#6100 = LINE('',#6101,#6102);
#6101 = CARTESIAN_POINT('',(0.,0.));
#6102 = VECTOR('',#6103,1.);
#6103 = DIRECTION('',(0.,-1.));
#6104 = ( GEOMETRIC_REPRESENTATION_CONTEXT(2) 
PARAMETRIC_REPRESENTATION_CONTEXT() REPRESENTATION_CONTEXT('2D SPACE',''
  ) );
#6105 = ADVANCED_FACE('',(#6106),#707,.T.);
#6106 = FACE_BOUND('',#6107,.T.);
#6107 = EDGE_LOOP('',(#6108,#6109,#6110,#6131));
#6108 = ORIENTED_EDGE('',*,*,#692,.T.);
#6109 = ORIENTED_EDGE('',*,*,#6085,.T.);
#6110 = ORIENTED_EDGE('',*,*,#6111,.F.);
#6111 = EDGE_CURVE('',#6112,#6065,#6114,.T.);
#6112 = VERTEX_POINT('',#6113);
#6113 = CARTESIAN_POINT('',(-16.8,-28.17469313645,2.2));
#6114 = SURFACE_CURVE('',#6115,(#6119,#6125),.PCURVE_S1.);
#6115 = LINE('',#6116,#6117);
#6116 = CARTESIAN_POINT('',(-14.1,-29.73353886326,2.2));
#6117 = VECTOR('',#6118,1.);
#6118 = DIRECTION('',(0.866025403784,-0.5,0.));
#6119 = PCURVE('',#707,#6120);
#6120 = DEFINITIONAL_REPRESENTATION('',(#6121),#6124);
#6121 = B_SPLINE_CURVE_WITH_KNOTS('',1,(#6122,#6123),.UNSPECIFIED.,.F.,
  .F.,(2,2),(-3.117691453624,2.655811238272),.PIECEWISE_BEZIER_KNOTS.);
#6122 = CARTESIAN_POINT('',(5.773502691896,-3.2));
#6123 = CARTESIAN_POINT('',(0.,-3.2));
#6124 = ( GEOMETRIC_REPRESENTATION_CONTEXT(2) 
PARAMETRIC_REPRESENTATION_CONTEXT() REPRESENTATION_CONTEXT('2D SPACE',''
  ) );
#6125 = PCURVE('',#5933,#6126);
#6126 = DEFINITIONAL_REPRESENTATION('',(#6127),#6130);
#6127 = B_SPLINE_CURVE_WITH_KNOTS('',1,(#6128,#6129),.UNSPECIFIED.,.F.,
  .F.,(2,2),(-3.117691453624,2.655811238272),.PIECEWISE_BEZIER_KNOTS.);
#6128 = CARTESIAN_POINT('',(-16.8,-28.17469313645));
#6129 = CARTESIAN_POINT('',(-11.8,-31.0614444824));
#6130 = ( GEOMETRIC_REPRESENTATION_CONTEXT(2) 
PARAMETRIC_REPRESENTATION_CONTEXT() REPRESENTATION_CONTEXT('2D SPACE',''
  ) );
#6131 = ORIENTED_EDGE('',*,*,#6132,.F.);
#6132 = EDGE_CURVE('',#667,#6112,#6133,.T.);
#6133 = SURFACE_CURVE('',#6134,(#6138,#6145),.PCURVE_S1.);
#6134 = LINE('',#6135,#6136);
#6135 = CARTESIAN_POINT('',(-16.8,-28.17469313645,-1.));
#6136 = VECTOR('',#6137,1.);
#6137 = DIRECTION('',(0.,0.,1.));
#6138 = PCURVE('',#707,#6139);
#6139 = DEFINITIONAL_REPRESENTATION('',(#6140),#6144);
#6140 = LINE('',#6141,#6142);
#6141 = CARTESIAN_POINT('',(5.773502691896,0.));
#6142 = VECTOR('',#6143,1.);
#6143 = DIRECTION('',(0.,-1.));
#6144 = ( GEOMETRIC_REPRESENTATION_CONTEXT(2) 
PARAMETRIC_REPRESENTATION_CONTEXT() REPRESENTATION_CONTEXT('2D SPACE',''
  ) );
#6145 = PCURVE('',#681,#6146);
#6146 = DEFINITIONAL_REPRESENTATION('',(#6147),#6151);
#6147 = LINE('',#6148,#6149);
#6148 = CARTESIAN_POINT('',(0.,0.));
#6149 = VECTOR('',#6150,1.);
#6150 = DIRECTION('',(0.,-1.));
#6151 = ( GEOMETRIC_REPRESENTATION_CONTEXT(2) 
PARAMETRIC_REPRESENTATION_CONTEXT() REPRESENTATION_CONTEXT('2D SPACE',''
  ) );
#6152 = ADVANCED_FACE('',(#6153),#681,.T.);
#6153 = FACE_BOUND('',#6154,.T.);
#6154 = EDGE_LOOP('',(#6155,#6156,#6157,#6176));
#6155 = ORIENTED_EDGE('',*,*,#666,.T.);
#6156 = ORIENTED_EDGE('',*,*,#6132,.T.);
#6157 = ORIENTED_EDGE('',*,*,#6158,.F.);
#6158 = EDGE_CURVE('',#5896,#6112,#6159,.T.);
#6159 = SURFACE_CURVE('',#6160,(#6164,#6170),.PCURVE_S1.);
#6160 = LINE('',#6161,#6162);
#6161 = CARTESIAN_POINT('',(-4.4,-21.0155497985,2.2));
#6162 = VECTOR('',#6163,1.);
#6163 = DIRECTION('',(0.866025403784,0.5,-0.));
#6164 = PCURVE('',#681,#6165);
#6165 = DEFINITIONAL_REPRESENTATION('',(#6166),#6169);
#6166 = B_SPLINE_CURVE_WITH_KNOTS('',1,(#6167,#6168),.UNSPECIFIED.,.F.,
  .F.,(2,2),(-20.09178936779,-14.3182866759),.PIECEWISE_BEZIER_KNOTS.);
#6167 = CARTESIAN_POINT('',(5.773502691896,-3.2));
#6168 = CARTESIAN_POINT('',(0.,-3.2));
#6169 = ( GEOMETRIC_REPRESENTATION_CONTEXT(2) 
PARAMETRIC_REPRESENTATION_CONTEXT() REPRESENTATION_CONTEXT('2D SPACE',''
  ) );
#6170 = PCURVE('',#5933,#6171);
#6171 = DEFINITIONAL_REPRESENTATION('',(#6172),#6175);
#6172 = B_SPLINE_CURVE_WITH_KNOTS('',1,(#6173,#6174),.UNSPECIFIED.,.F.,
  .F.,(2,2),(-20.09178936779,-14.3182866759),.PIECEWISE_BEZIER_KNOTS.);
#6173 = CARTESIAN_POINT('',(-21.8,-31.0614444824));
#6174 = CARTESIAN_POINT('',(-16.8,-28.17469313645));
#6175 = ( GEOMETRIC_REPRESENTATION_CONTEXT(2) 
PARAMETRIC_REPRESENTATION_CONTEXT() REPRESENTATION_CONTEXT('2D SPACE',''
  ) );
#6176 = ORIENTED_EDGE('',*,*,#5895,.F.);
#6177 = ADVANCED_FACE('',(#6178),#813,.T.);
#6178 = FACE_BOUND('',#6179,.T.);
#6179 = EDGE_LOOP('',(#6180,#6181,#6204,#6225));
#6180 = ORIENTED_EDGE('',*,*,#796,.T.);
#6181 = ORIENTED_EDGE('',*,*,#6182,.T.);
#6182 = EDGE_CURVE('',#799,#6183,#6185,.T.);
#6183 = VERTEX_POINT('',#6184);
#6184 = CARTESIAN_POINT('',(-16.2,-21.36195996001,2.2));
#6185 = SURFACE_CURVE('',#6186,(#6190,#6197),.PCURVE_S1.);
#6186 = LINE('',#6187,#6188);
#6187 = CARTESIAN_POINT('',(-16.2,-21.36195996001,-1.));
#6188 = VECTOR('',#6189,1.);
#6189 = DIRECTION('',(0.,0.,1.));
#6190 = PCURVE('',#813,#6191);
#6191 = DEFINITIONAL_REPRESENTATION('',(#6192),#6196);
#6192 = LINE('',#6193,#6194);
#6193 = CARTESIAN_POINT('',(0.,0.));
#6194 = VECTOR('',#6195,1.);
#6195 = DIRECTION('',(0.,-1.));
#6196 = ( GEOMETRIC_REPRESENTATION_CONTEXT(2) 
PARAMETRIC_REPRESENTATION_CONTEXT() REPRESENTATION_CONTEXT('2D SPACE',''
  ) );
#6197 = PCURVE('',#839,#6198);
#6198 = DEFINITIONAL_REPRESENTATION('',(#6199),#6203);
#6199 = LINE('',#6200,#6201);
#6200 = CARTESIAN_POINT('',(5.773502691896,0.));
#6201 = VECTOR('',#6202,1.);
#6202 = DIRECTION('',(0.,-1.));
#6203 = ( GEOMETRIC_REPRESENTATION_CONTEXT(2) 
PARAMETRIC_REPRESENTATION_CONTEXT() REPRESENTATION_CONTEXT('2D SPACE',''
  ) );
#6204 = ORIENTED_EDGE('',*,*,#6205,.F.);
#6205 = EDGE_CURVE('',#6206,#6183,#6208,.T.);
#6206 = VERTEX_POINT('',#6207);
#6207 = CARTESIAN_POINT('',(-16.2,-27.13546265191,2.2));
#6208 = SURFACE_CURVE('',#6209,(#6213,#6219),.PCURVE_S1.);
#6209 = LINE('',#6210,#6211);
#6210 = CARTESIAN_POINT('',(-16.2,-10.68097998,2.2));
#6211 = VECTOR('',#6212,1.);
#6212 = DIRECTION('',(4.615110447321E-16,1.,-0.));
#6213 = PCURVE('',#813,#6214);
#6214 = DEFINITIONAL_REPRESENTATION('',(#6215),#6218);
#6215 = B_SPLINE_CURVE_WITH_KNOTS('',1,(#6216,#6217),.UNSPECIFIED.,.F.,
  .F.,(2,2),(-16.4544826719,-10.68097998),.PIECEWISE_BEZIER_KNOTS.);
#6216 = CARTESIAN_POINT('',(5.773502691896,-3.2));
#6217 = CARTESIAN_POINT('',(0.,-3.2));
#6218 = ( GEOMETRIC_REPRESENTATION_CONTEXT(2) 
PARAMETRIC_REPRESENTATION_CONTEXT() REPRESENTATION_CONTEXT('2D SPACE',''
  ) );
#6219 = PCURVE('',#5933,#6220);
#6220 = DEFINITIONAL_REPRESENTATION('',(#6221),#6224);
#6221 = B_SPLINE_CURVE_WITH_KNOTS('',1,(#6222,#6223),.UNSPECIFIED.,.F.,
  .F.,(2,2),(-16.4544826719,-10.68097998),.PIECEWISE_BEZIER_KNOTS.);
#6222 = CARTESIAN_POINT('',(-16.2,-27.13546265191));
#6223 = CARTESIAN_POINT('',(-16.2,-21.36195996001));
#6224 = ( GEOMETRIC_REPRESENTATION_CONTEXT(2) 
PARAMETRIC_REPRESENTATION_CONTEXT() REPRESENTATION_CONTEXT('2D SPACE',''
  ) );
#6225 = ORIENTED_EDGE('',*,*,#6226,.F.);
#6226 = EDGE_CURVE('',#797,#6206,#6227,.T.);
#6227 = SURFACE_CURVE('',#6228,(#6232,#6239),.PCURVE_S1.);
#6228 = LINE('',#6229,#6230);
#6229 = CARTESIAN_POINT('',(-16.2,-27.13546265191,-1.));
#6230 = VECTOR('',#6231,1.);
#6231 = DIRECTION('',(0.,0.,1.));
#6232 = PCURVE('',#813,#6233);
#6233 = DEFINITIONAL_REPRESENTATION('',(#6234),#6238);
#6234 = LINE('',#6235,#6236);
#6235 = CARTESIAN_POINT('',(5.773502691896,0.));
#6236 = VECTOR('',#6237,1.);
#6237 = DIRECTION('',(0.,-1.));
#6238 = ( GEOMETRIC_REPRESENTATION_CONTEXT(2) 
PARAMETRIC_REPRESENTATION_CONTEXT() REPRESENTATION_CONTEXT('2D SPACE',''
  ) );
#6239 = PCURVE('',#941,#6240);
#6240 = DEFINITIONAL_REPRESENTATION('',(#6241),#6245);
#6241 = LINE('',#6242,#6243);
#6242 = CARTESIAN_POINT('',(0.,0.));
#6243 = VECTOR('',#6244,1.);
#6244 = DIRECTION('',(0.,-1.));
#6245 = ( GEOMETRIC_REPRESENTATION_CONTEXT(2) 
PARAMETRIC_REPRESENTATION_CONTEXT() REPRESENTATION_CONTEXT('2D SPACE',''
  ) );
#6246 = ADVANCED_FACE('',(#6247),#941,.T.);
#6247 = FACE_BOUND('',#6248,.T.);
#6248 = EDGE_LOOP('',(#6249,#6250,#6251,#6272));
#6249 = ORIENTED_EDGE('',*,*,#928,.T.);
#6250 = ORIENTED_EDGE('',*,*,#6226,.T.);
#6251 = ORIENTED_EDGE('',*,*,#6252,.F.);
#6252 = EDGE_CURVE('',#6253,#6206,#6255,.T.);
#6253 = VERTEX_POINT('',#6254);
#6254 = CARTESIAN_POINT('',(-11.2,-30.02221399786,2.2));
#6255 = SURFACE_CURVE('',#6256,(#6260,#6266),.PCURVE_S1.);
#6256 = LINE('',#6257,#6258);
#6257 = CARTESIAN_POINT('',(-16.,-27.25093270575,2.2));
#6258 = VECTOR('',#6259,1.);
#6259 = DIRECTION('',(-0.866025403784,0.5,0.));
#6260 = PCURVE('',#941,#6261);
#6261 = DEFINITIONAL_REPRESENTATION('',(#6262),#6265);
#6262 = B_SPLINE_CURVE_WITH_KNOTS('',1,(#6263,#6264),.UNSPECIFIED.,.F.,
  .F.,(2,2),(-5.54256258422,0.230940107676),.PIECEWISE_BEZIER_KNOTS.);
#6263 = CARTESIAN_POINT('',(5.773502691896,-3.2));
#6264 = CARTESIAN_POINT('',(0.,-3.2));
#6265 = ( GEOMETRIC_REPRESENTATION_CONTEXT(2) 
PARAMETRIC_REPRESENTATION_CONTEXT() REPRESENTATION_CONTEXT('2D SPACE',''
  ) );
#6266 = PCURVE('',#5933,#6267);
#6267 = DEFINITIONAL_REPRESENTATION('',(#6268),#6271);
#6268 = B_SPLINE_CURVE_WITH_KNOTS('',1,(#6269,#6270),.UNSPECIFIED.,.F.,
  .F.,(2,2),(-5.54256258422,0.230940107676),.PIECEWISE_BEZIER_KNOTS.);
#6269 = CARTESIAN_POINT('',(-11.2,-30.02221399786));
#6270 = CARTESIAN_POINT('',(-16.2,-27.13546265191));
#6271 = ( GEOMETRIC_REPRESENTATION_CONTEXT(2) 
PARAMETRIC_REPRESENTATION_CONTEXT() REPRESENTATION_CONTEXT('2D SPACE',''
  ) );
#6272 = ORIENTED_EDGE('',*,*,#6273,.F.);
#6273 = EDGE_CURVE('',#903,#6253,#6274,.T.);
#6274 = SURFACE_CURVE('',#6275,(#6279,#6286),.PCURVE_S1.);
#6275 = LINE('',#6276,#6277);
#6276 = CARTESIAN_POINT('',(-11.2,-30.02221399786,-1.));
#6277 = VECTOR('',#6278,1.);
#6278 = DIRECTION('',(0.,0.,1.));
#6279 = PCURVE('',#941,#6280);
#6280 = DEFINITIONAL_REPRESENTATION('',(#6281),#6285);
#6281 = LINE('',#6282,#6283);
#6282 = CARTESIAN_POINT('',(5.773502691896,0.));
#6283 = VECTOR('',#6284,1.);
#6284 = DIRECTION('',(0.,-1.));
#6285 = ( GEOMETRIC_REPRESENTATION_CONTEXT(2) 
PARAMETRIC_REPRESENTATION_CONTEXT() REPRESENTATION_CONTEXT('2D SPACE',''
  ) );
#6286 = PCURVE('',#917,#6287);
#6287 = DEFINITIONAL_REPRESENTATION('',(#6288),#6292);
#6288 = LINE('',#6289,#6290);
#6289 = CARTESIAN_POINT('',(0.,0.));
#6290 = VECTOR('',#6291,1.);
#6291 = DIRECTION('',(0.,-1.));
#6292 = ( GEOMETRIC_REPRESENTATION_CONTEXT(2) 
PARAMETRIC_REPRESENTATION_CONTEXT() REPRESENTATION_CONTEXT('2D SPACE',''
  ) );
#6293 = ADVANCED_FACE('',(#6294),#917,.T.);
#6294 = FACE_BOUND('',#6295,.T.);
#6295 = EDGE_LOOP('',(#6296,#6297,#6298,#6319));
#6296 = ORIENTED_EDGE('',*,*,#902,.T.);
#6297 = ORIENTED_EDGE('',*,*,#6273,.T.);
#6298 = ORIENTED_EDGE('',*,*,#6299,.F.);
#6299 = EDGE_CURVE('',#6300,#6253,#6302,.T.);
#6300 = VERTEX_POINT('',#6301);
#6301 = CARTESIAN_POINT('',(-6.2,-27.13546265191,2.2));
#6302 = SURFACE_CURVE('',#6303,(#6307,#6313),.PCURVE_S1.);
#6303 = LINE('',#6304,#6305);
#6304 = CARTESIAN_POINT('',(-0.5,-23.84456611753,2.2));
#6305 = VECTOR('',#6306,1.);
#6306 = DIRECTION('',(-0.866025403784,-0.5,0.));
#6307 = PCURVE('',#917,#6308);
#6308 = DEFINITIONAL_REPRESENTATION('',(#6309),#6312);
#6309 = B_SPLINE_CURVE_WITH_KNOTS('',1,(#6310,#6311),.UNSPECIFIED.,.F.,
  .F.,(2,2),(6.581793068762,12.355295760658),.PIECEWISE_BEZIER_KNOTS.);
#6310 = CARTESIAN_POINT('',(5.773502691896,-3.2));
#6311 = CARTESIAN_POINT('',(0.,-3.2));
#6312 = ( GEOMETRIC_REPRESENTATION_CONTEXT(2) 
PARAMETRIC_REPRESENTATION_CONTEXT() REPRESENTATION_CONTEXT('2D SPACE',''
  ) );
#6313 = PCURVE('',#5933,#6314);
#6314 = DEFINITIONAL_REPRESENTATION('',(#6315),#6318);
#6315 = B_SPLINE_CURVE_WITH_KNOTS('',1,(#6316,#6317),.UNSPECIFIED.,.F.,
  .F.,(2,2),(6.581793068762,12.355295760658),.PIECEWISE_BEZIER_KNOTS.);
#6316 = CARTESIAN_POINT('',(-6.2,-27.13546265191));
#6317 = CARTESIAN_POINT('',(-11.2,-30.02221399786));
#6318 = ( GEOMETRIC_REPRESENTATION_CONTEXT(2) 
PARAMETRIC_REPRESENTATION_CONTEXT() REPRESENTATION_CONTEXT('2D SPACE',''
  ) );
#6319 = ORIENTED_EDGE('',*,*,#6320,.F.);
#6320 = EDGE_CURVE('',#877,#6300,#6321,.T.);
#6321 = SURFACE_CURVE('',#6322,(#6326,#6333),.PCURVE_S1.);
#6322 = LINE('',#6323,#6324);
#6323 = CARTESIAN_POINT('',(-6.2,-27.13546265191,-1.));
#6324 = VECTOR('',#6325,1.);
#6325 = DIRECTION('',(0.,0.,1.));
#6326 = PCURVE('',#917,#6327);
#6327 = DEFINITIONAL_REPRESENTATION('',(#6328),#6332);
#6328 = LINE('',#6329,#6330);
#6329 = CARTESIAN_POINT('',(5.773502691896,0.));
#6330 = VECTOR('',#6331,1.);
#6331 = DIRECTION('',(0.,-1.));
#6332 = ( GEOMETRIC_REPRESENTATION_CONTEXT(2) 
PARAMETRIC_REPRESENTATION_CONTEXT() REPRESENTATION_CONTEXT('2D SPACE',''
  ) );
#6333 = PCURVE('',#891,#6334);
#6334 = DEFINITIONAL_REPRESENTATION('',(#6335),#6339);
#6335 = LINE('',#6336,#6337);
#6336 = CARTESIAN_POINT('',(0.,0.));
#6337 = VECTOR('',#6338,1.);
#6338 = DIRECTION('',(0.,-1.));
#6339 = ( GEOMETRIC_REPRESENTATION_CONTEXT(2) 
PARAMETRIC_REPRESENTATION_CONTEXT() REPRESENTATION_CONTEXT('2D SPACE',''
  ) );
#6340 = ADVANCED_FACE('',(#6341),#891,.T.);
#6341 = FACE_BOUND('',#6342,.T.);
#6342 = EDGE_LOOP('',(#6343,#6344,#6345,#6366));
#6343 = ORIENTED_EDGE('',*,*,#876,.T.);
#6344 = ORIENTED_EDGE('',*,*,#6320,.T.);
#6345 = ORIENTED_EDGE('',*,*,#6346,.F.);
#6346 = EDGE_CURVE('',#6347,#6300,#6349,.T.);
#6347 = VERTEX_POINT('',#6348);
#6348 = CARTESIAN_POINT('',(-6.2,-21.36195996001,2.2));
#6349 = SURFACE_CURVE('',#6350,(#6354,#6360),.PCURVE_S1.);
#6350 = LINE('',#6351,#6352);
#6351 = CARTESIAN_POINT('',(-6.2,-13.56773132595,2.2));
#6352 = VECTOR('',#6353,1.);
#6353 = DIRECTION('',(-1.538370149107E-16,-1.,0.));
#6354 = PCURVE('',#891,#6355);
#6355 = DEFINITIONAL_REPRESENTATION('',(#6356),#6359);
#6356 = B_SPLINE_CURVE_WITH_KNOTS('',1,(#6357,#6358),.UNSPECIFIED.,.F.,
  .F.,(2,2),(7.79422863406,13.567731325956),.PIECEWISE_BEZIER_KNOTS.);
#6357 = CARTESIAN_POINT('',(5.773502691896,-3.2));
#6358 = CARTESIAN_POINT('',(0.,-3.2));
#6359 = ( GEOMETRIC_REPRESENTATION_CONTEXT(2) 
PARAMETRIC_REPRESENTATION_CONTEXT() REPRESENTATION_CONTEXT('2D SPACE',''
  ) );
#6360 = PCURVE('',#5933,#6361);
#6361 = DEFINITIONAL_REPRESENTATION('',(#6362),#6365);
#6362 = B_SPLINE_CURVE_WITH_KNOTS('',1,(#6363,#6364),.UNSPECIFIED.,.F.,
  .F.,(2,2),(7.79422863406,13.567731325956),.PIECEWISE_BEZIER_KNOTS.);
#6363 = CARTESIAN_POINT('',(-6.2,-21.36195996001));
#6364 = CARTESIAN_POINT('',(-6.2,-27.13546265191));
#6365 = ( GEOMETRIC_REPRESENTATION_CONTEXT(2) 
PARAMETRIC_REPRESENTATION_CONTEXT() REPRESENTATION_CONTEXT('2D SPACE',''
  ) );
#6366 = ORIENTED_EDGE('',*,*,#6367,.F.);
#6367 = EDGE_CURVE('',#851,#6347,#6368,.T.);
#6368 = SURFACE_CURVE('',#6369,(#6373,#6380),.PCURVE_S1.);
#6369 = LINE('',#6370,#6371);
#6370 = CARTESIAN_POINT('',(-6.2,-21.36195996001,-1.));
#6371 = VECTOR('',#6372,1.);
#6372 = DIRECTION('',(0.,0.,1.));
#6373 = PCURVE('',#891,#6374);
#6374 = DEFINITIONAL_REPRESENTATION('',(#6375),#6379);
#6375 = LINE('',#6376,#6377);
#6376 = CARTESIAN_POINT('',(5.773502691896,0.));
#6377 = VECTOR('',#6378,1.);
#6378 = DIRECTION('',(0.,-1.));
#6379 = ( GEOMETRIC_REPRESENTATION_CONTEXT(2) 
PARAMETRIC_REPRESENTATION_CONTEXT() REPRESENTATION_CONTEXT('2D SPACE',''
  ) );
#6380 = PCURVE('',#865,#6381);
#6381 = DEFINITIONAL_REPRESENTATION('',(#6382),#6386);
#6382 = LINE('',#6383,#6384);
#6383 = CARTESIAN_POINT('',(0.,0.));
#6384 = VECTOR('',#6385,1.);
#6385 = DIRECTION('',(0.,-1.));
#6386 = ( GEOMETRIC_REPRESENTATION_CONTEXT(2) 
PARAMETRIC_REPRESENTATION_CONTEXT() REPRESENTATION_CONTEXT('2D SPACE',''
  ) );
#6387 = ADVANCED_FACE('',(#6388),#865,.T.);
#6388 = FACE_BOUND('',#6389,.T.);
#6389 = EDGE_LOOP('',(#6390,#6391,#6392,#6413));
#6390 = ORIENTED_EDGE('',*,*,#850,.T.);
#6391 = ORIENTED_EDGE('',*,*,#6367,.T.);
#6392 = ORIENTED_EDGE('',*,*,#6393,.F.);
#6393 = EDGE_CURVE('',#6394,#6347,#6396,.T.);
#6394 = VERTEX_POINT('',#6395);
#6395 = CARTESIAN_POINT('',(-11.2,-18.47520861406,2.2));
#6396 = SURFACE_CURVE('',#6397,(#6401,#6407),.PCURVE_S1.);
#6397 = LINE('',#6398,#6399);
#6398 = CARTESIAN_POINT('',(-8.5,-20.03405434088,2.2));
#6399 = VECTOR('',#6400,1.);
#6400 = DIRECTION('',(0.866025403784,-0.5,0.));
#6401 = PCURVE('',#865,#6402);
#6402 = DEFINITIONAL_REPRESENTATION('',(#6403),#6406);
#6403 = B_SPLINE_CURVE_WITH_KNOTS('',1,(#6404,#6405),.UNSPECIFIED.,.F.,
  .F.,(2,2),(-3.117691453624,2.655811238272),.PIECEWISE_BEZIER_KNOTS.);
#6404 = CARTESIAN_POINT('',(5.773502691896,-3.2));
#6405 = CARTESIAN_POINT('',(0.,-3.2));
#6406 = ( GEOMETRIC_REPRESENTATION_CONTEXT(2) 
PARAMETRIC_REPRESENTATION_CONTEXT() REPRESENTATION_CONTEXT('2D SPACE',''
  ) );
#6407 = PCURVE('',#5933,#6408);
#6408 = DEFINITIONAL_REPRESENTATION('',(#6409),#6412);
#6409 = B_SPLINE_CURVE_WITH_KNOTS('',1,(#6410,#6411),.UNSPECIFIED.,.F.,
  .F.,(2,2),(-3.117691453624,2.655811238272),.PIECEWISE_BEZIER_KNOTS.);
#6410 = CARTESIAN_POINT('',(-11.2,-18.47520861406));
#6411 = CARTESIAN_POINT('',(-6.2,-21.36195996001));
#6412 = ( GEOMETRIC_REPRESENTATION_CONTEXT(2) 
PARAMETRIC_REPRESENTATION_CONTEXT() REPRESENTATION_CONTEXT('2D SPACE',''
  ) );
#6413 = ORIENTED_EDGE('',*,*,#6414,.F.);
#6414 = EDGE_CURVE('',#825,#6394,#6415,.T.);
#6415 = SURFACE_CURVE('',#6416,(#6420,#6427),.PCURVE_S1.);
#6416 = LINE('',#6417,#6418);
#6417 = CARTESIAN_POINT('',(-11.2,-18.47520861406,-1.));
#6418 = VECTOR('',#6419,1.);
#6419 = DIRECTION('',(0.,0.,1.));
#6420 = PCURVE('',#865,#6421);
#6421 = DEFINITIONAL_REPRESENTATION('',(#6422),#6426);
#6422 = LINE('',#6423,#6424);
#6423 = CARTESIAN_POINT('',(5.773502691896,0.));
#6424 = VECTOR('',#6425,1.);
#6425 = DIRECTION('',(0.,-1.));
#6426 = ( GEOMETRIC_REPRESENTATION_CONTEXT(2) 
PARAMETRIC_REPRESENTATION_CONTEXT() REPRESENTATION_CONTEXT('2D SPACE',''
  ) );
#6427 = PCURVE('',#839,#6428);
#6428 = DEFINITIONAL_REPRESENTATION('',(#6429),#6433);
#6429 = LINE('',#6430,#6431);
#6430 = CARTESIAN_POINT('',(0.,0.));
#6431 = VECTOR('',#6432,1.);
#6432 = DIRECTION('',(0.,-1.));
#6433 = ( GEOMETRIC_REPRESENTATION_CONTEXT(2) 
PARAMETRIC_REPRESENTATION_CONTEXT() REPRESENTATION_CONTEXT('2D SPACE',''
  ) );
#6434 = ADVANCED_FACE('',(#6435),#839,.T.);
#6435 = FACE_BOUND('',#6436,.T.);
#6436 = EDGE_LOOP('',(#6437,#6438,#6439,#6458));
#6437 = ORIENTED_EDGE('',*,*,#824,.T.);
#6438 = ORIENTED_EDGE('',*,*,#6414,.T.);
#6439 = ORIENTED_EDGE('',*,*,#6440,.F.);
#6440 = EDGE_CURVE('',#6183,#6394,#6441,.T.);
#6441 = SURFACE_CURVE('',#6442,(#6446,#6452),.PCURVE_S1.);
#6442 = LINE('',#6443,#6444);
#6443 = CARTESIAN_POINT('',(-3.,-13.74093640671,2.2));
#6444 = VECTOR('',#6445,1.);
#6445 = DIRECTION('',(0.866025403784,0.5,-0.));
#6446 = PCURVE('',#839,#6447);
#6447 = DEFINITIONAL_REPRESENTATION('',(#6448),#6451);
#6448 = B_SPLINE_CURVE_WITH_KNOTS('',1,(#6449,#6450),.UNSPECIFIED.,.F.,
  .F.,(2,2),(-15.2420471066,-9.46854441471),.PIECEWISE_BEZIER_KNOTS.);
#6449 = CARTESIAN_POINT('',(5.773502691896,-3.2));
#6450 = CARTESIAN_POINT('',(0.,-3.2));
#6451 = ( GEOMETRIC_REPRESENTATION_CONTEXT(2) 
PARAMETRIC_REPRESENTATION_CONTEXT() REPRESENTATION_CONTEXT('2D SPACE',''
  ) );
#6452 = PCURVE('',#5933,#6453);
#6453 = DEFINITIONAL_REPRESENTATION('',(#6454),#6457);
#6454 = B_SPLINE_CURVE_WITH_KNOTS('',1,(#6455,#6456),.UNSPECIFIED.,.F.,
  .F.,(2,2),(-15.2420471066,-9.46854441471),.PIECEWISE_BEZIER_KNOTS.);
#6455 = CARTESIAN_POINT('',(-16.2,-21.36195996001));
#6456 = CARTESIAN_POINT('',(-11.2,-18.47520861406));
#6457 = ( GEOMETRIC_REPRESENTATION_CONTEXT(2) 
PARAMETRIC_REPRESENTATION_CONTEXT() REPRESENTATION_CONTEXT('2D SPACE',''
  ) );
#6458 = ORIENTED_EDGE('',*,*,#6182,.F.);
#6459 = ADVANCED_FACE('',(#6460),#971,.T.);
#6460 = FACE_BOUND('',#6461,.T.);
#6461 = EDGE_LOOP('',(#6462,#6463,#6486,#6507));
#6462 = ORIENTED_EDGE('',*,*,#954,.T.);
#6463 = ORIENTED_EDGE('',*,*,#6464,.T.);
#6464 = EDGE_CURVE('',#957,#6465,#6467,.T.);
#6465 = VERTEX_POINT('',#6466);
#6466 = CARTESIAN_POINT('',(-10.6,-31.0614444824,2.2));
#6467 = SURFACE_CURVE('',#6468,(#6472,#6479),.PCURVE_S1.);
#6468 = LINE('',#6469,#6470);
#6469 = CARTESIAN_POINT('',(-10.6,-31.0614444824,-1.));
#6470 = VECTOR('',#6471,1.);
#6471 = DIRECTION('',(0.,0.,1.));
#6472 = PCURVE('',#971,#6473);
#6473 = DEFINITIONAL_REPRESENTATION('',(#6474),#6478);
#6474 = LINE('',#6475,#6476);
#6475 = CARTESIAN_POINT('',(0.,0.));
#6476 = VECTOR('',#6477,1.);
#6477 = DIRECTION('',(0.,-1.));
#6478 = ( GEOMETRIC_REPRESENTATION_CONTEXT(2) 
PARAMETRIC_REPRESENTATION_CONTEXT() REPRESENTATION_CONTEXT('2D SPACE',''
  ) );
#6479 = PCURVE('',#997,#6480);
#6480 = DEFINITIONAL_REPRESENTATION('',(#6481),#6485);
#6481 = LINE('',#6482,#6483);
#6482 = CARTESIAN_POINT('',(5.773502691896,0.));
#6483 = VECTOR('',#6484,1.);
#6484 = DIRECTION('',(0.,-1.));
#6485 = ( GEOMETRIC_REPRESENTATION_CONTEXT(2) 
PARAMETRIC_REPRESENTATION_CONTEXT() REPRESENTATION_CONTEXT('2D SPACE',''
  ) );
#6486 = ORIENTED_EDGE('',*,*,#6487,.F.);
#6487 = EDGE_CURVE('',#6488,#6465,#6490,.T.);
#6488 = VERTEX_POINT('',#6489);
#6489 = CARTESIAN_POINT('',(-10.6,-36.83494717429,2.2));
#6490 = SURFACE_CURVE('',#6491,(#6495,#6501),.PCURVE_S1.);
#6491 = LINE('',#6492,#6493);
#6492 = CARTESIAN_POINT('',(-10.6,-15.5307222412,2.2));
#6493 = VECTOR('',#6494,1.);
#6494 = DIRECTION('',(4.615110447321E-16,1.,-0.));
#6495 = PCURVE('',#971,#6496);
#6496 = DEFINITIONAL_REPRESENTATION('',(#6497),#6500);
#6497 = B_SPLINE_CURVE_WITH_KNOTS('',1,(#6498,#6499),.UNSPECIFIED.,.F.,
  .F.,(2,2),(-21.30422493309,-15.5307222412),.PIECEWISE_BEZIER_KNOTS.);
#6498 = CARTESIAN_POINT('',(5.773502691896,-3.2));
#6499 = CARTESIAN_POINT('',(0.,-3.2));
#6500 = ( GEOMETRIC_REPRESENTATION_CONTEXT(2) 
PARAMETRIC_REPRESENTATION_CONTEXT() REPRESENTATION_CONTEXT('2D SPACE',''
  ) );
#6501 = PCURVE('',#5933,#6502);
#6502 = DEFINITIONAL_REPRESENTATION('',(#6503),#6506);
#6503 = B_SPLINE_CURVE_WITH_KNOTS('',1,(#6504,#6505),.UNSPECIFIED.,.F.,
  .F.,(2,2),(-21.30422493309,-15.5307222412),.PIECEWISE_BEZIER_KNOTS.);
#6504 = CARTESIAN_POINT('',(-10.6,-36.83494717429));
#6505 = CARTESIAN_POINT('',(-10.6,-31.0614444824));
#6506 = ( GEOMETRIC_REPRESENTATION_CONTEXT(2) 
PARAMETRIC_REPRESENTATION_CONTEXT() REPRESENTATION_CONTEXT('2D SPACE',''
  ) );
#6507 = ORIENTED_EDGE('',*,*,#6508,.F.);
#6508 = EDGE_CURVE('',#955,#6488,#6509,.T.);
#6509 = SURFACE_CURVE('',#6510,(#6514,#6521),.PCURVE_S1.);
#6510 = LINE('',#6511,#6512);
#6511 = CARTESIAN_POINT('',(-10.6,-36.83494717429,-1.));
#6512 = VECTOR('',#6513,1.);
#6513 = DIRECTION('',(0.,0.,1.));
#6514 = PCURVE('',#971,#6515);
#6515 = DEFINITIONAL_REPRESENTATION('',(#6516),#6520);
#6516 = LINE('',#6517,#6518);
#6517 = CARTESIAN_POINT('',(5.773502691896,0.));
#6518 = VECTOR('',#6519,1.);
#6519 = DIRECTION('',(0.,-1.));
#6520 = ( GEOMETRIC_REPRESENTATION_CONTEXT(2) 
PARAMETRIC_REPRESENTATION_CONTEXT() REPRESENTATION_CONTEXT('2D SPACE',''
  ) );
#6521 = PCURVE('',#1099,#6522);
#6522 = DEFINITIONAL_REPRESENTATION('',(#6523),#6527);
#6523 = LINE('',#6524,#6525);
#6524 = CARTESIAN_POINT('',(0.,0.));
#6525 = VECTOR('',#6526,1.);
#6526 = DIRECTION('',(0.,-1.));
#6527 = ( GEOMETRIC_REPRESENTATION_CONTEXT(2) 
PARAMETRIC_REPRESENTATION_CONTEXT() REPRESENTATION_CONTEXT('2D SPACE',''
  ) );
#6528 = ADVANCED_FACE('',(#6529),#1099,.T.);
#6529 = FACE_BOUND('',#6530,.T.);
#6530 = EDGE_LOOP('',(#6531,#6532,#6533,#6554));
#6531 = ORIENTED_EDGE('',*,*,#1086,.T.);
#6532 = ORIENTED_EDGE('',*,*,#6508,.T.);
#6533 = ORIENTED_EDGE('',*,*,#6534,.F.);
#6534 = EDGE_CURVE('',#6535,#6488,#6537,.T.);
#6535 = VERTEX_POINT('',#6536);
#6536 = CARTESIAN_POINT('',(-5.6,-39.72169852024,2.2));
#6537 = SURFACE_CURVE('',#6538,(#6542,#6548),.PCURVE_S1.);
#6538 = LINE('',#6539,#6540);
#6539 = CARTESIAN_POINT('',(-14.6,-34.52554609754,2.2));
#6540 = VECTOR('',#6541,1.);
#6541 = DIRECTION('',(-0.866025403784,0.5,0.));
#6542 = PCURVE('',#1099,#6543);
#6543 = DEFINITIONAL_REPRESENTATION('',(#6544),#6547);
#6544 = B_SPLINE_CURVE_WITH_KNOTS('',1,(#6545,#6546),.UNSPECIFIED.,.F.,
  .F.,(2,2),(-10.39230484541,-4.618802153517),.PIECEWISE_BEZIER_KNOTS.);
#6545 = CARTESIAN_POINT('',(5.773502691896,-3.2));
#6546 = CARTESIAN_POINT('',(0.,-3.2));
#6547 = ( GEOMETRIC_REPRESENTATION_CONTEXT(2) 
PARAMETRIC_REPRESENTATION_CONTEXT() REPRESENTATION_CONTEXT('2D SPACE',''
  ) );
#6548 = PCURVE('',#5933,#6549);
#6549 = DEFINITIONAL_REPRESENTATION('',(#6550),#6553);
#6550 = B_SPLINE_CURVE_WITH_KNOTS('',1,(#6551,#6552),.UNSPECIFIED.,.F.,
  .F.,(2,2),(-10.39230484541,-4.618802153517),.PIECEWISE_BEZIER_KNOTS.);
#6551 = CARTESIAN_POINT('',(-5.6,-39.72169852024));
#6552 = CARTESIAN_POINT('',(-10.6,-36.83494717429));
#6553 = ( GEOMETRIC_REPRESENTATION_CONTEXT(2) 
PARAMETRIC_REPRESENTATION_CONTEXT() REPRESENTATION_CONTEXT('2D SPACE',''
  ) );
#6554 = ORIENTED_EDGE('',*,*,#6555,.F.);
#6555 = EDGE_CURVE('',#1061,#6535,#6556,.T.);
#6556 = SURFACE_CURVE('',#6557,(#6561,#6568),.PCURVE_S1.);
#6557 = LINE('',#6558,#6559);
#6558 = CARTESIAN_POINT('',(-5.6,-39.72169852024,-1.));
#6559 = VECTOR('',#6560,1.);
#6560 = DIRECTION('',(0.,0.,1.));
#6561 = PCURVE('',#1099,#6562);
#6562 = DEFINITIONAL_REPRESENTATION('',(#6563),#6567);
#6563 = LINE('',#6564,#6565);
#6564 = CARTESIAN_POINT('',(5.773502691896,0.));
#6565 = VECTOR('',#6566,1.);
#6566 = DIRECTION('',(0.,-1.));
#6567 = ( GEOMETRIC_REPRESENTATION_CONTEXT(2) 
PARAMETRIC_REPRESENTATION_CONTEXT() REPRESENTATION_CONTEXT('2D SPACE',''
  ) );
#6568 = PCURVE('',#1075,#6569);
#6569 = DEFINITIONAL_REPRESENTATION('',(#6570),#6574);
#6570 = LINE('',#6571,#6572);
#6571 = CARTESIAN_POINT('',(0.,0.));
#6572 = VECTOR('',#6573,1.);
#6573 = DIRECTION('',(0.,-1.));
#6574 = ( GEOMETRIC_REPRESENTATION_CONTEXT(2) 
PARAMETRIC_REPRESENTATION_CONTEXT() REPRESENTATION_CONTEXT('2D SPACE',''
  ) );
#6575 = ADVANCED_FACE('',(#6576),#1075,.T.);
#6576 = FACE_BOUND('',#6577,.T.);
#6577 = EDGE_LOOP('',(#6578,#6579,#6580,#6601));
#6578 = ORIENTED_EDGE('',*,*,#1060,.T.);
#6579 = ORIENTED_EDGE('',*,*,#6555,.T.);
#6580 = ORIENTED_EDGE('',*,*,#6581,.F.);
#6581 = EDGE_CURVE('',#6582,#6535,#6584,.T.);
#6582 = VERTEX_POINT('',#6583);
#6583 = CARTESIAN_POINT('',(-0.6,-36.83494717429,2.2));
#6584 = SURFACE_CURVE('',#6585,(#6589,#6595),.PCURVE_S1.);
#6585 = LINE('',#6586,#6587);
#6586 = CARTESIAN_POINT('',(5.1,-33.54405063991,2.2));
#6587 = VECTOR('',#6588,1.);
#6588 = DIRECTION('',(-0.866025403784,-0.5,0.));
#6589 = PCURVE('',#1075,#6590);
#6590 = DEFINITIONAL_REPRESENTATION('',(#6591),#6594);
#6591 = B_SPLINE_CURVE_WITH_KNOTS('',1,(#6592,#6593),.UNSPECIFIED.,.F.,
  .F.,(2,2),(6.581793068762,12.355295760658),.PIECEWISE_BEZIER_KNOTS.);
#6592 = CARTESIAN_POINT('',(5.773502691896,-3.2));
#6593 = CARTESIAN_POINT('',(0.,-3.2));
#6594 = ( GEOMETRIC_REPRESENTATION_CONTEXT(2) 
PARAMETRIC_REPRESENTATION_CONTEXT() REPRESENTATION_CONTEXT('2D SPACE',''
  ) );
#6595 = PCURVE('',#5933,#6596);
#6596 = DEFINITIONAL_REPRESENTATION('',(#6597),#6600);
#6597 = B_SPLINE_CURVE_WITH_KNOTS('',1,(#6598,#6599),.UNSPECIFIED.,.F.,
  .F.,(2,2),(6.581793068762,12.355295760658),.PIECEWISE_BEZIER_KNOTS.);
#6598 = CARTESIAN_POINT('',(-0.6,-36.83494717429));
#6599 = CARTESIAN_POINT('',(-5.6,-39.72169852024));
#6600 = ( GEOMETRIC_REPRESENTATION_CONTEXT(2) 
PARAMETRIC_REPRESENTATION_CONTEXT() REPRESENTATION_CONTEXT('2D SPACE',''
  ) );
#6601 = ORIENTED_EDGE('',*,*,#6602,.F.);
#6602 = EDGE_CURVE('',#1035,#6582,#6603,.T.);
#6603 = SURFACE_CURVE('',#6604,(#6608,#6615),.PCURVE_S1.);
#6604 = LINE('',#6605,#6606);
#6605 = CARTESIAN_POINT('',(-0.6,-36.83494717429,-1.));
#6606 = VECTOR('',#6607,1.);
#6607 = DIRECTION('',(0.,0.,1.));
#6608 = PCURVE('',#1075,#6609);
#6609 = DEFINITIONAL_REPRESENTATION('',(#6610),#6614);
#6610 = LINE('',#6611,#6612);
#6611 = CARTESIAN_POINT('',(5.773502691896,0.));
#6612 = VECTOR('',#6613,1.);
#6613 = DIRECTION('',(0.,-1.));
#6614 = ( GEOMETRIC_REPRESENTATION_CONTEXT(2) 
PARAMETRIC_REPRESENTATION_CONTEXT() REPRESENTATION_CONTEXT('2D SPACE',''
  ) );
#6615 = PCURVE('',#1049,#6616);
#6616 = DEFINITIONAL_REPRESENTATION('',(#6617),#6621);
#6617 = LINE('',#6618,#6619);
#6618 = CARTESIAN_POINT('',(0.,0.));
#6619 = VECTOR('',#6620,1.);
#6620 = DIRECTION('',(0.,-1.));
#6621 = ( GEOMETRIC_REPRESENTATION_CONTEXT(2) 
PARAMETRIC_REPRESENTATION_CONTEXT() REPRESENTATION_CONTEXT('2D SPACE',''
  ) );
#6622 = ADVANCED_FACE('',(#6623),#1049,.T.);
#6623 = FACE_BOUND('',#6624,.T.);
#6624 = EDGE_LOOP('',(#6625,#6626,#6627,#6648));
#6625 = ORIENTED_EDGE('',*,*,#1034,.T.);
#6626 = ORIENTED_EDGE('',*,*,#6602,.T.);
#6627 = ORIENTED_EDGE('',*,*,#6628,.F.);
#6628 = EDGE_CURVE('',#6629,#6582,#6631,.T.);
#6629 = VERTEX_POINT('',#6630);
#6630 = CARTESIAN_POINT('',(-0.6,-31.0614444824,2.2));
#6631 = SURFACE_CURVE('',#6632,(#6636,#6642),.PCURVE_S1.);
#6632 = LINE('',#6633,#6634);
#6633 = CARTESIAN_POINT('',(-0.6,-18.41747358714,2.2));
#6634 = VECTOR('',#6635,1.);
#6635 = DIRECTION('',(-1.538370149107E-16,-1.,0.));
#6636 = PCURVE('',#1049,#6637);
#6637 = DEFINITIONAL_REPRESENTATION('',(#6638),#6641);
#6638 = B_SPLINE_CURVE_WITH_KNOTS('',1,(#6639,#6640),.UNSPECIFIED.,.F.,
  .F.,(2,2),(12.643970895253,18.417473587149),.PIECEWISE_BEZIER_KNOTS.);
#6639 = CARTESIAN_POINT('',(5.773502691896,-3.2));
#6640 = CARTESIAN_POINT('',(0.,-3.2));
#6641 = ( GEOMETRIC_REPRESENTATION_CONTEXT(2) 
PARAMETRIC_REPRESENTATION_CONTEXT() REPRESENTATION_CONTEXT('2D SPACE',''
  ) );
#6642 = PCURVE('',#5933,#6643);
#6643 = DEFINITIONAL_REPRESENTATION('',(#6644),#6647);
#6644 = B_SPLINE_CURVE_WITH_KNOTS('',1,(#6645,#6646),.UNSPECIFIED.,.F.,
  .F.,(2,2),(12.643970895253,18.417473587149),.PIECEWISE_BEZIER_KNOTS.);
#6645 = CARTESIAN_POINT('',(-0.6,-31.0614444824));
#6646 = CARTESIAN_POINT('',(-0.6,-36.83494717429));
#6647 = ( GEOMETRIC_REPRESENTATION_CONTEXT(2) 
PARAMETRIC_REPRESENTATION_CONTEXT() REPRESENTATION_CONTEXT('2D SPACE',''
  ) );
#6648 = ORIENTED_EDGE('',*,*,#6649,.F.);
#6649 = EDGE_CURVE('',#1009,#6629,#6650,.T.);
#6650 = SURFACE_CURVE('',#6651,(#6655,#6662),.PCURVE_S1.);
#6651 = LINE('',#6652,#6653);
#6652 = CARTESIAN_POINT('',(-0.6,-31.0614444824,-1.));
#6653 = VECTOR('',#6654,1.);
#6654 = DIRECTION('',(0.,0.,1.));
#6655 = PCURVE('',#1049,#6656);
#6656 = DEFINITIONAL_REPRESENTATION('',(#6657),#6661);
#6657 = LINE('',#6658,#6659);
#6658 = CARTESIAN_POINT('',(5.773502691896,0.));
#6659 = VECTOR('',#6660,1.);
#6660 = DIRECTION('',(0.,-1.));
#6661 = ( GEOMETRIC_REPRESENTATION_CONTEXT(2) 
PARAMETRIC_REPRESENTATION_CONTEXT() REPRESENTATION_CONTEXT('2D SPACE',''
  ) );
#6662 = PCURVE('',#1023,#6663);
#6663 = DEFINITIONAL_REPRESENTATION('',(#6664),#6668);
#6664 = LINE('',#6665,#6666);
#6665 = CARTESIAN_POINT('',(0.,0.));
#6666 = VECTOR('',#6667,1.);
#6667 = DIRECTION('',(0.,-1.));
#6668 = ( GEOMETRIC_REPRESENTATION_CONTEXT(2) 
PARAMETRIC_REPRESENTATION_CONTEXT() REPRESENTATION_CONTEXT('2D SPACE',''
  ) );
#6669 = ADVANCED_FACE('',(#6670),#1023,.T.);
#6670 = FACE_BOUND('',#6671,.T.);
#6671 = EDGE_LOOP('',(#6672,#6673,#6674,#6695));
#6672 = ORIENTED_EDGE('',*,*,#1008,.T.);
#6673 = ORIENTED_EDGE('',*,*,#6649,.T.);
#6674 = ORIENTED_EDGE('',*,*,#6675,.F.);
#6675 = EDGE_CURVE('',#6676,#6629,#6678,.T.);
#6676 = VERTEX_POINT('',#6677);
#6677 = CARTESIAN_POINT('',(-5.6,-28.17469313645,2.2));
#6678 = SURFACE_CURVE('',#6679,(#6683,#6689),.PCURVE_S1.);
#6679 = LINE('',#6680,#6681);
#6680 = CARTESIAN_POINT('',(-7.1,-27.30866773266,2.2));
#6681 = VECTOR('',#6682,1.);
#6682 = DIRECTION('',(0.866025403784,-0.5,0.));
#6683 = PCURVE('',#1023,#6684);
#6684 = DEFINITIONAL_REPRESENTATION('',(#6685),#6688);
#6685 = B_SPLINE_CURVE_WITH_KNOTS('',1,(#6686,#6687),.UNSPECIFIED.,.F.,
  .F.,(2,2),(1.732050807569,7.505553499465),.PIECEWISE_BEZIER_KNOTS.);
#6686 = CARTESIAN_POINT('',(5.773502691896,-3.2));
#6687 = CARTESIAN_POINT('',(0.,-3.2));
#6688 = ( GEOMETRIC_REPRESENTATION_CONTEXT(2) 
PARAMETRIC_REPRESENTATION_CONTEXT() REPRESENTATION_CONTEXT('2D SPACE',''
  ) );
#6689 = PCURVE('',#5933,#6690);
#6690 = DEFINITIONAL_REPRESENTATION('',(#6691),#6694);
#6691 = B_SPLINE_CURVE_WITH_KNOTS('',1,(#6692,#6693),.UNSPECIFIED.,.F.,
  .F.,(2,2),(1.732050807569,7.505553499465),.PIECEWISE_BEZIER_KNOTS.);
#6692 = CARTESIAN_POINT('',(-5.6,-28.17469313645));
#6693 = CARTESIAN_POINT('',(-0.6,-31.0614444824));
#6694 = ( GEOMETRIC_REPRESENTATION_CONTEXT(2) 
PARAMETRIC_REPRESENTATION_CONTEXT() REPRESENTATION_CONTEXT('2D SPACE',''
  ) );
#6695 = ORIENTED_EDGE('',*,*,#6696,.F.);
#6696 = EDGE_CURVE('',#983,#6676,#6697,.T.);
#6697 = SURFACE_CURVE('',#6698,(#6702,#6709),.PCURVE_S1.);
#6698 = LINE('',#6699,#6700);
#6699 = CARTESIAN_POINT('',(-5.6,-28.17469313645,-1.));
#6700 = VECTOR('',#6701,1.);
#6701 = DIRECTION('',(0.,0.,1.));
#6702 = PCURVE('',#1023,#6703);
#6703 = DEFINITIONAL_REPRESENTATION('',(#6704),#6708);
#6704 = LINE('',#6705,#6706);
#6705 = CARTESIAN_POINT('',(5.773502691896,0.));
#6706 = VECTOR('',#6707,1.);
#6707 = DIRECTION('',(0.,-1.));
#6708 = ( GEOMETRIC_REPRESENTATION_CONTEXT(2) 
PARAMETRIC_REPRESENTATION_CONTEXT() REPRESENTATION_CONTEXT('2D SPACE',''
  ) );
#6709 = PCURVE('',#997,#6710);
#6710 = DEFINITIONAL_REPRESENTATION('',(#6711),#6715);
#6711 = LINE('',#6712,#6713);
#6712 = CARTESIAN_POINT('',(0.,0.));
#6713 = VECTOR('',#6714,1.);
#6714 = DIRECTION('',(0.,-1.));
#6715 = ( GEOMETRIC_REPRESENTATION_CONTEXT(2) 
PARAMETRIC_REPRESENTATION_CONTEXT() REPRESENTATION_CONTEXT('2D SPACE',''
  ) );
#6716 = ADVANCED_FACE('',(#6717),#997,.T.);
#6717 = FACE_BOUND('',#6718,.T.);
#6718 = EDGE_LOOP('',(#6719,#6720,#6721,#6740));
#6719 = ORIENTED_EDGE('',*,*,#982,.T.);
#6720 = ORIENTED_EDGE('',*,*,#6696,.T.);
#6721 = ORIENTED_EDGE('',*,*,#6722,.F.);
#6722 = EDGE_CURVE('',#6465,#6676,#6723,.T.);
#6723 = SURFACE_CURVE('',#6724,(#6728,#6734),.PCURVE_S1.);
#6724 = LINE('',#6725,#6726);
#6725 = CARTESIAN_POINT('',(2.6,-23.44042092909,2.2));
#6726 = VECTOR('',#6727,1.);
#6727 = DIRECTION('',(0.866025403784,0.5,-0.));
#6728 = PCURVE('',#997,#6729);
#6729 = DEFINITIONAL_REPRESENTATION('',(#6730),#6733);
#6730 = B_SPLINE_CURVE_WITH_KNOTS('',1,(#6731,#6732),.UNSPECIFIED.,.F.,
  .F.,(2,2),(-15.2420471066,-9.46854441471),.PIECEWISE_BEZIER_KNOTS.);
#6731 = CARTESIAN_POINT('',(5.773502691896,-3.2));
#6732 = CARTESIAN_POINT('',(0.,-3.2));
#6733 = ( GEOMETRIC_REPRESENTATION_CONTEXT(2) 
PARAMETRIC_REPRESENTATION_CONTEXT() REPRESENTATION_CONTEXT('2D SPACE',''
  ) );
#6734 = PCURVE('',#5933,#6735);
#6735 = DEFINITIONAL_REPRESENTATION('',(#6736),#6739);
#6736 = B_SPLINE_CURVE_WITH_KNOTS('',1,(#6737,#6738),.UNSPECIFIED.,.F.,
  .F.,(2,2),(-15.2420471066,-9.46854441471),.PIECEWISE_BEZIER_KNOTS.);
#6737 = CARTESIAN_POINT('',(-10.6,-31.0614444824));
#6738 = CARTESIAN_POINT('',(-5.6,-28.17469313645));
#6739 = ( GEOMETRIC_REPRESENTATION_CONTEXT(2) 
PARAMETRIC_REPRESENTATION_CONTEXT() REPRESENTATION_CONTEXT('2D SPACE',''
  ) );
#6740 = ORIENTED_EDGE('',*,*,#6464,.F.);
#6741 = ADVANCED_FACE('',(#6742),#1129,.T.);
#6742 = FACE_BOUND('',#6743,.T.);
#6743 = EDGE_LOOP('',(#6744,#6745,#6768,#6789));
#6744 = ORIENTED_EDGE('',*,*,#1112,.T.);
#6745 = ORIENTED_EDGE('',*,*,#6746,.T.);
#6746 = EDGE_CURVE('',#1115,#6747,#6749,.T.);
#6747 = VERTEX_POINT('',#6748);
#6748 = CARTESIAN_POINT('',(-21.8,-11.66247543763,2.2));
#6749 = SURFACE_CURVE('',#6750,(#6754,#6761),.PCURVE_S1.);
#6750 = LINE('',#6751,#6752);
#6751 = CARTESIAN_POINT('',(-21.8,-11.66247543763,-1.));
#6752 = VECTOR('',#6753,1.);
#6753 = DIRECTION('',(0.,0.,1.));
#6754 = PCURVE('',#1129,#6755);
#6755 = DEFINITIONAL_REPRESENTATION('',(#6756),#6760);
#6756 = LINE('',#6757,#6758);
#6757 = CARTESIAN_POINT('',(0.,0.));
#6758 = VECTOR('',#6759,1.);
#6759 = DIRECTION('',(0.,-1.));
#6760 = ( GEOMETRIC_REPRESENTATION_CONTEXT(2) 
PARAMETRIC_REPRESENTATION_CONTEXT() REPRESENTATION_CONTEXT('2D SPACE',''
  ) );
#6761 = PCURVE('',#1155,#6762);
#6762 = DEFINITIONAL_REPRESENTATION('',(#6763),#6767);
#6763 = LINE('',#6764,#6765);
#6764 = CARTESIAN_POINT('',(5.773502691896,0.));
#6765 = VECTOR('',#6766,1.);
#6766 = DIRECTION('',(0.,-1.));
#6767 = ( GEOMETRIC_REPRESENTATION_CONTEXT(2) 
PARAMETRIC_REPRESENTATION_CONTEXT() REPRESENTATION_CONTEXT('2D SPACE',''
  ) );
#6768 = ORIENTED_EDGE('',*,*,#6769,.F.);
#6769 = EDGE_CURVE('',#6770,#6747,#6772,.T.);
#6770 = VERTEX_POINT('',#6771);
#6771 = CARTESIAN_POINT('',(-21.8,-17.43597812952,2.2));
#6772 = SURFACE_CURVE('',#6773,(#6777,#6783),.PCURVE_S1.);
#6773 = LINE('',#6774,#6775);
#6774 = CARTESIAN_POINT('',(-21.8,-5.831237718815,2.2));
#6775 = VECTOR('',#6776,1.);
#6776 = DIRECTION('',(4.615110447321E-16,1.,-0.));
#6777 = PCURVE('',#1129,#6778);
#6778 = DEFINITIONAL_REPRESENTATION('',(#6779),#6782);
#6779 = B_SPLINE_CURVE_WITH_KNOTS('',1,(#6780,#6781),.UNSPECIFIED.,.F.,
  .F.,(2,2),(-11.60474041071,-5.831237718815),.PIECEWISE_BEZIER_KNOTS.);
#6780 = CARTESIAN_POINT('',(5.773502691896,-3.2));
#6781 = CARTESIAN_POINT('',(0.,-3.2));
#6782 = ( GEOMETRIC_REPRESENTATION_CONTEXT(2) 
PARAMETRIC_REPRESENTATION_CONTEXT() REPRESENTATION_CONTEXT('2D SPACE',''
  ) );
#6783 = PCURVE('',#5933,#6784);
#6784 = DEFINITIONAL_REPRESENTATION('',(#6785),#6788);
#6785 = B_SPLINE_CURVE_WITH_KNOTS('',1,(#6786,#6787),.UNSPECIFIED.,.F.,
  .F.,(2,2),(-11.60474041071,-5.831237718815),.PIECEWISE_BEZIER_KNOTS.);
#6786 = CARTESIAN_POINT('',(-21.8,-17.43597812952));
#6787 = CARTESIAN_POINT('',(-21.8,-11.66247543763));
#6788 = ( GEOMETRIC_REPRESENTATION_CONTEXT(2) 
PARAMETRIC_REPRESENTATION_CONTEXT() REPRESENTATION_CONTEXT('2D SPACE',''
  ) );
#6789 = ORIENTED_EDGE('',*,*,#6790,.F.);
#6790 = EDGE_CURVE('',#1113,#6770,#6791,.T.);
#6791 = SURFACE_CURVE('',#6792,(#6796,#6803),.PCURVE_S1.);
#6792 = LINE('',#6793,#6794);
#6793 = CARTESIAN_POINT('',(-21.8,-17.43597812952,-1.));
#6794 = VECTOR('',#6795,1.);
#6795 = DIRECTION('',(0.,0.,1.));
#6796 = PCURVE('',#1129,#6797);
#6797 = DEFINITIONAL_REPRESENTATION('',(#6798),#6802);
#6798 = LINE('',#6799,#6800);
#6799 = CARTESIAN_POINT('',(5.773502691896,0.));
#6800 = VECTOR('',#6801,1.);
#6801 = DIRECTION('',(0.,-1.));
#6802 = ( GEOMETRIC_REPRESENTATION_CONTEXT(2) 
PARAMETRIC_REPRESENTATION_CONTEXT() REPRESENTATION_CONTEXT('2D SPACE',''
  ) );
#6803 = PCURVE('',#1257,#6804);
#6804 = DEFINITIONAL_REPRESENTATION('',(#6805),#6809);
#6805 = LINE('',#6806,#6807);
#6806 = CARTESIAN_POINT('',(0.,0.));
#6807 = VECTOR('',#6808,1.);
#6808 = DIRECTION('',(0.,-1.));
#6809 = ( GEOMETRIC_REPRESENTATION_CONTEXT(2) 
PARAMETRIC_REPRESENTATION_CONTEXT() REPRESENTATION_CONTEXT('2D SPACE',''
  ) );
#6810 = ADVANCED_FACE('',(#6811),#1257,.T.);
#6811 = FACE_BOUND('',#6812,.T.);
#6812 = EDGE_LOOP('',(#6813,#6814,#6815,#6836));
#6813 = ORIENTED_EDGE('',*,*,#1244,.T.);
#6814 = ORIENTED_EDGE('',*,*,#6790,.T.);
#6815 = ORIENTED_EDGE('',*,*,#6816,.F.);
#6816 = EDGE_CURVE('',#6817,#6770,#6819,.T.);
#6817 = VERTEX_POINT('',#6818);
#6818 = CARTESIAN_POINT('',(-16.8,-20.32272947547,2.2));
#6819 = SURFACE_CURVE('',#6820,(#6824,#6830),.PCURVE_S1.);
#6820 = LINE('',#6821,#6822);
#6821 = CARTESIAN_POINT('',(-17.4,-19.97631931396,2.2));
#6822 = VECTOR('',#6823,1.);
#6823 = DIRECTION('',(-0.866025403784,0.5,0.));
#6824 = PCURVE('',#1257,#6825);
#6825 = DEFINITIONAL_REPRESENTATION('',(#6826),#6829);
#6826 = B_SPLINE_CURVE_WITH_KNOTS('',1,(#6827,#6828),.UNSPECIFIED.,.F.,
  .F.,(2,2),(-0.692820323028,5.080682368869),.PIECEWISE_BEZIER_KNOTS.);
#6827 = CARTESIAN_POINT('',(5.773502691896,-3.2));
#6828 = CARTESIAN_POINT('',(0.,-3.2));
#6829 = ( GEOMETRIC_REPRESENTATION_CONTEXT(2) 
PARAMETRIC_REPRESENTATION_CONTEXT() REPRESENTATION_CONTEXT('2D SPACE',''
  ) );
#6830 = PCURVE('',#5933,#6831);
#6831 = DEFINITIONAL_REPRESENTATION('',(#6832),#6835);
#6832 = B_SPLINE_CURVE_WITH_KNOTS('',1,(#6833,#6834),.UNSPECIFIED.,.F.,
  .F.,(2,2),(-0.692820323028,5.080682368869),.PIECEWISE_BEZIER_KNOTS.);
#6833 = CARTESIAN_POINT('',(-16.8,-20.32272947547));
#6834 = CARTESIAN_POINT('',(-21.8,-17.43597812952));
#6835 = ( GEOMETRIC_REPRESENTATION_CONTEXT(2) 
PARAMETRIC_REPRESENTATION_CONTEXT() REPRESENTATION_CONTEXT('2D SPACE',''
  ) );
#6836 = ORIENTED_EDGE('',*,*,#6837,.F.);
#6837 = EDGE_CURVE('',#1219,#6817,#6838,.T.);
#6838 = SURFACE_CURVE('',#6839,(#6843,#6850),.PCURVE_S1.);
#6839 = LINE('',#6840,#6841);
#6840 = CARTESIAN_POINT('',(-16.8,-20.32272947547,-1.));
#6841 = VECTOR('',#6842,1.);
#6842 = DIRECTION('',(0.,0.,1.));
#6843 = PCURVE('',#1257,#6844);
#6844 = DEFINITIONAL_REPRESENTATION('',(#6845),#6849);
#6845 = LINE('',#6846,#6847);
#6846 = CARTESIAN_POINT('',(5.773502691896,0.));
#6847 = VECTOR('',#6848,1.);
#6848 = DIRECTION('',(0.,-1.));
#6849 = ( GEOMETRIC_REPRESENTATION_CONTEXT(2) 
PARAMETRIC_REPRESENTATION_CONTEXT() REPRESENTATION_CONTEXT('2D SPACE',''
  ) );
#6850 = PCURVE('',#1233,#6851);
#6851 = DEFINITIONAL_REPRESENTATION('',(#6852),#6856);
#6852 = LINE('',#6853,#6854);
#6853 = CARTESIAN_POINT('',(0.,0.));
#6854 = VECTOR('',#6855,1.);
#6855 = DIRECTION('',(0.,-1.));
#6856 = ( GEOMETRIC_REPRESENTATION_CONTEXT(2) 
PARAMETRIC_REPRESENTATION_CONTEXT() REPRESENTATION_CONTEXT('2D SPACE',''
  ) );
#6857 = ADVANCED_FACE('',(#6858),#1233,.T.);
#6858 = FACE_BOUND('',#6859,.T.);
#6859 = EDGE_LOOP('',(#6860,#6861,#6862,#6883));
#6860 = ORIENTED_EDGE('',*,*,#1218,.T.);
#6861 = ORIENTED_EDGE('',*,*,#6837,.T.);
#6862 = ORIENTED_EDGE('',*,*,#6863,.F.);
#6863 = EDGE_CURVE('',#6864,#6817,#6866,.T.);
#6864 = VERTEX_POINT('',#6865);
#6865 = CARTESIAN_POINT('',(-11.8,-17.43597812952,2.2));
#6866 = SURFACE_CURVE('',#6867,(#6871,#6877),.PCURVE_S1.);
#6867 = LINE('',#6868,#6869);
#6868 = CARTESIAN_POINT('',(-6.1,-14.14508159514,2.2));
#6869 = VECTOR('',#6870,1.);
#6870 = DIRECTION('',(-0.866025403784,-0.5,0.));
#6871 = PCURVE('',#1233,#6872);
#6872 = DEFINITIONAL_REPRESENTATION('',(#6873),#6876);
#6873 = B_SPLINE_CURVE_WITH_KNOTS('',1,(#6874,#6875),.UNSPECIFIED.,.F.,
  .F.,(2,2),(6.581793068762,12.355295760658),.PIECEWISE_BEZIER_KNOTS.);
#6874 = CARTESIAN_POINT('',(5.773502691896,-3.2));
#6875 = CARTESIAN_POINT('',(0.,-3.2));
#6876 = ( GEOMETRIC_REPRESENTATION_CONTEXT(2) 
PARAMETRIC_REPRESENTATION_CONTEXT() REPRESENTATION_CONTEXT('2D SPACE',''
  ) );
#6877 = PCURVE('',#5933,#6878);
#6878 = DEFINITIONAL_REPRESENTATION('',(#6879),#6882);
#6879 = B_SPLINE_CURVE_WITH_KNOTS('',1,(#6880,#6881),.UNSPECIFIED.,.F.,
  .F.,(2,2),(6.581793068762,12.355295760658),.PIECEWISE_BEZIER_KNOTS.);
#6880 = CARTESIAN_POINT('',(-11.8,-17.43597812952));
#6881 = CARTESIAN_POINT('',(-16.8,-20.32272947547));
#6882 = ( GEOMETRIC_REPRESENTATION_CONTEXT(2) 
PARAMETRIC_REPRESENTATION_CONTEXT() REPRESENTATION_CONTEXT('2D SPACE',''
  ) );
#6883 = ORIENTED_EDGE('',*,*,#6884,.F.);
#6884 = EDGE_CURVE('',#1193,#6864,#6885,.T.);
#6885 = SURFACE_CURVE('',#6886,(#6890,#6897),.PCURVE_S1.);
#6886 = LINE('',#6887,#6888);
#6887 = CARTESIAN_POINT('',(-11.8,-17.43597812952,-1.));
#6888 = VECTOR('',#6889,1.);
#6889 = DIRECTION('',(0.,0.,1.));
#6890 = PCURVE('',#1233,#6891);
#6891 = DEFINITIONAL_REPRESENTATION('',(#6892),#6896);
#6892 = LINE('',#6893,#6894);
#6893 = CARTESIAN_POINT('',(5.773502691896,0.));
#6894 = VECTOR('',#6895,1.);
#6895 = DIRECTION('',(0.,-1.));
#6896 = ( GEOMETRIC_REPRESENTATION_CONTEXT(2) 
PARAMETRIC_REPRESENTATION_CONTEXT() REPRESENTATION_CONTEXT('2D SPACE',''
  ) );
#6897 = PCURVE('',#1207,#6898);
#6898 = DEFINITIONAL_REPRESENTATION('',(#6899),#6903);
#6899 = LINE('',#6900,#6901);
#6900 = CARTESIAN_POINT('',(0.,0.));
#6901 = VECTOR('',#6902,1.);
#6902 = DIRECTION('',(0.,-1.));
#6903 = ( GEOMETRIC_REPRESENTATION_CONTEXT(2) 
PARAMETRIC_REPRESENTATION_CONTEXT() REPRESENTATION_CONTEXT('2D SPACE',''
  ) );
#6904 = ADVANCED_FACE('',(#6905),#1207,.T.);
#6905 = FACE_BOUND('',#6906,.T.);
#6906 = EDGE_LOOP('',(#6907,#6908,#6909,#6930));
#6907 = ORIENTED_EDGE('',*,*,#1192,.T.);
#6908 = ORIENTED_EDGE('',*,*,#6884,.T.);
#6909 = ORIENTED_EDGE('',*,*,#6910,.F.);
#6910 = EDGE_CURVE('',#6911,#6864,#6913,.T.);
#6911 = VERTEX_POINT('',#6912);
#6912 = CARTESIAN_POINT('',(-11.8,-11.66247543763,2.2));
#6913 = SURFACE_CURVE('',#6914,(#6918,#6924),.PCURVE_S1.);
#6914 = LINE('',#6915,#6916);
#6915 = CARTESIAN_POINT('',(-11.8,-8.717989064763,2.2));
#6916 = VECTOR('',#6917,1.);
#6917 = DIRECTION('',(-1.538370149107E-16,-1.,0.));
#6918 = PCURVE('',#1207,#6919);
#6919 = DEFINITIONAL_REPRESENTATION('',(#6920),#6923);
#6920 = B_SPLINE_CURVE_WITH_KNOTS('',1,(#6921,#6922),.UNSPECIFIED.,.F.,
  .F.,(2,2),(2.944486372867,8.717989064763),.PIECEWISE_BEZIER_KNOTS.);
#6921 = CARTESIAN_POINT('',(5.773502691896,-3.2));
#6922 = CARTESIAN_POINT('',(0.,-3.2));
#6923 = ( GEOMETRIC_REPRESENTATION_CONTEXT(2) 
PARAMETRIC_REPRESENTATION_CONTEXT() REPRESENTATION_CONTEXT('2D SPACE',''
  ) );
#6924 = PCURVE('',#5933,#6925);
#6925 = DEFINITIONAL_REPRESENTATION('',(#6926),#6929);
#6926 = B_SPLINE_CURVE_WITH_KNOTS('',1,(#6927,#6928),.UNSPECIFIED.,.F.,
  .F.,(2,2),(2.944486372867,8.717989064763),.PIECEWISE_BEZIER_KNOTS.);
#6927 = CARTESIAN_POINT('',(-11.8,-11.66247543763));
#6928 = CARTESIAN_POINT('',(-11.8,-17.43597812952));
#6929 = ( GEOMETRIC_REPRESENTATION_CONTEXT(2) 
PARAMETRIC_REPRESENTATION_CONTEXT() REPRESENTATION_CONTEXT('2D SPACE',''
  ) );
#6930 = ORIENTED_EDGE('',*,*,#6931,.F.);
#6931 = EDGE_CURVE('',#1167,#6911,#6932,.T.);
#6932 = SURFACE_CURVE('',#6933,(#6937,#6944),.PCURVE_S1.);
#6933 = LINE('',#6934,#6935);
#6934 = CARTESIAN_POINT('',(-11.8,-11.66247543763,-1.));
#6935 = VECTOR('',#6936,1.);
#6936 = DIRECTION('',(0.,0.,1.));
#6937 = PCURVE('',#1207,#6938);
#6938 = DEFINITIONAL_REPRESENTATION('',(#6939),#6943);
#6939 = LINE('',#6940,#6941);
#6940 = CARTESIAN_POINT('',(5.773502691896,0.));
#6941 = VECTOR('',#6942,1.);
#6942 = DIRECTION('',(0.,-1.));
#6943 = ( GEOMETRIC_REPRESENTATION_CONTEXT(2) 
PARAMETRIC_REPRESENTATION_CONTEXT() REPRESENTATION_CONTEXT('2D SPACE',''
  ) );
#6944 = PCURVE('',#1181,#6945);
#6945 = DEFINITIONAL_REPRESENTATION('',(#6946),#6950);
#6946 = LINE('',#6947,#6948);
#6947 = CARTESIAN_POINT('',(0.,0.));
#6948 = VECTOR('',#6949,1.);
#6949 = DIRECTION('',(0.,-1.));
#6950 = ( GEOMETRIC_REPRESENTATION_CONTEXT(2) 
PARAMETRIC_REPRESENTATION_CONTEXT() REPRESENTATION_CONTEXT('2D SPACE',''
  ) );
#6951 = ADVANCED_FACE('',(#6952),#1181,.T.);
#6952 = FACE_BOUND('',#6953,.T.);
#6953 = EDGE_LOOP('',(#6954,#6955,#6956,#6977));
#6954 = ORIENTED_EDGE('',*,*,#1166,.T.);
#6955 = ORIENTED_EDGE('',*,*,#6931,.T.);
#6956 = ORIENTED_EDGE('',*,*,#6957,.F.);
#6957 = EDGE_CURVE('',#6958,#6911,#6960,.T.);
#6958 = VERTEX_POINT('',#6959);
#6959 = CARTESIAN_POINT('',(-16.8,-8.775724091682,2.2));
#6960 = SURFACE_CURVE('',#6961,(#6965,#6971),.PCURVE_S1.);
#6961 = LINE('',#6962,#6963);
#6962 = CARTESIAN_POINT('',(-9.9,-12.75944094909,2.2));
#6963 = VECTOR('',#6964,1.);
#6964 = DIRECTION('',(0.866025403784,-0.5,0.));
#6965 = PCURVE('',#1181,#6966);
#6966 = DEFINITIONAL_REPRESENTATION('',(#6967),#6970);
#6967 = B_SPLINE_CURVE_WITH_KNOTS('',1,(#6968,#6969),.UNSPECIFIED.,.F.,
  .F.,(2,2),(-7.967433714817,-2.193931022921),.PIECEWISE_BEZIER_KNOTS.);
#6968 = CARTESIAN_POINT('',(5.773502691896,-3.2));
#6969 = CARTESIAN_POINT('',(0.,-3.2));
#6970 = ( GEOMETRIC_REPRESENTATION_CONTEXT(2) 
PARAMETRIC_REPRESENTATION_CONTEXT() REPRESENTATION_CONTEXT('2D SPACE',''
  ) );
#6971 = PCURVE('',#5933,#6972);
#6972 = DEFINITIONAL_REPRESENTATION('',(#6973),#6976);
#6973 = B_SPLINE_CURVE_WITH_KNOTS('',1,(#6974,#6975),.UNSPECIFIED.,.F.,
  .F.,(2,2),(-7.967433714817,-2.193931022921),.PIECEWISE_BEZIER_KNOTS.);
#6974 = CARTESIAN_POINT('',(-16.8,-8.775724091682));
#6975 = CARTESIAN_POINT('',(-11.8,-11.66247543763));
#6976 = ( GEOMETRIC_REPRESENTATION_CONTEXT(2) 
PARAMETRIC_REPRESENTATION_CONTEXT() REPRESENTATION_CONTEXT('2D SPACE',''
  ) );
#6977 = ORIENTED_EDGE('',*,*,#6978,.F.);
#6978 = EDGE_CURVE('',#1141,#6958,#6979,.T.);
#6979 = SURFACE_CURVE('',#6980,(#6984,#6991),.PCURVE_S1.);
#6980 = LINE('',#6981,#6982);
#6981 = CARTESIAN_POINT('',(-16.8,-8.775724091682,-1.));
#6982 = VECTOR('',#6983,1.);
#6983 = DIRECTION('',(0.,0.,1.));
#6984 = PCURVE('',#1181,#6985);
#6985 = DEFINITIONAL_REPRESENTATION('',(#6986),#6990);
#6986 = LINE('',#6987,#6988);
#6987 = CARTESIAN_POINT('',(5.773502691896,0.));
#6988 = VECTOR('',#6989,1.);
#6989 = DIRECTION('',(0.,-1.));
#6990 = ( GEOMETRIC_REPRESENTATION_CONTEXT(2) 
PARAMETRIC_REPRESENTATION_CONTEXT() REPRESENTATION_CONTEXT('2D SPACE',''
  ) );
#6991 = PCURVE('',#1155,#6992);
#6992 = DEFINITIONAL_REPRESENTATION('',(#6993),#6997);
#6993 = LINE('',#6994,#6995);
#6994 = CARTESIAN_POINT('',(0.,0.));
#6995 = VECTOR('',#6996,1.);
#6996 = DIRECTION('',(0.,-1.));
#6997 = ( GEOMETRIC_REPRESENTATION_CONTEXT(2) 
PARAMETRIC_REPRESENTATION_CONTEXT() REPRESENTATION_CONTEXT('2D SPACE',''
  ) );
#6998 = ADVANCED_FACE('',(#6999),#1155,.T.);
#6999 = FACE_BOUND('',#7000,.T.);
#7000 = EDGE_LOOP('',(#7001,#7002,#7003,#7022));
#7001 = ORIENTED_EDGE('',*,*,#1140,.T.);
#7002 = ORIENTED_EDGE('',*,*,#6978,.T.);
#7003 = ORIENTED_EDGE('',*,*,#7004,.F.);
#7004 = EDGE_CURVE('',#6747,#6958,#7005,.T.);
#7005 = SURFACE_CURVE('',#7006,(#7010,#7016),.PCURVE_S1.);
#7006 = LINE('',#7007,#7008);
#7007 = CARTESIAN_POINT('',(-8.6,-4.041451884327,2.2));
#7008 = VECTOR('',#7009,1.);
#7009 = DIRECTION('',(0.866025403784,0.5,-0.));
#7010 = PCURVE('',#1155,#7011);
#7011 = DEFINITIONAL_REPRESENTATION('',(#7012),#7015);
#7012 = B_SPLINE_CURVE_WITH_KNOTS('',1,(#7013,#7014),.UNSPECIFIED.,.F.,
  .F.,(2,2),(-15.2420471066,-9.46854441471),.PIECEWISE_BEZIER_KNOTS.);
#7013 = CARTESIAN_POINT('',(5.773502691896,-3.2));
#7014 = CARTESIAN_POINT('',(0.,-3.2));
#7015 = ( GEOMETRIC_REPRESENTATION_CONTEXT(2) 
PARAMETRIC_REPRESENTATION_CONTEXT() REPRESENTATION_CONTEXT('2D SPACE',''
  ) );
#7016 = PCURVE('',#5933,#7017);
#7017 = DEFINITIONAL_REPRESENTATION('',(#7018),#7021);
#7018 = B_SPLINE_CURVE_WITH_KNOTS('',1,(#7019,#7020),.UNSPECIFIED.,.F.,
  .F.,(2,2),(-15.2420471066,-9.46854441471),.PIECEWISE_BEZIER_KNOTS.);
#7019 = CARTESIAN_POINT('',(-21.8,-11.66247543763));
#7020 = CARTESIAN_POINT('',(-16.8,-8.775724091682));
#7021 = ( GEOMETRIC_REPRESENTATION_CONTEXT(2) 
PARAMETRIC_REPRESENTATION_CONTEXT() REPRESENTATION_CONTEXT('2D SPACE',''
  ) );
#7022 = ORIENTED_EDGE('',*,*,#6746,.F.);
#7023 = ADVANCED_FACE('',(#7024),#1287,.T.);
#7024 = FACE_BOUND('',#7025,.T.);
#7025 = EDGE_LOOP('',(#7026,#7027,#7050,#7071));
#7026 = ORIENTED_EDGE('',*,*,#1270,.T.);
#7027 = ORIENTED_EDGE('',*,*,#7028,.T.);
#7028 = EDGE_CURVE('',#1273,#7029,#7031,.T.);
#7029 = VERTEX_POINT('',#7030);
#7030 = CARTESIAN_POINT('',(-16.2,-1.962990915245,2.2));
#7031 = SURFACE_CURVE('',#7032,(#7036,#7043),.PCURVE_S1.);
#7032 = LINE('',#7033,#7034);
#7033 = CARTESIAN_POINT('',(-16.2,-1.962990915245,-1.));
#7034 = VECTOR('',#7035,1.);
#7035 = DIRECTION('',(0.,0.,1.));
#7036 = PCURVE('',#1287,#7037);
#7037 = DEFINITIONAL_REPRESENTATION('',(#7038),#7042);
#7038 = LINE('',#7039,#7040);
#7039 = CARTESIAN_POINT('',(0.,0.));
#7040 = VECTOR('',#7041,1.);
#7041 = DIRECTION('',(0.,-1.));
#7042 = ( GEOMETRIC_REPRESENTATION_CONTEXT(2) 
PARAMETRIC_REPRESENTATION_CONTEXT() REPRESENTATION_CONTEXT('2D SPACE',''
  ) );
#7043 = PCURVE('',#1313,#7044);
#7044 = DEFINITIONAL_REPRESENTATION('',(#7045),#7049);
#7045 = LINE('',#7046,#7047);
#7046 = CARTESIAN_POINT('',(5.773502691896,0.));
#7047 = VECTOR('',#7048,1.);
#7048 = DIRECTION('',(0.,-1.));
#7049 = ( GEOMETRIC_REPRESENTATION_CONTEXT(2) 
PARAMETRIC_REPRESENTATION_CONTEXT() REPRESENTATION_CONTEXT('2D SPACE',''
  ) );
#7050 = ORIENTED_EDGE('',*,*,#7051,.F.);
#7051 = EDGE_CURVE('',#7052,#7029,#7054,.T.);
#7052 = VERTEX_POINT('',#7053);
#7053 = CARTESIAN_POINT('',(-16.2,-7.736493607141,2.2));
#7054 = SURFACE_CURVE('',#7055,(#7059,#7065),.PCURVE_S1.);
#7055 = LINE('',#7056,#7057);
#7056 = CARTESIAN_POINT('',(-16.2,-0.981495457622,2.2));
#7057 = VECTOR('',#7058,1.);
#7058 = DIRECTION('',(4.615110447321E-16,1.,-0.));
#7059 = PCURVE('',#1287,#7060);
#7060 = DEFINITIONAL_REPRESENTATION('',(#7061),#7064);
#7061 = B_SPLINE_CURVE_WITH_KNOTS('',1,(#7062,#7063),.UNSPECIFIED.,.F.,
  .F.,(2,2),(-6.754998149519,-0.981495457622),.PIECEWISE_BEZIER_KNOTS.);
#7062 = CARTESIAN_POINT('',(5.773502691896,-3.2));
#7063 = CARTESIAN_POINT('',(0.,-3.2));
#7064 = ( GEOMETRIC_REPRESENTATION_CONTEXT(2) 
PARAMETRIC_REPRESENTATION_CONTEXT() REPRESENTATION_CONTEXT('2D SPACE',''
  ) );
#7065 = PCURVE('',#5933,#7066);
#7066 = DEFINITIONAL_REPRESENTATION('',(#7067),#7070);
#7067 = B_SPLINE_CURVE_WITH_KNOTS('',1,(#7068,#7069),.UNSPECIFIED.,.F.,
  .F.,(2,2),(-6.754998149519,-0.981495457622),.PIECEWISE_BEZIER_KNOTS.);
#7068 = CARTESIAN_POINT('',(-16.2,-7.736493607141));
#7069 = CARTESIAN_POINT('',(-16.2,-1.962990915245));
#7070 = ( GEOMETRIC_REPRESENTATION_CONTEXT(2) 
PARAMETRIC_REPRESENTATION_CONTEXT() REPRESENTATION_CONTEXT('2D SPACE',''
  ) );
#7071 = ORIENTED_EDGE('',*,*,#7072,.F.);
#7072 = EDGE_CURVE('',#1271,#7052,#7073,.T.);
#7073 = SURFACE_CURVE('',#7074,(#7078,#7085),.PCURVE_S1.);
#7074 = LINE('',#7075,#7076);
#7075 = CARTESIAN_POINT('',(-16.2,-7.736493607141,-1.));
#7076 = VECTOR('',#7077,1.);
#7077 = DIRECTION('',(0.,0.,1.));
#7078 = PCURVE('',#1287,#7079);
#7079 = DEFINITIONAL_REPRESENTATION('',(#7080),#7084);
#7080 = LINE('',#7081,#7082);
#7081 = CARTESIAN_POINT('',(5.773502691896,0.));
#7082 = VECTOR('',#7083,1.);
#7083 = DIRECTION('',(0.,-1.));
#7084 = ( GEOMETRIC_REPRESENTATION_CONTEXT(2) 
PARAMETRIC_REPRESENTATION_CONTEXT() REPRESENTATION_CONTEXT('2D SPACE',''
  ) );
#7085 = PCURVE('',#1415,#7086);
#7086 = DEFINITIONAL_REPRESENTATION('',(#7087),#7091);
#7087 = LINE('',#7088,#7089);
#7088 = CARTESIAN_POINT('',(0.,0.));
#7089 = VECTOR('',#7090,1.);
#7090 = DIRECTION('',(0.,-1.));
#7091 = ( GEOMETRIC_REPRESENTATION_CONTEXT(2) 
PARAMETRIC_REPRESENTATION_CONTEXT() REPRESENTATION_CONTEXT('2D SPACE',''
  ) );
#7092 = ADVANCED_FACE('',(#7093),#1415,.T.);
#7093 = FACE_BOUND('',#7094,.T.);
#7094 = EDGE_LOOP('',(#7095,#7096,#7097,#7118));
#7095 = ORIENTED_EDGE('',*,*,#1402,.T.);
#7096 = ORIENTED_EDGE('',*,*,#7072,.T.);
#7097 = ORIENTED_EDGE('',*,*,#7098,.F.);
#7098 = EDGE_CURVE('',#7099,#7052,#7101,.T.);
#7099 = VERTEX_POINT('',#7100);
#7100 = CARTESIAN_POINT('',(-11.2,-10.62324495308,2.2));
#7101 = SURFACE_CURVE('',#7102,(#7106,#7112),.PCURVE_S1.);
#7102 = LINE('',#7103,#7104);
#7103 = CARTESIAN_POINT('',(-11.8,-10.27683479157,2.2));
#7104 = VECTOR('',#7105,1.);
#7105 = DIRECTION('',(-0.866025403784,0.5,0.));
#7106 = PCURVE('',#1415,#7107);
#7107 = DEFINITIONAL_REPRESENTATION('',(#7108),#7111);
#7108 = B_SPLINE_CURVE_WITH_KNOTS('',1,(#7109,#7110),.UNSPECIFIED.,.F.,
  .F.,(2,2),(-0.692820323028,5.080682368869),.PIECEWISE_BEZIER_KNOTS.);
#7109 = CARTESIAN_POINT('',(5.773502691896,-3.2));
#7110 = CARTESIAN_POINT('',(0.,-3.2));
#7111 = ( GEOMETRIC_REPRESENTATION_CONTEXT(2) 
PARAMETRIC_REPRESENTATION_CONTEXT() REPRESENTATION_CONTEXT('2D SPACE',''
  ) );
#7112 = PCURVE('',#5933,#7113);
#7113 = DEFINITIONAL_REPRESENTATION('',(#7114),#7117);
#7114 = B_SPLINE_CURVE_WITH_KNOTS('',1,(#7115,#7116),.UNSPECIFIED.,.F.,
  .F.,(2,2),(-0.692820323028,5.080682368869),.PIECEWISE_BEZIER_KNOTS.);
#7115 = CARTESIAN_POINT('',(-11.2,-10.62324495308));
#7116 = CARTESIAN_POINT('',(-16.2,-7.736493607141));
#7117 = ( GEOMETRIC_REPRESENTATION_CONTEXT(2) 
PARAMETRIC_REPRESENTATION_CONTEXT() REPRESENTATION_CONTEXT('2D SPACE',''
  ) );
#7118 = ORIENTED_EDGE('',*,*,#7119,.F.);
#7119 = EDGE_CURVE('',#1377,#7099,#7120,.T.);
#7120 = SURFACE_CURVE('',#7121,(#7125,#7132),.PCURVE_S1.);
#7121 = LINE('',#7122,#7123);
#7122 = CARTESIAN_POINT('',(-11.2,-10.62324495308,-1.));
#7123 = VECTOR('',#7124,1.);
#7124 = DIRECTION('',(0.,0.,1.));
#7125 = PCURVE('',#1415,#7126);
#7126 = DEFINITIONAL_REPRESENTATION('',(#7127),#7131);
#7127 = LINE('',#7128,#7129);
#7128 = CARTESIAN_POINT('',(5.773502691896,0.));
#7129 = VECTOR('',#7130,1.);
#7130 = DIRECTION('',(0.,-1.));
#7131 = ( GEOMETRIC_REPRESENTATION_CONTEXT(2) 
PARAMETRIC_REPRESENTATION_CONTEXT() REPRESENTATION_CONTEXT('2D SPACE',''
  ) );
#7132 = PCURVE('',#1391,#7133);
#7133 = DEFINITIONAL_REPRESENTATION('',(#7134),#7138);
#7134 = LINE('',#7135,#7136);
#7135 = CARTESIAN_POINT('',(0.,0.));
#7136 = VECTOR('',#7137,1.);
#7137 = DIRECTION('',(0.,-1.));
#7138 = ( GEOMETRIC_REPRESENTATION_CONTEXT(2) 
PARAMETRIC_REPRESENTATION_CONTEXT() REPRESENTATION_CONTEXT('2D SPACE',''
  ) );
#7139 = ADVANCED_FACE('',(#7140),#1391,.T.);
#7140 = FACE_BOUND('',#7141,.T.);
#7141 = EDGE_LOOP('',(#7142,#7143,#7144,#7165));
#7142 = ORIENTED_EDGE('',*,*,#1376,.T.);
#7143 = ORIENTED_EDGE('',*,*,#7119,.T.);
#7144 = ORIENTED_EDGE('',*,*,#7145,.F.);
#7145 = EDGE_CURVE('',#7146,#7099,#7148,.T.);
#7146 = VERTEX_POINT('',#7147);
#7147 = CARTESIAN_POINT('',(-6.2,-7.736493607141,2.2));
#7148 = SURFACE_CURVE('',#7149,(#7153,#7159),.PCURVE_S1.);
#7149 = LINE('',#7150,#7151);
#7150 = CARTESIAN_POINT('',(-4.7,-6.870468203357,2.2));
#7151 = VECTOR('',#7152,1.);
#7152 = DIRECTION('',(-0.866025403784,-0.5,0.));
#7153 = PCURVE('',#1391,#7154);
#7154 = DEFINITIONAL_REPRESENTATION('',(#7155),#7158);
#7155 = B_SPLINE_CURVE_WITH_KNOTS('',1,(#7156,#7157),.UNSPECIFIED.,.F.,
  .F.,(2,2),(1.732050807569,7.505553499465),.PIECEWISE_BEZIER_KNOTS.);
#7156 = CARTESIAN_POINT('',(5.773502691896,-3.2));
#7157 = CARTESIAN_POINT('',(0.,-3.2));
#7158 = ( GEOMETRIC_REPRESENTATION_CONTEXT(2) 
PARAMETRIC_REPRESENTATION_CONTEXT() REPRESENTATION_CONTEXT('2D SPACE',''
  ) );
#7159 = PCURVE('',#5933,#7160);
#7160 = DEFINITIONAL_REPRESENTATION('',(#7161),#7164);
#7161 = B_SPLINE_CURVE_WITH_KNOTS('',1,(#7162,#7163),.UNSPECIFIED.,.F.,
  .F.,(2,2),(1.732050807569,7.505553499465),.PIECEWISE_BEZIER_KNOTS.);
#7162 = CARTESIAN_POINT('',(-6.2,-7.736493607141));
#7163 = CARTESIAN_POINT('',(-11.2,-10.62324495308));
#7164 = ( GEOMETRIC_REPRESENTATION_CONTEXT(2) 
PARAMETRIC_REPRESENTATION_CONTEXT() REPRESENTATION_CONTEXT('2D SPACE',''
  ) );
#7165 = ORIENTED_EDGE('',*,*,#7166,.F.);
#7166 = EDGE_CURVE('',#1351,#7146,#7167,.T.);
#7167 = SURFACE_CURVE('',#7168,(#7172,#7179),.PCURVE_S1.);
#7168 = LINE('',#7169,#7170);
#7169 = CARTESIAN_POINT('',(-6.2,-7.736493607141,-1.));
#7170 = VECTOR('',#7171,1.);
#7171 = DIRECTION('',(0.,0.,1.));
#7172 = PCURVE('',#1391,#7173);
#7173 = DEFINITIONAL_REPRESENTATION('',(#7174),#7178);
#7174 = LINE('',#7175,#7176);
#7175 = CARTESIAN_POINT('',(5.773502691896,0.));
#7176 = VECTOR('',#7177,1.);
#7177 = DIRECTION('',(0.,-1.));
#7178 = ( GEOMETRIC_REPRESENTATION_CONTEXT(2) 
PARAMETRIC_REPRESENTATION_CONTEXT() REPRESENTATION_CONTEXT('2D SPACE',''
  ) );
#7179 = PCURVE('',#1365,#7180);
#7180 = DEFINITIONAL_REPRESENTATION('',(#7181),#7185);
#7181 = LINE('',#7182,#7183);
#7182 = CARTESIAN_POINT('',(0.,0.));
#7183 = VECTOR('',#7184,1.);
#7184 = DIRECTION('',(0.,-1.));
#7185 = ( GEOMETRIC_REPRESENTATION_CONTEXT(2) 
PARAMETRIC_REPRESENTATION_CONTEXT() REPRESENTATION_CONTEXT('2D SPACE',''
  ) );
#7186 = ADVANCED_FACE('',(#7187),#1365,.T.);
#7187 = FACE_BOUND('',#7188,.T.);
#7188 = EDGE_LOOP('',(#7189,#7190,#7191,#7212));
#7189 = ORIENTED_EDGE('',*,*,#1350,.T.);
#7190 = ORIENTED_EDGE('',*,*,#7166,.T.);
#7191 = ORIENTED_EDGE('',*,*,#7192,.F.);
#7192 = EDGE_CURVE('',#7193,#7146,#7195,.T.);
#7193 = VERTEX_POINT('',#7194);
#7194 = CARTESIAN_POINT('',(-6.2,-1.962990915245,2.2));
#7195 = SURFACE_CURVE('',#7196,(#7200,#7206),.PCURVE_S1.);
#7196 = LINE('',#7197,#7198);
#7197 = CARTESIAN_POINT('',(-6.2,-3.86824680357,2.2));
#7198 = VECTOR('',#7199,1.);
#7199 = DIRECTION('',(-1.538370149107E-16,-1.,0.));
#7200 = PCURVE('',#1365,#7201);
#7201 = DEFINITIONAL_REPRESENTATION('',(#7202),#7205);
#7202 = B_SPLINE_CURVE_WITH_KNOTS('',1,(#7203,#7204),.UNSPECIFIED.,.F.,
  .F.,(2,2),(-1.905255888326,3.86824680357),.PIECEWISE_BEZIER_KNOTS.);
#7203 = CARTESIAN_POINT('',(5.773502691896,-3.2));
#7204 = CARTESIAN_POINT('',(0.,-3.2));
#7205 = ( GEOMETRIC_REPRESENTATION_CONTEXT(2) 
PARAMETRIC_REPRESENTATION_CONTEXT() REPRESENTATION_CONTEXT('2D SPACE',''
  ) );
#7206 = PCURVE('',#5933,#7207);
#7207 = DEFINITIONAL_REPRESENTATION('',(#7208),#7211);
#7208 = B_SPLINE_CURVE_WITH_KNOTS('',1,(#7209,#7210),.UNSPECIFIED.,.F.,
  .F.,(2,2),(-1.905255888326,3.86824680357),.PIECEWISE_BEZIER_KNOTS.);
#7209 = CARTESIAN_POINT('',(-6.2,-1.962990915245));
#7210 = CARTESIAN_POINT('',(-6.2,-7.736493607141));
#7211 = ( GEOMETRIC_REPRESENTATION_CONTEXT(2) 
PARAMETRIC_REPRESENTATION_CONTEXT() REPRESENTATION_CONTEXT('2D SPACE',''
  ) );
#7212 = ORIENTED_EDGE('',*,*,#7213,.F.);
#7213 = EDGE_CURVE('',#1325,#7193,#7214,.T.);
#7214 = SURFACE_CURVE('',#7215,(#7219,#7226),.PCURVE_S1.);
#7215 = LINE('',#7216,#7217);
#7216 = CARTESIAN_POINT('',(-6.2,-1.962990915245,-1.));
#7217 = VECTOR('',#7218,1.);
#7218 = DIRECTION('',(0.,0.,1.));
#7219 = PCURVE('',#1365,#7220);
#7220 = DEFINITIONAL_REPRESENTATION('',(#7221),#7225);
#7221 = LINE('',#7222,#7223);
#7222 = CARTESIAN_POINT('',(5.773502691896,0.));
#7223 = VECTOR('',#7224,1.);
#7224 = DIRECTION('',(0.,-1.));
#7225 = ( GEOMETRIC_REPRESENTATION_CONTEXT(2) 
PARAMETRIC_REPRESENTATION_CONTEXT() REPRESENTATION_CONTEXT('2D SPACE',''
  ) );
#7226 = PCURVE('',#1339,#7227);
#7227 = DEFINITIONAL_REPRESENTATION('',(#7228),#7232);
#7228 = LINE('',#7229,#7230);
#7229 = CARTESIAN_POINT('',(0.,0.));
#7230 = VECTOR('',#7231,1.);
#7231 = DIRECTION('',(0.,-1.));
#7232 = ( GEOMETRIC_REPRESENTATION_CONTEXT(2) 
PARAMETRIC_REPRESENTATION_CONTEXT() REPRESENTATION_CONTEXT('2D SPACE',''
  ) );
#7233 = ADVANCED_FACE('',(#7234),#1339,.T.);
#7234 = FACE_BOUND('',#7235,.T.);
#7235 = EDGE_LOOP('',(#7236,#7237,#7238,#7259));
#7236 = ORIENTED_EDGE('',*,*,#1324,.T.);
#7237 = ORIENTED_EDGE('',*,*,#7213,.T.);
#7238 = ORIENTED_EDGE('',*,*,#7239,.F.);
#7239 = EDGE_CURVE('',#7240,#7193,#7242,.T.);
#7240 = VERTEX_POINT('',#7241);
#7241 = CARTESIAN_POINT('',(-11.2,0.923760430703,2.2));
#7242 = SURFACE_CURVE('',#7243,(#7247,#7253),.PCURVE_S1.);
#7243 = LINE('',#7244,#7245);
#7244 = CARTESIAN_POINT('',(-4.3,-3.059956426705,2.2));
#7245 = VECTOR('',#7246,1.);
#7246 = DIRECTION('',(0.866025403784,-0.5,0.));
#7247 = PCURVE('',#1339,#7248);
#7248 = DEFINITIONAL_REPRESENTATION('',(#7249),#7252);
#7249 = B_SPLINE_CURVE_WITH_KNOTS('',1,(#7250,#7251),.UNSPECIFIED.,.F.,
  .F.,(2,2),(-7.967433714817,-2.193931022921),.PIECEWISE_BEZIER_KNOTS.);
#7250 = CARTESIAN_POINT('',(5.773502691896,-3.2));
#7251 = CARTESIAN_POINT('',(0.,-3.2));
#7252 = ( GEOMETRIC_REPRESENTATION_CONTEXT(2) 
PARAMETRIC_REPRESENTATION_CONTEXT() REPRESENTATION_CONTEXT('2D SPACE',''
  ) );
#7253 = PCURVE('',#5933,#7254);
#7254 = DEFINITIONAL_REPRESENTATION('',(#7255),#7258);
#7255 = B_SPLINE_CURVE_WITH_KNOTS('',1,(#7256,#7257),.UNSPECIFIED.,.F.,
  .F.,(2,2),(-7.967433714817,-2.193931022921),.PIECEWISE_BEZIER_KNOTS.);
#7256 = CARTESIAN_POINT('',(-11.2,0.923760430703));
#7257 = CARTESIAN_POINT('',(-6.2,-1.962990915245));
#7258 = ( GEOMETRIC_REPRESENTATION_CONTEXT(2) 
PARAMETRIC_REPRESENTATION_CONTEXT() REPRESENTATION_CONTEXT('2D SPACE',''
  ) );
#7259 = ORIENTED_EDGE('',*,*,#7260,.F.);
#7260 = EDGE_CURVE('',#1299,#7240,#7261,.T.);
#7261 = SURFACE_CURVE('',#7262,(#7266,#7273),.PCURVE_S1.);
#7262 = LINE('',#7263,#7264);
#7263 = CARTESIAN_POINT('',(-11.2,0.923760430703,-1.));
#7264 = VECTOR('',#7265,1.);
#7265 = DIRECTION('',(0.,0.,1.));
#7266 = PCURVE('',#1339,#7267);
#7267 = DEFINITIONAL_REPRESENTATION('',(#7268),#7272);
#7268 = LINE('',#7269,#7270);
#7269 = CARTESIAN_POINT('',(5.773502691896,0.));
#7270 = VECTOR('',#7271,1.);
#7271 = DIRECTION('',(0.,-1.));
#7272 = ( GEOMETRIC_REPRESENTATION_CONTEXT(2) 
PARAMETRIC_REPRESENTATION_CONTEXT() REPRESENTATION_CONTEXT('2D SPACE',''
  ) );
#7273 = PCURVE('',#1313,#7274);
#7274 = DEFINITIONAL_REPRESENTATION('',(#7275),#7279);
#7275 = LINE('',#7276,#7277);
#7276 = CARTESIAN_POINT('',(0.,0.));
#7277 = VECTOR('',#7278,1.);
#7278 = DIRECTION('',(0.,-1.));
#7279 = ( GEOMETRIC_REPRESENTATION_CONTEXT(2) 
PARAMETRIC_REPRESENTATION_CONTEXT() REPRESENTATION_CONTEXT('2D SPACE',''
  ) );
#7280 = ADVANCED_FACE('',(#7281),#1313,.T.);
#7281 = FACE_BOUND('',#7282,.T.);
#7282 = EDGE_LOOP('',(#7283,#7284,#7285,#7304));
#7283 = ORIENTED_EDGE('',*,*,#1298,.T.);
#7284 = ORIENTED_EDGE('',*,*,#7260,.T.);
#7285 = ORIENTED_EDGE('',*,*,#7286,.F.);
#7286 = EDGE_CURVE('',#7029,#7240,#7287,.T.);
#7287 = SURFACE_CURVE('',#7288,(#7292,#7298),.PCURVE_S1.);
#7288 = LINE('',#7289,#7290);
#7289 = CARTESIAN_POINT('',(-7.2,3.233161507462,2.2));
#7290 = VECTOR('',#7291,1.);
#7291 = DIRECTION('',(0.866025403784,0.5,-0.));
#7292 = PCURVE('',#1313,#7293);
#7293 = DEFINITIONAL_REPRESENTATION('',(#7294),#7297);
#7294 = B_SPLINE_CURVE_WITH_KNOTS('',1,(#7295,#7296),.UNSPECIFIED.,.F.,
  .F.,(2,2),(-10.39230484541,-4.618802153517),.PIECEWISE_BEZIER_KNOTS.);
#7295 = CARTESIAN_POINT('',(5.773502691896,-3.2));
#7296 = CARTESIAN_POINT('',(0.,-3.2));
#7297 = ( GEOMETRIC_REPRESENTATION_CONTEXT(2) 
PARAMETRIC_REPRESENTATION_CONTEXT() REPRESENTATION_CONTEXT('2D SPACE',''
  ) );
#7298 = PCURVE('',#5933,#7299);
#7299 = DEFINITIONAL_REPRESENTATION('',(#7300),#7303);
#7300 = B_SPLINE_CURVE_WITH_KNOTS('',1,(#7301,#7302),.UNSPECIFIED.,.F.,
  .F.,(2,2),(-10.39230484541,-4.618802153517),.PIECEWISE_BEZIER_KNOTS.);
#7301 = CARTESIAN_POINT('',(-16.2,-1.962990915245));
#7302 = CARTESIAN_POINT('',(-11.2,0.923760430703));
#7303 = ( GEOMETRIC_REPRESENTATION_CONTEXT(2) 
PARAMETRIC_REPRESENTATION_CONTEXT() REPRESENTATION_CONTEXT('2D SPACE',''
  ) );
#7304 = ORIENTED_EDGE('',*,*,#7028,.F.);
#7305 = ADVANCED_FACE('',(#7306),#1445,.T.);
#7306 = FACE_BOUND('',#7307,.T.);
#7307 = EDGE_LOOP('',(#7308,#7309,#7332,#7353));
#7308 = ORIENTED_EDGE('',*,*,#1428,.T.);
#7309 = ORIENTED_EDGE('',*,*,#7310,.T.);
#7310 = EDGE_CURVE('',#1431,#7311,#7313,.T.);
#7311 = VERTEX_POINT('',#7312);
#7312 = CARTESIAN_POINT('',(-10.6,-11.66247543763,2.2));
#7313 = SURFACE_CURVE('',#7314,(#7318,#7325),.PCURVE_S1.);
#7314 = LINE('',#7315,#7316);
#7315 = CARTESIAN_POINT('',(-10.6,-11.66247543763,-1.));
#7316 = VECTOR('',#7317,1.);
#7317 = DIRECTION('',(0.,0.,1.));
#7318 = PCURVE('',#1445,#7319);
#7319 = DEFINITIONAL_REPRESENTATION('',(#7320),#7324);
#7320 = LINE('',#7321,#7322);
#7321 = CARTESIAN_POINT('',(0.,0.));
#7322 = VECTOR('',#7323,1.);
#7323 = DIRECTION('',(0.,-1.));
#7324 = ( GEOMETRIC_REPRESENTATION_CONTEXT(2) 
PARAMETRIC_REPRESENTATION_CONTEXT() REPRESENTATION_CONTEXT('2D SPACE',''
  ) );
#7325 = PCURVE('',#1471,#7326);
#7326 = DEFINITIONAL_REPRESENTATION('',(#7327),#7331);
#7327 = LINE('',#7328,#7329);
#7328 = CARTESIAN_POINT('',(5.773502691896,0.));
#7329 = VECTOR('',#7330,1.);
#7330 = DIRECTION('',(0.,-1.));
#7331 = ( GEOMETRIC_REPRESENTATION_CONTEXT(2) 
PARAMETRIC_REPRESENTATION_CONTEXT() REPRESENTATION_CONTEXT('2D SPACE',''
  ) );
#7332 = ORIENTED_EDGE('',*,*,#7333,.F.);
#7333 = EDGE_CURVE('',#7334,#7311,#7336,.T.);
#7334 = VERTEX_POINT('',#7335);
#7335 = CARTESIAN_POINT('',(-10.6,-17.43597812952,2.2));
#7336 = SURFACE_CURVE('',#7337,(#7341,#7347),.PCURVE_S1.);
#7337 = LINE('',#7338,#7339);
#7338 = CARTESIAN_POINT('',(-10.6,-5.831237718815,2.2));
#7339 = VECTOR('',#7340,1.);
#7340 = DIRECTION('',(4.615110447321E-16,1.,-0.));
#7341 = PCURVE('',#1445,#7342);
#7342 = DEFINITIONAL_REPRESENTATION('',(#7343),#7346);
#7343 = B_SPLINE_CURVE_WITH_KNOTS('',1,(#7344,#7345),.UNSPECIFIED.,.F.,
  .F.,(2,2),(-11.60474041071,-5.831237718815),.PIECEWISE_BEZIER_KNOTS.);
#7344 = CARTESIAN_POINT('',(5.773502691896,-3.2));
#7345 = CARTESIAN_POINT('',(0.,-3.2));
#7346 = ( GEOMETRIC_REPRESENTATION_CONTEXT(2) 
PARAMETRIC_REPRESENTATION_CONTEXT() REPRESENTATION_CONTEXT('2D SPACE',''
  ) );
#7347 = PCURVE('',#5933,#7348);
#7348 = DEFINITIONAL_REPRESENTATION('',(#7349),#7352);
#7349 = B_SPLINE_CURVE_WITH_KNOTS('',1,(#7350,#7351),.UNSPECIFIED.,.F.,
  .F.,(2,2),(-11.60474041071,-5.831237718815),.PIECEWISE_BEZIER_KNOTS.);
#7350 = CARTESIAN_POINT('',(-10.6,-17.43597812952));
#7351 = CARTESIAN_POINT('',(-10.6,-11.66247543763));
#7352 = ( GEOMETRIC_REPRESENTATION_CONTEXT(2) 
PARAMETRIC_REPRESENTATION_CONTEXT() REPRESENTATION_CONTEXT('2D SPACE',''
  ) );
#7353 = ORIENTED_EDGE('',*,*,#7354,.F.);
#7354 = EDGE_CURVE('',#1429,#7334,#7355,.T.);
#7355 = SURFACE_CURVE('',#7356,(#7360,#7367),.PCURVE_S1.);
#7356 = LINE('',#7357,#7358);
#7357 = CARTESIAN_POINT('',(-10.6,-17.43597812952,-1.));
#7358 = VECTOR('',#7359,1.);
#7359 = DIRECTION('',(0.,0.,1.));
#7360 = PCURVE('',#1445,#7361);
#7361 = DEFINITIONAL_REPRESENTATION('',(#7362),#7366);
#7362 = LINE('',#7363,#7364);
#7363 = CARTESIAN_POINT('',(5.773502691896,0.));
#7364 = VECTOR('',#7365,1.);
#7365 = DIRECTION('',(0.,-1.));
#7366 = ( GEOMETRIC_REPRESENTATION_CONTEXT(2) 
PARAMETRIC_REPRESENTATION_CONTEXT() REPRESENTATION_CONTEXT('2D SPACE',''
  ) );
#7367 = PCURVE('',#1573,#7368);
#7368 = DEFINITIONAL_REPRESENTATION('',(#7369),#7373);
#7369 = LINE('',#7370,#7371);
#7370 = CARTESIAN_POINT('',(0.,0.));
#7371 = VECTOR('',#7372,1.);
#7372 = DIRECTION('',(0.,-1.));
#7373 = ( GEOMETRIC_REPRESENTATION_CONTEXT(2) 
PARAMETRIC_REPRESENTATION_CONTEXT() REPRESENTATION_CONTEXT('2D SPACE',''
  ) );
#7374 = ADVANCED_FACE('',(#7375),#1573,.T.);
#7375 = FACE_BOUND('',#7376,.T.);
#7376 = EDGE_LOOP('',(#7377,#7378,#7379,#7400));
#7377 = ORIENTED_EDGE('',*,*,#1560,.T.);
#7378 = ORIENTED_EDGE('',*,*,#7354,.T.);
#7379 = ORIENTED_EDGE('',*,*,#7380,.F.);
#7380 = EDGE_CURVE('',#7381,#7334,#7383,.T.);
#7381 = VERTEX_POINT('',#7382);
#7382 = CARTESIAN_POINT('',(-5.6,-20.32272947547,2.2));
#7383 = SURFACE_CURVE('',#7384,(#7388,#7394),.PCURVE_S1.);
#7384 = LINE('',#7385,#7386);
#7385 = CARTESIAN_POINT('',(-10.4,-17.55144818336,2.2));
#7386 = VECTOR('',#7387,1.);
#7387 = DIRECTION('',(-0.866025403784,0.5,0.));
#7388 = PCURVE('',#1573,#7389);
#7389 = DEFINITIONAL_REPRESENTATION('',(#7390),#7393);
#7390 = B_SPLINE_CURVE_WITH_KNOTS('',1,(#7391,#7392),.UNSPECIFIED.,.F.,
  .F.,(2,2),(-5.54256258422,0.230940107676),.PIECEWISE_BEZIER_KNOTS.);
#7391 = CARTESIAN_POINT('',(5.773502691896,-3.2));
#7392 = CARTESIAN_POINT('',(0.,-3.2));
#7393 = ( GEOMETRIC_REPRESENTATION_CONTEXT(2) 
PARAMETRIC_REPRESENTATION_CONTEXT() REPRESENTATION_CONTEXT('2D SPACE',''
  ) );
#7394 = PCURVE('',#5933,#7395);
#7395 = DEFINITIONAL_REPRESENTATION('',(#7396),#7399);
#7396 = B_SPLINE_CURVE_WITH_KNOTS('',1,(#7397,#7398),.UNSPECIFIED.,.F.,
  .F.,(2,2),(-5.54256258422,0.230940107676),.PIECEWISE_BEZIER_KNOTS.);
#7397 = CARTESIAN_POINT('',(-5.6,-20.32272947547));
#7398 = CARTESIAN_POINT('',(-10.6,-17.43597812952));
#7399 = ( GEOMETRIC_REPRESENTATION_CONTEXT(2) 
PARAMETRIC_REPRESENTATION_CONTEXT() REPRESENTATION_CONTEXT('2D SPACE',''
  ) );
#7400 = ORIENTED_EDGE('',*,*,#7401,.F.);
#7401 = EDGE_CURVE('',#1535,#7381,#7402,.T.);
#7402 = SURFACE_CURVE('',#7403,(#7407,#7414),.PCURVE_S1.);
#7403 = LINE('',#7404,#7405);
#7404 = CARTESIAN_POINT('',(-5.6,-20.32272947547,-1.));
#7405 = VECTOR('',#7406,1.);
#7406 = DIRECTION('',(0.,0.,1.));
#7407 = PCURVE('',#1573,#7408);
#7408 = DEFINITIONAL_REPRESENTATION('',(#7409),#7413);
#7409 = LINE('',#7410,#7411);
#7410 = CARTESIAN_POINT('',(5.773502691896,0.));
#7411 = VECTOR('',#7412,1.);
#7412 = DIRECTION('',(0.,-1.));
#7413 = ( GEOMETRIC_REPRESENTATION_CONTEXT(2) 
PARAMETRIC_REPRESENTATION_CONTEXT() REPRESENTATION_CONTEXT('2D SPACE',''
  ) );
#7414 = PCURVE('',#1549,#7415);
#7415 = DEFINITIONAL_REPRESENTATION('',(#7416),#7420);
#7416 = LINE('',#7417,#7418);
#7417 = CARTESIAN_POINT('',(0.,0.));
#7418 = VECTOR('',#7419,1.);
#7419 = DIRECTION('',(0.,-1.));
#7420 = ( GEOMETRIC_REPRESENTATION_CONTEXT(2) 
PARAMETRIC_REPRESENTATION_CONTEXT() REPRESENTATION_CONTEXT('2D SPACE',''
  ) );
#7421 = ADVANCED_FACE('',(#7422),#1549,.T.);
#7422 = FACE_BOUND('',#7423,.T.);
#7423 = EDGE_LOOP('',(#7424,#7425,#7426,#7447));
#7424 = ORIENTED_EDGE('',*,*,#1534,.T.);
#7425 = ORIENTED_EDGE('',*,*,#7401,.T.);
#7426 = ORIENTED_EDGE('',*,*,#7427,.F.);
#7427 = EDGE_CURVE('',#7428,#7381,#7430,.T.);
#7428 = VERTEX_POINT('',#7429);
#7429 = CARTESIAN_POINT('',(-0.6,-17.43597812952,2.2));
#7430 = SURFACE_CURVE('',#7431,(#7435,#7441),.PCURVE_S1.);
#7431 = LINE('',#7432,#7433);
#7432 = CARTESIAN_POINT('',(0.9,-16.56995272574,2.2));
#7433 = VECTOR('',#7434,1.);
#7434 = DIRECTION('',(-0.866025403784,-0.5,0.));
#7435 = PCURVE('',#1549,#7436);
#7436 = DEFINITIONAL_REPRESENTATION('',(#7437),#7440);
#7437 = B_SPLINE_CURVE_WITH_KNOTS('',1,(#7438,#7439),.UNSPECIFIED.,.F.,
  .F.,(2,2),(1.732050807569,7.505553499465),.PIECEWISE_BEZIER_KNOTS.);
#7438 = CARTESIAN_POINT('',(5.773502691896,-3.2));
#7439 = CARTESIAN_POINT('',(0.,-3.2));
#7440 = ( GEOMETRIC_REPRESENTATION_CONTEXT(2) 
PARAMETRIC_REPRESENTATION_CONTEXT() REPRESENTATION_CONTEXT('2D SPACE',''
  ) );
#7441 = PCURVE('',#5933,#7442);
#7442 = DEFINITIONAL_REPRESENTATION('',(#7443),#7446);
#7443 = B_SPLINE_CURVE_WITH_KNOTS('',1,(#7444,#7445),.UNSPECIFIED.,.F.,
  .F.,(2,2),(1.732050807569,7.505553499465),.PIECEWISE_BEZIER_KNOTS.);
#7444 = CARTESIAN_POINT('',(-0.6,-17.43597812952));
#7445 = CARTESIAN_POINT('',(-5.6,-20.32272947547));
#7446 = ( GEOMETRIC_REPRESENTATION_CONTEXT(2) 
PARAMETRIC_REPRESENTATION_CONTEXT() REPRESENTATION_CONTEXT('2D SPACE',''
  ) );
#7447 = ORIENTED_EDGE('',*,*,#7448,.F.);
#7448 = EDGE_CURVE('',#1509,#7428,#7449,.T.);
#7449 = SURFACE_CURVE('',#7450,(#7454,#7461),.PCURVE_S1.);
#7450 = LINE('',#7451,#7452);
#7451 = CARTESIAN_POINT('',(-0.6,-17.43597812952,-1.));
#7452 = VECTOR('',#7453,1.);
#7453 = DIRECTION('',(0.,0.,1.));
#7454 = PCURVE('',#1549,#7455);
#7455 = DEFINITIONAL_REPRESENTATION('',(#7456),#7460);
#7456 = LINE('',#7457,#7458);
#7457 = CARTESIAN_POINT('',(5.773502691896,0.));
#7458 = VECTOR('',#7459,1.);
#7459 = DIRECTION('',(0.,-1.));
#7460 = ( GEOMETRIC_REPRESENTATION_CONTEXT(2) 
PARAMETRIC_REPRESENTATION_CONTEXT() REPRESENTATION_CONTEXT('2D SPACE',''
  ) );
#7461 = PCURVE('',#1523,#7462);
#7462 = DEFINITIONAL_REPRESENTATION('',(#7463),#7467);
#7463 = LINE('',#7464,#7465);
#7464 = CARTESIAN_POINT('',(0.,0.));
#7465 = VECTOR('',#7466,1.);
#7466 = DIRECTION('',(0.,-1.));
#7467 = ( GEOMETRIC_REPRESENTATION_CONTEXT(2) 
PARAMETRIC_REPRESENTATION_CONTEXT() REPRESENTATION_CONTEXT('2D SPACE',''
  ) );
#7468 = ADVANCED_FACE('',(#7469),#1523,.T.);
#7469 = FACE_BOUND('',#7470,.T.);
#7470 = EDGE_LOOP('',(#7471,#7472,#7473,#7494));
#7471 = ORIENTED_EDGE('',*,*,#1508,.T.);
#7472 = ORIENTED_EDGE('',*,*,#7448,.T.);
#7473 = ORIENTED_EDGE('',*,*,#7474,.F.);
#7474 = EDGE_CURVE('',#7475,#7428,#7477,.T.);
#7475 = VERTEX_POINT('',#7476);
#7476 = CARTESIAN_POINT('',(-0.6,-11.66247543763,2.2));
#7477 = SURFACE_CURVE('',#7478,(#7482,#7488),.PCURVE_S1.);
#7478 = LINE('',#7479,#7480);
#7479 = CARTESIAN_POINT('',(-0.6,-8.717989064763,2.2));
#7480 = VECTOR('',#7481,1.);
#7481 = DIRECTION('',(-1.538370149107E-16,-1.,0.));
#7482 = PCURVE('',#1523,#7483);
#7483 = DEFINITIONAL_REPRESENTATION('',(#7484),#7487);
#7484 = B_SPLINE_CURVE_WITH_KNOTS('',1,(#7485,#7486),.UNSPECIFIED.,.F.,
  .F.,(2,2),(2.944486372867,8.717989064763),.PIECEWISE_BEZIER_KNOTS.);
#7485 = CARTESIAN_POINT('',(5.773502691896,-3.2));
#7486 = CARTESIAN_POINT('',(0.,-3.2));
#7487 = ( GEOMETRIC_REPRESENTATION_CONTEXT(2) 
PARAMETRIC_REPRESENTATION_CONTEXT() REPRESENTATION_CONTEXT('2D SPACE',''
  ) );
#7488 = PCURVE('',#5933,#7489);
#7489 = DEFINITIONAL_REPRESENTATION('',(#7490),#7493);
#7490 = B_SPLINE_CURVE_WITH_KNOTS('',1,(#7491,#7492),.UNSPECIFIED.,.F.,
  .F.,(2,2),(2.944486372867,8.717989064763),.PIECEWISE_BEZIER_KNOTS.);
#7491 = CARTESIAN_POINT('',(-0.6,-11.66247543763));
#7492 = CARTESIAN_POINT('',(-0.6,-17.43597812952));
#7493 = ( GEOMETRIC_REPRESENTATION_CONTEXT(2) 
PARAMETRIC_REPRESENTATION_CONTEXT() REPRESENTATION_CONTEXT('2D SPACE',''
  ) );
#7494 = ORIENTED_EDGE('',*,*,#7495,.F.);
#7495 = EDGE_CURVE('',#1483,#7475,#7496,.T.);
#7496 = SURFACE_CURVE('',#7497,(#7501,#7508),.PCURVE_S1.);
#7497 = LINE('',#7498,#7499);
#7498 = CARTESIAN_POINT('',(-0.6,-11.66247543763,-1.));
#7499 = VECTOR('',#7500,1.);
#7500 = DIRECTION('',(0.,0.,1.));
#7501 = PCURVE('',#1523,#7502);
#7502 = DEFINITIONAL_REPRESENTATION('',(#7503),#7507);
#7503 = LINE('',#7504,#7505);
#7504 = CARTESIAN_POINT('',(5.773502691896,0.));
#7505 = VECTOR('',#7506,1.);
#7506 = DIRECTION('',(0.,-1.));
#7507 = ( GEOMETRIC_REPRESENTATION_CONTEXT(2) 
PARAMETRIC_REPRESENTATION_CONTEXT() REPRESENTATION_CONTEXT('2D SPACE',''
  ) );
#7508 = PCURVE('',#1497,#7509);
#7509 = DEFINITIONAL_REPRESENTATION('',(#7510),#7514);
#7510 = LINE('',#7511,#7512);
#7511 = CARTESIAN_POINT('',(0.,0.));
#7512 = VECTOR('',#7513,1.);
#7513 = DIRECTION('',(0.,-1.));
#7514 = ( GEOMETRIC_REPRESENTATION_CONTEXT(2) 
PARAMETRIC_REPRESENTATION_CONTEXT() REPRESENTATION_CONTEXT('2D SPACE',''
  ) );
#7515 = ADVANCED_FACE('',(#7516),#1497,.T.);
#7516 = FACE_BOUND('',#7517,.T.);
#7517 = EDGE_LOOP('',(#7518,#7519,#7520,#7541));
#7518 = ORIENTED_EDGE('',*,*,#1482,.T.);
#7519 = ORIENTED_EDGE('',*,*,#7495,.T.);
#7520 = ORIENTED_EDGE('',*,*,#7521,.F.);
#7521 = EDGE_CURVE('',#7522,#7475,#7524,.T.);
#7522 = VERTEX_POINT('',#7523);
#7523 = CARTESIAN_POINT('',(-5.6,-8.775724091682,2.2));
#7524 = SURFACE_CURVE('',#7525,(#7529,#7535),.PCURVE_S1.);
#7525 = LINE('',#7526,#7527);
#7526 = CARTESIAN_POINT('',(-2.9,-10.33456981849,2.2));
#7527 = VECTOR('',#7528,1.);
#7528 = DIRECTION('',(0.866025403784,-0.5,0.));
#7529 = PCURVE('',#1497,#7530);
#7530 = DEFINITIONAL_REPRESENTATION('',(#7531),#7534);
#7531 = B_SPLINE_CURVE_WITH_KNOTS('',1,(#7532,#7533),.UNSPECIFIED.,.F.,
  .F.,(2,2),(-3.117691453624,2.655811238272),.PIECEWISE_BEZIER_KNOTS.);
#7532 = CARTESIAN_POINT('',(5.773502691896,-3.2));
#7533 = CARTESIAN_POINT('',(0.,-3.2));
#7534 = ( GEOMETRIC_REPRESENTATION_CONTEXT(2) 
PARAMETRIC_REPRESENTATION_CONTEXT() REPRESENTATION_CONTEXT('2D SPACE',''
  ) );
#7535 = PCURVE('',#5933,#7536);
#7536 = DEFINITIONAL_REPRESENTATION('',(#7537),#7540);
#7537 = B_SPLINE_CURVE_WITH_KNOTS('',1,(#7538,#7539),.UNSPECIFIED.,.F.,
  .F.,(2,2),(-3.117691453624,2.655811238272),.PIECEWISE_BEZIER_KNOTS.);
#7538 = CARTESIAN_POINT('',(-5.6,-8.775724091682));
#7539 = CARTESIAN_POINT('',(-0.6,-11.66247543763));
#7540 = ( GEOMETRIC_REPRESENTATION_CONTEXT(2) 
PARAMETRIC_REPRESENTATION_CONTEXT() REPRESENTATION_CONTEXT('2D SPACE',''
  ) );
#7541 = ORIENTED_EDGE('',*,*,#7542,.F.);
#7542 = EDGE_CURVE('',#1457,#7522,#7543,.T.);
#7543 = SURFACE_CURVE('',#7544,(#7548,#7555),.PCURVE_S1.);
#7544 = LINE('',#7545,#7546);
#7545 = CARTESIAN_POINT('',(-5.6,-8.775724091682,-1.));
#7546 = VECTOR('',#7547,1.);
#7547 = DIRECTION('',(0.,0.,1.));
#7548 = PCURVE('',#1497,#7549);
#7549 = DEFINITIONAL_REPRESENTATION('',(#7550),#7554);
#7550 = LINE('',#7551,#7552);
#7551 = CARTESIAN_POINT('',(5.773502691896,0.));
#7552 = VECTOR('',#7553,1.);
#7553 = DIRECTION('',(0.,-1.));
#7554 = ( GEOMETRIC_REPRESENTATION_CONTEXT(2) 
PARAMETRIC_REPRESENTATION_CONTEXT() REPRESENTATION_CONTEXT('2D SPACE',''
  ) );
#7555 = PCURVE('',#1471,#7556);
#7556 = DEFINITIONAL_REPRESENTATION('',(#7557),#7561);
#7557 = LINE('',#7558,#7559);
#7558 = CARTESIAN_POINT('',(0.,0.));
#7559 = VECTOR('',#7560,1.);
#7560 = DIRECTION('',(0.,-1.));
#7561 = ( GEOMETRIC_REPRESENTATION_CONTEXT(2) 
PARAMETRIC_REPRESENTATION_CONTEXT() REPRESENTATION_CONTEXT('2D SPACE',''
  ) );
#7562 = ADVANCED_FACE('',(#7563),#1471,.T.);
#7563 = FACE_BOUND('',#7564,.T.);
#7564 = EDGE_LOOP('',(#7565,#7566,#7567,#7586));
#7565 = ORIENTED_EDGE('',*,*,#1456,.T.);
#7566 = ORIENTED_EDGE('',*,*,#7542,.T.);
#7567 = ORIENTED_EDGE('',*,*,#7568,.F.);
#7568 = EDGE_CURVE('',#7311,#7522,#7569,.T.);
#7569 = SURFACE_CURVE('',#7570,(#7574,#7580),.PCURVE_S1.);
#7570 = LINE('',#7571,#7572);
#7571 = CARTESIAN_POINT('',(-1.6,-6.466323014924,2.2));
#7572 = VECTOR('',#7573,1.);
#7573 = DIRECTION('',(0.866025403784,0.5,-0.));
#7574 = PCURVE('',#1471,#7575);
#7575 = DEFINITIONAL_REPRESENTATION('',(#7576),#7579);
#7576 = B_SPLINE_CURVE_WITH_KNOTS('',1,(#7577,#7578),.UNSPECIFIED.,.F.,
  .F.,(2,2),(-10.39230484541,-4.618802153517),.PIECEWISE_BEZIER_KNOTS.);
#7577 = CARTESIAN_POINT('',(5.773502691896,-3.2));
#7578 = CARTESIAN_POINT('',(0.,-3.2));
#7579 = ( GEOMETRIC_REPRESENTATION_CONTEXT(2) 
PARAMETRIC_REPRESENTATION_CONTEXT() REPRESENTATION_CONTEXT('2D SPACE',''
  ) );
#7580 = PCURVE('',#5933,#7581);
#7581 = DEFINITIONAL_REPRESENTATION('',(#7582),#7585);
#7582 = B_SPLINE_CURVE_WITH_KNOTS('',1,(#7583,#7584),.UNSPECIFIED.,.F.,
  .F.,(2,2),(-10.39230484541,-4.618802153517),.PIECEWISE_BEZIER_KNOTS.);
#7583 = CARTESIAN_POINT('',(-10.6,-11.66247543763));
#7584 = CARTESIAN_POINT('',(-5.6,-8.775724091682));
#7585 = ( GEOMETRIC_REPRESENTATION_CONTEXT(2) 
PARAMETRIC_REPRESENTATION_CONTEXT() REPRESENTATION_CONTEXT('2D SPACE',''
  ) );
#7586 = ORIENTED_EDGE('',*,*,#7310,.F.);
#7587 = ADVANCED_FACE('',(#7588),#1603,.T.);
#7588 = FACE_BOUND('',#7589,.T.);
#7589 = EDGE_LOOP('',(#7590,#7591,#7614,#7635));
#7590 = ORIENTED_EDGE('',*,*,#1586,.T.);
#7591 = ORIENTED_EDGE('',*,*,#7592,.T.);
#7592 = EDGE_CURVE('',#1589,#7593,#7595,.T.);
#7593 = VERTEX_POINT('',#7594);
#7594 = CARTESIAN_POINT('',(0.6,-31.0614444824,2.2));
#7595 = SURFACE_CURVE('',#7596,(#7600,#7607),.PCURVE_S1.);
#7596 = LINE('',#7597,#7598);
#7597 = CARTESIAN_POINT('',(0.6,-31.0614444824,-1.));
#7598 = VECTOR('',#7599,1.);
#7599 = DIRECTION('',(0.,0.,1.));
#7600 = PCURVE('',#1603,#7601);
#7601 = DEFINITIONAL_REPRESENTATION('',(#7602),#7606);
#7602 = LINE('',#7603,#7604);
#7603 = CARTESIAN_POINT('',(0.,0.));
#7604 = VECTOR('',#7605,1.);
#7605 = DIRECTION('',(0.,-1.));
#7606 = ( GEOMETRIC_REPRESENTATION_CONTEXT(2) 
PARAMETRIC_REPRESENTATION_CONTEXT() REPRESENTATION_CONTEXT('2D SPACE',''
  ) );
#7607 = PCURVE('',#1629,#7608);
#7608 = DEFINITIONAL_REPRESENTATION('',(#7609),#7613);
#7609 = LINE('',#7610,#7611);
#7610 = CARTESIAN_POINT('',(5.773502691896,0.));
#7611 = VECTOR('',#7612,1.);
#7612 = DIRECTION('',(0.,-1.));
#7613 = ( GEOMETRIC_REPRESENTATION_CONTEXT(2) 
PARAMETRIC_REPRESENTATION_CONTEXT() REPRESENTATION_CONTEXT('2D SPACE',''
  ) );
#7614 = ORIENTED_EDGE('',*,*,#7615,.F.);
#7615 = EDGE_CURVE('',#7616,#7593,#7618,.T.);
#7616 = VERTEX_POINT('',#7617);
#7617 = CARTESIAN_POINT('',(0.6,-36.83494717429,2.2));
#7618 = SURFACE_CURVE('',#7619,(#7623,#7629),.PCURVE_S1.);
#7619 = LINE('',#7620,#7621);
#7620 = CARTESIAN_POINT('',(0.6,-15.5307222412,2.2));
#7621 = VECTOR('',#7622,1.);
#7622 = DIRECTION('',(4.615110447321E-16,1.,-0.));
#7623 = PCURVE('',#1603,#7624);
#7624 = DEFINITIONAL_REPRESENTATION('',(#7625),#7628);
#7625 = B_SPLINE_CURVE_WITH_KNOTS('',1,(#7626,#7627),.UNSPECIFIED.,.F.,
  .F.,(2,2),(-21.30422493309,-15.5307222412),.PIECEWISE_BEZIER_KNOTS.);
#7626 = CARTESIAN_POINT('',(5.773502691896,-3.2));
#7627 = CARTESIAN_POINT('',(0.,-3.2));
#7628 = ( GEOMETRIC_REPRESENTATION_CONTEXT(2) 
PARAMETRIC_REPRESENTATION_CONTEXT() REPRESENTATION_CONTEXT('2D SPACE',''
  ) );
#7629 = PCURVE('',#5933,#7630);
#7630 = DEFINITIONAL_REPRESENTATION('',(#7631),#7634);
#7631 = B_SPLINE_CURVE_WITH_KNOTS('',1,(#7632,#7633),.UNSPECIFIED.,.F.,
  .F.,(2,2),(-21.30422493309,-15.5307222412),.PIECEWISE_BEZIER_KNOTS.);
#7632 = CARTESIAN_POINT('',(0.6,-36.83494717429));
#7633 = CARTESIAN_POINT('',(0.6,-31.0614444824));
#7634 = ( GEOMETRIC_REPRESENTATION_CONTEXT(2) 
PARAMETRIC_REPRESENTATION_CONTEXT() REPRESENTATION_CONTEXT('2D SPACE',''
  ) );
#7635 = ORIENTED_EDGE('',*,*,#7636,.F.);
#7636 = EDGE_CURVE('',#1587,#7616,#7637,.T.);
#7637 = SURFACE_CURVE('',#7638,(#7642,#7649),.PCURVE_S1.);
#7638 = LINE('',#7639,#7640);
#7639 = CARTESIAN_POINT('',(0.6,-36.83494717429,-1.));
#7640 = VECTOR('',#7641,1.);
#7641 = DIRECTION('',(0.,0.,1.));
#7642 = PCURVE('',#1603,#7643);
#7643 = DEFINITIONAL_REPRESENTATION('',(#7644),#7648);
#7644 = LINE('',#7645,#7646);
#7645 = CARTESIAN_POINT('',(5.773502691896,0.));
#7646 = VECTOR('',#7647,1.);
#7647 = DIRECTION('',(0.,-1.));
#7648 = ( GEOMETRIC_REPRESENTATION_CONTEXT(2) 
PARAMETRIC_REPRESENTATION_CONTEXT() REPRESENTATION_CONTEXT('2D SPACE',''
  ) );
#7649 = PCURVE('',#1731,#7650);
#7650 = DEFINITIONAL_REPRESENTATION('',(#7651),#7655);
#7651 = LINE('',#7652,#7653);
#7652 = CARTESIAN_POINT('',(0.,0.));
#7653 = VECTOR('',#7654,1.);
#7654 = DIRECTION('',(0.,-1.));
#7655 = ( GEOMETRIC_REPRESENTATION_CONTEXT(2) 
PARAMETRIC_REPRESENTATION_CONTEXT() REPRESENTATION_CONTEXT('2D SPACE',''
  ) );
#7656 = ADVANCED_FACE('',(#7657),#1731,.T.);
#7657 = FACE_BOUND('',#7658,.T.);
#7658 = EDGE_LOOP('',(#7659,#7660,#7661,#7682));
#7659 = ORIENTED_EDGE('',*,*,#1718,.T.);
#7660 = ORIENTED_EDGE('',*,*,#7636,.T.);
#7661 = ORIENTED_EDGE('',*,*,#7662,.F.);
#7662 = EDGE_CURVE('',#7663,#7616,#7665,.T.);
#7663 = VERTEX_POINT('',#7664);
#7664 = CARTESIAN_POINT('',(5.6,-39.72169852024,2.2));
#7665 = SURFACE_CURVE('',#7666,(#7670,#7676),.PCURVE_S1.);
#7666 = LINE('',#7667,#7668);
#7667 = CARTESIAN_POINT('',(-7.6,-32.10067496694,2.2));
#7668 = VECTOR('',#7669,1.);
#7669 = DIRECTION('',(-0.866025403784,0.5,0.));
#7670 = PCURVE('',#1731,#7671);
#7671 = DEFINITIONAL_REPRESENTATION('',(#7672),#7675);
#7672 = B_SPLINE_CURVE_WITH_KNOTS('',1,(#7673,#7674),.UNSPECIFIED.,.F.,
  .F.,(2,2),(-15.2420471066,-9.46854441471),.PIECEWISE_BEZIER_KNOTS.);
#7673 = CARTESIAN_POINT('',(5.773502691896,-3.2));
#7674 = CARTESIAN_POINT('',(0.,-3.2));
#7675 = ( GEOMETRIC_REPRESENTATION_CONTEXT(2) 
PARAMETRIC_REPRESENTATION_CONTEXT() REPRESENTATION_CONTEXT('2D SPACE',''
  ) );
#7676 = PCURVE('',#5933,#7677);
#7677 = DEFINITIONAL_REPRESENTATION('',(#7678),#7681);
#7678 = B_SPLINE_CURVE_WITH_KNOTS('',1,(#7679,#7680),.UNSPECIFIED.,.F.,
  .F.,(2,2),(-15.2420471066,-9.46854441471),.PIECEWISE_BEZIER_KNOTS.);
#7679 = CARTESIAN_POINT('',(5.6,-39.72169852024));
#7680 = CARTESIAN_POINT('',(0.6,-36.83494717429));
#7681 = ( GEOMETRIC_REPRESENTATION_CONTEXT(2) 
PARAMETRIC_REPRESENTATION_CONTEXT() REPRESENTATION_CONTEXT('2D SPACE',''
  ) );
#7682 = ORIENTED_EDGE('',*,*,#7683,.F.);
#7683 = EDGE_CURVE('',#1693,#7663,#7684,.T.);
#7684 = SURFACE_CURVE('',#7685,(#7689,#7696),.PCURVE_S1.);
#7685 = LINE('',#7686,#7687);
#7686 = CARTESIAN_POINT('',(5.6,-39.72169852024,-1.));
#7687 = VECTOR('',#7688,1.);
#7688 = DIRECTION('',(0.,0.,1.));
#7689 = PCURVE('',#1731,#7690);
#7690 = DEFINITIONAL_REPRESENTATION('',(#7691),#7695);
#7691 = LINE('',#7692,#7693);
#7692 = CARTESIAN_POINT('',(5.773502691896,0.));
#7693 = VECTOR('',#7694,1.);
#7694 = DIRECTION('',(0.,-1.));
#7695 = ( GEOMETRIC_REPRESENTATION_CONTEXT(2) 
PARAMETRIC_REPRESENTATION_CONTEXT() REPRESENTATION_CONTEXT('2D SPACE',''
  ) );
#7696 = PCURVE('',#1707,#7697);
#7697 = DEFINITIONAL_REPRESENTATION('',(#7698),#7702);
#7698 = LINE('',#7699,#7700);
#7699 = CARTESIAN_POINT('',(0.,0.));
#7700 = VECTOR('',#7701,1.);
#7701 = DIRECTION('',(0.,-1.));
#7702 = ( GEOMETRIC_REPRESENTATION_CONTEXT(2) 
PARAMETRIC_REPRESENTATION_CONTEXT() REPRESENTATION_CONTEXT('2D SPACE',''
  ) );
#7703 = ADVANCED_FACE('',(#7704),#1707,.T.);
#7704 = FACE_BOUND('',#7705,.T.);
#7705 = EDGE_LOOP('',(#7706,#7707,#7708,#7729));
#7706 = ORIENTED_EDGE('',*,*,#1692,.T.);
#7707 = ORIENTED_EDGE('',*,*,#7683,.T.);
#7708 = ORIENTED_EDGE('',*,*,#7709,.F.);
#7709 = EDGE_CURVE('',#7710,#7663,#7712,.T.);
#7710 = VERTEX_POINT('',#7711);
#7711 = CARTESIAN_POINT('',(10.6,-36.83494717429,2.2));
#7712 = SURFACE_CURVE('',#7713,(#7717,#7723),.PCURVE_S1.);
#7713 = LINE('',#7714,#7715);
#7714 = CARTESIAN_POINT('',(12.1,-35.96892177051,2.2));
#7715 = VECTOR('',#7716,1.);
#7716 = DIRECTION('',(-0.866025403784,-0.5,0.));
#7717 = PCURVE('',#1707,#7718);
#7718 = DEFINITIONAL_REPRESENTATION('',(#7719),#7722);
#7719 = B_SPLINE_CURVE_WITH_KNOTS('',1,(#7720,#7721),.UNSPECIFIED.,.F.,
  .F.,(2,2),(1.732050807569,7.505553499465),.PIECEWISE_BEZIER_KNOTS.);
#7720 = CARTESIAN_POINT('',(5.773502691896,-3.2));
#7721 = CARTESIAN_POINT('',(0.,-3.2));
#7722 = ( GEOMETRIC_REPRESENTATION_CONTEXT(2) 
PARAMETRIC_REPRESENTATION_CONTEXT() REPRESENTATION_CONTEXT('2D SPACE',''
  ) );
#7723 = PCURVE('',#5933,#7724);
#7724 = DEFINITIONAL_REPRESENTATION('',(#7725),#7728);
#7725 = B_SPLINE_CURVE_WITH_KNOTS('',1,(#7726,#7727),.UNSPECIFIED.,.F.,
  .F.,(2,2),(1.732050807569,7.505553499465),.PIECEWISE_BEZIER_KNOTS.);
#7726 = CARTESIAN_POINT('',(10.6,-36.83494717429));
#7727 = CARTESIAN_POINT('',(5.6,-39.72169852024));
#7728 = ( GEOMETRIC_REPRESENTATION_CONTEXT(2) 
PARAMETRIC_REPRESENTATION_CONTEXT() REPRESENTATION_CONTEXT('2D SPACE',''
  ) );
#7729 = ORIENTED_EDGE('',*,*,#7730,.F.);
#7730 = EDGE_CURVE('',#1667,#7710,#7731,.T.);
#7731 = SURFACE_CURVE('',#7732,(#7736,#7743),.PCURVE_S1.);
#7732 = LINE('',#7733,#7734);
#7733 = CARTESIAN_POINT('',(10.6,-36.83494717429,-1.));
#7734 = VECTOR('',#7735,1.);
#7735 = DIRECTION('',(0.,0.,1.));
#7736 = PCURVE('',#1707,#7737);
#7737 = DEFINITIONAL_REPRESENTATION('',(#7738),#7742);
#7738 = LINE('',#7739,#7740);
#7739 = CARTESIAN_POINT('',(5.773502691896,0.));
#7740 = VECTOR('',#7741,1.);
#7741 = DIRECTION('',(0.,-1.));
#7742 = ( GEOMETRIC_REPRESENTATION_CONTEXT(2) 
PARAMETRIC_REPRESENTATION_CONTEXT() REPRESENTATION_CONTEXT('2D SPACE',''
  ) );
#7743 = PCURVE('',#1681,#7744);
#7744 = DEFINITIONAL_REPRESENTATION('',(#7745),#7749);
#7745 = LINE('',#7746,#7747);
#7746 = CARTESIAN_POINT('',(0.,0.));
#7747 = VECTOR('',#7748,1.);
#7748 = DIRECTION('',(0.,-1.));
#7749 = ( GEOMETRIC_REPRESENTATION_CONTEXT(2) 
PARAMETRIC_REPRESENTATION_CONTEXT() REPRESENTATION_CONTEXT('2D SPACE',''
  ) );
#7750 = ADVANCED_FACE('',(#7751),#1681,.T.);
#7751 = FACE_BOUND('',#7752,.T.);
#7752 = EDGE_LOOP('',(#7753,#7754,#7755,#7776));
#7753 = ORIENTED_EDGE('',*,*,#1666,.T.);
#7754 = ORIENTED_EDGE('',*,*,#7730,.T.);
#7755 = ORIENTED_EDGE('',*,*,#7756,.F.);
#7756 = EDGE_CURVE('',#7757,#7710,#7759,.T.);
#7757 = VERTEX_POINT('',#7758);
#7758 = CARTESIAN_POINT('',(10.6,-31.0614444824,2.2));
#7759 = SURFACE_CURVE('',#7760,(#7764,#7770),.PCURVE_S1.);
#7760 = LINE('',#7761,#7762);
#7761 = CARTESIAN_POINT('',(10.6,-18.41747358714,2.2));
#7762 = VECTOR('',#7763,1.);
#7763 = DIRECTION('',(-1.538370149107E-16,-1.,0.));
#7764 = PCURVE('',#1681,#7765);
#7765 = DEFINITIONAL_REPRESENTATION('',(#7766),#7769);
#7766 = B_SPLINE_CURVE_WITH_KNOTS('',1,(#7767,#7768),.UNSPECIFIED.,.F.,
  .F.,(2,2),(12.643970895253,18.417473587149),.PIECEWISE_BEZIER_KNOTS.);
#7767 = CARTESIAN_POINT('',(5.773502691896,-3.2));
#7768 = CARTESIAN_POINT('',(0.,-3.2));
#7769 = ( GEOMETRIC_REPRESENTATION_CONTEXT(2) 
PARAMETRIC_REPRESENTATION_CONTEXT() REPRESENTATION_CONTEXT('2D SPACE',''
  ) );
#7770 = PCURVE('',#5933,#7771);
#7771 = DEFINITIONAL_REPRESENTATION('',(#7772),#7775);
#7772 = B_SPLINE_CURVE_WITH_KNOTS('',1,(#7773,#7774),.UNSPECIFIED.,.F.,
  .F.,(2,2),(12.643970895253,18.417473587149),.PIECEWISE_BEZIER_KNOTS.);
#7773 = CARTESIAN_POINT('',(10.6,-31.0614444824));
#7774 = CARTESIAN_POINT('',(10.6,-36.83494717429));
#7775 = ( GEOMETRIC_REPRESENTATION_CONTEXT(2) 
PARAMETRIC_REPRESENTATION_CONTEXT() REPRESENTATION_CONTEXT('2D SPACE',''
  ) );
#7776 = ORIENTED_EDGE('',*,*,#7777,.F.);
#7777 = EDGE_CURVE('',#1641,#7757,#7778,.T.);
#7778 = SURFACE_CURVE('',#7779,(#7783,#7790),.PCURVE_S1.);
#7779 = LINE('',#7780,#7781);
#7780 = CARTESIAN_POINT('',(10.6,-31.0614444824,-1.));
#7781 = VECTOR('',#7782,1.);
#7782 = DIRECTION('',(0.,0.,1.));
#7783 = PCURVE('',#1681,#7784);
#7784 = DEFINITIONAL_REPRESENTATION('',(#7785),#7789);
#7785 = LINE('',#7786,#7787);
#7786 = CARTESIAN_POINT('',(5.773502691896,0.));
#7787 = VECTOR('',#7788,1.);
#7788 = DIRECTION('',(0.,-1.));
#7789 = ( GEOMETRIC_REPRESENTATION_CONTEXT(2) 
PARAMETRIC_REPRESENTATION_CONTEXT() REPRESENTATION_CONTEXT('2D SPACE',''
  ) );
#7790 = PCURVE('',#1655,#7791);
#7791 = DEFINITIONAL_REPRESENTATION('',(#7792),#7796);
#7792 = LINE('',#7793,#7794);
#7793 = CARTESIAN_POINT('',(0.,0.));
#7794 = VECTOR('',#7795,1.);
#7795 = DIRECTION('',(0.,-1.));
#7796 = ( GEOMETRIC_REPRESENTATION_CONTEXT(2) 
PARAMETRIC_REPRESENTATION_CONTEXT() REPRESENTATION_CONTEXT('2D SPACE',''
  ) );
#7797 = ADVANCED_FACE('',(#7798),#1655,.T.);
#7798 = FACE_BOUND('',#7799,.T.);
#7799 = EDGE_LOOP('',(#7800,#7801,#7802,#7823));
#7800 = ORIENTED_EDGE('',*,*,#1640,.T.);
#7801 = ORIENTED_EDGE('',*,*,#7777,.T.);
#7802 = ORIENTED_EDGE('',*,*,#7803,.F.);
#7803 = EDGE_CURVE('',#7804,#7757,#7806,.T.);
#7804 = VERTEX_POINT('',#7805);
#7805 = CARTESIAN_POINT('',(5.6,-28.17469313645,2.2));
#7806 = SURFACE_CURVE('',#7807,(#7811,#7817),.PCURVE_S1.);
#7807 = LINE('',#7808,#7809);
#7808 = CARTESIAN_POINT('',(-0.1,-24.88379660207,2.2));
#7809 = VECTOR('',#7810,1.);
#7810 = DIRECTION('',(0.866025403784,-0.5,0.));
#7811 = PCURVE('',#1655,#7812);
#7812 = DEFINITIONAL_REPRESENTATION('',(#7813),#7816);
#7813 = B_SPLINE_CURVE_WITH_KNOTS('',1,(#7814,#7815),.UNSPECIFIED.,.F.,
  .F.,(2,2),(6.581793068762,12.355295760658),.PIECEWISE_BEZIER_KNOTS.);
#7814 = CARTESIAN_POINT('',(5.773502691896,-3.2));
#7815 = CARTESIAN_POINT('',(0.,-3.2));
#7816 = ( GEOMETRIC_REPRESENTATION_CONTEXT(2) 
PARAMETRIC_REPRESENTATION_CONTEXT() REPRESENTATION_CONTEXT('2D SPACE',''
  ) );
#7817 = PCURVE('',#5933,#7818);
#7818 = DEFINITIONAL_REPRESENTATION('',(#7819),#7822);
#7819 = B_SPLINE_CURVE_WITH_KNOTS('',1,(#7820,#7821),.UNSPECIFIED.,.F.,
  .F.,(2,2),(6.581793068762,12.355295760658),.PIECEWISE_BEZIER_KNOTS.);
#7820 = CARTESIAN_POINT('',(5.6,-28.17469313645));
#7821 = CARTESIAN_POINT('',(10.6,-31.0614444824));
#7822 = ( GEOMETRIC_REPRESENTATION_CONTEXT(2) 
PARAMETRIC_REPRESENTATION_CONTEXT() REPRESENTATION_CONTEXT('2D SPACE',''
  ) );
#7823 = ORIENTED_EDGE('',*,*,#7824,.F.);
#7824 = EDGE_CURVE('',#1615,#7804,#7825,.T.);
#7825 = SURFACE_CURVE('',#7826,(#7830,#7837),.PCURVE_S1.);
#7826 = LINE('',#7827,#7828);
#7827 = CARTESIAN_POINT('',(5.6,-28.17469313645,-1.));
#7828 = VECTOR('',#7829,1.);
#7829 = DIRECTION('',(0.,0.,1.));
#7830 = PCURVE('',#1655,#7831);
#7831 = DEFINITIONAL_REPRESENTATION('',(#7832),#7836);
#7832 = LINE('',#7833,#7834);
#7833 = CARTESIAN_POINT('',(5.773502691896,0.));
#7834 = VECTOR('',#7835,1.);
#7835 = DIRECTION('',(0.,-1.));
#7836 = ( GEOMETRIC_REPRESENTATION_CONTEXT(2) 
PARAMETRIC_REPRESENTATION_CONTEXT() REPRESENTATION_CONTEXT('2D SPACE',''
  ) );
#7837 = PCURVE('',#1629,#7838);
#7838 = DEFINITIONAL_REPRESENTATION('',(#7839),#7843);
#7839 = LINE('',#7840,#7841);
#7840 = CARTESIAN_POINT('',(0.,0.));
#7841 = VECTOR('',#7842,1.);
#7842 = DIRECTION('',(0.,-1.));
#7843 = ( GEOMETRIC_REPRESENTATION_CONTEXT(2) 
PARAMETRIC_REPRESENTATION_CONTEXT() REPRESENTATION_CONTEXT('2D SPACE',''
  ) );
#7844 = ADVANCED_FACE('',(#7845),#1629,.T.);
#7845 = FACE_BOUND('',#7846,.T.);
#7846 = EDGE_LOOP('',(#7847,#7848,#7849,#7868));
#7847 = ORIENTED_EDGE('',*,*,#1614,.T.);
#7848 = ORIENTED_EDGE('',*,*,#7824,.T.);
#7849 = ORIENTED_EDGE('',*,*,#7850,.F.);
#7850 = EDGE_CURVE('',#7593,#7804,#7851,.T.);
#7851 = SURFACE_CURVE('',#7852,(#7856,#7862),.PCURVE_S1.);
#7852 = LINE('',#7853,#7854);
#7853 = CARTESIAN_POINT('',(9.6,-25.86529205969,2.2));
#7854 = VECTOR('',#7855,1.);
#7855 = DIRECTION('',(0.866025403784,0.5,-0.));
#7856 = PCURVE('',#1629,#7857);
#7857 = DEFINITIONAL_REPRESENTATION('',(#7858),#7861);
#7858 = B_SPLINE_CURVE_WITH_KNOTS('',1,(#7859,#7860),.UNSPECIFIED.,.F.,
  .F.,(2,2),(-10.39230484541,-4.618802153517),.PIECEWISE_BEZIER_KNOTS.);
#7859 = CARTESIAN_POINT('',(5.773502691896,-3.2));
#7860 = CARTESIAN_POINT('',(0.,-3.2));
#7861 = ( GEOMETRIC_REPRESENTATION_CONTEXT(2) 
PARAMETRIC_REPRESENTATION_CONTEXT() REPRESENTATION_CONTEXT('2D SPACE',''
  ) );
#7862 = PCURVE('',#5933,#7863);
#7863 = DEFINITIONAL_REPRESENTATION('',(#7864),#7867);
#7864 = B_SPLINE_CURVE_WITH_KNOTS('',1,(#7865,#7866),.UNSPECIFIED.,.F.,
  .F.,(2,2),(-10.39230484541,-4.618802153517),.PIECEWISE_BEZIER_KNOTS.);
#7865 = CARTESIAN_POINT('',(0.6,-31.0614444824));
#7866 = CARTESIAN_POINT('',(5.6,-28.17469313645));
#7867 = ( GEOMETRIC_REPRESENTATION_CONTEXT(2) 
PARAMETRIC_REPRESENTATION_CONTEXT() REPRESENTATION_CONTEXT('2D SPACE',''
  ) );
#7868 = ORIENTED_EDGE('',*,*,#7592,.F.);
#7869 = ADVANCED_FACE('',(#7870),#1761,.T.);
#7870 = FACE_BOUND('',#7871,.T.);
#7871 = EDGE_LOOP('',(#7872,#7873,#7896,#7917));
#7872 = ORIENTED_EDGE('',*,*,#1744,.T.);
#7873 = ORIENTED_EDGE('',*,*,#7874,.T.);
#7874 = EDGE_CURVE('',#1747,#7875,#7877,.T.);
#7875 = VERTEX_POINT('',#7876);
#7876 = CARTESIAN_POINT('',(-5.,-21.36195996001,2.2));
#7877 = SURFACE_CURVE('',#7878,(#7882,#7889),.PCURVE_S1.);
#7878 = LINE('',#7879,#7880);
#7879 = CARTESIAN_POINT('',(-5.,-21.36195996001,-1.));
#7880 = VECTOR('',#7881,1.);
#7881 = DIRECTION('',(0.,0.,1.));
#7882 = PCURVE('',#1761,#7883);
#7883 = DEFINITIONAL_REPRESENTATION('',(#7884),#7888);
#7884 = LINE('',#7885,#7886);
#7885 = CARTESIAN_POINT('',(0.,0.));
#7886 = VECTOR('',#7887,1.);
#7887 = DIRECTION('',(0.,-1.));
#7888 = ( GEOMETRIC_REPRESENTATION_CONTEXT(2) 
PARAMETRIC_REPRESENTATION_CONTEXT() REPRESENTATION_CONTEXT('2D SPACE',''
  ) );
#7889 = PCURVE('',#1787,#7890);
#7890 = DEFINITIONAL_REPRESENTATION('',(#7891),#7895);
#7891 = LINE('',#7892,#7893);
#7892 = CARTESIAN_POINT('',(5.773502691896,0.));
#7893 = VECTOR('',#7894,1.);
#7894 = DIRECTION('',(0.,-1.));
#7895 = ( GEOMETRIC_REPRESENTATION_CONTEXT(2) 
PARAMETRIC_REPRESENTATION_CONTEXT() REPRESENTATION_CONTEXT('2D SPACE',''
  ) );
#7896 = ORIENTED_EDGE('',*,*,#7897,.F.);
#7897 = EDGE_CURVE('',#7898,#7875,#7900,.T.);
#7898 = VERTEX_POINT('',#7899);
#7899 = CARTESIAN_POINT('',(-5.,-27.13546265191,2.2));
#7900 = SURFACE_CURVE('',#7901,(#7905,#7911),.PCURVE_S1.);
#7901 = LINE('',#7902,#7903);
#7902 = CARTESIAN_POINT('',(-5.,-10.68097998,2.2));
#7903 = VECTOR('',#7904,1.);
#7904 = DIRECTION('',(4.615110447321E-16,1.,-0.));
#7905 = PCURVE('',#1761,#7906);
#7906 = DEFINITIONAL_REPRESENTATION('',(#7907),#7910);
#7907 = B_SPLINE_CURVE_WITH_KNOTS('',1,(#7908,#7909),.UNSPECIFIED.,.F.,
  .F.,(2,2),(-16.4544826719,-10.68097998),.PIECEWISE_BEZIER_KNOTS.);
#7908 = CARTESIAN_POINT('',(5.773502691896,-3.2));
#7909 = CARTESIAN_POINT('',(0.,-3.2));
#7910 = ( GEOMETRIC_REPRESENTATION_CONTEXT(2) 
PARAMETRIC_REPRESENTATION_CONTEXT() REPRESENTATION_CONTEXT('2D SPACE',''
  ) );
#7911 = PCURVE('',#5933,#7912);
#7912 = DEFINITIONAL_REPRESENTATION('',(#7913),#7916);
#7913 = B_SPLINE_CURVE_WITH_KNOTS('',1,(#7914,#7915),.UNSPECIFIED.,.F.,
  .F.,(2,2),(-16.4544826719,-10.68097998),.PIECEWISE_BEZIER_KNOTS.);
#7914 = CARTESIAN_POINT('',(-5.,-27.13546265191));
#7915 = CARTESIAN_POINT('',(-5.,-21.36195996001));
#7916 = ( GEOMETRIC_REPRESENTATION_CONTEXT(2) 
PARAMETRIC_REPRESENTATION_CONTEXT() REPRESENTATION_CONTEXT('2D SPACE',''
  ) );
#7917 = ORIENTED_EDGE('',*,*,#7918,.F.);
#7918 = EDGE_CURVE('',#1745,#7898,#7919,.T.);
#7919 = SURFACE_CURVE('',#7920,(#7924,#7931),.PCURVE_S1.);
#7920 = LINE('',#7921,#7922);
#7921 = CARTESIAN_POINT('',(-5.,-27.13546265191,-1.));
#7922 = VECTOR('',#7923,1.);
#7923 = DIRECTION('',(0.,0.,1.));
#7924 = PCURVE('',#1761,#7925);
#7925 = DEFINITIONAL_REPRESENTATION('',(#7926),#7930);
#7926 = LINE('',#7927,#7928);
#7927 = CARTESIAN_POINT('',(5.773502691896,0.));
#7928 = VECTOR('',#7929,1.);
#7929 = DIRECTION('',(0.,-1.));
#7930 = ( GEOMETRIC_REPRESENTATION_CONTEXT(2) 
PARAMETRIC_REPRESENTATION_CONTEXT() REPRESENTATION_CONTEXT('2D SPACE',''
  ) );
#7931 = PCURVE('',#1889,#7932);
#7932 = DEFINITIONAL_REPRESENTATION('',(#7933),#7937);
#7933 = LINE('',#7934,#7935);
#7934 = CARTESIAN_POINT('',(0.,0.));
#7935 = VECTOR('',#7936,1.);
#7936 = DIRECTION('',(0.,-1.));
#7937 = ( GEOMETRIC_REPRESENTATION_CONTEXT(2) 
PARAMETRIC_REPRESENTATION_CONTEXT() REPRESENTATION_CONTEXT('2D SPACE',''
  ) );
#7938 = ADVANCED_FACE('',(#7939),#1889,.T.);
#7939 = FACE_BOUND('',#7940,.T.);
#7940 = EDGE_LOOP('',(#7941,#7942,#7943,#7964));
#7941 = ORIENTED_EDGE('',*,*,#1876,.T.);
#7942 = ORIENTED_EDGE('',*,*,#7918,.T.);
#7943 = ORIENTED_EDGE('',*,*,#7944,.F.);
#7944 = EDGE_CURVE('',#7945,#7898,#7947,.T.);
#7945 = VERTEX_POINT('',#7946);
#7946 = CARTESIAN_POINT('',(7.157816006753E-16,-30.02221399786,2.2));
#7947 = SURFACE_CURVE('',#7948,(#7952,#7958),.PCURVE_S1.);
#7948 = LINE('',#7949,#7950);
#7949 = CARTESIAN_POINT('',(-9.,-24.82606157515,2.2));
#7950 = VECTOR('',#7951,1.);
#7951 = DIRECTION('',(-0.866025403784,0.5,0.));
#7952 = PCURVE('',#1889,#7953);
#7953 = DEFINITIONAL_REPRESENTATION('',(#7954),#7957);
#7954 = B_SPLINE_CURVE_WITH_KNOTS('',1,(#7955,#7956),.UNSPECIFIED.,.F.,
  .F.,(2,2),(-10.39230484541,-4.618802153517),.PIECEWISE_BEZIER_KNOTS.);
#7955 = CARTESIAN_POINT('',(5.773502691896,-3.2));
#7956 = CARTESIAN_POINT('',(0.,-3.2));
#7957 = ( GEOMETRIC_REPRESENTATION_CONTEXT(2) 
PARAMETRIC_REPRESENTATION_CONTEXT() REPRESENTATION_CONTEXT('2D SPACE',''
  ) );
#7958 = PCURVE('',#5933,#7959);
#7959 = DEFINITIONAL_REPRESENTATION('',(#7960),#7963);
#7960 = B_SPLINE_CURVE_WITH_KNOTS('',1,(#7961,#7962),.UNSPECIFIED.,.F.,
  .F.,(2,2),(-10.39230484541,-4.618802153517),.PIECEWISE_BEZIER_KNOTS.);
#7961 = CARTESIAN_POINT('',(2.803048828943E-15,-30.02221399786));
#7962 = CARTESIAN_POINT('',(-5.,-27.13546265191));
#7963 = ( GEOMETRIC_REPRESENTATION_CONTEXT(2) 
PARAMETRIC_REPRESENTATION_CONTEXT() REPRESENTATION_CONTEXT('2D SPACE',''
  ) );
#7964 = ORIENTED_EDGE('',*,*,#7965,.F.);
#7965 = EDGE_CURVE('',#1851,#7945,#7966,.T.);
#7966 = SURFACE_CURVE('',#7967,(#7971,#7978),.PCURVE_S1.);
#7967 = LINE('',#7968,#7969);
#7968 = CARTESIAN_POINT('',(7.157816006753E-16,-30.02221399786,-1.));
#7969 = VECTOR('',#7970,1.);
#7970 = DIRECTION('',(0.,0.,1.));
#7971 = PCURVE('',#1889,#7972);
#7972 = DEFINITIONAL_REPRESENTATION('',(#7973),#7977);
#7973 = LINE('',#7974,#7975);
#7974 = CARTESIAN_POINT('',(5.773502691896,0.));
#7975 = VECTOR('',#7976,1.);
#7976 = DIRECTION('',(0.,-1.));
#7977 = ( GEOMETRIC_REPRESENTATION_CONTEXT(2) 
PARAMETRIC_REPRESENTATION_CONTEXT() REPRESENTATION_CONTEXT('2D SPACE',''
  ) );
#7978 = PCURVE('',#1865,#7979);
#7979 = DEFINITIONAL_REPRESENTATION('',(#7980),#7984);
#7980 = LINE('',#7981,#7982);
#7981 = CARTESIAN_POINT('',(0.,0.));
#7982 = VECTOR('',#7983,1.);
#7983 = DIRECTION('',(0.,-1.));
#7984 = ( GEOMETRIC_REPRESENTATION_CONTEXT(2) 
PARAMETRIC_REPRESENTATION_CONTEXT() REPRESENTATION_CONTEXT('2D SPACE',''
  ) );
#7985 = ADVANCED_FACE('',(#7986),#1865,.T.);
#7986 = FACE_BOUND('',#7987,.T.);
#7987 = EDGE_LOOP('',(#7988,#7989,#7990,#8011));
#7988 = ORIENTED_EDGE('',*,*,#1850,.T.);
#7989 = ORIENTED_EDGE('',*,*,#7965,.T.);
#7990 = ORIENTED_EDGE('',*,*,#7991,.F.);
#7991 = EDGE_CURVE('',#7992,#7945,#7994,.T.);
#7992 = VERTEX_POINT('',#7993);
#7993 = CARTESIAN_POINT('',(5.,-27.13546265191,2.2));
#7994 = SURFACE_CURVE('',#7995,(#7999,#8005),.PCURVE_S1.);
#7995 = LINE('',#7996,#7997);
#7996 = CARTESIAN_POINT('',(6.5,-26.26943724812,2.2));
#7997 = VECTOR('',#7998,1.);
#7998 = DIRECTION('',(-0.866025403784,-0.5,0.));
#7999 = PCURVE('',#1865,#8000);
#8000 = DEFINITIONAL_REPRESENTATION('',(#8001),#8004);
#8001 = B_SPLINE_CURVE_WITH_KNOTS('',1,(#8002,#8003),.UNSPECIFIED.,.F.,
  .F.,(2,2),(1.732050807569,7.505553499465),.PIECEWISE_BEZIER_KNOTS.);
#8002 = CARTESIAN_POINT('',(5.773502691896,-3.2));
#8003 = CARTESIAN_POINT('',(0.,-3.2));
#8004 = ( GEOMETRIC_REPRESENTATION_CONTEXT(2) 
PARAMETRIC_REPRESENTATION_CONTEXT() REPRESENTATION_CONTEXT('2D SPACE',''
  ) );
#8005 = PCURVE('',#5933,#8006);
#8006 = DEFINITIONAL_REPRESENTATION('',(#8007),#8010);
#8007 = B_SPLINE_CURVE_WITH_KNOTS('',1,(#8008,#8009),.UNSPECIFIED.,.F.,
  .F.,(2,2),(1.732050807569,7.505553499465),.PIECEWISE_BEZIER_KNOTS.);
#8008 = CARTESIAN_POINT('',(5.,-27.13546265191));
#8009 = CARTESIAN_POINT('',(1.302795333802E-15,-30.02221399786));
#8010 = ( GEOMETRIC_REPRESENTATION_CONTEXT(2) 
PARAMETRIC_REPRESENTATION_CONTEXT() REPRESENTATION_CONTEXT('2D SPACE',''
  ) );
#8011 = ORIENTED_EDGE('',*,*,#8012,.F.);
#8012 = EDGE_CURVE('',#1825,#7992,#8013,.T.);
#8013 = SURFACE_CURVE('',#8014,(#8018,#8025),.PCURVE_S1.);
#8014 = LINE('',#8015,#8016);
#8015 = CARTESIAN_POINT('',(5.,-27.13546265191,-1.));
#8016 = VECTOR('',#8017,1.);
#8017 = DIRECTION('',(0.,0.,1.));
#8018 = PCURVE('',#1865,#8019);
#8019 = DEFINITIONAL_REPRESENTATION('',(#8020),#8024);
#8020 = LINE('',#8021,#8022);
#8021 = CARTESIAN_POINT('',(5.773502691896,0.));
#8022 = VECTOR('',#8023,1.);
#8023 = DIRECTION('',(0.,-1.));
#8024 = ( GEOMETRIC_REPRESENTATION_CONTEXT(2) 
PARAMETRIC_REPRESENTATION_CONTEXT() REPRESENTATION_CONTEXT('2D SPACE',''
  ) );
#8025 = PCURVE('',#1839,#8026);
#8026 = DEFINITIONAL_REPRESENTATION('',(#8027),#8031);
#8027 = LINE('',#8028,#8029);
#8028 = CARTESIAN_POINT('',(0.,0.));
#8029 = VECTOR('',#8030,1.);
#8030 = DIRECTION('',(0.,-1.));
#8031 = ( GEOMETRIC_REPRESENTATION_CONTEXT(2) 
PARAMETRIC_REPRESENTATION_CONTEXT() REPRESENTATION_CONTEXT('2D SPACE',''
  ) );
#8032 = ADVANCED_FACE('',(#8033),#1839,.T.);
#8033 = FACE_BOUND('',#8034,.T.);
#8034 = EDGE_LOOP('',(#8035,#8036,#8037,#8058));
#8035 = ORIENTED_EDGE('',*,*,#1824,.T.);
#8036 = ORIENTED_EDGE('',*,*,#8012,.T.);
#8037 = ORIENTED_EDGE('',*,*,#8038,.F.);
#8038 = EDGE_CURVE('',#8039,#7992,#8041,.T.);
#8039 = VERTEX_POINT('',#8040);
#8040 = CARTESIAN_POINT('',(5.,-21.36195996001,2.2));
#8041 = SURFACE_CURVE('',#8042,(#8046,#8052),.PCURVE_S1.);
#8042 = LINE('',#8043,#8044);
#8043 = CARTESIAN_POINT('',(5.,-13.56773132595,2.2));
#8044 = VECTOR('',#8045,1.);
#8045 = DIRECTION('',(-1.538370149107E-16,-1.,0.));
#8046 = PCURVE('',#1839,#8047);
#8047 = DEFINITIONAL_REPRESENTATION('',(#8048),#8051);
#8048 = B_SPLINE_CURVE_WITH_KNOTS('',1,(#8049,#8050),.UNSPECIFIED.,.F.,
  .F.,(2,2),(7.79422863406,13.567731325956),.PIECEWISE_BEZIER_KNOTS.);
#8049 = CARTESIAN_POINT('',(5.773502691896,-3.2));
#8050 = CARTESIAN_POINT('',(0.,-3.2));
#8051 = ( GEOMETRIC_REPRESENTATION_CONTEXT(2) 
PARAMETRIC_REPRESENTATION_CONTEXT() REPRESENTATION_CONTEXT('2D SPACE',''
  ) );
#8052 = PCURVE('',#5933,#8053);
#8053 = DEFINITIONAL_REPRESENTATION('',(#8054),#8057);
#8054 = B_SPLINE_CURVE_WITH_KNOTS('',1,(#8055,#8056),.UNSPECIFIED.,.F.,
  .F.,(2,2),(7.79422863406,13.567731325956),.PIECEWISE_BEZIER_KNOTS.);
#8055 = CARTESIAN_POINT('',(5.,-21.36195996001));
#8056 = CARTESIAN_POINT('',(5.,-27.13546265191));
#8057 = ( GEOMETRIC_REPRESENTATION_CONTEXT(2) 
PARAMETRIC_REPRESENTATION_CONTEXT() REPRESENTATION_CONTEXT('2D SPACE',''
  ) );
#8058 = ORIENTED_EDGE('',*,*,#8059,.F.);
#8059 = EDGE_CURVE('',#1799,#8039,#8060,.T.);
#8060 = SURFACE_CURVE('',#8061,(#8065,#8072),.PCURVE_S1.);
#8061 = LINE('',#8062,#8063);
#8062 = CARTESIAN_POINT('',(5.,-21.36195996001,-1.));
#8063 = VECTOR('',#8064,1.);
#8064 = DIRECTION('',(0.,0.,1.));
#8065 = PCURVE('',#1839,#8066);
#8066 = DEFINITIONAL_REPRESENTATION('',(#8067),#8071);
#8067 = LINE('',#8068,#8069);
#8068 = CARTESIAN_POINT('',(5.773502691896,0.));
#8069 = VECTOR('',#8070,1.);
#8070 = DIRECTION('',(0.,-1.));
#8071 = ( GEOMETRIC_REPRESENTATION_CONTEXT(2) 
PARAMETRIC_REPRESENTATION_CONTEXT() REPRESENTATION_CONTEXT('2D SPACE',''
  ) );
#8072 = PCURVE('',#1813,#8073);
#8073 = DEFINITIONAL_REPRESENTATION('',(#8074),#8078);
#8074 = LINE('',#8075,#8076);
#8075 = CARTESIAN_POINT('',(0.,0.));
#8076 = VECTOR('',#8077,1.);
#8077 = DIRECTION('',(0.,-1.));
#8078 = ( GEOMETRIC_REPRESENTATION_CONTEXT(2) 
PARAMETRIC_REPRESENTATION_CONTEXT() REPRESENTATION_CONTEXT('2D SPACE',''
  ) );
#8079 = ADVANCED_FACE('',(#8080),#1813,.T.);
#8080 = FACE_BOUND('',#8081,.T.);
#8081 = EDGE_LOOP('',(#8082,#8083,#8084,#8105));
#8082 = ORIENTED_EDGE('',*,*,#1798,.T.);
#8083 = ORIENTED_EDGE('',*,*,#8059,.T.);
#8084 = ORIENTED_EDGE('',*,*,#8085,.F.);
#8085 = EDGE_CURVE('',#8086,#8039,#8088,.T.);
#8086 = VERTEX_POINT('',#8087);
#8087 = CARTESIAN_POINT('',(2.129881918975E-15,-18.47520861406,2.2));
#8088 = SURFACE_CURVE('',#8089,(#8093,#8099),.PCURVE_S1.);
#8089 = LINE('',#8090,#8091);
#8090 = CARTESIAN_POINT('',(-1.5,-17.60918321028,2.2));
#8091 = VECTOR('',#8092,1.);
#8092 = DIRECTION('',(0.866025403784,-0.5,0.));
#8093 = PCURVE('',#1813,#8094);
#8094 = DEFINITIONAL_REPRESENTATION('',(#8095),#8098);
#8095 = B_SPLINE_CURVE_WITH_KNOTS('',1,(#8096,#8097),.UNSPECIFIED.,.F.,
  .F.,(2,2),(1.732050807569,7.505553499465),.PIECEWISE_BEZIER_KNOTS.);
#8096 = CARTESIAN_POINT('',(5.773502691896,-3.2));
#8097 = CARTESIAN_POINT('',(0.,-3.2));
#8098 = ( GEOMETRIC_REPRESENTATION_CONTEXT(2) 
PARAMETRIC_REPRESENTATION_CONTEXT() REPRESENTATION_CONTEXT('2D SPACE',''
  ) );
#8099 = PCURVE('',#5933,#8100);
#8100 = DEFINITIONAL_REPRESENTATION('',(#8101),#8104);
#8101 = B_SPLINE_CURVE_WITH_KNOTS('',1,(#8102,#8103),.UNSPECIFIED.,.F.,
  .F.,(2,2),(1.732050807569,7.505553499465),.PIECEWISE_BEZIER_KNOTS.);
#8102 = CARTESIAN_POINT('',(2.060439542865E-15,-18.47520861406));
#8103 = CARTESIAN_POINT('',(5.,-21.36195996001));
#8104 = ( GEOMETRIC_REPRESENTATION_CONTEXT(2) 
PARAMETRIC_REPRESENTATION_CONTEXT() REPRESENTATION_CONTEXT('2D SPACE',''
  ) );
#8105 = ORIENTED_EDGE('',*,*,#8106,.F.);
#8106 = EDGE_CURVE('',#1773,#8086,#8107,.T.);
#8107 = SURFACE_CURVE('',#8108,(#8112,#8119),.PCURVE_S1.);
#8108 = LINE('',#8109,#8110);
#8109 = CARTESIAN_POINT('',(2.129881918975E-15,-18.47520861406,-1.));
#8110 = VECTOR('',#8111,1.);
#8111 = DIRECTION('',(0.,0.,1.));
#8112 = PCURVE('',#1813,#8113);
#8113 = DEFINITIONAL_REPRESENTATION('',(#8114),#8118);
#8114 = LINE('',#8115,#8116);
#8115 = CARTESIAN_POINT('',(5.773502691896,0.));
#8116 = VECTOR('',#8117,1.);
#8117 = DIRECTION('',(0.,-1.));
#8118 = ( GEOMETRIC_REPRESENTATION_CONTEXT(2) 
PARAMETRIC_REPRESENTATION_CONTEXT() REPRESENTATION_CONTEXT('2D SPACE',''
  ) );
#8119 = PCURVE('',#1787,#8120);
#8120 = DEFINITIONAL_REPRESENTATION('',(#8121),#8125);
#8121 = LINE('',#8122,#8123);
#8122 = CARTESIAN_POINT('',(0.,0.));
#8123 = VECTOR('',#8124,1.);
#8124 = DIRECTION('',(0.,-1.));
#8125 = ( GEOMETRIC_REPRESENTATION_CONTEXT(2) 
PARAMETRIC_REPRESENTATION_CONTEXT() REPRESENTATION_CONTEXT('2D SPACE',''
  ) );
#8126 = ADVANCED_FACE('',(#8127),#1787,.T.);
#8127 = FACE_BOUND('',#8128,.T.);
#8128 = EDGE_LOOP('',(#8129,#8130,#8131,#8150));
#8129 = ORIENTED_EDGE('',*,*,#1772,.T.);
#8130 = ORIENTED_EDGE('',*,*,#8106,.T.);
#8131 = ORIENTED_EDGE('',*,*,#8132,.F.);
#8132 = EDGE_CURVE('',#7875,#8086,#8133,.T.);
#8133 = SURFACE_CURVE('',#8134,(#8138,#8144),.PCURVE_S1.);
#8134 = LINE('',#8135,#8136);
#8135 = CARTESIAN_POINT('',(4.,-16.16580753731,2.2));
#8136 = VECTOR('',#8137,1.);
#8137 = DIRECTION('',(0.866025403784,0.5,-0.));
#8138 = PCURVE('',#1787,#8139);
#8139 = DEFINITIONAL_REPRESENTATION('',(#8140),#8143);
#8140 = B_SPLINE_CURVE_WITH_KNOTS('',1,(#8141,#8142),.UNSPECIFIED.,.F.,
  .F.,(2,2),(-10.39230484541,-4.618802153517),.PIECEWISE_BEZIER_KNOTS.);
#8141 = CARTESIAN_POINT('',(5.773502691896,-3.2));
#8142 = CARTESIAN_POINT('',(0.,-3.2));
#8143 = ( GEOMETRIC_REPRESENTATION_CONTEXT(2) 
PARAMETRIC_REPRESENTATION_CONTEXT() REPRESENTATION_CONTEXT('2D SPACE',''
  ) );
#8144 = PCURVE('',#5933,#8145);
#8145 = DEFINITIONAL_REPRESENTATION('',(#8146),#8149);
#8146 = B_SPLINE_CURVE_WITH_KNOTS('',1,(#8147,#8148),.UNSPECIFIED.,.F.,
  .F.,(2,2),(-10.39230484541,-4.618802153517),.PIECEWISE_BEZIER_KNOTS.);
#8147 = CARTESIAN_POINT('',(-5.,-21.36195996001));
#8148 = CARTESIAN_POINT('',(3.402839304653E-15,-18.47520861406));
#8149 = ( GEOMETRIC_REPRESENTATION_CONTEXT(2) 
PARAMETRIC_REPRESENTATION_CONTEXT() REPRESENTATION_CONTEXT('2D SPACE',''
  ) );
#8150 = ORIENTED_EDGE('',*,*,#7874,.F.);
#8151 = ADVANCED_FACE('',(#8152),#1919,.T.);
#8152 = FACE_BOUND('',#8153,.T.);
#8153 = EDGE_LOOP('',(#8154,#8155,#8178,#8199));
#8154 = ORIENTED_EDGE('',*,*,#1902,.T.);
#8155 = ORIENTED_EDGE('',*,*,#8156,.T.);
#8156 = EDGE_CURVE('',#1905,#8157,#8159,.T.);
#8157 = VERTEX_POINT('',#8158);
#8158 = CARTESIAN_POINT('',(11.8,-31.0614444824,2.2));
#8159 = SURFACE_CURVE('',#8160,(#8164,#8171),.PCURVE_S1.);
#8160 = LINE('',#8161,#8162);
#8161 = CARTESIAN_POINT('',(11.8,-31.0614444824,-1.));
#8162 = VECTOR('',#8163,1.);
#8163 = DIRECTION('',(0.,0.,1.));
#8164 = PCURVE('',#1919,#8165);
#8165 = DEFINITIONAL_REPRESENTATION('',(#8166),#8170);
#8166 = LINE('',#8167,#8168);
#8167 = CARTESIAN_POINT('',(0.,0.));
#8168 = VECTOR('',#8169,1.);
#8169 = DIRECTION('',(0.,-1.));
#8170 = ( GEOMETRIC_REPRESENTATION_CONTEXT(2) 
PARAMETRIC_REPRESENTATION_CONTEXT() REPRESENTATION_CONTEXT('2D SPACE',''
  ) );
#8171 = PCURVE('',#1945,#8172);
#8172 = DEFINITIONAL_REPRESENTATION('',(#8173),#8177);
#8173 = LINE('',#8174,#8175);
#8174 = CARTESIAN_POINT('',(5.773502691896,0.));
#8175 = VECTOR('',#8176,1.);
#8176 = DIRECTION('',(0.,-1.));
#8177 = ( GEOMETRIC_REPRESENTATION_CONTEXT(2) 
PARAMETRIC_REPRESENTATION_CONTEXT() REPRESENTATION_CONTEXT('2D SPACE',''
  ) );
#8178 = ORIENTED_EDGE('',*,*,#8179,.F.);
#8179 = EDGE_CURVE('',#8180,#8157,#8182,.T.);
#8180 = VERTEX_POINT('',#8181);
#8181 = CARTESIAN_POINT('',(11.8,-36.83494717429,2.2));
#8182 = SURFACE_CURVE('',#8183,(#8187,#8193),.PCURVE_S1.);
#8183 = LINE('',#8184,#8185);
#8184 = CARTESIAN_POINT('',(11.8,-15.5307222412,2.2));
#8185 = VECTOR('',#8186,1.);
#8186 = DIRECTION('',(4.615110447321E-16,1.,-0.));
#8187 = PCURVE('',#1919,#8188);
#8188 = DEFINITIONAL_REPRESENTATION('',(#8189),#8192);
#8189 = B_SPLINE_CURVE_WITH_KNOTS('',1,(#8190,#8191),.UNSPECIFIED.,.F.,
  .F.,(2,2),(-21.30422493309,-15.5307222412),.PIECEWISE_BEZIER_KNOTS.);
#8190 = CARTESIAN_POINT('',(5.773502691896,-3.2));
#8191 = CARTESIAN_POINT('',(0.,-3.2));
#8192 = ( GEOMETRIC_REPRESENTATION_CONTEXT(2) 
PARAMETRIC_REPRESENTATION_CONTEXT() REPRESENTATION_CONTEXT('2D SPACE',''
  ) );
#8193 = PCURVE('',#5933,#8194);
#8194 = DEFINITIONAL_REPRESENTATION('',(#8195),#8198);
#8195 = B_SPLINE_CURVE_WITH_KNOTS('',1,(#8196,#8197),.UNSPECIFIED.,.F.,
  .F.,(2,2),(-21.30422493309,-15.5307222412),.PIECEWISE_BEZIER_KNOTS.);
#8196 = CARTESIAN_POINT('',(11.8,-36.83494717429));
#8197 = CARTESIAN_POINT('',(11.8,-31.0614444824));
#8198 = ( GEOMETRIC_REPRESENTATION_CONTEXT(2) 
PARAMETRIC_REPRESENTATION_CONTEXT() REPRESENTATION_CONTEXT('2D SPACE',''
  ) );
#8199 = ORIENTED_EDGE('',*,*,#8200,.F.);
#8200 = EDGE_CURVE('',#1903,#8180,#8201,.T.);
#8201 = SURFACE_CURVE('',#8202,(#8206,#8213),.PCURVE_S1.);
#8202 = LINE('',#8203,#8204);
#8203 = CARTESIAN_POINT('',(11.8,-36.83494717429,-1.));
#8204 = VECTOR('',#8205,1.);
#8205 = DIRECTION('',(0.,0.,1.));
#8206 = PCURVE('',#1919,#8207);
#8207 = DEFINITIONAL_REPRESENTATION('',(#8208),#8212);
#8208 = LINE('',#8209,#8210);
#8209 = CARTESIAN_POINT('',(5.773502691896,0.));
#8210 = VECTOR('',#8211,1.);
#8211 = DIRECTION('',(0.,-1.));
#8212 = ( GEOMETRIC_REPRESENTATION_CONTEXT(2) 
PARAMETRIC_REPRESENTATION_CONTEXT() REPRESENTATION_CONTEXT('2D SPACE',''
  ) );
#8213 = PCURVE('',#2047,#8214);
#8214 = DEFINITIONAL_REPRESENTATION('',(#8215),#8219);
#8215 = LINE('',#8216,#8217);
#8216 = CARTESIAN_POINT('',(0.,0.));
#8217 = VECTOR('',#8218,1.);
#8218 = DIRECTION('',(0.,-1.));
#8219 = ( GEOMETRIC_REPRESENTATION_CONTEXT(2) 
PARAMETRIC_REPRESENTATION_CONTEXT() REPRESENTATION_CONTEXT('2D SPACE',''
  ) );
#8220 = ADVANCED_FACE('',(#8221),#2047,.T.);
#8221 = FACE_BOUND('',#8222,.T.);
#8222 = EDGE_LOOP('',(#8223,#8224,#8225,#8246));
#8223 = ORIENTED_EDGE('',*,*,#2034,.T.);
#8224 = ORIENTED_EDGE('',*,*,#8200,.T.);
#8225 = ORIENTED_EDGE('',*,*,#8226,.F.);
#8226 = EDGE_CURVE('',#8227,#8180,#8229,.T.);
#8227 = VERTEX_POINT('',#8228);
#8228 = CARTESIAN_POINT('',(16.8,-39.72169852024,2.2));
#8229 = SURFACE_CURVE('',#8230,(#8234,#8240),.PCURVE_S1.);
#8230 = LINE('',#8231,#8232);
#8231 = CARTESIAN_POINT('',(-0.6,-29.67580383634,2.2));
#8232 = VECTOR('',#8233,1.);
#8233 = DIRECTION('',(-0.866025403784,0.5,0.));
#8234 = PCURVE('',#2047,#8235);
#8235 = DEFINITIONAL_REPRESENTATION('',(#8236),#8239);
#8236 = B_SPLINE_CURVE_WITH_KNOTS('',1,(#8237,#8238),.UNSPECIFIED.,.F.,
  .F.,(2,2),(-20.09178936779,-14.3182866759),.PIECEWISE_BEZIER_KNOTS.);
#8237 = CARTESIAN_POINT('',(5.773502691896,-3.2));
#8238 = CARTESIAN_POINT('',(0.,-3.2));
#8239 = ( GEOMETRIC_REPRESENTATION_CONTEXT(2) 
PARAMETRIC_REPRESENTATION_CONTEXT() REPRESENTATION_CONTEXT('2D SPACE',''
  ) );
#8240 = PCURVE('',#5933,#8241);
#8241 = DEFINITIONAL_REPRESENTATION('',(#8242),#8245);
#8242 = B_SPLINE_CURVE_WITH_KNOTS('',1,(#8243,#8244),.UNSPECIFIED.,.F.,
  .F.,(2,2),(-20.09178936779,-14.3182866759),.PIECEWISE_BEZIER_KNOTS.);
#8243 = CARTESIAN_POINT('',(16.8,-39.72169852024));
#8244 = CARTESIAN_POINT('',(11.8,-36.83494717429));
#8245 = ( GEOMETRIC_REPRESENTATION_CONTEXT(2) 
PARAMETRIC_REPRESENTATION_CONTEXT() REPRESENTATION_CONTEXT('2D SPACE',''
  ) );
#8246 = ORIENTED_EDGE('',*,*,#8247,.F.);
#8247 = EDGE_CURVE('',#2009,#8227,#8248,.T.);
#8248 = SURFACE_CURVE('',#8249,(#8253,#8260),.PCURVE_S1.);
#8249 = LINE('',#8250,#8251);
#8250 = CARTESIAN_POINT('',(16.8,-39.72169852024,-1.));
#8251 = VECTOR('',#8252,1.);
#8252 = DIRECTION('',(0.,0.,1.));
#8253 = PCURVE('',#2047,#8254);
#8254 = DEFINITIONAL_REPRESENTATION('',(#8255),#8259);
#8255 = LINE('',#8256,#8257);
#8256 = CARTESIAN_POINT('',(5.773502691896,0.));
#8257 = VECTOR('',#8258,1.);
#8258 = DIRECTION('',(0.,-1.));
#8259 = ( GEOMETRIC_REPRESENTATION_CONTEXT(2) 
PARAMETRIC_REPRESENTATION_CONTEXT() REPRESENTATION_CONTEXT('2D SPACE',''
  ) );
#8260 = PCURVE('',#2023,#8261);
#8261 = DEFINITIONAL_REPRESENTATION('',(#8262),#8266);
#8262 = LINE('',#8263,#8264);
#8263 = CARTESIAN_POINT('',(0.,0.));
#8264 = VECTOR('',#8265,1.);
#8265 = DIRECTION('',(0.,-1.));
#8266 = ( GEOMETRIC_REPRESENTATION_CONTEXT(2) 
PARAMETRIC_REPRESENTATION_CONTEXT() REPRESENTATION_CONTEXT('2D SPACE',''
  ) );
#8267 = ADVANCED_FACE('',(#8268),#2023,.T.);
#8268 = FACE_BOUND('',#8269,.T.);
#8269 = EDGE_LOOP('',(#8270,#8271,#8272,#8293));
#8270 = ORIENTED_EDGE('',*,*,#2008,.T.);
#8271 = ORIENTED_EDGE('',*,*,#8247,.T.);
#8272 = ORIENTED_EDGE('',*,*,#8273,.F.);
#8273 = EDGE_CURVE('',#8274,#8227,#8276,.T.);
#8274 = VERTEX_POINT('',#8275);
#8275 = CARTESIAN_POINT('',(21.8,-36.83494717429,2.2));
#8276 = SURFACE_CURVE('',#8277,(#8281,#8287),.PCURVE_S1.);
#8277 = LINE('',#8278,#8279);
#8278 = CARTESIAN_POINT('',(19.1,-38.39379290111,2.2));
#8279 = VECTOR('',#8280,1.);
#8280 = DIRECTION('',(-0.866025403784,-0.5,0.));
#8281 = PCURVE('',#2023,#8282);
#8282 = DEFINITIONAL_REPRESENTATION('',(#8283),#8286);
#8283 = B_SPLINE_CURVE_WITH_KNOTS('',1,(#8284,#8285),.UNSPECIFIED.,.F.,
  .F.,(2,2),(-3.117691453624,2.655811238272),.PIECEWISE_BEZIER_KNOTS.);
#8284 = CARTESIAN_POINT('',(5.773502691896,-3.2));
#8285 = CARTESIAN_POINT('',(0.,-3.2));
#8286 = ( GEOMETRIC_REPRESENTATION_CONTEXT(2) 
PARAMETRIC_REPRESENTATION_CONTEXT() REPRESENTATION_CONTEXT('2D SPACE',''
  ) );
#8287 = PCURVE('',#5933,#8288);
#8288 = DEFINITIONAL_REPRESENTATION('',(#8289),#8292);
#8289 = B_SPLINE_CURVE_WITH_KNOTS('',1,(#8290,#8291),.UNSPECIFIED.,.F.,
  .F.,(2,2),(-3.117691453624,2.655811238272),.PIECEWISE_BEZIER_KNOTS.);
#8290 = CARTESIAN_POINT('',(21.8,-36.83494717429));
#8291 = CARTESIAN_POINT('',(16.8,-39.72169852024));
#8292 = ( GEOMETRIC_REPRESENTATION_CONTEXT(2) 
PARAMETRIC_REPRESENTATION_CONTEXT() REPRESENTATION_CONTEXT('2D SPACE',''
  ) );
#8293 = ORIENTED_EDGE('',*,*,#8294,.F.);
#8294 = EDGE_CURVE('',#1983,#8274,#8295,.T.);
#8295 = SURFACE_CURVE('',#8296,(#8300,#8307),.PCURVE_S1.);
#8296 = LINE('',#8297,#8298);
#8297 = CARTESIAN_POINT('',(21.8,-36.83494717429,-1.));
#8298 = VECTOR('',#8299,1.);
#8299 = DIRECTION('',(0.,0.,1.));
#8300 = PCURVE('',#2023,#8301);
#8301 = DEFINITIONAL_REPRESENTATION('',(#8302),#8306);
#8302 = LINE('',#8303,#8304);
#8303 = CARTESIAN_POINT('',(5.773502691896,0.));
#8304 = VECTOR('',#8305,1.);
#8305 = DIRECTION('',(0.,-1.));
#8306 = ( GEOMETRIC_REPRESENTATION_CONTEXT(2) 
PARAMETRIC_REPRESENTATION_CONTEXT() REPRESENTATION_CONTEXT('2D SPACE',''
  ) );
#8307 = PCURVE('',#1997,#8308);
#8308 = DEFINITIONAL_REPRESENTATION('',(#8309),#8313);
#8309 = LINE('',#8310,#8311);
#8310 = CARTESIAN_POINT('',(0.,0.));
#8311 = VECTOR('',#8312,1.);
#8312 = DIRECTION('',(0.,-1.));
#8313 = ( GEOMETRIC_REPRESENTATION_CONTEXT(2) 
PARAMETRIC_REPRESENTATION_CONTEXT() REPRESENTATION_CONTEXT('2D SPACE',''
  ) );
#8314 = ADVANCED_FACE('',(#8315),#1997,.T.);
#8315 = FACE_BOUND('',#8316,.T.);
#8316 = EDGE_LOOP('',(#8317,#8318,#8319,#8340));
#8317 = ORIENTED_EDGE('',*,*,#1982,.T.);
#8318 = ORIENTED_EDGE('',*,*,#8294,.T.);
#8319 = ORIENTED_EDGE('',*,*,#8320,.F.);
#8320 = EDGE_CURVE('',#8321,#8274,#8323,.T.);
#8321 = VERTEX_POINT('',#8322);
#8322 = CARTESIAN_POINT('',(21.8,-31.0614444824,2.2));
#8323 = SURFACE_CURVE('',#8324,(#8328,#8334),.PCURVE_S1.);
#8324 = LINE('',#8325,#8326);
#8325 = CARTESIAN_POINT('',(21.8,-18.41747358714,2.2));
#8326 = VECTOR('',#8327,1.);
#8327 = DIRECTION('',(-1.538370149107E-16,-1.,0.));
#8328 = PCURVE('',#1997,#8329);
#8329 = DEFINITIONAL_REPRESENTATION('',(#8330),#8333);
#8330 = B_SPLINE_CURVE_WITH_KNOTS('',1,(#8331,#8332),.UNSPECIFIED.,.F.,
  .F.,(2,2),(12.643970895253,18.417473587149),.PIECEWISE_BEZIER_KNOTS.);
#8331 = CARTESIAN_POINT('',(5.773502691896,-3.2));
#8332 = CARTESIAN_POINT('',(0.,-3.2));
#8333 = ( GEOMETRIC_REPRESENTATION_CONTEXT(2) 
PARAMETRIC_REPRESENTATION_CONTEXT() REPRESENTATION_CONTEXT('2D SPACE',''
  ) );
#8334 = PCURVE('',#5933,#8335);
#8335 = DEFINITIONAL_REPRESENTATION('',(#8336),#8339);
#8336 = B_SPLINE_CURVE_WITH_KNOTS('',1,(#8337,#8338),.UNSPECIFIED.,.F.,
  .F.,(2,2),(12.643970895253,18.417473587149),.PIECEWISE_BEZIER_KNOTS.);
#8337 = CARTESIAN_POINT('',(21.8,-31.0614444824));
#8338 = CARTESIAN_POINT('',(21.8,-36.83494717429));
#8339 = ( GEOMETRIC_REPRESENTATION_CONTEXT(2) 
PARAMETRIC_REPRESENTATION_CONTEXT() REPRESENTATION_CONTEXT('2D SPACE',''
  ) );
#8340 = ORIENTED_EDGE('',*,*,#8341,.F.);
#8341 = EDGE_CURVE('',#1957,#8321,#8342,.T.);
#8342 = SURFACE_CURVE('',#8343,(#8347,#8354),.PCURVE_S1.);
#8343 = LINE('',#8344,#8345);
#8344 = CARTESIAN_POINT('',(21.8,-31.0614444824,-1.));
#8345 = VECTOR('',#8346,1.);
#8346 = DIRECTION('',(0.,0.,1.));
#8347 = PCURVE('',#1997,#8348);
#8348 = DEFINITIONAL_REPRESENTATION('',(#8349),#8353);
#8349 = LINE('',#8350,#8351);
#8350 = CARTESIAN_POINT('',(5.773502691896,0.));
#8351 = VECTOR('',#8352,1.);
#8352 = DIRECTION('',(0.,-1.));
#8353 = ( GEOMETRIC_REPRESENTATION_CONTEXT(2) 
PARAMETRIC_REPRESENTATION_CONTEXT() REPRESENTATION_CONTEXT('2D SPACE',''
  ) );
#8354 = PCURVE('',#1971,#8355);
#8355 = DEFINITIONAL_REPRESENTATION('',(#8356),#8360);
#8356 = LINE('',#8357,#8358);
#8357 = CARTESIAN_POINT('',(0.,0.));
#8358 = VECTOR('',#8359,1.);
#8359 = DIRECTION('',(0.,-1.));
#8360 = ( GEOMETRIC_REPRESENTATION_CONTEXT(2) 
PARAMETRIC_REPRESENTATION_CONTEXT() REPRESENTATION_CONTEXT('2D SPACE',''
  ) );
#8361 = ADVANCED_FACE('',(#8362),#1971,.T.);
#8362 = FACE_BOUND('',#8363,.T.);
#8363 = EDGE_LOOP('',(#8364,#8365,#8366,#8387));
#8364 = ORIENTED_EDGE('',*,*,#1956,.T.);
#8365 = ORIENTED_EDGE('',*,*,#8341,.T.);
#8366 = ORIENTED_EDGE('',*,*,#8367,.F.);
#8367 = EDGE_CURVE('',#8368,#8321,#8370,.T.);
#8368 = VERTEX_POINT('',#8369);
#8369 = CARTESIAN_POINT('',(16.8,-28.17469313645,2.2));
#8370 = SURFACE_CURVE('',#8371,(#8375,#8381),.PCURVE_S1.);
#8371 = LINE('',#8372,#8373);
#8372 = CARTESIAN_POINT('',(6.9,-22.45892547147,2.2));
#8373 = VECTOR('',#8374,1.);
#8374 = DIRECTION('',(0.866025403784,-0.5,0.));
#8375 = PCURVE('',#1971,#8376);
#8376 = DEFINITIONAL_REPRESENTATION('',(#8377),#8380);
#8377 = B_SPLINE_CURVE_WITH_KNOTS('',1,(#8378,#8379),.UNSPECIFIED.,.F.,
  .F.,(2,2),(11.431535329955,17.205038021851),.PIECEWISE_BEZIER_KNOTS.);
#8378 = CARTESIAN_POINT('',(5.773502691896,-3.2));
#8379 = CARTESIAN_POINT('',(0.,-3.2));
#8380 = ( GEOMETRIC_REPRESENTATION_CONTEXT(2) 
PARAMETRIC_REPRESENTATION_CONTEXT() REPRESENTATION_CONTEXT('2D SPACE',''
  ) );
#8381 = PCURVE('',#5933,#8382);
#8382 = DEFINITIONAL_REPRESENTATION('',(#8383),#8386);
#8383 = B_SPLINE_CURVE_WITH_KNOTS('',1,(#8384,#8385),.UNSPECIFIED.,.F.,
  .F.,(2,2),(11.431535329955,17.205038021851),.PIECEWISE_BEZIER_KNOTS.);
#8384 = CARTESIAN_POINT('',(16.8,-28.17469313645));
#8385 = CARTESIAN_POINT('',(21.8,-31.0614444824));
#8386 = ( GEOMETRIC_REPRESENTATION_CONTEXT(2) 
PARAMETRIC_REPRESENTATION_CONTEXT() REPRESENTATION_CONTEXT('2D SPACE',''
  ) );
#8387 = ORIENTED_EDGE('',*,*,#8388,.F.);
#8388 = EDGE_CURVE('',#1931,#8368,#8389,.T.);
#8389 = SURFACE_CURVE('',#8390,(#8394,#8401),.PCURVE_S1.);
#8390 = LINE('',#8391,#8392);
#8391 = CARTESIAN_POINT('',(16.8,-28.17469313645,-1.));
#8392 = VECTOR('',#8393,1.);
#8393 = DIRECTION('',(0.,0.,1.));
#8394 = PCURVE('',#1971,#8395);
#8395 = DEFINITIONAL_REPRESENTATION('',(#8396),#8400);
#8396 = LINE('',#8397,#8398);
#8397 = CARTESIAN_POINT('',(5.773502691896,0.));
#8398 = VECTOR('',#8399,1.);
#8399 = DIRECTION('',(0.,-1.));
#8400 = ( GEOMETRIC_REPRESENTATION_CONTEXT(2) 
PARAMETRIC_REPRESENTATION_CONTEXT() REPRESENTATION_CONTEXT('2D SPACE',''
  ) );
#8401 = PCURVE('',#1945,#8402);
#8402 = DEFINITIONAL_REPRESENTATION('',(#8403),#8407);
#8403 = LINE('',#8404,#8405);
#8404 = CARTESIAN_POINT('',(0.,0.));
#8405 = VECTOR('',#8406,1.);
#8406 = DIRECTION('',(0.,-1.));
#8407 = ( GEOMETRIC_REPRESENTATION_CONTEXT(2) 
PARAMETRIC_REPRESENTATION_CONTEXT() REPRESENTATION_CONTEXT('2D SPACE',''
  ) );
#8408 = ADVANCED_FACE('',(#8409),#1945,.T.);
#8409 = FACE_BOUND('',#8410,.T.);
#8410 = EDGE_LOOP('',(#8411,#8412,#8413,#8432));
#8411 = ORIENTED_EDGE('',*,*,#1930,.T.);
#8412 = ORIENTED_EDGE('',*,*,#8388,.T.);
#8413 = ORIENTED_EDGE('',*,*,#8414,.F.);
#8414 = EDGE_CURVE('',#8157,#8368,#8415,.T.);
#8415 = SURFACE_CURVE('',#8416,(#8420,#8426),.PCURVE_S1.);
#8416 = LINE('',#8417,#8418);
#8417 = CARTESIAN_POINT('',(16.6,-28.29016319029,2.2));
#8418 = VECTOR('',#8419,1.);
#8419 = DIRECTION('',(0.866025403784,0.5,-0.));
#8420 = PCURVE('',#1945,#8421);
#8421 = DEFINITIONAL_REPRESENTATION('',(#8422),#8425);
#8422 = B_SPLINE_CURVE_WITH_KNOTS('',1,(#8423,#8424),.UNSPECIFIED.,.F.,
  .F.,(2,2),(-5.54256258422,0.230940107676),.PIECEWISE_BEZIER_KNOTS.);
#8423 = CARTESIAN_POINT('',(5.773502691896,-3.2));
#8424 = CARTESIAN_POINT('',(0.,-3.2));
#8425 = ( GEOMETRIC_REPRESENTATION_CONTEXT(2) 
PARAMETRIC_REPRESENTATION_CONTEXT() REPRESENTATION_CONTEXT('2D SPACE',''
  ) );
#8426 = PCURVE('',#5933,#8427);
#8427 = DEFINITIONAL_REPRESENTATION('',(#8428),#8431);
#8428 = B_SPLINE_CURVE_WITH_KNOTS('',1,(#8429,#8430),.UNSPECIFIED.,.F.,
  .F.,(2,2),(-5.54256258422,0.230940107676),.PIECEWISE_BEZIER_KNOTS.);
#8429 = CARTESIAN_POINT('',(11.8,-31.0614444824));
#8430 = CARTESIAN_POINT('',(16.8,-28.17469313645));
#8431 = ( GEOMETRIC_REPRESENTATION_CONTEXT(2) 
PARAMETRIC_REPRESENTATION_CONTEXT() REPRESENTATION_CONTEXT('2D SPACE',''
  ) );
#8432 = ORIENTED_EDGE('',*,*,#8156,.F.);
#8433 = ADVANCED_FACE('',(#8434),#2077,.T.);
#8434 = FACE_BOUND('',#8435,.T.);
#8435 = EDGE_LOOP('',(#8436,#8437,#8460,#8481));
#8436 = ORIENTED_EDGE('',*,*,#2060,.T.);
#8437 = ORIENTED_EDGE('',*,*,#8438,.T.);
#8438 = EDGE_CURVE('',#2063,#8439,#8441,.T.);
#8439 = VERTEX_POINT('',#8440);
#8440 = CARTESIAN_POINT('',(6.2,-21.36195996001,2.2));
#8441 = SURFACE_CURVE('',#8442,(#8446,#8453),.PCURVE_S1.);
#8442 = LINE('',#8443,#8444);
#8443 = CARTESIAN_POINT('',(6.2,-21.36195996001,-1.));
#8444 = VECTOR('',#8445,1.);
#8445 = DIRECTION('',(0.,0.,1.));
#8446 = PCURVE('',#2077,#8447);
#8447 = DEFINITIONAL_REPRESENTATION('',(#8448),#8452);
#8448 = LINE('',#8449,#8450);
#8449 = CARTESIAN_POINT('',(0.,0.));
#8450 = VECTOR('',#8451,1.);
#8451 = DIRECTION('',(0.,-1.));
#8452 = ( GEOMETRIC_REPRESENTATION_CONTEXT(2) 
PARAMETRIC_REPRESENTATION_CONTEXT() REPRESENTATION_CONTEXT('2D SPACE',''
  ) );
#8453 = PCURVE('',#2103,#8454);
#8454 = DEFINITIONAL_REPRESENTATION('',(#8455),#8459);
#8455 = LINE('',#8456,#8457);
#8456 = CARTESIAN_POINT('',(5.773502691896,0.));
#8457 = VECTOR('',#8458,1.);
#8458 = DIRECTION('',(0.,-1.));
#8459 = ( GEOMETRIC_REPRESENTATION_CONTEXT(2) 
PARAMETRIC_REPRESENTATION_CONTEXT() REPRESENTATION_CONTEXT('2D SPACE',''
  ) );
#8460 = ORIENTED_EDGE('',*,*,#8461,.F.);
#8461 = EDGE_CURVE('',#8462,#8439,#8464,.T.);
#8462 = VERTEX_POINT('',#8463);
#8463 = CARTESIAN_POINT('',(6.2,-27.13546265191,2.2));
#8464 = SURFACE_CURVE('',#8465,(#8469,#8475),.PCURVE_S1.);
#8465 = LINE('',#8466,#8467);
#8466 = CARTESIAN_POINT('',(6.2,-10.68097998,2.2));
#8467 = VECTOR('',#8468,1.);
#8468 = DIRECTION('',(4.615110447321E-16,1.,-0.));
#8469 = PCURVE('',#2077,#8470);
#8470 = DEFINITIONAL_REPRESENTATION('',(#8471),#8474);
#8471 = B_SPLINE_CURVE_WITH_KNOTS('',1,(#8472,#8473),.UNSPECIFIED.,.F.,
  .F.,(2,2),(-16.4544826719,-10.68097998),.PIECEWISE_BEZIER_KNOTS.);
#8472 = CARTESIAN_POINT('',(5.773502691896,-3.2));
#8473 = CARTESIAN_POINT('',(0.,-3.2));
#8474 = ( GEOMETRIC_REPRESENTATION_CONTEXT(2) 
PARAMETRIC_REPRESENTATION_CONTEXT() REPRESENTATION_CONTEXT('2D SPACE',''
  ) );
#8475 = PCURVE('',#5933,#8476);
#8476 = DEFINITIONAL_REPRESENTATION('',(#8477),#8480);
#8477 = B_SPLINE_CURVE_WITH_KNOTS('',1,(#8478,#8479),.UNSPECIFIED.,.F.,
  .F.,(2,2),(-16.4544826719,-10.68097998),.PIECEWISE_BEZIER_KNOTS.);
#8478 = CARTESIAN_POINT('',(6.2,-27.13546265191));
#8479 = CARTESIAN_POINT('',(6.2,-21.36195996001));
#8480 = ( GEOMETRIC_REPRESENTATION_CONTEXT(2) 
PARAMETRIC_REPRESENTATION_CONTEXT() REPRESENTATION_CONTEXT('2D SPACE',''
  ) );
#8481 = ORIENTED_EDGE('',*,*,#8482,.F.);
#8482 = EDGE_CURVE('',#2061,#8462,#8483,.T.);
#8483 = SURFACE_CURVE('',#8484,(#8488,#8495),.PCURVE_S1.);
#8484 = LINE('',#8485,#8486);
#8485 = CARTESIAN_POINT('',(6.2,-27.13546265191,-1.));
#8486 = VECTOR('',#8487,1.);
#8487 = DIRECTION('',(0.,0.,1.));
#8488 = PCURVE('',#2077,#8489);
#8489 = DEFINITIONAL_REPRESENTATION('',(#8490),#8494);
#8490 = LINE('',#8491,#8492);
#8491 = CARTESIAN_POINT('',(5.773502691896,0.));
#8492 = VECTOR('',#8493,1.);
#8493 = DIRECTION('',(0.,-1.));
#8494 = ( GEOMETRIC_REPRESENTATION_CONTEXT(2) 
PARAMETRIC_REPRESENTATION_CONTEXT() REPRESENTATION_CONTEXT('2D SPACE',''
  ) );
#8495 = PCURVE('',#2205,#8496);
#8496 = DEFINITIONAL_REPRESENTATION('',(#8497),#8501);
#8497 = LINE('',#8498,#8499);
#8498 = CARTESIAN_POINT('',(0.,0.));
#8499 = VECTOR('',#8500,1.);
#8500 = DIRECTION('',(0.,-1.));
#8501 = ( GEOMETRIC_REPRESENTATION_CONTEXT(2) 
PARAMETRIC_REPRESENTATION_CONTEXT() REPRESENTATION_CONTEXT('2D SPACE',''
  ) );
#8502 = ADVANCED_FACE('',(#8503),#2205,.T.);
#8503 = FACE_BOUND('',#8504,.T.);
#8504 = EDGE_LOOP('',(#8505,#8506,#8507,#8528));
#8505 = ORIENTED_EDGE('',*,*,#2192,.T.);
#8506 = ORIENTED_EDGE('',*,*,#8482,.T.);
#8507 = ORIENTED_EDGE('',*,*,#8508,.F.);
#8508 = EDGE_CURVE('',#8509,#8462,#8511,.T.);
#8509 = VERTEX_POINT('',#8510);
#8510 = CARTESIAN_POINT('',(11.2,-30.02221399786,2.2));
#8511 = SURFACE_CURVE('',#8512,(#8516,#8522),.PCURVE_S1.);
#8512 = LINE('',#8513,#8514);
#8513 = CARTESIAN_POINT('',(-2.,-22.40119044455,2.2));
#8514 = VECTOR('',#8515,1.);
#8515 = DIRECTION('',(-0.866025403784,0.5,0.));
#8516 = PCURVE('',#2205,#8517);
#8517 = DEFINITIONAL_REPRESENTATION('',(#8518),#8521);
#8518 = B_SPLINE_CURVE_WITH_KNOTS('',1,(#8519,#8520),.UNSPECIFIED.,.F.,
  .F.,(2,2),(-15.2420471066,-9.46854441471),.PIECEWISE_BEZIER_KNOTS.);
#8519 = CARTESIAN_POINT('',(5.773502691896,-3.2));
#8520 = CARTESIAN_POINT('',(0.,-3.2));
#8521 = ( GEOMETRIC_REPRESENTATION_CONTEXT(2) 
PARAMETRIC_REPRESENTATION_CONTEXT() REPRESENTATION_CONTEXT('2D SPACE',''
  ) );
#8522 = PCURVE('',#5933,#8523);
#8523 = DEFINITIONAL_REPRESENTATION('',(#8524),#8527);
#8524 = B_SPLINE_CURVE_WITH_KNOTS('',1,(#8525,#8526),.UNSPECIFIED.,.F.,
  .F.,(2,2),(-15.2420471066,-9.46854441471),.PIECEWISE_BEZIER_KNOTS.);
#8525 = CARTESIAN_POINT('',(11.2,-30.02221399786));
#8526 = CARTESIAN_POINT('',(6.2,-27.13546265191));
#8527 = ( GEOMETRIC_REPRESENTATION_CONTEXT(2) 
PARAMETRIC_REPRESENTATION_CONTEXT() REPRESENTATION_CONTEXT('2D SPACE',''
  ) );
#8528 = ORIENTED_EDGE('',*,*,#8529,.F.);
#8529 = EDGE_CURVE('',#2167,#8509,#8530,.T.);
#8530 = SURFACE_CURVE('',#8531,(#8535,#8542),.PCURVE_S1.);
#8531 = LINE('',#8532,#8533);
#8532 = CARTESIAN_POINT('',(11.2,-30.02221399786,-1.));
#8533 = VECTOR('',#8534,1.);
#8534 = DIRECTION('',(0.,0.,1.));
#8535 = PCURVE('',#2205,#8536);
#8536 = DEFINITIONAL_REPRESENTATION('',(#8537),#8541);
#8537 = LINE('',#8538,#8539);
#8538 = CARTESIAN_POINT('',(5.773502691896,0.));
#8539 = VECTOR('',#8540,1.);
#8540 = DIRECTION('',(0.,-1.));
#8541 = ( GEOMETRIC_REPRESENTATION_CONTEXT(2) 
PARAMETRIC_REPRESENTATION_CONTEXT() REPRESENTATION_CONTEXT('2D SPACE',''
  ) );
#8542 = PCURVE('',#2181,#8543);
#8543 = DEFINITIONAL_REPRESENTATION('',(#8544),#8548);
#8544 = LINE('',#8545,#8546);
#8545 = CARTESIAN_POINT('',(0.,0.));
#8546 = VECTOR('',#8547,1.);
#8547 = DIRECTION('',(0.,-1.));
#8548 = ( GEOMETRIC_REPRESENTATION_CONTEXT(2) 
PARAMETRIC_REPRESENTATION_CONTEXT() REPRESENTATION_CONTEXT('2D SPACE',''
  ) );
#8549 = ADVANCED_FACE('',(#8550),#2181,.T.);
#8550 = FACE_BOUND('',#8551,.T.);
#8551 = EDGE_LOOP('',(#8552,#8553,#8554,#8575));
#8552 = ORIENTED_EDGE('',*,*,#2166,.T.);
#8553 = ORIENTED_EDGE('',*,*,#8529,.T.);
#8554 = ORIENTED_EDGE('',*,*,#8555,.F.);
#8555 = EDGE_CURVE('',#8556,#8509,#8558,.T.);
#8556 = VERTEX_POINT('',#8557);
#8557 = CARTESIAN_POINT('',(16.2,-27.13546265191,2.2));
#8558 = SURFACE_CURVE('',#8559,(#8563,#8569),.PCURVE_S1.);
#8559 = LINE('',#8560,#8561);
#8560 = CARTESIAN_POINT('',(13.5,-28.69430837872,2.2));
#8561 = VECTOR('',#8562,1.);
#8562 = DIRECTION('',(-0.866025403784,-0.5,0.));
#8563 = PCURVE('',#2181,#8564);
#8564 = DEFINITIONAL_REPRESENTATION('',(#8565),#8568);
#8565 = B_SPLINE_CURVE_WITH_KNOTS('',1,(#8566,#8567),.UNSPECIFIED.,.F.,
  .F.,(2,2),(-3.117691453624,2.655811238272),.PIECEWISE_BEZIER_KNOTS.);
#8566 = CARTESIAN_POINT('',(5.773502691896,-3.2));
#8567 = CARTESIAN_POINT('',(0.,-3.2));
#8568 = ( GEOMETRIC_REPRESENTATION_CONTEXT(2) 
PARAMETRIC_REPRESENTATION_CONTEXT() REPRESENTATION_CONTEXT('2D SPACE',''
  ) );
#8569 = PCURVE('',#5933,#8570);
#8570 = DEFINITIONAL_REPRESENTATION('',(#8571),#8574);
#8571 = B_SPLINE_CURVE_WITH_KNOTS('',1,(#8572,#8573),.UNSPECIFIED.,.F.,
  .F.,(2,2),(-3.117691453624,2.655811238272),.PIECEWISE_BEZIER_KNOTS.);
#8572 = CARTESIAN_POINT('',(16.2,-27.13546265191));
#8573 = CARTESIAN_POINT('',(11.2,-30.02221399786));
#8574 = ( GEOMETRIC_REPRESENTATION_CONTEXT(2) 
PARAMETRIC_REPRESENTATION_CONTEXT() REPRESENTATION_CONTEXT('2D SPACE',''
  ) );
#8575 = ORIENTED_EDGE('',*,*,#8576,.F.);
#8576 = EDGE_CURVE('',#2141,#8556,#8577,.T.);
#8577 = SURFACE_CURVE('',#8578,(#8582,#8589),.PCURVE_S1.);
#8578 = LINE('',#8579,#8580);
#8579 = CARTESIAN_POINT('',(16.2,-27.13546265191,-1.));
#8580 = VECTOR('',#8581,1.);
#8581 = DIRECTION('',(0.,0.,1.));
#8582 = PCURVE('',#2181,#8583);
#8583 = DEFINITIONAL_REPRESENTATION('',(#8584),#8588);
#8584 = LINE('',#8585,#8586);
#8585 = CARTESIAN_POINT('',(5.773502691896,0.));
#8586 = VECTOR('',#8587,1.);
#8587 = DIRECTION('',(0.,-1.));
#8588 = ( GEOMETRIC_REPRESENTATION_CONTEXT(2) 
PARAMETRIC_REPRESENTATION_CONTEXT() REPRESENTATION_CONTEXT('2D SPACE',''
  ) );
#8589 = PCURVE('',#2155,#8590);
#8590 = DEFINITIONAL_REPRESENTATION('',(#8591),#8595);
#8591 = LINE('',#8592,#8593);
#8592 = CARTESIAN_POINT('',(0.,0.));
#8593 = VECTOR('',#8594,1.);
#8594 = DIRECTION('',(0.,-1.));
#8595 = ( GEOMETRIC_REPRESENTATION_CONTEXT(2) 
PARAMETRIC_REPRESENTATION_CONTEXT() REPRESENTATION_CONTEXT('2D SPACE',''
  ) );
#8596 = ADVANCED_FACE('',(#8597),#2155,.T.);
#8597 = FACE_BOUND('',#8598,.T.);
#8598 = EDGE_LOOP('',(#8599,#8600,#8601,#8622));
#8599 = ORIENTED_EDGE('',*,*,#2140,.T.);
#8600 = ORIENTED_EDGE('',*,*,#8576,.T.);
#8601 = ORIENTED_EDGE('',*,*,#8602,.F.);
#8602 = EDGE_CURVE('',#8603,#8556,#8605,.T.);
#8603 = VERTEX_POINT('',#8604);
#8604 = CARTESIAN_POINT('',(16.2,-21.36195996001,2.2));
#8605 = SURFACE_CURVE('',#8606,(#8610,#8616),.PCURVE_S1.);
#8606 = LINE('',#8607,#8608);
#8607 = CARTESIAN_POINT('',(16.2,-13.56773132595,2.2));
#8608 = VECTOR('',#8609,1.);
#8609 = DIRECTION('',(-1.538370149107E-16,-1.,0.));
#8610 = PCURVE('',#2155,#8611);
#8611 = DEFINITIONAL_REPRESENTATION('',(#8612),#8615);
#8612 = B_SPLINE_CURVE_WITH_KNOTS('',1,(#8613,#8614),.UNSPECIFIED.,.F.,
  .F.,(2,2),(7.79422863406,13.567731325956),.PIECEWISE_BEZIER_KNOTS.);
#8613 = CARTESIAN_POINT('',(5.773502691896,-3.2));
#8614 = CARTESIAN_POINT('',(0.,-3.2));
#8615 = ( GEOMETRIC_REPRESENTATION_CONTEXT(2) 
PARAMETRIC_REPRESENTATION_CONTEXT() REPRESENTATION_CONTEXT('2D SPACE',''
  ) );
#8616 = PCURVE('',#5933,#8617);
#8617 = DEFINITIONAL_REPRESENTATION('',(#8618),#8621);
#8618 = B_SPLINE_CURVE_WITH_KNOTS('',1,(#8619,#8620),.UNSPECIFIED.,.F.,
  .F.,(2,2),(7.79422863406,13.567731325956),.PIECEWISE_BEZIER_KNOTS.);
#8619 = CARTESIAN_POINT('',(16.2,-21.36195996001));
#8620 = CARTESIAN_POINT('',(16.2,-27.13546265191));
#8621 = ( GEOMETRIC_REPRESENTATION_CONTEXT(2) 
PARAMETRIC_REPRESENTATION_CONTEXT() REPRESENTATION_CONTEXT('2D SPACE',''
  ) );
#8622 = ORIENTED_EDGE('',*,*,#8623,.F.);
#8623 = EDGE_CURVE('',#2115,#8603,#8624,.T.);
#8624 = SURFACE_CURVE('',#8625,(#8629,#8636),.PCURVE_S1.);
#8625 = LINE('',#8626,#8627);
#8626 = CARTESIAN_POINT('',(16.2,-21.36195996001,-1.));
#8627 = VECTOR('',#8628,1.);
#8628 = DIRECTION('',(0.,0.,1.));
#8629 = PCURVE('',#2155,#8630);
#8630 = DEFINITIONAL_REPRESENTATION('',(#8631),#8635);
#8631 = LINE('',#8632,#8633);
#8632 = CARTESIAN_POINT('',(5.773502691896,0.));
#8633 = VECTOR('',#8634,1.);
#8634 = DIRECTION('',(0.,-1.));
#8635 = ( GEOMETRIC_REPRESENTATION_CONTEXT(2) 
PARAMETRIC_REPRESENTATION_CONTEXT() REPRESENTATION_CONTEXT('2D SPACE',''
  ) );
#8636 = PCURVE('',#2129,#8637);
#8637 = DEFINITIONAL_REPRESENTATION('',(#8638),#8642);
#8638 = LINE('',#8639,#8640);
#8639 = CARTESIAN_POINT('',(0.,0.));
#8640 = VECTOR('',#8641,1.);
#8641 = DIRECTION('',(0.,-1.));
#8642 = ( GEOMETRIC_REPRESENTATION_CONTEXT(2) 
PARAMETRIC_REPRESENTATION_CONTEXT() REPRESENTATION_CONTEXT('2D SPACE',''
  ) );
#8643 = ADVANCED_FACE('',(#8644),#2129,.T.);
#8644 = FACE_BOUND('',#8645,.T.);
#8645 = EDGE_LOOP('',(#8646,#8647,#8648,#8669));
#8646 = ORIENTED_EDGE('',*,*,#2114,.T.);
#8647 = ORIENTED_EDGE('',*,*,#8623,.T.);
#8648 = ORIENTED_EDGE('',*,*,#8649,.F.);
#8649 = EDGE_CURVE('',#8650,#8603,#8652,.T.);
#8650 = VERTEX_POINT('',#8651);
#8651 = CARTESIAN_POINT('',(11.2,-18.47520861406,2.2));
#8652 = SURFACE_CURVE('',#8653,(#8657,#8663),.PCURVE_S1.);
#8653 = LINE('',#8654,#8655);
#8654 = CARTESIAN_POINT('',(5.5,-15.18431207968,2.2));
#8655 = VECTOR('',#8656,1.);
#8656 = DIRECTION('',(0.866025403784,-0.5,0.));
#8657 = PCURVE('',#2129,#8658);
#8658 = DEFINITIONAL_REPRESENTATION('',(#8659),#8662);
#8659 = B_SPLINE_CURVE_WITH_KNOTS('',1,(#8660,#8661),.UNSPECIFIED.,.F.,
  .F.,(2,2),(6.581793068762,12.355295760658),.PIECEWISE_BEZIER_KNOTS.);
#8660 = CARTESIAN_POINT('',(5.773502691896,-3.2));
#8661 = CARTESIAN_POINT('',(0.,-3.2));
#8662 = ( GEOMETRIC_REPRESENTATION_CONTEXT(2) 
PARAMETRIC_REPRESENTATION_CONTEXT() REPRESENTATION_CONTEXT('2D SPACE',''
  ) );
#8663 = PCURVE('',#5933,#8664);
#8664 = DEFINITIONAL_REPRESENTATION('',(#8665),#8668);
#8665 = B_SPLINE_CURVE_WITH_KNOTS('',1,(#8666,#8667),.UNSPECIFIED.,.F.,
  .F.,(2,2),(6.581793068762,12.355295760658),.PIECEWISE_BEZIER_KNOTS.);
#8666 = CARTESIAN_POINT('',(11.2,-18.47520861406));
#8667 = CARTESIAN_POINT('',(16.2,-21.36195996001));
#8668 = ( GEOMETRIC_REPRESENTATION_CONTEXT(2) 
PARAMETRIC_REPRESENTATION_CONTEXT() REPRESENTATION_CONTEXT('2D SPACE',''
  ) );
#8669 = ORIENTED_EDGE('',*,*,#8670,.F.);
#8670 = EDGE_CURVE('',#2089,#8650,#8671,.T.);
#8671 = SURFACE_CURVE('',#8672,(#8676,#8683),.PCURVE_S1.);
#8672 = LINE('',#8673,#8674);
#8673 = CARTESIAN_POINT('',(11.2,-18.47520861406,-1.));
#8674 = VECTOR('',#8675,1.);
#8675 = DIRECTION('',(0.,0.,1.));
#8676 = PCURVE('',#2129,#8677);
#8677 = DEFINITIONAL_REPRESENTATION('',(#8678),#8682);
#8678 = LINE('',#8679,#8680);
#8679 = CARTESIAN_POINT('',(5.773502691896,0.));
#8680 = VECTOR('',#8681,1.);
#8681 = DIRECTION('',(0.,-1.));
#8682 = ( GEOMETRIC_REPRESENTATION_CONTEXT(2) 
PARAMETRIC_REPRESENTATION_CONTEXT() REPRESENTATION_CONTEXT('2D SPACE',''
  ) );
#8683 = PCURVE('',#2103,#8684);
#8684 = DEFINITIONAL_REPRESENTATION('',(#8685),#8689);
#8685 = LINE('',#8686,#8687);
#8686 = CARTESIAN_POINT('',(0.,0.));
#8687 = VECTOR('',#8688,1.);
#8688 = DIRECTION('',(0.,-1.));
#8689 = ( GEOMETRIC_REPRESENTATION_CONTEXT(2) 
PARAMETRIC_REPRESENTATION_CONTEXT() REPRESENTATION_CONTEXT('2D SPACE',''
  ) );
#8690 = ADVANCED_FACE('',(#8691),#2103,.T.);
#8691 = FACE_BOUND('',#8692,.T.);
#8692 = EDGE_LOOP('',(#8693,#8694,#8695,#8714));
#8693 = ORIENTED_EDGE('',*,*,#2088,.T.);
#8694 = ORIENTED_EDGE('',*,*,#8670,.T.);
#8695 = ORIENTED_EDGE('',*,*,#8696,.F.);
#8696 = EDGE_CURVE('',#8439,#8650,#8697,.T.);
#8697 = SURFACE_CURVE('',#8698,(#8702,#8708),.PCURVE_S1.);
#8698 = LINE('',#8699,#8700);
#8699 = CARTESIAN_POINT('',(11.,-18.5906786679,2.2));
#8700 = VECTOR('',#8701,1.);
#8701 = DIRECTION('',(0.866025403784,0.5,-0.));
#8702 = PCURVE('',#2103,#8703);
#8703 = DEFINITIONAL_REPRESENTATION('',(#8704),#8707);
#8704 = B_SPLINE_CURVE_WITH_KNOTS('',1,(#8705,#8706),.UNSPECIFIED.,.F.,
  .F.,(2,2),(-5.54256258422,0.230940107676),.PIECEWISE_BEZIER_KNOTS.);
#8705 = CARTESIAN_POINT('',(5.773502691896,-3.2));
#8706 = CARTESIAN_POINT('',(0.,-3.2));
#8707 = ( GEOMETRIC_REPRESENTATION_CONTEXT(2) 
PARAMETRIC_REPRESENTATION_CONTEXT() REPRESENTATION_CONTEXT('2D SPACE',''
  ) );
#8708 = PCURVE('',#5933,#8709);
#8709 = DEFINITIONAL_REPRESENTATION('',(#8710),#8713);
#8710 = B_SPLINE_CURVE_WITH_KNOTS('',1,(#8711,#8712),.UNSPECIFIED.,.F.,
  .F.,(2,2),(-5.54256258422,0.230940107676),.PIECEWISE_BEZIER_KNOTS.);
#8711 = CARTESIAN_POINT('',(6.2,-21.36195996001));
#8712 = CARTESIAN_POINT('',(11.2,-18.47520861406));
#8713 = ( GEOMETRIC_REPRESENTATION_CONTEXT(2) 
PARAMETRIC_REPRESENTATION_CONTEXT() REPRESENTATION_CONTEXT('2D SPACE',''
  ) );
#8714 = ORIENTED_EDGE('',*,*,#8438,.F.);
#8715 = ADVANCED_FACE('',(#8716),#2235,.T.);
#8716 = FACE_BOUND('',#8717,.T.);
#8717 = EDGE_LOOP('',(#8718,#8719,#8742,#8763));
#8718 = ORIENTED_EDGE('',*,*,#2218,.T.);
#8719 = ORIENTED_EDGE('',*,*,#8720,.T.);
#8720 = EDGE_CURVE('',#2221,#8721,#8723,.T.);
#8721 = VERTEX_POINT('',#8722);
#8722 = CARTESIAN_POINT('',(0.6,-11.66247543763,2.2));
#8723 = SURFACE_CURVE('',#8724,(#8728,#8735),.PCURVE_S1.);
#8724 = LINE('',#8725,#8726);
#8725 = CARTESIAN_POINT('',(0.6,-11.66247543763,-1.));
#8726 = VECTOR('',#8727,1.);
#8727 = DIRECTION('',(0.,0.,1.));
#8728 = PCURVE('',#2235,#8729);
#8729 = DEFINITIONAL_REPRESENTATION('',(#8730),#8734);
#8730 = LINE('',#8731,#8732);
#8731 = CARTESIAN_POINT('',(0.,0.));
#8732 = VECTOR('',#8733,1.);
#8733 = DIRECTION('',(0.,-1.));
#8734 = ( GEOMETRIC_REPRESENTATION_CONTEXT(2) 
PARAMETRIC_REPRESENTATION_CONTEXT() REPRESENTATION_CONTEXT('2D SPACE',''
  ) );
#8735 = PCURVE('',#2261,#8736);
#8736 = DEFINITIONAL_REPRESENTATION('',(#8737),#8741);
#8737 = LINE('',#8738,#8739);
#8738 = CARTESIAN_POINT('',(5.773502691896,0.));
#8739 = VECTOR('',#8740,1.);
#8740 = DIRECTION('',(0.,-1.));
#8741 = ( GEOMETRIC_REPRESENTATION_CONTEXT(2) 
PARAMETRIC_REPRESENTATION_CONTEXT() REPRESENTATION_CONTEXT('2D SPACE',''
  ) );
#8742 = ORIENTED_EDGE('',*,*,#8743,.F.);
#8743 = EDGE_CURVE('',#8744,#8721,#8746,.T.);
#8744 = VERTEX_POINT('',#8745);
#8745 = CARTESIAN_POINT('',(0.6,-17.43597812952,2.2));
#8746 = SURFACE_CURVE('',#8747,(#8751,#8757),.PCURVE_S1.);
#8747 = LINE('',#8748,#8749);
#8748 = CARTESIAN_POINT('',(0.6,-5.831237718815,2.2));
#8749 = VECTOR('',#8750,1.);
#8750 = DIRECTION('',(4.615110447321E-16,1.,-0.));
#8751 = PCURVE('',#2235,#8752);
#8752 = DEFINITIONAL_REPRESENTATION('',(#8753),#8756);
#8753 = B_SPLINE_CURVE_WITH_KNOTS('',1,(#8754,#8755),.UNSPECIFIED.,.F.,
  .F.,(2,2),(-11.60474041071,-5.831237718815),.PIECEWISE_BEZIER_KNOTS.);
#8754 = CARTESIAN_POINT('',(5.773502691896,-3.2));
#8755 = CARTESIAN_POINT('',(0.,-3.2));
#8756 = ( GEOMETRIC_REPRESENTATION_CONTEXT(2) 
PARAMETRIC_REPRESENTATION_CONTEXT() REPRESENTATION_CONTEXT('2D SPACE',''
  ) );
#8757 = PCURVE('',#5933,#8758);
#8758 = DEFINITIONAL_REPRESENTATION('',(#8759),#8762);
#8759 = B_SPLINE_CURVE_WITH_KNOTS('',1,(#8760,#8761),.UNSPECIFIED.,.F.,
  .F.,(2,2),(-11.60474041071,-5.831237718815),.PIECEWISE_BEZIER_KNOTS.);
#8760 = CARTESIAN_POINT('',(0.6,-17.43597812952));
#8761 = CARTESIAN_POINT('',(0.6,-11.66247543763));
#8762 = ( GEOMETRIC_REPRESENTATION_CONTEXT(2) 
PARAMETRIC_REPRESENTATION_CONTEXT() REPRESENTATION_CONTEXT('2D SPACE',''
  ) );
#8763 = ORIENTED_EDGE('',*,*,#8764,.F.);
#8764 = EDGE_CURVE('',#2219,#8744,#8765,.T.);
#8765 = SURFACE_CURVE('',#8766,(#8770,#8777),.PCURVE_S1.);
#8766 = LINE('',#8767,#8768);
#8767 = CARTESIAN_POINT('',(0.6,-17.43597812952,-1.));
#8768 = VECTOR('',#8769,1.);
#8769 = DIRECTION('',(0.,0.,1.));
#8770 = PCURVE('',#2235,#8771);
#8771 = DEFINITIONAL_REPRESENTATION('',(#8772),#8776);
#8772 = LINE('',#8773,#8774);
#8773 = CARTESIAN_POINT('',(5.773502691896,0.));
#8774 = VECTOR('',#8775,1.);
#8775 = DIRECTION('',(0.,-1.));
#8776 = ( GEOMETRIC_REPRESENTATION_CONTEXT(2) 
PARAMETRIC_REPRESENTATION_CONTEXT() REPRESENTATION_CONTEXT('2D SPACE',''
  ) );
#8777 = PCURVE('',#2363,#8778);
#8778 = DEFINITIONAL_REPRESENTATION('',(#8779),#8783);
#8779 = LINE('',#8780,#8781);
#8780 = CARTESIAN_POINT('',(0.,0.));
#8781 = VECTOR('',#8782,1.);
#8782 = DIRECTION('',(0.,-1.));
#8783 = ( GEOMETRIC_REPRESENTATION_CONTEXT(2) 
PARAMETRIC_REPRESENTATION_CONTEXT() REPRESENTATION_CONTEXT('2D SPACE',''
  ) );
#8784 = ADVANCED_FACE('',(#8785),#2363,.T.);
#8785 = FACE_BOUND('',#8786,.T.);
#8786 = EDGE_LOOP('',(#8787,#8788,#8789,#8810));
#8787 = ORIENTED_EDGE('',*,*,#2350,.T.);
#8788 = ORIENTED_EDGE('',*,*,#8764,.T.);
#8789 = ORIENTED_EDGE('',*,*,#8790,.F.);
#8790 = EDGE_CURVE('',#8791,#8744,#8793,.T.);
#8791 = VERTEX_POINT('',#8792);
#8792 = CARTESIAN_POINT('',(5.6,-20.32272947547,2.2));
#8793 = SURFACE_CURVE('',#8794,(#8798,#8804),.PCURVE_S1.);
#8794 = LINE('',#8795,#8796);
#8795 = CARTESIAN_POINT('',(-3.4,-15.12657705276,2.2));
#8796 = VECTOR('',#8797,1.);
#8797 = DIRECTION('',(-0.866025403784,0.5,0.));
#8798 = PCURVE('',#2363,#8799);
#8799 = DEFINITIONAL_REPRESENTATION('',(#8800),#8803);
#8800 = B_SPLINE_CURVE_WITH_KNOTS('',1,(#8801,#8802),.UNSPECIFIED.,.F.,
  .F.,(2,2),(-10.39230484541,-4.618802153517),.PIECEWISE_BEZIER_KNOTS.);
#8801 = CARTESIAN_POINT('',(5.773502691896,-3.2));
#8802 = CARTESIAN_POINT('',(0.,-3.2));
#8803 = ( GEOMETRIC_REPRESENTATION_CONTEXT(2) 
PARAMETRIC_REPRESENTATION_CONTEXT() REPRESENTATION_CONTEXT('2D SPACE',''
  ) );
#8804 = PCURVE('',#5933,#8805);
#8805 = DEFINITIONAL_REPRESENTATION('',(#8806),#8809);
#8806 = B_SPLINE_CURVE_WITH_KNOTS('',1,(#8807,#8808),.UNSPECIFIED.,.F.,
  .F.,(2,2),(-10.39230484541,-4.618802153517),.PIECEWISE_BEZIER_KNOTS.);
#8807 = CARTESIAN_POINT('',(5.6,-20.32272947547));
#8808 = CARTESIAN_POINT('',(0.6,-17.43597812952));
#8809 = ( GEOMETRIC_REPRESENTATION_CONTEXT(2) 
PARAMETRIC_REPRESENTATION_CONTEXT() REPRESENTATION_CONTEXT('2D SPACE',''
  ) );
#8810 = ORIENTED_EDGE('',*,*,#8811,.F.);
#8811 = EDGE_CURVE('',#2325,#8791,#8812,.T.);
#8812 = SURFACE_CURVE('',#8813,(#8817,#8824),.PCURVE_S1.);
#8813 = LINE('',#8814,#8815);
#8814 = CARTESIAN_POINT('',(5.6,-20.32272947547,-1.));
#8815 = VECTOR('',#8816,1.);
#8816 = DIRECTION('',(0.,0.,1.));
#8817 = PCURVE('',#2363,#8818);
#8818 = DEFINITIONAL_REPRESENTATION('',(#8819),#8823);
#8819 = LINE('',#8820,#8821);
#8820 = CARTESIAN_POINT('',(5.773502691896,0.));
#8821 = VECTOR('',#8822,1.);
#8822 = DIRECTION('',(0.,-1.));
#8823 = ( GEOMETRIC_REPRESENTATION_CONTEXT(2) 
PARAMETRIC_REPRESENTATION_CONTEXT() REPRESENTATION_CONTEXT('2D SPACE',''
  ) );
#8824 = PCURVE('',#2339,#8825);
#8825 = DEFINITIONAL_REPRESENTATION('',(#8826),#8830);
#8826 = LINE('',#8827,#8828);
#8827 = CARTESIAN_POINT('',(0.,0.));
#8828 = VECTOR('',#8829,1.);
#8829 = DIRECTION('',(0.,-1.));
#8830 = ( GEOMETRIC_REPRESENTATION_CONTEXT(2) 
PARAMETRIC_REPRESENTATION_CONTEXT() REPRESENTATION_CONTEXT('2D SPACE',''
  ) );
#8831 = ADVANCED_FACE('',(#8832),#2339,.T.);
#8832 = FACE_BOUND('',#8833,.T.);
#8833 = EDGE_LOOP('',(#8834,#8835,#8836,#8857));
#8834 = ORIENTED_EDGE('',*,*,#2324,.T.);
#8835 = ORIENTED_EDGE('',*,*,#8811,.T.);
#8836 = ORIENTED_EDGE('',*,*,#8837,.F.);
#8837 = EDGE_CURVE('',#8838,#8791,#8840,.T.);
#8838 = VERTEX_POINT('',#8839);
#8839 = CARTESIAN_POINT('',(10.6,-17.43597812952,2.2));
#8840 = SURFACE_CURVE('',#8841,(#8845,#8851),.PCURVE_S1.);
#8841 = LINE('',#8842,#8843);
#8842 = CARTESIAN_POINT('',(7.9,-18.99482385633,2.2));
#8843 = VECTOR('',#8844,1.);
#8844 = DIRECTION('',(-0.866025403784,-0.5,0.));
#8845 = PCURVE('',#2339,#8846);
#8846 = DEFINITIONAL_REPRESENTATION('',(#8847),#8850);
#8847 = B_SPLINE_CURVE_WITH_KNOTS('',1,(#8848,#8849),.UNSPECIFIED.,.F.,
  .F.,(2,2),(-3.117691453624,2.655811238272),.PIECEWISE_BEZIER_KNOTS.);
#8848 = CARTESIAN_POINT('',(5.773502691896,-3.2));
#8849 = CARTESIAN_POINT('',(0.,-3.2));
#8850 = ( GEOMETRIC_REPRESENTATION_CONTEXT(2) 
PARAMETRIC_REPRESENTATION_CONTEXT() REPRESENTATION_CONTEXT('2D SPACE',''
  ) );
#8851 = PCURVE('',#5933,#8852);
#8852 = DEFINITIONAL_REPRESENTATION('',(#8853),#8856);
#8853 = B_SPLINE_CURVE_WITH_KNOTS('',1,(#8854,#8855),.UNSPECIFIED.,.F.,
  .F.,(2,2),(-3.117691453624,2.655811238272),.PIECEWISE_BEZIER_KNOTS.);
#8854 = CARTESIAN_POINT('',(10.6,-17.43597812952));
#8855 = CARTESIAN_POINT('',(5.6,-20.32272947547));
#8856 = ( GEOMETRIC_REPRESENTATION_CONTEXT(2) 
PARAMETRIC_REPRESENTATION_CONTEXT() REPRESENTATION_CONTEXT('2D SPACE',''
  ) );
#8857 = ORIENTED_EDGE('',*,*,#8858,.F.);
#8858 = EDGE_CURVE('',#2299,#8838,#8859,.T.);
#8859 = SURFACE_CURVE('',#8860,(#8864,#8871),.PCURVE_S1.);
#8860 = LINE('',#8861,#8862);
#8861 = CARTESIAN_POINT('',(10.6,-17.43597812952,-1.));
#8862 = VECTOR('',#8863,1.);
#8863 = DIRECTION('',(0.,0.,1.));
#8864 = PCURVE('',#2339,#8865);
#8865 = DEFINITIONAL_REPRESENTATION('',(#8866),#8870);
#8866 = LINE('',#8867,#8868);
#8867 = CARTESIAN_POINT('',(5.773502691896,0.));
#8868 = VECTOR('',#8869,1.);
#8869 = DIRECTION('',(0.,-1.));
#8870 = ( GEOMETRIC_REPRESENTATION_CONTEXT(2) 
PARAMETRIC_REPRESENTATION_CONTEXT() REPRESENTATION_CONTEXT('2D SPACE',''
  ) );
#8871 = PCURVE('',#2313,#8872);
#8872 = DEFINITIONAL_REPRESENTATION('',(#8873),#8877);
#8873 = LINE('',#8874,#8875);
#8874 = CARTESIAN_POINT('',(0.,0.));
#8875 = VECTOR('',#8876,1.);
#8876 = DIRECTION('',(0.,-1.));
#8877 = ( GEOMETRIC_REPRESENTATION_CONTEXT(2) 
PARAMETRIC_REPRESENTATION_CONTEXT() REPRESENTATION_CONTEXT('2D SPACE',''
  ) );
#8878 = ADVANCED_FACE('',(#8879),#2313,.T.);
#8879 = FACE_BOUND('',#8880,.T.);
#8880 = EDGE_LOOP('',(#8881,#8882,#8883,#8904));
#8881 = ORIENTED_EDGE('',*,*,#2298,.T.);
#8882 = ORIENTED_EDGE('',*,*,#8858,.T.);
#8883 = ORIENTED_EDGE('',*,*,#8884,.F.);
#8884 = EDGE_CURVE('',#8885,#8838,#8887,.T.);
#8885 = VERTEX_POINT('',#8886);
#8886 = CARTESIAN_POINT('',(10.6,-11.66247543763,2.2));
#8887 = SURFACE_CURVE('',#8888,(#8892,#8898),.PCURVE_S1.);
#8888 = LINE('',#8889,#8890);
#8889 = CARTESIAN_POINT('',(10.6,-8.717989064763,2.2));
#8890 = VECTOR('',#8891,1.);
#8891 = DIRECTION('',(-1.538370149107E-16,-1.,0.));
#8892 = PCURVE('',#2313,#8893);
#8893 = DEFINITIONAL_REPRESENTATION('',(#8894),#8897);
#8894 = B_SPLINE_CURVE_WITH_KNOTS('',1,(#8895,#8896),.UNSPECIFIED.,.F.,
  .F.,(2,2),(2.944486372867,8.717989064763),.PIECEWISE_BEZIER_KNOTS.);
#8895 = CARTESIAN_POINT('',(5.773502691896,-3.2));
#8896 = CARTESIAN_POINT('',(0.,-3.2));
#8897 = ( GEOMETRIC_REPRESENTATION_CONTEXT(2) 
PARAMETRIC_REPRESENTATION_CONTEXT() REPRESENTATION_CONTEXT('2D SPACE',''
  ) );
#8898 = PCURVE('',#5933,#8899);
#8899 = DEFINITIONAL_REPRESENTATION('',(#8900),#8903);
#8900 = B_SPLINE_CURVE_WITH_KNOTS('',1,(#8901,#8902),.UNSPECIFIED.,.F.,
  .F.,(2,2),(2.944486372867,8.717989064763),.PIECEWISE_BEZIER_KNOTS.);
#8901 = CARTESIAN_POINT('',(10.6,-11.66247543763));
#8902 = CARTESIAN_POINT('',(10.6,-17.43597812952));
#8903 = ( GEOMETRIC_REPRESENTATION_CONTEXT(2) 
PARAMETRIC_REPRESENTATION_CONTEXT() REPRESENTATION_CONTEXT('2D SPACE',''
  ) );
#8904 = ORIENTED_EDGE('',*,*,#8905,.F.);
#8905 = EDGE_CURVE('',#2273,#8885,#8906,.T.);
#8906 = SURFACE_CURVE('',#8907,(#8911,#8918),.PCURVE_S1.);
#8907 = LINE('',#8908,#8909);
#8908 = CARTESIAN_POINT('',(10.6,-11.66247543763,-1.));
#8909 = VECTOR('',#8910,1.);
#8910 = DIRECTION('',(0.,0.,1.));
#8911 = PCURVE('',#2313,#8912);
#8912 = DEFINITIONAL_REPRESENTATION('',(#8913),#8917);
#8913 = LINE('',#8914,#8915);
#8914 = CARTESIAN_POINT('',(5.773502691896,0.));
#8915 = VECTOR('',#8916,1.);
#8916 = DIRECTION('',(0.,-1.));
#8917 = ( GEOMETRIC_REPRESENTATION_CONTEXT(2) 
PARAMETRIC_REPRESENTATION_CONTEXT() REPRESENTATION_CONTEXT('2D SPACE',''
  ) );
#8918 = PCURVE('',#2287,#8919);
#8919 = DEFINITIONAL_REPRESENTATION('',(#8920),#8924);
#8920 = LINE('',#8921,#8922);
#8921 = CARTESIAN_POINT('',(0.,0.));
#8922 = VECTOR('',#8923,1.);
#8923 = DIRECTION('',(0.,-1.));
#8924 = ( GEOMETRIC_REPRESENTATION_CONTEXT(2) 
PARAMETRIC_REPRESENTATION_CONTEXT() REPRESENTATION_CONTEXT('2D SPACE',''
  ) );
#8925 = ADVANCED_FACE('',(#8926),#2287,.T.);
#8926 = FACE_BOUND('',#8927,.T.);
#8927 = EDGE_LOOP('',(#8928,#8929,#8930,#8951));
#8928 = ORIENTED_EDGE('',*,*,#2272,.T.);
#8929 = ORIENTED_EDGE('',*,*,#8905,.T.);
#8930 = ORIENTED_EDGE('',*,*,#8931,.F.);
#8931 = EDGE_CURVE('',#8932,#8885,#8934,.T.);
#8932 = VERTEX_POINT('',#8933);
#8933 = CARTESIAN_POINT('',(5.6,-8.775724091682,2.2));
#8934 = SURFACE_CURVE('',#8935,(#8939,#8945),.PCURVE_S1.);
#8935 = LINE('',#8936,#8937);
#8936 = CARTESIAN_POINT('',(4.1,-7.909698687898,2.2));
#8937 = VECTOR('',#8938,1.);
#8938 = DIRECTION('',(0.866025403784,-0.5,0.));
#8939 = PCURVE('',#2287,#8940);
#8940 = DEFINITIONAL_REPRESENTATION('',(#8941),#8944);
#8941 = B_SPLINE_CURVE_WITH_KNOTS('',1,(#8942,#8943),.UNSPECIFIED.,.F.,
  .F.,(2,2),(1.732050807569,7.505553499465),.PIECEWISE_BEZIER_KNOTS.);
#8942 = CARTESIAN_POINT('',(5.773502691896,-3.2));
#8943 = CARTESIAN_POINT('',(0.,-3.2));
#8944 = ( GEOMETRIC_REPRESENTATION_CONTEXT(2) 
PARAMETRIC_REPRESENTATION_CONTEXT() REPRESENTATION_CONTEXT('2D SPACE',''
  ) );
#8945 = PCURVE('',#5933,#8946);
#8946 = DEFINITIONAL_REPRESENTATION('',(#8947),#8950);
#8947 = B_SPLINE_CURVE_WITH_KNOTS('',1,(#8948,#8949),.UNSPECIFIED.,.F.,
  .F.,(2,2),(1.732050807569,7.505553499465),.PIECEWISE_BEZIER_KNOTS.);
#8948 = CARTESIAN_POINT('',(5.6,-8.775724091682));
#8949 = CARTESIAN_POINT('',(10.6,-11.66247543763));
#8950 = ( GEOMETRIC_REPRESENTATION_CONTEXT(2) 
PARAMETRIC_REPRESENTATION_CONTEXT() REPRESENTATION_CONTEXT('2D SPACE',''
  ) );
#8951 = ORIENTED_EDGE('',*,*,#8952,.F.);
#8952 = EDGE_CURVE('',#2247,#8932,#8953,.T.);
#8953 = SURFACE_CURVE('',#8954,(#8958,#8965),.PCURVE_S1.);
#8954 = LINE('',#8955,#8956);
#8955 = CARTESIAN_POINT('',(5.6,-8.775724091682,-1.));
#8956 = VECTOR('',#8957,1.);
#8957 = DIRECTION('',(0.,0.,1.));
#8958 = PCURVE('',#2287,#8959);
#8959 = DEFINITIONAL_REPRESENTATION('',(#8960),#8964);
#8960 = LINE('',#8961,#8962);
#8961 = CARTESIAN_POINT('',(5.773502691896,0.));
#8962 = VECTOR('',#8963,1.);
#8963 = DIRECTION('',(0.,-1.));
#8964 = ( GEOMETRIC_REPRESENTATION_CONTEXT(2) 
PARAMETRIC_REPRESENTATION_CONTEXT() REPRESENTATION_CONTEXT('2D SPACE',''
  ) );
#8965 = PCURVE('',#2261,#8966);
#8966 = DEFINITIONAL_REPRESENTATION('',(#8967),#8971);
#8967 = LINE('',#8968,#8969);
#8968 = CARTESIAN_POINT('',(0.,0.));
#8969 = VECTOR('',#8970,1.);
#8970 = DIRECTION('',(0.,-1.));
#8971 = ( GEOMETRIC_REPRESENTATION_CONTEXT(2) 
PARAMETRIC_REPRESENTATION_CONTEXT() REPRESENTATION_CONTEXT('2D SPACE',''
  ) );
#8972 = ADVANCED_FACE('',(#8973),#2261,.T.);
#8973 = FACE_BOUND('',#8974,.T.);
#8974 = EDGE_LOOP('',(#8975,#8976,#8977,#8996));
#8975 = ORIENTED_EDGE('',*,*,#2246,.T.);
#8976 = ORIENTED_EDGE('',*,*,#8952,.T.);
#8977 = ORIENTED_EDGE('',*,*,#8978,.F.);
#8978 = EDGE_CURVE('',#8721,#8932,#8979,.T.);
#8979 = SURFACE_CURVE('',#8980,(#8984,#8990),.PCURVE_S1.);
#8980 = LINE('',#8981,#8982);
#8981 = CARTESIAN_POINT('',(5.4,-8.89119414552,2.2));
#8982 = VECTOR('',#8983,1.);
#8983 = DIRECTION('',(0.866025403784,0.5,-0.));
#8984 = PCURVE('',#2261,#8985);
#8985 = DEFINITIONAL_REPRESENTATION('',(#8986),#8989);
#8986 = B_SPLINE_CURVE_WITH_KNOTS('',1,(#8987,#8988),.UNSPECIFIED.,.F.,
  .F.,(2,2),(-5.54256258422,0.230940107676),.PIECEWISE_BEZIER_KNOTS.);
#8987 = CARTESIAN_POINT('',(5.773502691896,-3.2));
#8988 = CARTESIAN_POINT('',(0.,-3.2));
#8989 = ( GEOMETRIC_REPRESENTATION_CONTEXT(2) 
PARAMETRIC_REPRESENTATION_CONTEXT() REPRESENTATION_CONTEXT('2D SPACE',''
  ) );
#8990 = PCURVE('',#5933,#8991);
#8991 = DEFINITIONAL_REPRESENTATION('',(#8992),#8995);
#8992 = B_SPLINE_CURVE_WITH_KNOTS('',1,(#8993,#8994),.UNSPECIFIED.,.F.,
  .F.,(2,2),(-5.54256258422,0.230940107676),.PIECEWISE_BEZIER_KNOTS.);
#8993 = CARTESIAN_POINT('',(0.6,-11.66247543763));
#8994 = CARTESIAN_POINT('',(5.6,-8.775724091682));
#8995 = ( GEOMETRIC_REPRESENTATION_CONTEXT(2) 
PARAMETRIC_REPRESENTATION_CONTEXT() REPRESENTATION_CONTEXT('2D SPACE',''
  ) );
#8996 = ORIENTED_EDGE('',*,*,#8720,.F.);
#8997 = ADVANCED_FACE('',(#8998),#2393,.T.);
#8998 = FACE_BOUND('',#8999,.T.);
#8999 = EDGE_LOOP('',(#9000,#9001,#9024,#9045));
#9000 = ORIENTED_EDGE('',*,*,#2376,.T.);
#9001 = ORIENTED_EDGE('',*,*,#9002,.T.);
#9002 = EDGE_CURVE('',#2379,#9003,#9005,.T.);
#9003 = VERTEX_POINT('',#9004);
#9004 = CARTESIAN_POINT('',(-5.,-1.962990915245,2.2));
#9005 = SURFACE_CURVE('',#9006,(#9010,#9017),.PCURVE_S1.);
#9006 = LINE('',#9007,#9008);
#9007 = CARTESIAN_POINT('',(-5.,-1.962990915245,-1.));
#9008 = VECTOR('',#9009,1.);
#9009 = DIRECTION('',(0.,0.,1.));
#9010 = PCURVE('',#2393,#9011);
#9011 = DEFINITIONAL_REPRESENTATION('',(#9012),#9016);
#9012 = LINE('',#9013,#9014);
#9013 = CARTESIAN_POINT('',(0.,0.));
#9014 = VECTOR('',#9015,1.);
#9015 = DIRECTION('',(0.,-1.));
#9016 = ( GEOMETRIC_REPRESENTATION_CONTEXT(2) 
PARAMETRIC_REPRESENTATION_CONTEXT() REPRESENTATION_CONTEXT('2D SPACE',''
  ) );
#9017 = PCURVE('',#2419,#9018);
#9018 = DEFINITIONAL_REPRESENTATION('',(#9019),#9023);
#9019 = LINE('',#9020,#9021);
#9020 = CARTESIAN_POINT('',(5.773502691896,0.));
#9021 = VECTOR('',#9022,1.);
#9022 = DIRECTION('',(0.,-1.));
#9023 = ( GEOMETRIC_REPRESENTATION_CONTEXT(2) 
PARAMETRIC_REPRESENTATION_CONTEXT() REPRESENTATION_CONTEXT('2D SPACE',''
  ) );
#9024 = ORIENTED_EDGE('',*,*,#9025,.F.);
#9025 = EDGE_CURVE('',#9026,#9003,#9028,.T.);
#9026 = VERTEX_POINT('',#9027);
#9027 = CARTESIAN_POINT('',(-5.,-7.736493607141,2.2));
#9028 = SURFACE_CURVE('',#9029,(#9033,#9039),.PCURVE_S1.);
#9029 = LINE('',#9030,#9031);
#9030 = CARTESIAN_POINT('',(-5.,-0.981495457622,2.2));
#9031 = VECTOR('',#9032,1.);
#9032 = DIRECTION('',(4.615110447321E-16,1.,-0.));
#9033 = PCURVE('',#2393,#9034);
#9034 = DEFINITIONAL_REPRESENTATION('',(#9035),#9038);
#9035 = B_SPLINE_CURVE_WITH_KNOTS('',1,(#9036,#9037),.UNSPECIFIED.,.F.,
  .F.,(2,2),(-6.754998149519,-0.981495457622),.PIECEWISE_BEZIER_KNOTS.);
#9036 = CARTESIAN_POINT('',(5.773502691896,-3.2));
#9037 = CARTESIAN_POINT('',(0.,-3.2));
#9038 = ( GEOMETRIC_REPRESENTATION_CONTEXT(2) 
PARAMETRIC_REPRESENTATION_CONTEXT() REPRESENTATION_CONTEXT('2D SPACE',''
  ) );
#9039 = PCURVE('',#5933,#9040);
#9040 = DEFINITIONAL_REPRESENTATION('',(#9041),#9044);
#9041 = B_SPLINE_CURVE_WITH_KNOTS('',1,(#9042,#9043),.UNSPECIFIED.,.F.,
  .F.,(2,2),(-6.754998149519,-0.981495457622),.PIECEWISE_BEZIER_KNOTS.);
#9042 = CARTESIAN_POINT('',(-5.,-7.736493607141));
#9043 = CARTESIAN_POINT('',(-5.,-1.962990915245));
#9044 = ( GEOMETRIC_REPRESENTATION_CONTEXT(2) 
PARAMETRIC_REPRESENTATION_CONTEXT() REPRESENTATION_CONTEXT('2D SPACE',''
  ) );
#9045 = ORIENTED_EDGE('',*,*,#9046,.F.);
#9046 = EDGE_CURVE('',#2377,#9026,#9047,.T.);
#9047 = SURFACE_CURVE('',#9048,(#9052,#9059),.PCURVE_S1.);
#9048 = LINE('',#9049,#9050);
#9049 = CARTESIAN_POINT('',(-5.,-7.736493607141,-1.));
#9050 = VECTOR('',#9051,1.);
#9051 = DIRECTION('',(0.,0.,1.));
#9052 = PCURVE('',#2393,#9053);
#9053 = DEFINITIONAL_REPRESENTATION('',(#9054),#9058);
#9054 = LINE('',#9055,#9056);
#9055 = CARTESIAN_POINT('',(5.773502691896,0.));
#9056 = VECTOR('',#9057,1.);
#9057 = DIRECTION('',(0.,-1.));
#9058 = ( GEOMETRIC_REPRESENTATION_CONTEXT(2) 
PARAMETRIC_REPRESENTATION_CONTEXT() REPRESENTATION_CONTEXT('2D SPACE',''
  ) );
#9059 = PCURVE('',#2521,#9060);
#9060 = DEFINITIONAL_REPRESENTATION('',(#9061),#9065);
#9061 = LINE('',#9062,#9063);
#9062 = CARTESIAN_POINT('',(0.,0.));
#9063 = VECTOR('',#9064,1.);
#9064 = DIRECTION('',(0.,-1.));
#9065 = ( GEOMETRIC_REPRESENTATION_CONTEXT(2) 
PARAMETRIC_REPRESENTATION_CONTEXT() REPRESENTATION_CONTEXT('2D SPACE',''
  ) );
#9066 = ADVANCED_FACE('',(#9067),#2521,.T.);
#9067 = FACE_BOUND('',#9068,.T.);
#9068 = EDGE_LOOP('',(#9069,#9070,#9071,#9092));
#9069 = ORIENTED_EDGE('',*,*,#2508,.T.);
#9070 = ORIENTED_EDGE('',*,*,#9046,.T.);
#9071 = ORIENTED_EDGE('',*,*,#9072,.F.);
#9072 = EDGE_CURVE('',#9073,#9026,#9075,.T.);
#9073 = VERTEX_POINT('',#9074);
#9074 = CARTESIAN_POINT('',(7.157816006753E-16,-10.62324495308,2.2));
#9075 = SURFACE_CURVE('',#9076,(#9080,#9086),.PCURVE_S1.);
#9076 = LINE('',#9077,#9078);
#9077 = CARTESIAN_POINT('',(-4.8,-7.851963660979,2.2));
#9078 = VECTOR('',#9079,1.);
#9079 = DIRECTION('',(-0.866025403784,0.5,0.));
#9080 = PCURVE('',#2521,#9081);
#9081 = DEFINITIONAL_REPRESENTATION('',(#9082),#9085);
#9082 = B_SPLINE_CURVE_WITH_KNOTS('',1,(#9083,#9084),.UNSPECIFIED.,.F.,
  .F.,(2,2),(-5.54256258422,0.230940107676),.PIECEWISE_BEZIER_KNOTS.);
#9083 = CARTESIAN_POINT('',(5.773502691896,-3.2));
#9084 = CARTESIAN_POINT('',(0.,-3.2));
#9085 = ( GEOMETRIC_REPRESENTATION_CONTEXT(2) 
PARAMETRIC_REPRESENTATION_CONTEXT() REPRESENTATION_CONTEXT('2D SPACE',''
  ) );
#9086 = PCURVE('',#5933,#9087);
#9087 = DEFINITIONAL_REPRESENTATION('',(#9088),#9091);
#9088 = B_SPLINE_CURVE_WITH_KNOTS('',1,(#9089,#9090),.UNSPECIFIED.,.F.,
  .F.,(2,2),(-5.54256258422,0.230940107676),.PIECEWISE_BEZIER_KNOTS.);
#9089 = CARTESIAN_POINT('',(1.467479039495E-15,-10.62324495308));
#9090 = CARTESIAN_POINT('',(-5.,-7.736493607141));
#9091 = ( GEOMETRIC_REPRESENTATION_CONTEXT(2) 
PARAMETRIC_REPRESENTATION_CONTEXT() REPRESENTATION_CONTEXT('2D SPACE',''
  ) );
#9092 = ORIENTED_EDGE('',*,*,#9093,.F.);
#9093 = EDGE_CURVE('',#2483,#9073,#9094,.T.);
#9094 = SURFACE_CURVE('',#9095,(#9099,#9106),.PCURVE_S1.);
#9095 = LINE('',#9096,#9097);
#9096 = CARTESIAN_POINT('',(7.157816006753E-16,-10.62324495308,-1.));
#9097 = VECTOR('',#9098,1.);
#9098 = DIRECTION('',(0.,0.,1.));
#9099 = PCURVE('',#2521,#9100);
#9100 = DEFINITIONAL_REPRESENTATION('',(#9101),#9105);
#9101 = LINE('',#9102,#9103);
#9102 = CARTESIAN_POINT('',(5.773502691896,0.));
#9103 = VECTOR('',#9104,1.);
#9104 = DIRECTION('',(0.,-1.));
#9105 = ( GEOMETRIC_REPRESENTATION_CONTEXT(2) 
PARAMETRIC_REPRESENTATION_CONTEXT() REPRESENTATION_CONTEXT('2D SPACE',''
  ) );
#9106 = PCURVE('',#2497,#9107);
#9107 = DEFINITIONAL_REPRESENTATION('',(#9108),#9112);
#9108 = LINE('',#9109,#9110);
#9109 = CARTESIAN_POINT('',(0.,0.));
#9110 = VECTOR('',#9111,1.);
#9111 = DIRECTION('',(0.,-1.));
#9112 = ( GEOMETRIC_REPRESENTATION_CONTEXT(2) 
PARAMETRIC_REPRESENTATION_CONTEXT() REPRESENTATION_CONTEXT('2D SPACE',''
  ) );
#9113 = ADVANCED_FACE('',(#9114),#2497,.T.);
#9114 = FACE_BOUND('',#9115,.T.);
#9115 = EDGE_LOOP('',(#9116,#9117,#9118,#9139));
#9116 = ORIENTED_EDGE('',*,*,#2482,.T.);
#9117 = ORIENTED_EDGE('',*,*,#9093,.T.);
#9118 = ORIENTED_EDGE('',*,*,#9119,.F.);
#9119 = EDGE_CURVE('',#9120,#9073,#9122,.T.);
#9120 = VERTEX_POINT('',#9121);
#9121 = CARTESIAN_POINT('',(5.,-7.736493607141,2.2));
#9122 = SURFACE_CURVE('',#9123,(#9127,#9133),.PCURVE_S1.);
#9123 = LINE('',#9124,#9125);
#9124 = CARTESIAN_POINT('',(2.3,-9.295339333953,2.2));
#9125 = VECTOR('',#9126,1.);
#9126 = DIRECTION('',(-0.866025403784,-0.5,0.));
#9127 = PCURVE('',#2497,#9128);
#9128 = DEFINITIONAL_REPRESENTATION('',(#9129),#9132);
#9129 = B_SPLINE_CURVE_WITH_KNOTS('',1,(#9130,#9131),.UNSPECIFIED.,.F.,
  .F.,(2,2),(-3.117691453624,2.655811238272),.PIECEWISE_BEZIER_KNOTS.);
#9130 = CARTESIAN_POINT('',(5.773502691896,-3.2));
#9131 = CARTESIAN_POINT('',(0.,-3.2));
#9132 = ( GEOMETRIC_REPRESENTATION_CONTEXT(2) 
PARAMETRIC_REPRESENTATION_CONTEXT() REPRESENTATION_CONTEXT('2D SPACE',''
  ) );
#9133 = PCURVE('',#5933,#9134);
#9134 = DEFINITIONAL_REPRESENTATION('',(#9135),#9138);
#9135 = B_SPLINE_CURVE_WITH_KNOTS('',1,(#9136,#9137),.UNSPECIFIED.,.F.,
  .F.,(2,2),(-3.117691453624,2.655811238272),.PIECEWISE_BEZIER_KNOTS.);
#9136 = CARTESIAN_POINT('',(5.,-7.736493607141));
#9137 = CARTESIAN_POINT('',(1.054960637424E-15,-10.62324495308));
#9138 = ( GEOMETRIC_REPRESENTATION_CONTEXT(2) 
PARAMETRIC_REPRESENTATION_CONTEXT() REPRESENTATION_CONTEXT('2D SPACE',''
  ) );
#9139 = ORIENTED_EDGE('',*,*,#9140,.F.);
#9140 = EDGE_CURVE('',#2457,#9120,#9141,.T.);
#9141 = SURFACE_CURVE('',#9142,(#9146,#9153),.PCURVE_S1.);
#9142 = LINE('',#9143,#9144);
#9143 = CARTESIAN_POINT('',(5.,-7.736493607141,-1.));
#9144 = VECTOR('',#9145,1.);
#9145 = DIRECTION('',(0.,0.,1.));
#9146 = PCURVE('',#2497,#9147);
#9147 = DEFINITIONAL_REPRESENTATION('',(#9148),#9152);
#9148 = LINE('',#9149,#9150);
#9149 = CARTESIAN_POINT('',(5.773502691896,0.));
#9150 = VECTOR('',#9151,1.);
#9151 = DIRECTION('',(0.,-1.));
#9152 = ( GEOMETRIC_REPRESENTATION_CONTEXT(2) 
PARAMETRIC_REPRESENTATION_CONTEXT() REPRESENTATION_CONTEXT('2D SPACE',''
  ) );
#9153 = PCURVE('',#2471,#9154);
#9154 = DEFINITIONAL_REPRESENTATION('',(#9155),#9159);
#9155 = LINE('',#9156,#9157);
#9156 = CARTESIAN_POINT('',(0.,0.));
#9157 = VECTOR('',#9158,1.);
#9158 = DIRECTION('',(0.,-1.));
#9159 = ( GEOMETRIC_REPRESENTATION_CONTEXT(2) 
PARAMETRIC_REPRESENTATION_CONTEXT() REPRESENTATION_CONTEXT('2D SPACE',''
  ) );
#9160 = ADVANCED_FACE('',(#9161),#2471,.T.);
#9161 = FACE_BOUND('',#9162,.T.);
#9162 = EDGE_LOOP('',(#9163,#9164,#9165,#9186));
#9163 = ORIENTED_EDGE('',*,*,#2456,.T.);
#9164 = ORIENTED_EDGE('',*,*,#9140,.T.);
#9165 = ORIENTED_EDGE('',*,*,#9166,.F.);
#9166 = EDGE_CURVE('',#9167,#9120,#9169,.T.);
#9167 = VERTEX_POINT('',#9168);
#9168 = CARTESIAN_POINT('',(5.,-1.962990915245,2.2));
#9169 = SURFACE_CURVE('',#9170,(#9174,#9180),.PCURVE_S1.);
#9170 = LINE('',#9171,#9172);
#9171 = CARTESIAN_POINT('',(5.,-3.86824680357,2.2));
#9172 = VECTOR('',#9173,1.);
#9173 = DIRECTION('',(-1.538370149107E-16,-1.,0.));
#9174 = PCURVE('',#2471,#9175);
#9175 = DEFINITIONAL_REPRESENTATION('',(#9176),#9179);
#9176 = B_SPLINE_CURVE_WITH_KNOTS('',1,(#9177,#9178),.UNSPECIFIED.,.F.,
  .F.,(2,2),(-1.905255888326,3.86824680357),.PIECEWISE_BEZIER_KNOTS.);
#9177 = CARTESIAN_POINT('',(5.773502691896,-3.2));
#9178 = CARTESIAN_POINT('',(0.,-3.2));
#9179 = ( GEOMETRIC_REPRESENTATION_CONTEXT(2) 
PARAMETRIC_REPRESENTATION_CONTEXT() REPRESENTATION_CONTEXT('2D SPACE',''
  ) );
#9180 = PCURVE('',#5933,#9181);
#9181 = DEFINITIONAL_REPRESENTATION('',(#9182),#9185);
#9182 = B_SPLINE_CURVE_WITH_KNOTS('',1,(#9183,#9184),.UNSPECIFIED.,.F.,
  .F.,(2,2),(-1.905255888326,3.86824680357),.PIECEWISE_BEZIER_KNOTS.);
#9183 = CARTESIAN_POINT('',(5.,-1.962990915245));
#9184 = CARTESIAN_POINT('',(5.,-7.736493607141));
#9185 = ( GEOMETRIC_REPRESENTATION_CONTEXT(2) 
PARAMETRIC_REPRESENTATION_CONTEXT() REPRESENTATION_CONTEXT('2D SPACE',''
  ) );
#9186 = ORIENTED_EDGE('',*,*,#9187,.F.);
#9187 = EDGE_CURVE('',#2431,#9167,#9188,.T.);
#9188 = SURFACE_CURVE('',#9189,(#9193,#9200),.PCURVE_S1.);
#9189 = LINE('',#9190,#9191);
#9190 = CARTESIAN_POINT('',(5.,-1.962990915245,-1.));
#9191 = VECTOR('',#9192,1.);
#9192 = DIRECTION('',(0.,0.,1.));
#9193 = PCURVE('',#2471,#9194);
#9194 = DEFINITIONAL_REPRESENTATION('',(#9195),#9199);
#9195 = LINE('',#9196,#9197);
#9196 = CARTESIAN_POINT('',(5.773502691896,0.));
#9197 = VECTOR('',#9198,1.);
#9198 = DIRECTION('',(0.,-1.));
#9199 = ( GEOMETRIC_REPRESENTATION_CONTEXT(2) 
PARAMETRIC_REPRESENTATION_CONTEXT() REPRESENTATION_CONTEXT('2D SPACE',''
  ) );
#9200 = PCURVE('',#2445,#9201);
#9201 = DEFINITIONAL_REPRESENTATION('',(#9202),#9206);
#9202 = LINE('',#9203,#9204);
#9203 = CARTESIAN_POINT('',(0.,0.));
#9204 = VECTOR('',#9205,1.);
#9205 = DIRECTION('',(0.,-1.));
#9206 = ( GEOMETRIC_REPRESENTATION_CONTEXT(2) 
PARAMETRIC_REPRESENTATION_CONTEXT() REPRESENTATION_CONTEXT('2D SPACE',''
  ) );
#9207 = ADVANCED_FACE('',(#9208),#2445,.T.);
#9208 = FACE_BOUND('',#9209,.T.);
#9209 = EDGE_LOOP('',(#9210,#9211,#9212,#9233));
#9210 = ORIENTED_EDGE('',*,*,#2430,.T.);
#9211 = ORIENTED_EDGE('',*,*,#9187,.T.);
#9212 = ORIENTED_EDGE('',*,*,#9213,.F.);
#9213 = EDGE_CURVE('',#9214,#9167,#9216,.T.);
#9214 = VERTEX_POINT('',#9215);
#9215 = CARTESIAN_POINT('',(2.129881918975E-15,0.923760430703,2.2));
#9216 = SURFACE_CURVE('',#9217,(#9221,#9227),.PCURVE_S1.);
#9217 = LINE('',#9218,#9219);
#9218 = CARTESIAN_POINT('',(2.7,-0.635085296109,2.2));
#9219 = VECTOR('',#9220,1.);
#9220 = DIRECTION('',(0.866025403784,-0.5,0.));
#9221 = PCURVE('',#2445,#9222);
#9222 = DEFINITIONAL_REPRESENTATION('',(#9223),#9226);
#9223 = B_SPLINE_CURVE_WITH_KNOTS('',1,(#9224,#9225),.UNSPECIFIED.,.F.,
  .F.,(2,2),(-3.117691453624,2.655811238272),.PIECEWISE_BEZIER_KNOTS.);
#9224 = CARTESIAN_POINT('',(5.773502691896,-3.2));
#9225 = CARTESIAN_POINT('',(0.,-3.2));
#9226 = ( GEOMETRIC_REPRESENTATION_CONTEXT(2) 
PARAMETRIC_REPRESENTATION_CONTEXT() REPRESENTATION_CONTEXT('2D SPACE',''
  ) );
#9227 = PCURVE('',#5933,#9228);
#9228 = DEFINITIONAL_REPRESENTATION('',(#9229),#9232);
#9229 = B_SPLINE_CURVE_WITH_KNOTS('',1,(#9230,#9231),.UNSPECIFIED.,.F.,
  .F.,(2,2),(-3.117691453624,2.655811238272),.PIECEWISE_BEZIER_KNOTS.);
#9230 = CARTESIAN_POINT('',(1.399714485633E-15,0.923760430703));
#9231 = CARTESIAN_POINT('',(5.,-1.962990915245));
#9232 = ( GEOMETRIC_REPRESENTATION_CONTEXT(2) 
PARAMETRIC_REPRESENTATION_CONTEXT() REPRESENTATION_CONTEXT('2D SPACE',''
  ) );
#9233 = ORIENTED_EDGE('',*,*,#9234,.F.);
#9234 = EDGE_CURVE('',#2405,#9214,#9235,.T.);
#9235 = SURFACE_CURVE('',#9236,(#9240,#9247),.PCURVE_S1.);
#9236 = LINE('',#9237,#9238);
#9237 = CARTESIAN_POINT('',(2.129881918975E-15,0.923760430703,-1.));
#9238 = VECTOR('',#9239,1.);
#9239 = DIRECTION('',(0.,0.,1.));
#9240 = PCURVE('',#2445,#9241);
#9241 = DEFINITIONAL_REPRESENTATION('',(#9242),#9246);
#9242 = LINE('',#9243,#9244);
#9243 = CARTESIAN_POINT('',(5.773502691896,0.));
#9244 = VECTOR('',#9245,1.);
#9245 = DIRECTION('',(0.,-1.));
#9246 = ( GEOMETRIC_REPRESENTATION_CONTEXT(2) 
PARAMETRIC_REPRESENTATION_CONTEXT() REPRESENTATION_CONTEXT('2D SPACE',''
  ) );
#9247 = PCURVE('',#2419,#9248);
#9248 = DEFINITIONAL_REPRESENTATION('',(#9249),#9253);
#9249 = LINE('',#9250,#9251);
#9250 = CARTESIAN_POINT('',(0.,0.));
#9251 = VECTOR('',#9252,1.);
#9252 = DIRECTION('',(0.,-1.));
#9253 = ( GEOMETRIC_REPRESENTATION_CONTEXT(2) 
PARAMETRIC_REPRESENTATION_CONTEXT() REPRESENTATION_CONTEXT('2D SPACE',''
  ) );
#9254 = ADVANCED_FACE('',(#9255),#2419,.T.);
#9255 = FACE_BOUND('',#9256,.T.);
#9256 = EDGE_LOOP('',(#9257,#9258,#9259,#9278));
#9257 = ORIENTED_EDGE('',*,*,#2404,.T.);
#9258 = ORIENTED_EDGE('',*,*,#9234,.T.);
#9259 = ORIENTED_EDGE('',*,*,#9260,.F.);
#9260 = EDGE_CURVE('',#9003,#9214,#9261,.T.);
#9261 = SURFACE_CURVE('',#9262,(#9266,#9272),.PCURVE_S1.);
#9262 = LINE('',#9263,#9264);
#9263 = CARTESIAN_POINT('',(-0.2,0.808290376865,2.2));
#9264 = VECTOR('',#9265,1.);
#9265 = DIRECTION('',(0.866025403784,0.5,-0.));
#9266 = PCURVE('',#2419,#9267);
#9267 = DEFINITIONAL_REPRESENTATION('',(#9268),#9271);
#9268 = B_SPLINE_CURVE_WITH_KNOTS('',1,(#9269,#9270),.UNSPECIFIED.,.F.,
  .F.,(2,2),(-5.54256258422,0.230940107676),.PIECEWISE_BEZIER_KNOTS.);
#9269 = CARTESIAN_POINT('',(5.773502691896,-3.2));
#9270 = CARTESIAN_POINT('',(0.,-3.2));
#9271 = ( GEOMETRIC_REPRESENTATION_CONTEXT(2) 
PARAMETRIC_REPRESENTATION_CONTEXT() REPRESENTATION_CONTEXT('2D SPACE',''
  ) );
#9272 = PCURVE('',#5933,#9273);
#9273 = DEFINITIONAL_REPRESENTATION('',(#9274),#9277);
#9274 = B_SPLINE_CURVE_WITH_KNOTS('',1,(#9275,#9276),.UNSPECIFIED.,.F.,
  .F.,(2,2),(-5.54256258422,0.230940107676),.PIECEWISE_BEZIER_KNOTS.);
#9275 = CARTESIAN_POINT('',(-5.,-1.962990915245));
#9276 = CARTESIAN_POINT('',(2.139594821438E-15,0.923760430703));
#9277 = ( GEOMETRIC_REPRESENTATION_CONTEXT(2) 
PARAMETRIC_REPRESENTATION_CONTEXT() REPRESENTATION_CONTEXT('2D SPACE',''
  ) );
#9278 = ORIENTED_EDGE('',*,*,#9002,.F.);
#9279 = ADVANCED_FACE('',(#9280),#2551,.T.);
#9280 = FACE_BOUND('',#9281,.T.);
#9281 = EDGE_LOOP('',(#9282,#9283,#9306,#9327));
#9282 = ORIENTED_EDGE('',*,*,#2534,.T.);
#9283 = ORIENTED_EDGE('',*,*,#9284,.T.);
#9284 = EDGE_CURVE('',#2537,#9285,#9287,.T.);
#9285 = VERTEX_POINT('',#9286);
#9286 = CARTESIAN_POINT('',(11.8,-11.66247543763,2.2));
#9287 = SURFACE_CURVE('',#9288,(#9292,#9299),.PCURVE_S1.);
#9288 = LINE('',#9289,#9290);
#9289 = CARTESIAN_POINT('',(11.8,-11.66247543763,-1.));
#9290 = VECTOR('',#9291,1.);
#9291 = DIRECTION('',(0.,0.,1.));
#9292 = PCURVE('',#2551,#9293);
#9293 = DEFINITIONAL_REPRESENTATION('',(#9294),#9298);
#9294 = LINE('',#9295,#9296);
#9295 = CARTESIAN_POINT('',(0.,0.));
#9296 = VECTOR('',#9297,1.);
#9297 = DIRECTION('',(0.,-1.));
#9298 = ( GEOMETRIC_REPRESENTATION_CONTEXT(2) 
PARAMETRIC_REPRESENTATION_CONTEXT() REPRESENTATION_CONTEXT('2D SPACE',''
  ) );
#9299 = PCURVE('',#2577,#9300);
#9300 = DEFINITIONAL_REPRESENTATION('',(#9301),#9305);
#9301 = LINE('',#9302,#9303);
#9302 = CARTESIAN_POINT('',(5.773502691896,0.));
#9303 = VECTOR('',#9304,1.);
#9304 = DIRECTION('',(0.,-1.));
#9305 = ( GEOMETRIC_REPRESENTATION_CONTEXT(2) 
PARAMETRIC_REPRESENTATION_CONTEXT() REPRESENTATION_CONTEXT('2D SPACE',''
  ) );
#9306 = ORIENTED_EDGE('',*,*,#9307,.F.);
#9307 = EDGE_CURVE('',#9308,#9285,#9310,.T.);
#9308 = VERTEX_POINT('',#9309);
#9309 = CARTESIAN_POINT('',(11.8,-17.43597812952,2.2));
#9310 = SURFACE_CURVE('',#9311,(#9315,#9321),.PCURVE_S1.);
#9311 = LINE('',#9312,#9313);
#9312 = CARTESIAN_POINT('',(11.8,-5.831237718815,2.2));
#9313 = VECTOR('',#9314,1.);
#9314 = DIRECTION('',(4.615110447321E-16,1.,-0.));
#9315 = PCURVE('',#2551,#9316);
#9316 = DEFINITIONAL_REPRESENTATION('',(#9317),#9320);
#9317 = B_SPLINE_CURVE_WITH_KNOTS('',1,(#9318,#9319),.UNSPECIFIED.,.F.,
  .F.,(2,2),(-11.60474041071,-5.831237718815),.PIECEWISE_BEZIER_KNOTS.);
#9318 = CARTESIAN_POINT('',(5.773502691896,-3.2));
#9319 = CARTESIAN_POINT('',(0.,-3.2));
#9320 = ( GEOMETRIC_REPRESENTATION_CONTEXT(2) 
PARAMETRIC_REPRESENTATION_CONTEXT() REPRESENTATION_CONTEXT('2D SPACE',''
  ) );
#9321 = PCURVE('',#5933,#9322);
#9322 = DEFINITIONAL_REPRESENTATION('',(#9323),#9326);
#9323 = B_SPLINE_CURVE_WITH_KNOTS('',1,(#9324,#9325),.UNSPECIFIED.,.F.,
  .F.,(2,2),(-11.60474041071,-5.831237718815),.PIECEWISE_BEZIER_KNOTS.);
#9324 = CARTESIAN_POINT('',(11.8,-17.43597812952));
#9325 = CARTESIAN_POINT('',(11.8,-11.66247543763));
#9326 = ( GEOMETRIC_REPRESENTATION_CONTEXT(2) 
PARAMETRIC_REPRESENTATION_CONTEXT() REPRESENTATION_CONTEXT('2D SPACE',''
  ) );
#9327 = ORIENTED_EDGE('',*,*,#9328,.F.);
#9328 = EDGE_CURVE('',#2535,#9308,#9329,.T.);
#9329 = SURFACE_CURVE('',#9330,(#9334,#9341),.PCURVE_S1.);
#9330 = LINE('',#9331,#9332);
#9331 = CARTESIAN_POINT('',(11.8,-17.43597812952,-1.));
#9332 = VECTOR('',#9333,1.);
#9333 = DIRECTION('',(0.,0.,1.));
#9334 = PCURVE('',#2551,#9335);
#9335 = DEFINITIONAL_REPRESENTATION('',(#9336),#9340);
#9336 = LINE('',#9337,#9338);
#9337 = CARTESIAN_POINT('',(5.773502691896,0.));
#9338 = VECTOR('',#9339,1.);
#9339 = DIRECTION('',(0.,-1.));
#9340 = ( GEOMETRIC_REPRESENTATION_CONTEXT(2) 
PARAMETRIC_REPRESENTATION_CONTEXT() REPRESENTATION_CONTEXT('2D SPACE',''
  ) );
#9341 = PCURVE('',#2679,#9342);
#9342 = DEFINITIONAL_REPRESENTATION('',(#9343),#9347);
#9343 = LINE('',#9344,#9345);
#9344 = CARTESIAN_POINT('',(0.,0.));
#9345 = VECTOR('',#9346,1.);
#9346 = DIRECTION('',(0.,-1.));
#9347 = ( GEOMETRIC_REPRESENTATION_CONTEXT(2) 
PARAMETRIC_REPRESENTATION_CONTEXT() REPRESENTATION_CONTEXT('2D SPACE',''
  ) );
#9348 = ADVANCED_FACE('',(#9349),#2679,.T.);
#9349 = FACE_BOUND('',#9350,.T.);
#9350 = EDGE_LOOP('',(#9351,#9352,#9353,#9374));
#9351 = ORIENTED_EDGE('',*,*,#2666,.T.);
#9352 = ORIENTED_EDGE('',*,*,#9328,.T.);
#9353 = ORIENTED_EDGE('',*,*,#9354,.F.);
#9354 = EDGE_CURVE('',#9355,#9308,#9357,.T.);
#9355 = VERTEX_POINT('',#9356);
#9356 = CARTESIAN_POINT('',(16.8,-20.32272947547,2.2));
#9357 = SURFACE_CURVE('',#9358,(#9362,#9368),.PCURVE_S1.);
#9358 = LINE('',#9359,#9360);
#9359 = CARTESIAN_POINT('',(3.6,-12.70170592217,2.2));
#9360 = VECTOR('',#9361,1.);
#9361 = DIRECTION('',(-0.866025403784,0.5,0.));
#9362 = PCURVE('',#2679,#9363);
#9363 = DEFINITIONAL_REPRESENTATION('',(#9364),#9367);
#9364 = B_SPLINE_CURVE_WITH_KNOTS('',1,(#9365,#9366),.UNSPECIFIED.,.F.,
  .F.,(2,2),(-15.2420471066,-9.46854441471),.PIECEWISE_BEZIER_KNOTS.);
#9365 = CARTESIAN_POINT('',(5.773502691896,-3.2));
#9366 = CARTESIAN_POINT('',(0.,-3.2));
#9367 = ( GEOMETRIC_REPRESENTATION_CONTEXT(2) 
PARAMETRIC_REPRESENTATION_CONTEXT() REPRESENTATION_CONTEXT('2D SPACE',''
  ) );
#9368 = PCURVE('',#5933,#9369);
#9369 = DEFINITIONAL_REPRESENTATION('',(#9370),#9373);
#9370 = B_SPLINE_CURVE_WITH_KNOTS('',1,(#9371,#9372),.UNSPECIFIED.,.F.,
  .F.,(2,2),(-15.2420471066,-9.46854441471),.PIECEWISE_BEZIER_KNOTS.);
#9371 = CARTESIAN_POINT('',(16.8,-20.32272947547));
#9372 = CARTESIAN_POINT('',(11.8,-17.43597812952));
#9373 = ( GEOMETRIC_REPRESENTATION_CONTEXT(2) 
PARAMETRIC_REPRESENTATION_CONTEXT() REPRESENTATION_CONTEXT('2D SPACE',''
  ) );
#9374 = ORIENTED_EDGE('',*,*,#9375,.F.);
#9375 = EDGE_CURVE('',#2641,#9355,#9376,.T.);
#9376 = SURFACE_CURVE('',#9377,(#9381,#9388),.PCURVE_S1.);
#9377 = LINE('',#9378,#9379);
#9378 = CARTESIAN_POINT('',(16.8,-20.32272947547,-1.));
#9379 = VECTOR('',#9380,1.);
#9380 = DIRECTION('',(0.,0.,1.));
#9381 = PCURVE('',#2679,#9382);
#9382 = DEFINITIONAL_REPRESENTATION('',(#9383),#9387);
#9383 = LINE('',#9384,#9385);
#9384 = CARTESIAN_POINT('',(5.773502691896,0.));
#9385 = VECTOR('',#9386,1.);
#9386 = DIRECTION('',(0.,-1.));
#9387 = ( GEOMETRIC_REPRESENTATION_CONTEXT(2) 
PARAMETRIC_REPRESENTATION_CONTEXT() REPRESENTATION_CONTEXT('2D SPACE',''
  ) );
#9388 = PCURVE('',#2655,#9389);
#9389 = DEFINITIONAL_REPRESENTATION('',(#9390),#9394);
#9390 = LINE('',#9391,#9392);
#9391 = CARTESIAN_POINT('',(0.,0.));
#9392 = VECTOR('',#9393,1.);
#9393 = DIRECTION('',(0.,-1.));
#9394 = ( GEOMETRIC_REPRESENTATION_CONTEXT(2) 
PARAMETRIC_REPRESENTATION_CONTEXT() REPRESENTATION_CONTEXT('2D SPACE',''
  ) );
#9395 = ADVANCED_FACE('',(#9396),#2655,.T.);
#9396 = FACE_BOUND('',#9397,.T.);
#9397 = EDGE_LOOP('',(#9398,#9399,#9400,#9421));
#9398 = ORIENTED_EDGE('',*,*,#2640,.T.);
#9399 = ORIENTED_EDGE('',*,*,#9375,.T.);
#9400 = ORIENTED_EDGE('',*,*,#9401,.F.);
#9401 = EDGE_CURVE('',#9402,#9355,#9404,.T.);
#9402 = VERTEX_POINT('',#9403);
#9403 = CARTESIAN_POINT('',(21.8,-17.43597812952,2.2));
#9404 = SURFACE_CURVE('',#9405,(#9409,#9415),.PCURVE_S1.);
#9405 = LINE('',#9406,#9407);
#9406 = CARTESIAN_POINT('',(14.9,-21.41969498693,2.2));
#9407 = VECTOR('',#9408,1.);
#9408 = DIRECTION('',(-0.866025403784,-0.5,0.));
#9409 = PCURVE('',#2655,#9410);
#9410 = DEFINITIONAL_REPRESENTATION('',(#9411),#9414);
#9411 = B_SPLINE_CURVE_WITH_KNOTS('',1,(#9412,#9413),.UNSPECIFIED.,.F.,
  .F.,(2,2),(-7.967433714817,-2.193931022921),.PIECEWISE_BEZIER_KNOTS.);
#9412 = CARTESIAN_POINT('',(5.773502691896,-3.2));
#9413 = CARTESIAN_POINT('',(0.,-3.2));
#9414 = ( GEOMETRIC_REPRESENTATION_CONTEXT(2) 
PARAMETRIC_REPRESENTATION_CONTEXT() REPRESENTATION_CONTEXT('2D SPACE',''
  ) );
#9415 = PCURVE('',#5933,#9416);
#9416 = DEFINITIONAL_REPRESENTATION('',(#9417),#9420);
#9417 = B_SPLINE_CURVE_WITH_KNOTS('',1,(#9418,#9419),.UNSPECIFIED.,.F.,
  .F.,(2,2),(-7.967433714817,-2.193931022921),.PIECEWISE_BEZIER_KNOTS.);
#9418 = CARTESIAN_POINT('',(21.8,-17.43597812952));
#9419 = CARTESIAN_POINT('',(16.8,-20.32272947547));
#9420 = ( GEOMETRIC_REPRESENTATION_CONTEXT(2) 
PARAMETRIC_REPRESENTATION_CONTEXT() REPRESENTATION_CONTEXT('2D SPACE',''
  ) );
#9421 = ORIENTED_EDGE('',*,*,#9422,.F.);
#9422 = EDGE_CURVE('',#2615,#9402,#9423,.T.);
#9423 = SURFACE_CURVE('',#9424,(#9428,#9435),.PCURVE_S1.);
#9424 = LINE('',#9425,#9426);
#9425 = CARTESIAN_POINT('',(21.8,-17.43597812952,-1.));
#9426 = VECTOR('',#9427,1.);
#9427 = DIRECTION('',(0.,0.,1.));
#9428 = PCURVE('',#2655,#9429);
#9429 = DEFINITIONAL_REPRESENTATION('',(#9430),#9434);
#9430 = LINE('',#9431,#9432);
#9431 = CARTESIAN_POINT('',(5.773502691896,0.));
#9432 = VECTOR('',#9433,1.);
#9433 = DIRECTION('',(0.,-1.));
#9434 = ( GEOMETRIC_REPRESENTATION_CONTEXT(2) 
PARAMETRIC_REPRESENTATION_CONTEXT() REPRESENTATION_CONTEXT('2D SPACE',''
  ) );
#9435 = PCURVE('',#2629,#9436);
#9436 = DEFINITIONAL_REPRESENTATION('',(#9437),#9441);
#9437 = LINE('',#9438,#9439);
#9438 = CARTESIAN_POINT('',(0.,0.));
#9439 = VECTOR('',#9440,1.);
#9440 = DIRECTION('',(0.,-1.));
#9441 = ( GEOMETRIC_REPRESENTATION_CONTEXT(2) 
PARAMETRIC_REPRESENTATION_CONTEXT() REPRESENTATION_CONTEXT('2D SPACE',''
  ) );
#9442 = ADVANCED_FACE('',(#9443),#2629,.T.);
#9443 = FACE_BOUND('',#9444,.T.);
#9444 = EDGE_LOOP('',(#9445,#9446,#9447,#9468));
#9445 = ORIENTED_EDGE('',*,*,#2614,.T.);
#9446 = ORIENTED_EDGE('',*,*,#9422,.T.);
#9447 = ORIENTED_EDGE('',*,*,#9448,.F.);
#9448 = EDGE_CURVE('',#9449,#9402,#9451,.T.);
#9449 = VERTEX_POINT('',#9450);
#9450 = CARTESIAN_POINT('',(21.8,-11.66247543763,2.2));
#9451 = SURFACE_CURVE('',#9452,(#9456,#9462),.PCURVE_S1.);
#9452 = LINE('',#9453,#9454);
#9453 = CARTESIAN_POINT('',(21.8,-8.717989064763,2.2));
#9454 = VECTOR('',#9455,1.);
#9455 = DIRECTION('',(-1.538370149107E-16,-1.,0.));
#9456 = PCURVE('',#2629,#9457);
#9457 = DEFINITIONAL_REPRESENTATION('',(#9458),#9461);
#9458 = B_SPLINE_CURVE_WITH_KNOTS('',1,(#9459,#9460),.UNSPECIFIED.,.F.,
  .F.,(2,2),(2.944486372867,8.717989064763),.PIECEWISE_BEZIER_KNOTS.);
#9459 = CARTESIAN_POINT('',(5.773502691896,-3.2));
#9460 = CARTESIAN_POINT('',(0.,-3.2));
#9461 = ( GEOMETRIC_REPRESENTATION_CONTEXT(2) 
PARAMETRIC_REPRESENTATION_CONTEXT() REPRESENTATION_CONTEXT('2D SPACE',''
  ) );
#9462 = PCURVE('',#5933,#9463);
#9463 = DEFINITIONAL_REPRESENTATION('',(#9464),#9467);
#9464 = B_SPLINE_CURVE_WITH_KNOTS('',1,(#9465,#9466),.UNSPECIFIED.,.F.,
  .F.,(2,2),(2.944486372867,8.717989064763),.PIECEWISE_BEZIER_KNOTS.);
#9465 = CARTESIAN_POINT('',(21.8,-11.66247543763));
#9466 = CARTESIAN_POINT('',(21.8,-17.43597812952));
#9467 = ( GEOMETRIC_REPRESENTATION_CONTEXT(2) 
PARAMETRIC_REPRESENTATION_CONTEXT() REPRESENTATION_CONTEXT('2D SPACE',''
  ) );
#9468 = ORIENTED_EDGE('',*,*,#9469,.F.);
#9469 = EDGE_CURVE('',#2589,#9449,#9470,.T.);
#9470 = SURFACE_CURVE('',#9471,(#9475,#9482),.PCURVE_S1.);
#9471 = LINE('',#9472,#9473);
#9472 = CARTESIAN_POINT('',(21.8,-11.66247543763,-1.));
#9473 = VECTOR('',#9474,1.);
#9474 = DIRECTION('',(0.,0.,1.));
#9475 = PCURVE('',#2629,#9476);
#9476 = DEFINITIONAL_REPRESENTATION('',(#9477),#9481);
#9477 = LINE('',#9478,#9479);
#9478 = CARTESIAN_POINT('',(5.773502691896,0.));
#9479 = VECTOR('',#9480,1.);
#9480 = DIRECTION('',(0.,-1.));
#9481 = ( GEOMETRIC_REPRESENTATION_CONTEXT(2) 
PARAMETRIC_REPRESENTATION_CONTEXT() REPRESENTATION_CONTEXT('2D SPACE',''
  ) );
#9482 = PCURVE('',#2603,#9483);
#9483 = DEFINITIONAL_REPRESENTATION('',(#9484),#9488);
#9484 = LINE('',#9485,#9486);
#9485 = CARTESIAN_POINT('',(0.,0.));
#9486 = VECTOR('',#9487,1.);
#9487 = DIRECTION('',(0.,-1.));
#9488 = ( GEOMETRIC_REPRESENTATION_CONTEXT(2) 
PARAMETRIC_REPRESENTATION_CONTEXT() REPRESENTATION_CONTEXT('2D SPACE',''
  ) );
#9489 = ADVANCED_FACE('',(#9490),#2603,.T.);
#9490 = FACE_BOUND('',#9491,.T.);
#9491 = EDGE_LOOP('',(#9492,#9493,#9494,#9515));
#9492 = ORIENTED_EDGE('',*,*,#2588,.T.);
#9493 = ORIENTED_EDGE('',*,*,#9469,.T.);
#9494 = ORIENTED_EDGE('',*,*,#9495,.F.);
#9495 = EDGE_CURVE('',#9496,#9449,#9498,.T.);
#9496 = VERTEX_POINT('',#9497);
#9497 = CARTESIAN_POINT('',(16.8,-8.775724091682,2.2));
#9498 = SURFACE_CURVE('',#9499,(#9503,#9509),.PCURVE_S1.);
#9499 = LINE('',#9500,#9501);
#9500 = CARTESIAN_POINT('',(11.1,-5.484827557301,2.2));
#9501 = VECTOR('',#9502,1.);
#9502 = DIRECTION('',(0.866025403784,-0.5,0.));
#9503 = PCURVE('',#2603,#9504);
#9504 = DEFINITIONAL_REPRESENTATION('',(#9505),#9508);
#9505 = B_SPLINE_CURVE_WITH_KNOTS('',1,(#9506,#9507),.UNSPECIFIED.,.F.,
  .F.,(2,2),(6.581793068762,12.355295760658),.PIECEWISE_BEZIER_KNOTS.);
#9506 = CARTESIAN_POINT('',(5.773502691896,-3.2));
#9507 = CARTESIAN_POINT('',(0.,-3.2));
#9508 = ( GEOMETRIC_REPRESENTATION_CONTEXT(2) 
PARAMETRIC_REPRESENTATION_CONTEXT() REPRESENTATION_CONTEXT('2D SPACE',''
  ) );
#9509 = PCURVE('',#5933,#9510);
#9510 = DEFINITIONAL_REPRESENTATION('',(#9511),#9514);
#9511 = B_SPLINE_CURVE_WITH_KNOTS('',1,(#9512,#9513),.UNSPECIFIED.,.F.,
  .F.,(2,2),(6.581793068762,12.355295760658),.PIECEWISE_BEZIER_KNOTS.);
#9512 = CARTESIAN_POINT('',(16.8,-8.775724091682));
#9513 = CARTESIAN_POINT('',(21.8,-11.66247543763));
#9514 = ( GEOMETRIC_REPRESENTATION_CONTEXT(2) 
PARAMETRIC_REPRESENTATION_CONTEXT() REPRESENTATION_CONTEXT('2D SPACE',''
  ) );
#9515 = ORIENTED_EDGE('',*,*,#9516,.F.);
#9516 = EDGE_CURVE('',#2563,#9496,#9517,.T.);
#9517 = SURFACE_CURVE('',#9518,(#9522,#9529),.PCURVE_S1.);
#9518 = LINE('',#9519,#9520);
#9519 = CARTESIAN_POINT('',(16.8,-8.775724091682,-1.));
#9520 = VECTOR('',#9521,1.);
#9521 = DIRECTION('',(0.,0.,1.));
#9522 = PCURVE('',#2603,#9523);
#9523 = DEFINITIONAL_REPRESENTATION('',(#9524),#9528);
#9524 = LINE('',#9525,#9526);
#9525 = CARTESIAN_POINT('',(5.773502691896,0.));
#9526 = VECTOR('',#9527,1.);
#9527 = DIRECTION('',(0.,-1.));
#9528 = ( GEOMETRIC_REPRESENTATION_CONTEXT(2) 
PARAMETRIC_REPRESENTATION_CONTEXT() REPRESENTATION_CONTEXT('2D SPACE',''
  ) );
#9529 = PCURVE('',#2577,#9530);
#9530 = DEFINITIONAL_REPRESENTATION('',(#9531),#9535);
#9531 = LINE('',#9532,#9533);
#9532 = CARTESIAN_POINT('',(0.,0.));
#9533 = VECTOR('',#9534,1.);
#9534 = DIRECTION('',(0.,-1.));
#9535 = ( GEOMETRIC_REPRESENTATION_CONTEXT(2) 
PARAMETRIC_REPRESENTATION_CONTEXT() REPRESENTATION_CONTEXT('2D SPACE',''
  ) );
#9536 = ADVANCED_FACE('',(#9537),#2577,.T.);
#9537 = FACE_BOUND('',#9538,.T.);
#9538 = EDGE_LOOP('',(#9539,#9540,#9541,#9560));
#9539 = ORIENTED_EDGE('',*,*,#2562,.T.);
#9540 = ORIENTED_EDGE('',*,*,#9516,.T.);
#9541 = ORIENTED_EDGE('',*,*,#9542,.F.);
#9542 = EDGE_CURVE('',#9285,#9496,#9543,.T.);
#9543 = SURFACE_CURVE('',#9544,(#9548,#9554),.PCURVE_S1.);
#9544 = LINE('',#9545,#9546);
#9545 = CARTESIAN_POINT('',(12.4,-11.31606527611,2.2));
#9546 = VECTOR('',#9547,1.);
#9547 = DIRECTION('',(0.866025403784,0.5,-0.));
#9548 = PCURVE('',#2577,#9549);
#9549 = DEFINITIONAL_REPRESENTATION('',(#9550),#9553);
#9550 = B_SPLINE_CURVE_WITH_KNOTS('',1,(#9551,#9552),.UNSPECIFIED.,.F.,
  .F.,(2,2),(-0.692820323028,5.080682368869),.PIECEWISE_BEZIER_KNOTS.);
#9551 = CARTESIAN_POINT('',(5.773502691896,-3.2));
#9552 = CARTESIAN_POINT('',(0.,-3.2));
#9553 = ( GEOMETRIC_REPRESENTATION_CONTEXT(2) 
PARAMETRIC_REPRESENTATION_CONTEXT() REPRESENTATION_CONTEXT('2D SPACE',''
  ) );
#9554 = PCURVE('',#5933,#9555);
#9555 = DEFINITIONAL_REPRESENTATION('',(#9556),#9559);
#9556 = B_SPLINE_CURVE_WITH_KNOTS('',1,(#9557,#9558),.UNSPECIFIED.,.F.,
  .F.,(2,2),(-0.692820323028,5.080682368869),.PIECEWISE_BEZIER_KNOTS.);
#9557 = CARTESIAN_POINT('',(11.8,-11.66247543763));
#9558 = CARTESIAN_POINT('',(16.8,-8.775724091682));
#9559 = ( GEOMETRIC_REPRESENTATION_CONTEXT(2) 
PARAMETRIC_REPRESENTATION_CONTEXT() REPRESENTATION_CONTEXT('2D SPACE',''
  ) );
#9560 = ORIENTED_EDGE('',*,*,#9284,.F.);
#9561 = ADVANCED_FACE('',(#9562),#2709,.T.);
#9562 = FACE_BOUND('',#9563,.T.);
#9563 = EDGE_LOOP('',(#9564,#9565,#9588,#9609));
#9564 = ORIENTED_EDGE('',*,*,#2692,.T.);
#9565 = ORIENTED_EDGE('',*,*,#9566,.T.);
#9566 = EDGE_CURVE('',#2695,#9567,#9569,.T.);
#9567 = VERTEX_POINT('',#9568);
#9568 = CARTESIAN_POINT('',(6.2,-1.962990915245,2.2));
#9569 = SURFACE_CURVE('',#9570,(#9574,#9581),.PCURVE_S1.);
#9570 = LINE('',#9571,#9572);
#9571 = CARTESIAN_POINT('',(6.2,-1.962990915245,-1.));
#9572 = VECTOR('',#9573,1.);
#9573 = DIRECTION('',(0.,0.,1.));
#9574 = PCURVE('',#2709,#9575);
#9575 = DEFINITIONAL_REPRESENTATION('',(#9576),#9580);
#9576 = LINE('',#9577,#9578);
#9577 = CARTESIAN_POINT('',(0.,0.));
#9578 = VECTOR('',#9579,1.);
#9579 = DIRECTION('',(0.,-1.));
#9580 = ( GEOMETRIC_REPRESENTATION_CONTEXT(2) 
PARAMETRIC_REPRESENTATION_CONTEXT() REPRESENTATION_CONTEXT('2D SPACE',''
  ) );
#9581 = PCURVE('',#2735,#9582);
#9582 = DEFINITIONAL_REPRESENTATION('',(#9583),#9587);
#9583 = LINE('',#9584,#9585);
#9584 = CARTESIAN_POINT('',(5.773502691896,0.));
#9585 = VECTOR('',#9586,1.);
#9586 = DIRECTION('',(0.,-1.));
#9587 = ( GEOMETRIC_REPRESENTATION_CONTEXT(2) 
PARAMETRIC_REPRESENTATION_CONTEXT() REPRESENTATION_CONTEXT('2D SPACE',''
  ) );
#9588 = ORIENTED_EDGE('',*,*,#9589,.F.);
#9589 = EDGE_CURVE('',#9590,#9567,#9592,.T.);
#9590 = VERTEX_POINT('',#9591);
#9591 = CARTESIAN_POINT('',(6.2,-7.736493607141,2.2));
#9592 = SURFACE_CURVE('',#9593,(#9597,#9603),.PCURVE_S1.);
#9593 = LINE('',#9594,#9595);
#9594 = CARTESIAN_POINT('',(6.2,-0.981495457622,2.2));
#9595 = VECTOR('',#9596,1.);
#9596 = DIRECTION('',(4.615110447321E-16,1.,-0.));
#9597 = PCURVE('',#2709,#9598);
#9598 = DEFINITIONAL_REPRESENTATION('',(#9599),#9602);
#9599 = B_SPLINE_CURVE_WITH_KNOTS('',1,(#9600,#9601),.UNSPECIFIED.,.F.,
  .F.,(2,2),(-6.754998149519,-0.981495457622),.PIECEWISE_BEZIER_KNOTS.);
#9600 = CARTESIAN_POINT('',(5.773502691896,-3.2));
#9601 = CARTESIAN_POINT('',(0.,-3.2));
#9602 = ( GEOMETRIC_REPRESENTATION_CONTEXT(2) 
PARAMETRIC_REPRESENTATION_CONTEXT() REPRESENTATION_CONTEXT('2D SPACE',''
  ) );
#9603 = PCURVE('',#5933,#9604);
#9604 = DEFINITIONAL_REPRESENTATION('',(#9605),#9608);
#9605 = B_SPLINE_CURVE_WITH_KNOTS('',1,(#9606,#9607),.UNSPECIFIED.,.F.,
  .F.,(2,2),(-6.754998149519,-0.981495457622),.PIECEWISE_BEZIER_KNOTS.);
#9606 = CARTESIAN_POINT('',(6.2,-7.736493607141));
#9607 = CARTESIAN_POINT('',(6.2,-1.962990915245));
#9608 = ( GEOMETRIC_REPRESENTATION_CONTEXT(2) 
PARAMETRIC_REPRESENTATION_CONTEXT() REPRESENTATION_CONTEXT('2D SPACE',''
  ) );
#9609 = ORIENTED_EDGE('',*,*,#9610,.F.);
#9610 = EDGE_CURVE('',#2693,#9590,#9611,.T.);
#9611 = SURFACE_CURVE('',#9612,(#9616,#9623),.PCURVE_S1.);
#9612 = LINE('',#9613,#9614);
#9613 = CARTESIAN_POINT('',(6.2,-7.736493607141,-1.));
#9614 = VECTOR('',#9615,1.);
#9615 = DIRECTION('',(0.,0.,1.));
#9616 = PCURVE('',#2709,#9617);
#9617 = DEFINITIONAL_REPRESENTATION('',(#9618),#9622);
#9618 = LINE('',#9619,#9620);
#9619 = CARTESIAN_POINT('',(5.773502691896,0.));
#9620 = VECTOR('',#9621,1.);
#9621 = DIRECTION('',(0.,-1.));
#9622 = ( GEOMETRIC_REPRESENTATION_CONTEXT(2) 
PARAMETRIC_REPRESENTATION_CONTEXT() REPRESENTATION_CONTEXT('2D SPACE',''
  ) );
#9623 = PCURVE('',#2837,#9624);
#9624 = DEFINITIONAL_REPRESENTATION('',(#9625),#9629);
#9625 = LINE('',#9626,#9627);
#9626 = CARTESIAN_POINT('',(0.,0.));
#9627 = VECTOR('',#9628,1.);
#9628 = DIRECTION('',(0.,-1.));
#9629 = ( GEOMETRIC_REPRESENTATION_CONTEXT(2) 
PARAMETRIC_REPRESENTATION_CONTEXT() REPRESENTATION_CONTEXT('2D SPACE',''
  ) );
#9630 = ADVANCED_FACE('',(#9631),#2837,.T.);
#9631 = FACE_BOUND('',#9632,.T.);
#9632 = EDGE_LOOP('',(#9633,#9634,#9635,#9656));
#9633 = ORIENTED_EDGE('',*,*,#2824,.T.);
#9634 = ORIENTED_EDGE('',*,*,#9610,.T.);
#9635 = ORIENTED_EDGE('',*,*,#9636,.F.);
#9636 = EDGE_CURVE('',#9637,#9590,#9639,.T.);
#9637 = VERTEX_POINT('',#9638);
#9638 = CARTESIAN_POINT('',(11.2,-10.62324495308,2.2));
#9639 = SURFACE_CURVE('',#9640,(#9644,#9650),.PCURVE_S1.);
#9640 = LINE('',#9641,#9642);
#9641 = CARTESIAN_POINT('',(2.2,-5.427092530382,2.2));
#9642 = VECTOR('',#9643,1.);
#9643 = DIRECTION('',(-0.866025403784,0.5,0.));
#9644 = PCURVE('',#2837,#9645);
#9645 = DEFINITIONAL_REPRESENTATION('',(#9646),#9649);
#9646 = B_SPLINE_CURVE_WITH_KNOTS('',1,(#9647,#9648),.UNSPECIFIED.,.F.,
  .F.,(2,2),(-10.39230484541,-4.618802153517),.PIECEWISE_BEZIER_KNOTS.);
#9647 = CARTESIAN_POINT('',(5.773502691896,-3.2));
#9648 = CARTESIAN_POINT('',(0.,-3.2));
#9649 = ( GEOMETRIC_REPRESENTATION_CONTEXT(2) 
PARAMETRIC_REPRESENTATION_CONTEXT() REPRESENTATION_CONTEXT('2D SPACE',''
  ) );
#9650 = PCURVE('',#5933,#9651);
#9651 = DEFINITIONAL_REPRESENTATION('',(#9652),#9655);
#9652 = B_SPLINE_CURVE_WITH_KNOTS('',1,(#9653,#9654),.UNSPECIFIED.,.F.,
  .F.,(2,2),(-10.39230484541,-4.618802153517),.PIECEWISE_BEZIER_KNOTS.);
#9653 = CARTESIAN_POINT('',(11.2,-10.62324495308));
#9654 = CARTESIAN_POINT('',(6.2,-7.736493607141));
#9655 = ( GEOMETRIC_REPRESENTATION_CONTEXT(2) 
PARAMETRIC_REPRESENTATION_CONTEXT() REPRESENTATION_CONTEXT('2D SPACE',''
  ) );
#9656 = ORIENTED_EDGE('',*,*,#9657,.F.);
#9657 = EDGE_CURVE('',#2799,#9637,#9658,.T.);
#9658 = SURFACE_CURVE('',#9659,(#9663,#9670),.PCURVE_S1.);
#9659 = LINE('',#9660,#9661);
#9660 = CARTESIAN_POINT('',(11.2,-10.62324495308,-1.));
#9661 = VECTOR('',#9662,1.);
#9662 = DIRECTION('',(0.,0.,1.));
#9663 = PCURVE('',#2837,#9664);
#9664 = DEFINITIONAL_REPRESENTATION('',(#9665),#9669);
#9665 = LINE('',#9666,#9667);
#9666 = CARTESIAN_POINT('',(5.773502691896,0.));
#9667 = VECTOR('',#9668,1.);
#9668 = DIRECTION('',(0.,-1.));
#9669 = ( GEOMETRIC_REPRESENTATION_CONTEXT(2) 
PARAMETRIC_REPRESENTATION_CONTEXT() REPRESENTATION_CONTEXT('2D SPACE',''
  ) );
#9670 = PCURVE('',#2813,#9671);
#9671 = DEFINITIONAL_REPRESENTATION('',(#9672),#9676);
#9672 = LINE('',#9673,#9674);
#9673 = CARTESIAN_POINT('',(0.,0.));
#9674 = VECTOR('',#9675,1.);
#9675 = DIRECTION('',(0.,-1.));
#9676 = ( GEOMETRIC_REPRESENTATION_CONTEXT(2) 
PARAMETRIC_REPRESENTATION_CONTEXT() REPRESENTATION_CONTEXT('2D SPACE',''
  ) );
#9677 = ADVANCED_FACE('',(#9678),#2813,.T.);
#9678 = FACE_BOUND('',#9679,.T.);
#9679 = EDGE_LOOP('',(#9680,#9681,#9682,#9703));
#9680 = ORIENTED_EDGE('',*,*,#2798,.T.);
#9681 = ORIENTED_EDGE('',*,*,#9657,.T.);
#9682 = ORIENTED_EDGE('',*,*,#9683,.F.);
#9683 = EDGE_CURVE('',#9684,#9637,#9686,.T.);
#9684 = VERTEX_POINT('',#9685);
#9685 = CARTESIAN_POINT('',(16.2,-7.736493607141,2.2));
#9686 = SURFACE_CURVE('',#9687,(#9691,#9697),.PCURVE_S1.);
#9687 = LINE('',#9688,#9689);
#9688 = CARTESIAN_POINT('',(9.3,-11.72021046454,2.2));
#9689 = VECTOR('',#9690,1.);
#9690 = DIRECTION('',(-0.866025403784,-0.5,0.));
#9691 = PCURVE('',#2813,#9692);
#9692 = DEFINITIONAL_REPRESENTATION('',(#9693),#9696);
#9693 = B_SPLINE_CURVE_WITH_KNOTS('',1,(#9694,#9695),.UNSPECIFIED.,.F.,
  .F.,(2,2),(-7.967433714817,-2.193931022921),.PIECEWISE_BEZIER_KNOTS.);
#9694 = CARTESIAN_POINT('',(5.773502691896,-3.2));
#9695 = CARTESIAN_POINT('',(0.,-3.2));
#9696 = ( GEOMETRIC_REPRESENTATION_CONTEXT(2) 
PARAMETRIC_REPRESENTATION_CONTEXT() REPRESENTATION_CONTEXT('2D SPACE',''
  ) );
#9697 = PCURVE('',#5933,#9698);
#9698 = DEFINITIONAL_REPRESENTATION('',(#9699),#9702);
#9699 = B_SPLINE_CURVE_WITH_KNOTS('',1,(#9700,#9701),.UNSPECIFIED.,.F.,
  .F.,(2,2),(-7.967433714817,-2.193931022921),.PIECEWISE_BEZIER_KNOTS.);
#9700 = CARTESIAN_POINT('',(16.2,-7.736493607141));
#9701 = CARTESIAN_POINT('',(11.2,-10.62324495308));
#9702 = ( GEOMETRIC_REPRESENTATION_CONTEXT(2) 
PARAMETRIC_REPRESENTATION_CONTEXT() REPRESENTATION_CONTEXT('2D SPACE',''
  ) );
#9703 = ORIENTED_EDGE('',*,*,#9704,.F.);
#9704 = EDGE_CURVE('',#2773,#9684,#9705,.T.);
#9705 = SURFACE_CURVE('',#9706,(#9710,#9717),.PCURVE_S1.);
#9706 = LINE('',#9707,#9708);
#9707 = CARTESIAN_POINT('',(16.2,-7.736493607141,-1.));
#9708 = VECTOR('',#9709,1.);
#9709 = DIRECTION('',(0.,0.,1.));
#9710 = PCURVE('',#2813,#9711);
#9711 = DEFINITIONAL_REPRESENTATION('',(#9712),#9716);
#9712 = LINE('',#9713,#9714);
#9713 = CARTESIAN_POINT('',(5.773502691896,0.));
#9714 = VECTOR('',#9715,1.);
#9715 = DIRECTION('',(0.,-1.));
#9716 = ( GEOMETRIC_REPRESENTATION_CONTEXT(2) 
PARAMETRIC_REPRESENTATION_CONTEXT() REPRESENTATION_CONTEXT('2D SPACE',''
  ) );
#9717 = PCURVE('',#2787,#9718);
#9718 = DEFINITIONAL_REPRESENTATION('',(#9719),#9723);
#9719 = LINE('',#9720,#9721);
#9720 = CARTESIAN_POINT('',(0.,0.));
#9721 = VECTOR('',#9722,1.);
#9722 = DIRECTION('',(0.,-1.));
#9723 = ( GEOMETRIC_REPRESENTATION_CONTEXT(2) 
PARAMETRIC_REPRESENTATION_CONTEXT() REPRESENTATION_CONTEXT('2D SPACE',''
  ) );
#9724 = ADVANCED_FACE('',(#9725),#2787,.T.);
#9725 = FACE_BOUND('',#9726,.T.);
#9726 = EDGE_LOOP('',(#9727,#9728,#9729,#9750));
#9727 = ORIENTED_EDGE('',*,*,#2772,.T.);
#9728 = ORIENTED_EDGE('',*,*,#9704,.T.);
#9729 = ORIENTED_EDGE('',*,*,#9730,.F.);
#9730 = EDGE_CURVE('',#9731,#9684,#9733,.T.);
#9731 = VERTEX_POINT('',#9732);
#9732 = CARTESIAN_POINT('',(16.2,-1.962990915245,2.2));
#9733 = SURFACE_CURVE('',#9734,(#9738,#9744),.PCURVE_S1.);
#9734 = LINE('',#9735,#9736);
#9735 = CARTESIAN_POINT('',(16.2,-3.86824680357,2.2));
#9736 = VECTOR('',#9737,1.);
#9737 = DIRECTION('',(-1.538370149107E-16,-1.,0.));
#9738 = PCURVE('',#2787,#9739);
#9739 = DEFINITIONAL_REPRESENTATION('',(#9740),#9743);
#9740 = B_SPLINE_CURVE_WITH_KNOTS('',1,(#9741,#9742),.UNSPECIFIED.,.F.,
  .F.,(2,2),(-1.905255888326,3.86824680357),.PIECEWISE_BEZIER_KNOTS.);
#9741 = CARTESIAN_POINT('',(5.773502691896,-3.2));
#9742 = CARTESIAN_POINT('',(0.,-3.2));
#9743 = ( GEOMETRIC_REPRESENTATION_CONTEXT(2) 
PARAMETRIC_REPRESENTATION_CONTEXT() REPRESENTATION_CONTEXT('2D SPACE',''
  ) );
#9744 = PCURVE('',#5933,#9745);
#9745 = DEFINITIONAL_REPRESENTATION('',(#9746),#9749);
#9746 = B_SPLINE_CURVE_WITH_KNOTS('',1,(#9747,#9748),.UNSPECIFIED.,.F.,
  .F.,(2,2),(-1.905255888326,3.86824680357),.PIECEWISE_BEZIER_KNOTS.);
#9747 = CARTESIAN_POINT('',(16.2,-1.962990915245));
#9748 = CARTESIAN_POINT('',(16.2,-7.736493607141));
#9749 = ( GEOMETRIC_REPRESENTATION_CONTEXT(2) 
PARAMETRIC_REPRESENTATION_CONTEXT() REPRESENTATION_CONTEXT('2D SPACE',''
  ) );
#9750 = ORIENTED_EDGE('',*,*,#9751,.F.);
#9751 = EDGE_CURVE('',#2747,#9731,#9752,.T.);
#9752 = SURFACE_CURVE('',#9753,(#9757,#9764),.PCURVE_S1.);
#9753 = LINE('',#9754,#9755);
#9754 = CARTESIAN_POINT('',(16.2,-1.962990915245,-1.));
#9755 = VECTOR('',#9756,1.);
#9756 = DIRECTION('',(0.,0.,1.));
#9757 = PCURVE('',#2787,#9758);
#9758 = DEFINITIONAL_REPRESENTATION('',(#9759),#9763);
#9759 = LINE('',#9760,#9761);
#9760 = CARTESIAN_POINT('',(5.773502691896,0.));
#9761 = VECTOR('',#9762,1.);
#9762 = DIRECTION('',(0.,-1.));
#9763 = ( GEOMETRIC_REPRESENTATION_CONTEXT(2) 
PARAMETRIC_REPRESENTATION_CONTEXT() REPRESENTATION_CONTEXT('2D SPACE',''
  ) );
#9764 = PCURVE('',#2761,#9765);
#9765 = DEFINITIONAL_REPRESENTATION('',(#9766),#9770);
#9766 = LINE('',#9767,#9768);
#9767 = CARTESIAN_POINT('',(0.,0.));
#9768 = VECTOR('',#9769,1.);
#9769 = DIRECTION('',(0.,-1.));
#9770 = ( GEOMETRIC_REPRESENTATION_CONTEXT(2) 
PARAMETRIC_REPRESENTATION_CONTEXT() REPRESENTATION_CONTEXT('2D SPACE',''
  ) );
#9771 = ADVANCED_FACE('',(#9772),#2761,.T.);
#9772 = FACE_BOUND('',#9773,.T.);
#9773 = EDGE_LOOP('',(#9774,#9775,#9776,#9797));
#9774 = ORIENTED_EDGE('',*,*,#2746,.T.);
#9775 = ORIENTED_EDGE('',*,*,#9751,.T.);
#9776 = ORIENTED_EDGE('',*,*,#9777,.F.);
#9777 = EDGE_CURVE('',#9778,#9731,#9780,.T.);
#9778 = VERTEX_POINT('',#9779);
#9779 = CARTESIAN_POINT('',(11.2,0.923760430703,2.2));
#9780 = SURFACE_CURVE('',#9781,(#9785,#9791),.PCURVE_S1.);
#9781 = LINE('',#9782,#9783);
#9782 = CARTESIAN_POINT('',(9.7,1.789785834488,2.2));
#9783 = VECTOR('',#9784,1.);
#9784 = DIRECTION('',(0.866025403784,-0.5,0.));
#9785 = PCURVE('',#2761,#9786);
#9786 = DEFINITIONAL_REPRESENTATION('',(#9787),#9790);
#9787 = B_SPLINE_CURVE_WITH_KNOTS('',1,(#9788,#9789),.UNSPECIFIED.,.F.,
  .F.,(2,2),(1.732050807569,7.505553499465),.PIECEWISE_BEZIER_KNOTS.);
#9788 = CARTESIAN_POINT('',(5.773502691896,-3.2));
#9789 = CARTESIAN_POINT('',(0.,-3.2));
#9790 = ( GEOMETRIC_REPRESENTATION_CONTEXT(2) 
PARAMETRIC_REPRESENTATION_CONTEXT() REPRESENTATION_CONTEXT('2D SPACE',''
  ) );
#9791 = PCURVE('',#5933,#9792);
#9792 = DEFINITIONAL_REPRESENTATION('',(#9793),#9796);
#9793 = B_SPLINE_CURVE_WITH_KNOTS('',1,(#9794,#9795),.UNSPECIFIED.,.F.,
  .F.,(2,2),(1.732050807569,7.505553499465),.PIECEWISE_BEZIER_KNOTS.);
#9794 = CARTESIAN_POINT('',(11.2,0.923760430703));
#9795 = CARTESIAN_POINT('',(16.2,-1.962990915245));
#9796 = ( GEOMETRIC_REPRESENTATION_CONTEXT(2) 
PARAMETRIC_REPRESENTATION_CONTEXT() REPRESENTATION_CONTEXT('2D SPACE',''
  ) );
#9797 = ORIENTED_EDGE('',*,*,#9798,.F.);
#9798 = EDGE_CURVE('',#2721,#9778,#9799,.T.);
#9799 = SURFACE_CURVE('',#9800,(#9804,#9811),.PCURVE_S1.);
#9800 = LINE('',#9801,#9802);
#9801 = CARTESIAN_POINT('',(11.2,0.923760430703,-1.));
#9802 = VECTOR('',#9803,1.);
#9803 = DIRECTION('',(0.,0.,1.));
#9804 = PCURVE('',#2761,#9805);
#9805 = DEFINITIONAL_REPRESENTATION('',(#9806),#9810);
#9806 = LINE('',#9807,#9808);
#9807 = CARTESIAN_POINT('',(5.773502691896,0.));
#9808 = VECTOR('',#9809,1.);
#9809 = DIRECTION('',(0.,-1.));
#9810 = ( GEOMETRIC_REPRESENTATION_CONTEXT(2) 
PARAMETRIC_REPRESENTATION_CONTEXT() REPRESENTATION_CONTEXT('2D SPACE',''
  ) );
#9811 = PCURVE('',#2735,#9812);
#9812 = DEFINITIONAL_REPRESENTATION('',(#9813),#9817);
#9813 = LINE('',#9814,#9815);
#9814 = CARTESIAN_POINT('',(0.,0.));
#9815 = VECTOR('',#9816,1.);
#9816 = DIRECTION('',(0.,-1.));
#9817 = ( GEOMETRIC_REPRESENTATION_CONTEXT(2) 
PARAMETRIC_REPRESENTATION_CONTEXT() REPRESENTATION_CONTEXT('2D SPACE',''
  ) );
#9818 = ADVANCED_FACE('',(#9819),#2735,.T.);
#9819 = FACE_BOUND('',#9820,.T.);
#9820 = EDGE_LOOP('',(#9821,#9822,#9823,#9842));
#9821 = ORIENTED_EDGE('',*,*,#2720,.T.);
#9822 = ORIENTED_EDGE('',*,*,#9798,.T.);
#9823 = ORIENTED_EDGE('',*,*,#9824,.F.);
#9824 = EDGE_CURVE('',#9567,#9778,#9825,.T.);
#9825 = SURFACE_CURVE('',#9826,(#9830,#9836),.PCURVE_S1.);
#9826 = LINE('',#9827,#9828);
#9827 = CARTESIAN_POINT('',(6.8,-1.616580753731,2.2));
#9828 = VECTOR('',#9829,1.);
#9829 = DIRECTION('',(0.866025403784,0.5,-0.));
#9830 = PCURVE('',#2735,#9831);
#9831 = DEFINITIONAL_REPRESENTATION('',(#9832),#9835);
#9832 = B_SPLINE_CURVE_WITH_KNOTS('',1,(#9833,#9834),.UNSPECIFIED.,.F.,
  .F.,(2,2),(-0.692820323028,5.080682368869),.PIECEWISE_BEZIER_KNOTS.);
#9833 = CARTESIAN_POINT('',(5.773502691896,-3.2));
#9834 = CARTESIAN_POINT('',(0.,-3.2));
#9835 = ( GEOMETRIC_REPRESENTATION_CONTEXT(2) 
PARAMETRIC_REPRESENTATION_CONTEXT() REPRESENTATION_CONTEXT('2D SPACE',''
  ) );
#9836 = PCURVE('',#5933,#9837);
#9837 = DEFINITIONAL_REPRESENTATION('',(#9838),#9841);
#9838 = B_SPLINE_CURVE_WITH_KNOTS('',1,(#9839,#9840),.UNSPECIFIED.,.F.,
  .F.,(2,2),(-0.692820323028,5.080682368869),.PIECEWISE_BEZIER_KNOTS.);
#9839 = CARTESIAN_POINT('',(6.2,-1.962990915245));
#9840 = CARTESIAN_POINT('',(11.2,0.923760430703));
#9841 = ( GEOMETRIC_REPRESENTATION_CONTEXT(2) 
PARAMETRIC_REPRESENTATION_CONTEXT() REPRESENTATION_CONTEXT('2D SPACE',''
  ) );
#9842 = ORIENTED_EDGE('',*,*,#9566,.F.);
#9843 = ADVANCED_FACE('',(#9844),#2867,.T.);
#9844 = FACE_BOUND('',#9845,.T.);
#9845 = EDGE_LOOP('',(#9846,#9847,#9870,#9891));
#9846 = ORIENTED_EDGE('',*,*,#2850,.T.);
#9847 = ORIENTED_EDGE('',*,*,#9848,.T.);
#9848 = EDGE_CURVE('',#2853,#9849,#9851,.T.);
#9849 = VERTEX_POINT('',#9850);
#9850 = CARTESIAN_POINT('',(-21.8,7.736493607141,2.2));
#9851 = SURFACE_CURVE('',#9852,(#9856,#9863),.PCURVE_S1.);
#9852 = LINE('',#9853,#9854);
#9853 = CARTESIAN_POINT('',(-21.8,7.736493607141,-1.));
#9854 = VECTOR('',#9855,1.);
#9855 = DIRECTION('',(0.,0.,1.));
#9856 = PCURVE('',#2867,#9857);
#9857 = DEFINITIONAL_REPRESENTATION('',(#9858),#9862);
#9858 = LINE('',#9859,#9860);
#9859 = CARTESIAN_POINT('',(0.,0.));
#9860 = VECTOR('',#9861,1.);
#9861 = DIRECTION('',(0.,-1.));
#9862 = ( GEOMETRIC_REPRESENTATION_CONTEXT(2) 
PARAMETRIC_REPRESENTATION_CONTEXT() REPRESENTATION_CONTEXT('2D SPACE',''
  ) );
#9863 = PCURVE('',#2893,#9864);
#9864 = DEFINITIONAL_REPRESENTATION('',(#9865),#9869);
#9865 = LINE('',#9866,#9867);
#9866 = CARTESIAN_POINT('',(5.773502691896,0.));
#9867 = VECTOR('',#9868,1.);
#9868 = DIRECTION('',(0.,-1.));
#9869 = ( GEOMETRIC_REPRESENTATION_CONTEXT(2) 
PARAMETRIC_REPRESENTATION_CONTEXT() REPRESENTATION_CONTEXT('2D SPACE',''
  ) );
#9870 = ORIENTED_EDGE('',*,*,#9871,.F.);
#9871 = EDGE_CURVE('',#9872,#9849,#9874,.T.);
#9872 = VERTEX_POINT('',#9873);
#9873 = CARTESIAN_POINT('',(-21.8,1.962990915245,2.2));
#9874 = SURFACE_CURVE('',#9875,(#9879,#9885),.PCURVE_S1.);
#9875 = LINE('',#9876,#9877);
#9876 = CARTESIAN_POINT('',(-21.8,3.86824680357,2.2));
#9877 = VECTOR('',#9878,1.);
#9878 = DIRECTION('',(4.615110447321E-16,1.,-0.));
#9879 = PCURVE('',#2867,#9880);
#9880 = DEFINITIONAL_REPRESENTATION('',(#9881),#9884);
#9881 = B_SPLINE_CURVE_WITH_KNOTS('',1,(#9882,#9883),.UNSPECIFIED.,.F.,
  .F.,(2,2),(-1.905255888326,3.86824680357),.PIECEWISE_BEZIER_KNOTS.);
#9882 = CARTESIAN_POINT('',(5.773502691896,-3.2));
#9883 = CARTESIAN_POINT('',(0.,-3.2));
#9884 = ( GEOMETRIC_REPRESENTATION_CONTEXT(2) 
PARAMETRIC_REPRESENTATION_CONTEXT() REPRESENTATION_CONTEXT('2D SPACE',''
  ) );
#9885 = PCURVE('',#5933,#9886);
#9886 = DEFINITIONAL_REPRESENTATION('',(#9887),#9890);
#9887 = B_SPLINE_CURVE_WITH_KNOTS('',1,(#9888,#9889),.UNSPECIFIED.,.F.,
  .F.,(2,2),(-1.905255888326,3.86824680357),.PIECEWISE_BEZIER_KNOTS.);
#9888 = CARTESIAN_POINT('',(-21.8,1.962990915245));
#9889 = CARTESIAN_POINT('',(-21.8,7.736493607141));
#9890 = ( GEOMETRIC_REPRESENTATION_CONTEXT(2) 
PARAMETRIC_REPRESENTATION_CONTEXT() REPRESENTATION_CONTEXT('2D SPACE',''
  ) );
#9891 = ORIENTED_EDGE('',*,*,#9892,.F.);
#9892 = EDGE_CURVE('',#2851,#9872,#9893,.T.);
#9893 = SURFACE_CURVE('',#9894,(#9898,#9905),.PCURVE_S1.);
#9894 = LINE('',#9895,#9896);
#9895 = CARTESIAN_POINT('',(-21.8,1.962990915245,-1.));
#9896 = VECTOR('',#9897,1.);
#9897 = DIRECTION('',(0.,0.,1.));
#9898 = PCURVE('',#2867,#9899);
#9899 = DEFINITIONAL_REPRESENTATION('',(#9900),#9904);
#9900 = LINE('',#9901,#9902);
#9901 = CARTESIAN_POINT('',(5.773502691896,0.));
#9902 = VECTOR('',#9903,1.);
#9903 = DIRECTION('',(0.,-1.));
#9904 = ( GEOMETRIC_REPRESENTATION_CONTEXT(2) 
PARAMETRIC_REPRESENTATION_CONTEXT() REPRESENTATION_CONTEXT('2D SPACE',''
  ) );
#9905 = PCURVE('',#2995,#9906);
#9906 = DEFINITIONAL_REPRESENTATION('',(#9907),#9911);
#9907 = LINE('',#9908,#9909);
#9908 = CARTESIAN_POINT('',(0.,0.));
#9909 = VECTOR('',#9910,1.);
#9910 = DIRECTION('',(0.,-1.));
#9911 = ( GEOMETRIC_REPRESENTATION_CONTEXT(2) 
PARAMETRIC_REPRESENTATION_CONTEXT() REPRESENTATION_CONTEXT('2D SPACE',''
  ) );
#9912 = ADVANCED_FACE('',(#9913),#2995,.T.);
#9913 = FACE_BOUND('',#9914,.T.);
#9914 = EDGE_LOOP('',(#9915,#9916,#9917,#9938));
#9915 = ORIENTED_EDGE('',*,*,#2982,.T.);
#9916 = ORIENTED_EDGE('',*,*,#9892,.T.);
#9917 = ORIENTED_EDGE('',*,*,#9918,.F.);
#9918 = EDGE_CURVE('',#9919,#9872,#9921,.T.);
#9919 = VERTEX_POINT('',#9920);
#9920 = CARTESIAN_POINT('',(-16.8,-0.923760430703,2.2));
#9921 = SURFACE_CURVE('',#9922,(#9926,#9932),.PCURVE_S1.);
#9922 = LINE('',#9923,#9924);
#9923 = CARTESIAN_POINT('',(-13.2,-3.002221399786,2.2));
#9924 = VECTOR('',#9925,1.);
#9925 = DIRECTION('',(-0.866025403784,0.5,0.));
#9926 = PCURVE('',#2995,#9927);
#9927 = DEFINITIONAL_REPRESENTATION('',(#9928),#9931);
#9928 = B_SPLINE_CURVE_WITH_KNOTS('',1,(#9929,#9930),.UNSPECIFIED.,.F.,
  .F.,(2,2),(4.156921938165,9.930424630062),.PIECEWISE_BEZIER_KNOTS.);
#9929 = CARTESIAN_POINT('',(5.773502691896,-3.2));
#9930 = CARTESIAN_POINT('',(0.,-3.2));
#9931 = ( GEOMETRIC_REPRESENTATION_CONTEXT(2) 
PARAMETRIC_REPRESENTATION_CONTEXT() REPRESENTATION_CONTEXT('2D SPACE',''
  ) );
#9932 = PCURVE('',#5933,#9933);
#9933 = DEFINITIONAL_REPRESENTATION('',(#9934),#9937);
#9934 = B_SPLINE_CURVE_WITH_KNOTS('',1,(#9935,#9936),.UNSPECIFIED.,.F.,
  .F.,(2,2),(4.156921938165,9.930424630062),.PIECEWISE_BEZIER_KNOTS.);
#9935 = CARTESIAN_POINT('',(-16.8,-0.923760430703));
#9936 = CARTESIAN_POINT('',(-21.8,1.962990915245));
#9937 = ( GEOMETRIC_REPRESENTATION_CONTEXT(2) 
PARAMETRIC_REPRESENTATION_CONTEXT() REPRESENTATION_CONTEXT('2D SPACE',''
  ) );
#9938 = ORIENTED_EDGE('',*,*,#9939,.F.);
#9939 = EDGE_CURVE('',#2957,#9919,#9940,.T.);
#9940 = SURFACE_CURVE('',#9941,(#9945,#9952),.PCURVE_S1.);
#9941 = LINE('',#9942,#9943);
#9942 = CARTESIAN_POINT('',(-16.8,-0.923760430703,-1.));
#9943 = VECTOR('',#9944,1.);
#9944 = DIRECTION('',(0.,0.,1.));
#9945 = PCURVE('',#2995,#9946);
#9946 = DEFINITIONAL_REPRESENTATION('',(#9947),#9951);
#9947 = LINE('',#9948,#9949);
#9948 = CARTESIAN_POINT('',(5.773502691896,0.));
#9949 = VECTOR('',#9950,1.);
#9950 = DIRECTION('',(0.,-1.));
#9951 = ( GEOMETRIC_REPRESENTATION_CONTEXT(2) 
PARAMETRIC_REPRESENTATION_CONTEXT() REPRESENTATION_CONTEXT('2D SPACE',''
  ) );
#9952 = PCURVE('',#2971,#9953);
#9953 = DEFINITIONAL_REPRESENTATION('',(#9954),#9958);
#9954 = LINE('',#9955,#9956);
#9955 = CARTESIAN_POINT('',(0.,0.));
#9956 = VECTOR('',#9957,1.);
#9957 = DIRECTION('',(0.,-1.));
#9958 = ( GEOMETRIC_REPRESENTATION_CONTEXT(2) 
PARAMETRIC_REPRESENTATION_CONTEXT() REPRESENTATION_CONTEXT('2D SPACE',''
  ) );
#9959 = ADVANCED_FACE('',(#9960),#2971,.T.);
#9960 = FACE_BOUND('',#9961,.T.);
#9961 = EDGE_LOOP('',(#9962,#9963,#9964,#9985));
#9962 = ORIENTED_EDGE('',*,*,#2956,.T.);
#9963 = ORIENTED_EDGE('',*,*,#9939,.T.);
#9964 = ORIENTED_EDGE('',*,*,#9965,.F.);
#9965 = EDGE_CURVE('',#9966,#9919,#9968,.T.);
#9966 = VERTEX_POINT('',#9967);
#9967 = CARTESIAN_POINT('',(-11.8,1.962990915245,2.2));
#9968 = SURFACE_CURVE('',#9969,(#9973,#9979),.PCURVE_S1.);
#9969 = LINE('',#9970,#9971);
#9970 = CARTESIAN_POINT('',(-10.3,2.829016319029,2.2));
#9971 = VECTOR('',#9972,1.);
#9972 = DIRECTION('',(-0.866025403784,-0.5,0.));
#9973 = PCURVE('',#2971,#9974);
#9974 = DEFINITIONAL_REPRESENTATION('',(#9975),#9978);
#9975 = B_SPLINE_CURVE_WITH_KNOTS('',1,(#9976,#9977),.UNSPECIFIED.,.F.,
  .F.,(2,2),(1.732050807569,7.505553499465),.PIECEWISE_BEZIER_KNOTS.);
#9976 = CARTESIAN_POINT('',(5.773502691896,-3.2));
#9977 = CARTESIAN_POINT('',(0.,-3.2));
#9978 = ( GEOMETRIC_REPRESENTATION_CONTEXT(2) 
PARAMETRIC_REPRESENTATION_CONTEXT() REPRESENTATION_CONTEXT('2D SPACE',''
  ) );
#9979 = PCURVE('',#5933,#9980);
#9980 = DEFINITIONAL_REPRESENTATION('',(#9981),#9984);
#9981 = B_SPLINE_CURVE_WITH_KNOTS('',1,(#9982,#9983),.UNSPECIFIED.,.F.,
  .F.,(2,2),(1.732050807569,7.505553499465),.PIECEWISE_BEZIER_KNOTS.);
#9982 = CARTESIAN_POINT('',(-11.8,1.962990915245));
#9983 = CARTESIAN_POINT('',(-16.8,-0.923760430703));
#9984 = ( GEOMETRIC_REPRESENTATION_CONTEXT(2) 
PARAMETRIC_REPRESENTATION_CONTEXT() REPRESENTATION_CONTEXT('2D SPACE',''
  ) );
#9985 = ORIENTED_EDGE('',*,*,#9986,.F.);
#9986 = EDGE_CURVE('',#2931,#9966,#9987,.T.);
#9987 = SURFACE_CURVE('',#9988,(#9992,#9999),.PCURVE_S1.);
#9988 = LINE('',#9989,#9990);
#9989 = CARTESIAN_POINT('',(-11.8,1.962990915245,-1.));
#9990 = VECTOR('',#9991,1.);
#9991 = DIRECTION('',(0.,0.,1.));
#9992 = PCURVE('',#2971,#9993);
#9993 = DEFINITIONAL_REPRESENTATION('',(#9994),#9998);
#9994 = LINE('',#9995,#9996);
#9995 = CARTESIAN_POINT('',(5.773502691896,0.));
#9996 = VECTOR('',#9997,1.);
#9997 = DIRECTION('',(0.,-1.));
#9998 = ( GEOMETRIC_REPRESENTATION_CONTEXT(2) 
PARAMETRIC_REPRESENTATION_CONTEXT() REPRESENTATION_CONTEXT('2D SPACE',''
  ) );
#9999 = PCURVE('',#2945,#10000);
#10000 = DEFINITIONAL_REPRESENTATION('',(#10001),#10005);
#10001 = LINE('',#10002,#10003);
#10002 = CARTESIAN_POINT('',(0.,0.));
#10003 = VECTOR('',#10004,1.);
#10004 = DIRECTION('',(0.,-1.));
#10005 = ( GEOMETRIC_REPRESENTATION_CONTEXT(2) 
PARAMETRIC_REPRESENTATION_CONTEXT() REPRESENTATION_CONTEXT('2D SPACE',''
  ) );
#10006 = ADVANCED_FACE('',(#10007),#2945,.T.);
#10007 = FACE_BOUND('',#10008,.T.);
#10008 = EDGE_LOOP('',(#10009,#10010,#10011,#10032));
#10009 = ORIENTED_EDGE('',*,*,#2930,.T.);
#10010 = ORIENTED_EDGE('',*,*,#9986,.T.);
#10011 = ORIENTED_EDGE('',*,*,#10012,.F.);
#10012 = EDGE_CURVE('',#10013,#9966,#10015,.T.);
#10013 = VERTEX_POINT('',#10014);
#10014 = CARTESIAN_POINT('',(-11.8,7.736493607141,2.2));
#10015 = SURFACE_CURVE('',#10016,(#10020,#10026),.PCURVE_S1.);
#10016 = LINE('',#10017,#10018);
#10017 = CARTESIAN_POINT('',(-11.8,0.981495457622,2.2));
#10018 = VECTOR('',#10019,1.);
#10019 = DIRECTION('',(-1.538370149107E-16,-1.,0.));
#10020 = PCURVE('',#2945,#10021);
#10021 = DEFINITIONAL_REPRESENTATION('',(#10022),#10025);
#10022 = B_SPLINE_CURVE_WITH_KNOTS('',1,(#10023,#10024),.UNSPECIFIED.,
  .F.,.F.,(2,2),(-6.754998149519,-0.981495457622),
  .PIECEWISE_BEZIER_KNOTS.);
#10023 = CARTESIAN_POINT('',(5.773502691896,-3.2));
#10024 = CARTESIAN_POINT('',(0.,-3.2));
#10025 = ( GEOMETRIC_REPRESENTATION_CONTEXT(2) 
PARAMETRIC_REPRESENTATION_CONTEXT() REPRESENTATION_CONTEXT('2D SPACE',''
  ) );
#10026 = PCURVE('',#5933,#10027);
#10027 = DEFINITIONAL_REPRESENTATION('',(#10028),#10031);
#10028 = B_SPLINE_CURVE_WITH_KNOTS('',1,(#10029,#10030),.UNSPECIFIED.,
  .F.,.F.,(2,2),(-6.754998149519,-0.981495457622),
  .PIECEWISE_BEZIER_KNOTS.);
#10029 = CARTESIAN_POINT('',(-11.8,7.736493607141));
#10030 = CARTESIAN_POINT('',(-11.8,1.962990915245));
#10031 = ( GEOMETRIC_REPRESENTATION_CONTEXT(2) 
PARAMETRIC_REPRESENTATION_CONTEXT() REPRESENTATION_CONTEXT('2D SPACE',''
  ) );
#10032 = ORIENTED_EDGE('',*,*,#10033,.F.);
#10033 = EDGE_CURVE('',#2905,#10013,#10034,.T.);
#10034 = SURFACE_CURVE('',#10035,(#10039,#10046),.PCURVE_S1.);
#10035 = LINE('',#10036,#10037);
#10036 = CARTESIAN_POINT('',(-11.8,7.736493607141,-1.));
#10037 = VECTOR('',#10038,1.);
#10038 = DIRECTION('',(0.,0.,1.));
#10039 = PCURVE('',#2945,#10040);
#10040 = DEFINITIONAL_REPRESENTATION('',(#10041),#10045);
#10041 = LINE('',#10042,#10043);
#10042 = CARTESIAN_POINT('',(5.773502691896,0.));
#10043 = VECTOR('',#10044,1.);
#10044 = DIRECTION('',(0.,-1.));
#10045 = ( GEOMETRIC_REPRESENTATION_CONTEXT(2) 
PARAMETRIC_REPRESENTATION_CONTEXT() REPRESENTATION_CONTEXT('2D SPACE',''
  ) );
#10046 = PCURVE('',#2919,#10047);
#10047 = DEFINITIONAL_REPRESENTATION('',(#10048),#10052);
#10048 = LINE('',#10049,#10050);
#10049 = CARTESIAN_POINT('',(0.,0.));
#10050 = VECTOR('',#10051,1.);
#10051 = DIRECTION('',(0.,-1.));
#10052 = ( GEOMETRIC_REPRESENTATION_CONTEXT(2) 
PARAMETRIC_REPRESENTATION_CONTEXT() REPRESENTATION_CONTEXT('2D SPACE',''
  ) );
#10053 = ADVANCED_FACE('',(#10054),#2919,.T.);
#10054 = FACE_BOUND('',#10055,.T.);
#10055 = EDGE_LOOP('',(#10056,#10057,#10058,#10079));
#10056 = ORIENTED_EDGE('',*,*,#2904,.T.);
#10057 = ORIENTED_EDGE('',*,*,#10033,.T.);
#10058 = ORIENTED_EDGE('',*,*,#10059,.F.);
#10059 = EDGE_CURVE('',#10060,#10013,#10062,.T.);
#10060 = VERTEX_POINT('',#10061);
#10061 = CARTESIAN_POINT('',(-16.8,10.623244953089,2.2));
#10062 = SURFACE_CURVE('',#10063,(#10067,#10073),.PCURVE_S1.);
#10063 = LINE('',#10064,#10065);
#10064 = CARTESIAN_POINT('',(-5.7,4.214656965084,2.2));
#10065 = VECTOR('',#10066,1.);
#10066 = DIRECTION('',(0.866025403784,-0.5,0.));
#10067 = PCURVE('',#2919,#10068);
#10068 = DEFINITIONAL_REPRESENTATION('',(#10069),#10072);
#10069 = B_SPLINE_CURVE_WITH_KNOTS('',1,(#10070,#10071),.UNSPECIFIED.,
  .F.,.F.,(2,2),(-12.81717597601,-7.043673284113),
  .PIECEWISE_BEZIER_KNOTS.);
#10070 = CARTESIAN_POINT('',(5.773502691896,-3.2));
#10071 = CARTESIAN_POINT('',(0.,-3.2));
#10072 = ( GEOMETRIC_REPRESENTATION_CONTEXT(2) 
PARAMETRIC_REPRESENTATION_CONTEXT() REPRESENTATION_CONTEXT('2D SPACE',''
  ) );
#10073 = PCURVE('',#5933,#10074);
#10074 = DEFINITIONAL_REPRESENTATION('',(#10075),#10078);
#10075 = B_SPLINE_CURVE_WITH_KNOTS('',1,(#10076,#10077),.UNSPECIFIED.,
  .F.,.F.,(2,2),(-12.81717597601,-7.043673284113),
  .PIECEWISE_BEZIER_KNOTS.);
#10076 = CARTESIAN_POINT('',(-16.8,10.623244953089));
#10077 = CARTESIAN_POINT('',(-11.8,7.736493607141));
#10078 = ( GEOMETRIC_REPRESENTATION_CONTEXT(2) 
PARAMETRIC_REPRESENTATION_CONTEXT() REPRESENTATION_CONTEXT('2D SPACE',''
  ) );
#10079 = ORIENTED_EDGE('',*,*,#10080,.F.);
#10080 = EDGE_CURVE('',#2879,#10060,#10081,.T.);
#10081 = SURFACE_CURVE('',#10082,(#10086,#10093),.PCURVE_S1.);
#10082 = LINE('',#10083,#10084);
#10083 = CARTESIAN_POINT('',(-16.8,10.623244953089,-1.));
#10084 = VECTOR('',#10085,1.);
#10085 = DIRECTION('',(0.,0.,1.));
#10086 = PCURVE('',#2919,#10087);
#10087 = DEFINITIONAL_REPRESENTATION('',(#10088),#10092);
#10088 = LINE('',#10089,#10090);
#10089 = CARTESIAN_POINT('',(5.773502691896,0.));
#10090 = VECTOR('',#10091,1.);
#10091 = DIRECTION('',(0.,-1.));
#10092 = ( GEOMETRIC_REPRESENTATION_CONTEXT(2) 
PARAMETRIC_REPRESENTATION_CONTEXT() REPRESENTATION_CONTEXT('2D SPACE',''
  ) );
#10093 = PCURVE('',#2893,#10094);
#10094 = DEFINITIONAL_REPRESENTATION('',(#10095),#10099);
#10095 = LINE('',#10096,#10097);
#10096 = CARTESIAN_POINT('',(0.,0.));
#10097 = VECTOR('',#10098,1.);
#10098 = DIRECTION('',(0.,-1.));
#10099 = ( GEOMETRIC_REPRESENTATION_CONTEXT(2) 
PARAMETRIC_REPRESENTATION_CONTEXT() REPRESENTATION_CONTEXT('2D SPACE',''
  ) );
#10100 = ADVANCED_FACE('',(#10101),#2893,.T.);
#10101 = FACE_BOUND('',#10102,.T.);
#10102 = EDGE_LOOP('',(#10103,#10104,#10105,#10124));
#10103 = ORIENTED_EDGE('',*,*,#2878,.T.);
#10104 = ORIENTED_EDGE('',*,*,#10080,.T.);
#10105 = ORIENTED_EDGE('',*,*,#10106,.F.);
#10106 = EDGE_CURVE('',#9849,#10060,#10107,.T.);
#10107 = SURFACE_CURVE('',#10108,(#10112,#10118),.PCURVE_S1.);
#10108 = LINE('',#10109,#10110);
#10109 = CARTESIAN_POINT('',(-12.8,12.932646029848,2.2));
#10110 = VECTOR('',#10111,1.);
#10111 = DIRECTION('',(0.866025403784,0.5,-0.));
#10112 = PCURVE('',#2893,#10113);
#10113 = DEFINITIONAL_REPRESENTATION('',(#10114),#10117);
#10114 = B_SPLINE_CURVE_WITH_KNOTS('',1,(#10115,#10116),.UNSPECIFIED.,
  .F.,.F.,(2,2),(-10.39230484541,-4.618802153517),
  .PIECEWISE_BEZIER_KNOTS.);
#10115 = CARTESIAN_POINT('',(5.773502691896,-3.2));
#10116 = CARTESIAN_POINT('',(0.,-3.2));
#10117 = ( GEOMETRIC_REPRESENTATION_CONTEXT(2) 
PARAMETRIC_REPRESENTATION_CONTEXT() REPRESENTATION_CONTEXT('2D SPACE',''
  ) );
#10118 = PCURVE('',#5933,#10119);
#10119 = DEFINITIONAL_REPRESENTATION('',(#10120),#10123);
#10120 = B_SPLINE_CURVE_WITH_KNOTS('',1,(#10121,#10122),.UNSPECIFIED.,
  .F.,.F.,(2,2),(-10.39230484541,-4.618802153517),
  .PIECEWISE_BEZIER_KNOTS.);
#10121 = CARTESIAN_POINT('',(-21.8,7.736493607141));
#10122 = CARTESIAN_POINT('',(-16.8,10.623244953089));
#10123 = ( GEOMETRIC_REPRESENTATION_CONTEXT(2) 
PARAMETRIC_REPRESENTATION_CONTEXT() REPRESENTATION_CONTEXT('2D SPACE',''
  ) );
#10124 = ORIENTED_EDGE('',*,*,#9848,.F.);
#10125 = ADVANCED_FACE('',(#10126),#3025,.T.);
#10126 = FACE_BOUND('',#10127,.T.);
#10127 = EDGE_LOOP('',(#10128,#10129,#10152,#10173));
#10128 = ORIENTED_EDGE('',*,*,#3008,.T.);
#10129 = ORIENTED_EDGE('',*,*,#10130,.T.);
#10130 = EDGE_CURVE('',#3011,#10131,#10133,.T.);
#10131 = VERTEX_POINT('',#10132);
#10132 = CARTESIAN_POINT('',(-16.2,17.435978129527,2.2));
#10133 = SURFACE_CURVE('',#10134,(#10138,#10145),.PCURVE_S1.);
#10134 = LINE('',#10135,#10136);
#10135 = CARTESIAN_POINT('',(-16.2,17.435978129527,-1.));
#10136 = VECTOR('',#10137,1.);
#10137 = DIRECTION('',(0.,0.,1.));
#10138 = PCURVE('',#3025,#10139);
#10139 = DEFINITIONAL_REPRESENTATION('',(#10140),#10144);
#10140 = LINE('',#10141,#10142);
#10141 = CARTESIAN_POINT('',(0.,0.));
#10142 = VECTOR('',#10143,1.);
#10143 = DIRECTION('',(0.,-1.));
#10144 = ( GEOMETRIC_REPRESENTATION_CONTEXT(2) 
PARAMETRIC_REPRESENTATION_CONTEXT() REPRESENTATION_CONTEXT('2D SPACE',''
  ) );
#10145 = PCURVE('',#3051,#10146);
#10146 = DEFINITIONAL_REPRESENTATION('',(#10147),#10151);
#10147 = LINE('',#10148,#10149);
#10148 = CARTESIAN_POINT('',(5.773502691896,0.));
#10149 = VECTOR('',#10150,1.);
#10150 = DIRECTION('',(0.,-1.));
#10151 = ( GEOMETRIC_REPRESENTATION_CONTEXT(2) 
PARAMETRIC_REPRESENTATION_CONTEXT() REPRESENTATION_CONTEXT('2D SPACE',''
  ) );
#10152 = ORIENTED_EDGE('',*,*,#10153,.F.);
#10153 = EDGE_CURVE('',#10154,#10131,#10156,.T.);
#10154 = VERTEX_POINT('',#10155);
#10155 = CARTESIAN_POINT('',(-16.2,11.66247543763,2.2));
#10156 = SURFACE_CURVE('',#10157,(#10161,#10167),.PCURVE_S1.);
#10157 = LINE('',#10158,#10159);
#10158 = CARTESIAN_POINT('',(-16.2,8.717989064763,2.2));
#10159 = VECTOR('',#10160,1.);
#10160 = DIRECTION('',(4.615110447321E-16,1.,-0.));
#10161 = PCURVE('',#3025,#10162);
#10162 = DEFINITIONAL_REPRESENTATION('',(#10163),#10166);
#10163 = B_SPLINE_CURVE_WITH_KNOTS('',1,(#10164,#10165),.UNSPECIFIED.,
  .F.,.F.,(2,2),(2.944486372867,8.717989064763),
  .PIECEWISE_BEZIER_KNOTS.);
#10164 = CARTESIAN_POINT('',(5.773502691896,-3.2));
#10165 = CARTESIAN_POINT('',(0.,-3.2));
#10166 = ( GEOMETRIC_REPRESENTATION_CONTEXT(2) 
PARAMETRIC_REPRESENTATION_CONTEXT() REPRESENTATION_CONTEXT('2D SPACE',''
  ) );
#10167 = PCURVE('',#5933,#10168);
#10168 = DEFINITIONAL_REPRESENTATION('',(#10169),#10172);
#10169 = B_SPLINE_CURVE_WITH_KNOTS('',1,(#10170,#10171),.UNSPECIFIED.,
  .F.,.F.,(2,2),(2.944486372867,8.717989064763),
  .PIECEWISE_BEZIER_KNOTS.);
#10170 = CARTESIAN_POINT('',(-16.2,11.66247543763));
#10171 = CARTESIAN_POINT('',(-16.2,17.435978129527));
#10172 = ( GEOMETRIC_REPRESENTATION_CONTEXT(2) 
PARAMETRIC_REPRESENTATION_CONTEXT() REPRESENTATION_CONTEXT('2D SPACE',''
  ) );
#10173 = ORIENTED_EDGE('',*,*,#10174,.F.);
#10174 = EDGE_CURVE('',#3009,#10154,#10175,.T.);
#10175 = SURFACE_CURVE('',#10176,(#10180,#10187),.PCURVE_S1.);
#10176 = LINE('',#10177,#10178);
#10177 = CARTESIAN_POINT('',(-16.2,11.66247543763,-1.));
#10178 = VECTOR('',#10179,1.);
#10179 = DIRECTION('',(0.,0.,1.));
#10180 = PCURVE('',#3025,#10181);
#10181 = DEFINITIONAL_REPRESENTATION('',(#10182),#10186);
#10182 = LINE('',#10183,#10184);
#10183 = CARTESIAN_POINT('',(5.773502691896,0.));
#10184 = VECTOR('',#10185,1.);
#10185 = DIRECTION('',(0.,-1.));
#10186 = ( GEOMETRIC_REPRESENTATION_CONTEXT(2) 
PARAMETRIC_REPRESENTATION_CONTEXT() REPRESENTATION_CONTEXT('2D SPACE',''
  ) );
#10187 = PCURVE('',#3153,#10188);
#10188 = DEFINITIONAL_REPRESENTATION('',(#10189),#10193);
#10189 = LINE('',#10190,#10191);
#10190 = CARTESIAN_POINT('',(0.,0.));
#10191 = VECTOR('',#10192,1.);
#10192 = DIRECTION('',(0.,-1.));
#10193 = ( GEOMETRIC_REPRESENTATION_CONTEXT(2) 
PARAMETRIC_REPRESENTATION_CONTEXT() REPRESENTATION_CONTEXT('2D SPACE',''
  ) );
#10194 = ADVANCED_FACE('',(#10195),#3153,.T.);
#10195 = FACE_BOUND('',#10196,.T.);
#10196 = EDGE_LOOP('',(#10197,#10198,#10199,#10220));
#10197 = ORIENTED_EDGE('',*,*,#3140,.T.);
#10198 = ORIENTED_EDGE('',*,*,#10174,.T.);
#10199 = ORIENTED_EDGE('',*,*,#10200,.F.);
#10200 = EDGE_CURVE('',#10201,#10154,#10203,.T.);
#10201 = VERTEX_POINT('',#10202);
#10202 = CARTESIAN_POINT('',(-11.2,8.775724091682,2.2));
#10203 = SURFACE_CURVE('',#10204,(#10208,#10214),.PCURVE_S1.);
#10204 = LINE('',#10205,#10206);
#10205 = CARTESIAN_POINT('',(-7.6,6.6972631226,2.2));
#10206 = VECTOR('',#10207,1.);
#10207 = DIRECTION('',(-0.866025403784,0.5,0.));
#10208 = PCURVE('',#3153,#10209);
#10209 = DEFINITIONAL_REPRESENTATION('',(#10210),#10213);
#10210 = B_SPLINE_CURVE_WITH_KNOTS('',1,(#10211,#10212),.UNSPECIFIED.,
  .F.,.F.,(2,2),(4.156921938165,9.930424630062),
  .PIECEWISE_BEZIER_KNOTS.);
#10211 = CARTESIAN_POINT('',(5.773502691896,-3.2));
#10212 = CARTESIAN_POINT('',(0.,-3.2));
#10213 = ( GEOMETRIC_REPRESENTATION_CONTEXT(2) 
PARAMETRIC_REPRESENTATION_CONTEXT() REPRESENTATION_CONTEXT('2D SPACE',''
  ) );
#10214 = PCURVE('',#5933,#10215);
#10215 = DEFINITIONAL_REPRESENTATION('',(#10216),#10219);
#10216 = B_SPLINE_CURVE_WITH_KNOTS('',1,(#10217,#10218),.UNSPECIFIED.,
  .F.,.F.,(2,2),(4.156921938165,9.930424630062),
  .PIECEWISE_BEZIER_KNOTS.);
#10217 = CARTESIAN_POINT('',(-11.2,8.775724091682));
#10218 = CARTESIAN_POINT('',(-16.2,11.66247543763));
#10219 = ( GEOMETRIC_REPRESENTATION_CONTEXT(2) 
PARAMETRIC_REPRESENTATION_CONTEXT() REPRESENTATION_CONTEXT('2D SPACE',''
  ) );
#10220 = ORIENTED_EDGE('',*,*,#10221,.F.);
#10221 = EDGE_CURVE('',#3115,#10201,#10222,.T.);
#10222 = SURFACE_CURVE('',#10223,(#10227,#10234),.PCURVE_S1.);
#10223 = LINE('',#10224,#10225);
#10224 = CARTESIAN_POINT('',(-11.2,8.775724091682,-1.));
#10225 = VECTOR('',#10226,1.);
#10226 = DIRECTION('',(0.,0.,1.));
#10227 = PCURVE('',#3153,#10228);
#10228 = DEFINITIONAL_REPRESENTATION('',(#10229),#10233);
#10229 = LINE('',#10230,#10231);
#10230 = CARTESIAN_POINT('',(5.773502691896,0.));
#10231 = VECTOR('',#10232,1.);
#10232 = DIRECTION('',(0.,-1.));
#10233 = ( GEOMETRIC_REPRESENTATION_CONTEXT(2) 
PARAMETRIC_REPRESENTATION_CONTEXT() REPRESENTATION_CONTEXT('2D SPACE',''
  ) );
#10234 = PCURVE('',#3129,#10235);
#10235 = DEFINITIONAL_REPRESENTATION('',(#10236),#10240);
#10236 = LINE('',#10237,#10238);
#10237 = CARTESIAN_POINT('',(0.,0.));
#10238 = VECTOR('',#10239,1.);
#10239 = DIRECTION('',(0.,-1.));
#10240 = ( GEOMETRIC_REPRESENTATION_CONTEXT(2) 
PARAMETRIC_REPRESENTATION_CONTEXT() REPRESENTATION_CONTEXT('2D SPACE',''
  ) );
#10241 = ADVANCED_FACE('',(#10242),#3129,.T.);
#10242 = FACE_BOUND('',#10243,.T.);
#10243 = EDGE_LOOP('',(#10244,#10245,#10246,#10267));
#10244 = ORIENTED_EDGE('',*,*,#3114,.T.);
#10245 = ORIENTED_EDGE('',*,*,#10221,.T.);
#10246 = ORIENTED_EDGE('',*,*,#10247,.F.);
#10247 = EDGE_CURVE('',#10248,#10201,#10250,.T.);
#10248 = VERTEX_POINT('',#10249);
#10249 = CARTESIAN_POINT('',(-6.2,11.66247543763,2.2));
#10250 = SURFACE_CURVE('',#10251,(#10255,#10261),.PCURVE_S1.);
#10251 = LINE('',#10252,#10253);
#10252 = CARTESIAN_POINT('',(-8.9,10.103629710818,2.2));
#10253 = VECTOR('',#10254,1.);
#10254 = DIRECTION('',(-0.866025403784,-0.5,0.));
#10255 = PCURVE('',#3129,#10256);
#10256 = DEFINITIONAL_REPRESENTATION('',(#10257),#10260);
#10257 = B_SPLINE_CURVE_WITH_KNOTS('',1,(#10258,#10259),.UNSPECIFIED.,
  .F.,.F.,(2,2),(-3.117691453624,2.655811238272),
  .PIECEWISE_BEZIER_KNOTS.);
#10258 = CARTESIAN_POINT('',(5.773502691896,-3.2));
#10259 = CARTESIAN_POINT('',(0.,-3.2));
#10260 = ( GEOMETRIC_REPRESENTATION_CONTEXT(2) 
PARAMETRIC_REPRESENTATION_CONTEXT() REPRESENTATION_CONTEXT('2D SPACE',''
  ) );
#10261 = PCURVE('',#5933,#10262);
#10262 = DEFINITIONAL_REPRESENTATION('',(#10263),#10266);
#10263 = B_SPLINE_CURVE_WITH_KNOTS('',1,(#10264,#10265),.UNSPECIFIED.,
  .F.,.F.,(2,2),(-3.117691453624,2.655811238272),
  .PIECEWISE_BEZIER_KNOTS.);
#10264 = CARTESIAN_POINT('',(-6.2,11.66247543763));
#10265 = CARTESIAN_POINT('',(-11.2,8.775724091682));
#10266 = ( GEOMETRIC_REPRESENTATION_CONTEXT(2) 
PARAMETRIC_REPRESENTATION_CONTEXT() REPRESENTATION_CONTEXT('2D SPACE',''
  ) );
#10267 = ORIENTED_EDGE('',*,*,#10268,.F.);
#10268 = EDGE_CURVE('',#3089,#10248,#10269,.T.);
#10269 = SURFACE_CURVE('',#10270,(#10274,#10281),.PCURVE_S1.);
#10270 = LINE('',#10271,#10272);
#10271 = CARTESIAN_POINT('',(-6.2,11.66247543763,-1.));
#10272 = VECTOR('',#10273,1.);
#10273 = DIRECTION('',(0.,0.,1.));
#10274 = PCURVE('',#3129,#10275);
#10275 = DEFINITIONAL_REPRESENTATION('',(#10276),#10280);
#10276 = LINE('',#10277,#10278);
#10277 = CARTESIAN_POINT('',(5.773502691896,0.));
#10278 = VECTOR('',#10279,1.);
#10279 = DIRECTION('',(0.,-1.));
#10280 = ( GEOMETRIC_REPRESENTATION_CONTEXT(2) 
PARAMETRIC_REPRESENTATION_CONTEXT() REPRESENTATION_CONTEXT('2D SPACE',''
  ) );
#10281 = PCURVE('',#3103,#10282);
#10282 = DEFINITIONAL_REPRESENTATION('',(#10283),#10287);
#10283 = LINE('',#10284,#10285);
#10284 = CARTESIAN_POINT('',(0.,0.));
#10285 = VECTOR('',#10286,1.);
#10286 = DIRECTION('',(0.,-1.));
#10287 = ( GEOMETRIC_REPRESENTATION_CONTEXT(2) 
PARAMETRIC_REPRESENTATION_CONTEXT() REPRESENTATION_CONTEXT('2D SPACE',''
  ) );
#10288 = ADVANCED_FACE('',(#10289),#3103,.T.);
#10289 = FACE_BOUND('',#10290,.T.);
#10290 = EDGE_LOOP('',(#10291,#10292,#10293,#10314));
#10291 = ORIENTED_EDGE('',*,*,#3088,.T.);
#10292 = ORIENTED_EDGE('',*,*,#10268,.T.);
#10293 = ORIENTED_EDGE('',*,*,#10294,.F.);
#10294 = EDGE_CURVE('',#10295,#10248,#10297,.T.);
#10295 = VERTEX_POINT('',#10296);
#10296 = CARTESIAN_POINT('',(-6.2,17.435978129527,2.2));
#10297 = SURFACE_CURVE('',#10298,(#10302,#10308),.PCURVE_S1.);
#10298 = LINE('',#10299,#10300);
#10299 = CARTESIAN_POINT('',(-6.2,5.831237718815,2.2));
#10300 = VECTOR('',#10301,1.);
#10301 = DIRECTION('',(-1.538370149107E-16,-1.,0.));
#10302 = PCURVE('',#3103,#10303);
#10303 = DEFINITIONAL_REPRESENTATION('',(#10304),#10307);
#10304 = B_SPLINE_CURVE_WITH_KNOTS('',1,(#10305,#10306),.UNSPECIFIED.,
  .F.,.F.,(2,2),(-11.60474041071,-5.831237718815),
  .PIECEWISE_BEZIER_KNOTS.);
#10305 = CARTESIAN_POINT('',(5.773502691896,-3.2));
#10306 = CARTESIAN_POINT('',(0.,-3.2));
#10307 = ( GEOMETRIC_REPRESENTATION_CONTEXT(2) 
PARAMETRIC_REPRESENTATION_CONTEXT() REPRESENTATION_CONTEXT('2D SPACE',''
  ) );
#10308 = PCURVE('',#5933,#10309);
#10309 = DEFINITIONAL_REPRESENTATION('',(#10310),#10313);
#10310 = B_SPLINE_CURVE_WITH_KNOTS('',1,(#10311,#10312),.UNSPECIFIED.,
  .F.,.F.,(2,2),(-11.60474041071,-5.831237718815),
  .PIECEWISE_BEZIER_KNOTS.);
#10311 = CARTESIAN_POINT('',(-6.2,17.435978129527));
#10312 = CARTESIAN_POINT('',(-6.2,11.66247543763));
#10313 = ( GEOMETRIC_REPRESENTATION_CONTEXT(2) 
PARAMETRIC_REPRESENTATION_CONTEXT() REPRESENTATION_CONTEXT('2D SPACE',''
  ) );
#10314 = ORIENTED_EDGE('',*,*,#10315,.F.);
#10315 = EDGE_CURVE('',#3063,#10295,#10316,.T.);
#10316 = SURFACE_CURVE('',#10317,(#10321,#10328),.PCURVE_S1.);
#10317 = LINE('',#10318,#10319);
#10318 = CARTESIAN_POINT('',(-6.2,17.435978129527,-1.));
#10319 = VECTOR('',#10320,1.);
#10320 = DIRECTION('',(0.,0.,1.));
#10321 = PCURVE('',#3103,#10322);
#10322 = DEFINITIONAL_REPRESENTATION('',(#10323),#10327);
#10323 = LINE('',#10324,#10325);
#10324 = CARTESIAN_POINT('',(5.773502691896,0.));
#10325 = VECTOR('',#10326,1.);
#10326 = DIRECTION('',(0.,-1.));
#10327 = ( GEOMETRIC_REPRESENTATION_CONTEXT(2) 
PARAMETRIC_REPRESENTATION_CONTEXT() REPRESENTATION_CONTEXT('2D SPACE',''
  ) );
#10328 = PCURVE('',#3077,#10329);
#10329 = DEFINITIONAL_REPRESENTATION('',(#10330),#10334);
#10330 = LINE('',#10331,#10332);
#10331 = CARTESIAN_POINT('',(0.,0.));
#10332 = VECTOR('',#10333,1.);
#10333 = DIRECTION('',(0.,-1.));
#10334 = ( GEOMETRIC_REPRESENTATION_CONTEXT(2) 
PARAMETRIC_REPRESENTATION_CONTEXT() REPRESENTATION_CONTEXT('2D SPACE',''
  ) );
#10335 = ADVANCED_FACE('',(#10336),#3077,.T.);
#10336 = FACE_BOUND('',#10337,.T.);
#10337 = EDGE_LOOP('',(#10338,#10339,#10340,#10361));
#10338 = ORIENTED_EDGE('',*,*,#3062,.T.);
#10339 = ORIENTED_EDGE('',*,*,#10315,.T.);
#10340 = ORIENTED_EDGE('',*,*,#10341,.F.);
#10341 = EDGE_CURVE('',#10342,#10295,#10344,.T.);
#10342 = VERTEX_POINT('',#10343);
#10343 = CARTESIAN_POINT('',(-11.2,20.322729475475,2.2));
#10344 = SURFACE_CURVE('',#10345,(#10349,#10355),.PCURVE_S1.);
#10345 = LINE('',#10346,#10347);
#10346 = CARTESIAN_POINT('',(-1.E-01,13.91414148747,2.2));
#10347 = VECTOR('',#10348,1.);
#10348 = DIRECTION('',(0.866025403784,-0.5,0.));
#10349 = PCURVE('',#3077,#10350);
#10350 = DEFINITIONAL_REPRESENTATION('',(#10351),#10354);
#10351 = B_SPLINE_CURVE_WITH_KNOTS('',1,(#10352,#10353),.UNSPECIFIED.,
  .F.,.F.,(2,2),(-12.81717597601,-7.043673284113),
  .PIECEWISE_BEZIER_KNOTS.);
#10352 = CARTESIAN_POINT('',(5.773502691896,-3.2));
#10353 = CARTESIAN_POINT('',(0.,-3.2));
#10354 = ( GEOMETRIC_REPRESENTATION_CONTEXT(2) 
PARAMETRIC_REPRESENTATION_CONTEXT() REPRESENTATION_CONTEXT('2D SPACE',''
  ) );
#10355 = PCURVE('',#5933,#10356);
#10356 = DEFINITIONAL_REPRESENTATION('',(#10357),#10360);
#10357 = B_SPLINE_CURVE_WITH_KNOTS('',1,(#10358,#10359),.UNSPECIFIED.,
  .F.,.F.,(2,2),(-12.81717597601,-7.043673284113),
  .PIECEWISE_BEZIER_KNOTS.);
#10358 = CARTESIAN_POINT('',(-11.2,20.322729475475));
#10359 = CARTESIAN_POINT('',(-6.2,17.435978129527));
#10360 = ( GEOMETRIC_REPRESENTATION_CONTEXT(2) 
PARAMETRIC_REPRESENTATION_CONTEXT() REPRESENTATION_CONTEXT('2D SPACE',''
  ) );
#10361 = ORIENTED_EDGE('',*,*,#10362,.F.);
#10362 = EDGE_CURVE('',#3037,#10342,#10363,.T.);
#10363 = SURFACE_CURVE('',#10364,(#10368,#10375),.PCURVE_S1.);
#10364 = LINE('',#10365,#10366);
#10365 = CARTESIAN_POINT('',(-11.2,20.322729475475,-1.));
#10366 = VECTOR('',#10367,1.);
#10367 = DIRECTION('',(0.,0.,1.));
#10368 = PCURVE('',#3077,#10369);
#10369 = DEFINITIONAL_REPRESENTATION('',(#10370),#10374);
#10370 = LINE('',#10371,#10372);
#10371 = CARTESIAN_POINT('',(5.773502691896,0.));
#10372 = VECTOR('',#10373,1.);
#10373 = DIRECTION('',(0.,-1.));
#10374 = ( GEOMETRIC_REPRESENTATION_CONTEXT(2) 
PARAMETRIC_REPRESENTATION_CONTEXT() REPRESENTATION_CONTEXT('2D SPACE',''
  ) );
#10375 = PCURVE('',#3051,#10376);
#10376 = DEFINITIONAL_REPRESENTATION('',(#10377),#10381);
#10377 = LINE('',#10378,#10379);
#10378 = CARTESIAN_POINT('',(0.,0.));
#10379 = VECTOR('',#10380,1.);
#10380 = DIRECTION('',(0.,-1.));
#10381 = ( GEOMETRIC_REPRESENTATION_CONTEXT(2) 
PARAMETRIC_REPRESENTATION_CONTEXT() REPRESENTATION_CONTEXT('2D SPACE',''
  ) );
#10382 = ADVANCED_FACE('',(#10383),#3051,.T.);
#10383 = FACE_BOUND('',#10384,.T.);
#10384 = EDGE_LOOP('',(#10385,#10386,#10387,#10406));
#10385 = ORIENTED_EDGE('',*,*,#3036,.T.);
#10386 = ORIENTED_EDGE('',*,*,#10362,.T.);
#10387 = ORIENTED_EDGE('',*,*,#10388,.F.);
#10388 = EDGE_CURVE('',#10131,#10342,#10389,.T.);
#10389 = SURFACE_CURVE('',#10390,(#10394,#10400),.PCURVE_S1.);
#10390 = LINE('',#10391,#10392);
#10391 = CARTESIAN_POINT('',(-11.4,20.207259421637,2.2));
#10392 = VECTOR('',#10393,1.);
#10393 = DIRECTION('',(0.866025403784,0.5,-0.));
#10394 = PCURVE('',#3051,#10395);
#10395 = DEFINITIONAL_REPRESENTATION('',(#10396),#10399);
#10396 = B_SPLINE_CURVE_WITH_KNOTS('',1,(#10397,#10398),.UNSPECIFIED.,
  .F.,.F.,(2,2),(-5.54256258422,0.230940107676),
  .PIECEWISE_BEZIER_KNOTS.);
#10397 = CARTESIAN_POINT('',(5.773502691896,-3.2));
#10398 = CARTESIAN_POINT('',(0.,-3.2));
#10399 = ( GEOMETRIC_REPRESENTATION_CONTEXT(2) 
PARAMETRIC_REPRESENTATION_CONTEXT() REPRESENTATION_CONTEXT('2D SPACE',''
  ) );
#10400 = PCURVE('',#5933,#10401);
#10401 = DEFINITIONAL_REPRESENTATION('',(#10402),#10405);
#10402 = B_SPLINE_CURVE_WITH_KNOTS('',1,(#10403,#10404),.UNSPECIFIED.,
  .F.,.F.,(2,2),(-5.54256258422,0.230940107676),
  .PIECEWISE_BEZIER_KNOTS.);
#10403 = CARTESIAN_POINT('',(-16.2,17.435978129527));
#10404 = CARTESIAN_POINT('',(-11.2,20.322729475475));
#10405 = ( GEOMETRIC_REPRESENTATION_CONTEXT(2) 
PARAMETRIC_REPRESENTATION_CONTEXT() REPRESENTATION_CONTEXT('2D SPACE',''
  ) );
#10406 = ORIENTED_EDGE('',*,*,#10130,.F.);
#10407 = ADVANCED_FACE('',(#10408),#3183,.T.);
#10408 = FACE_BOUND('',#10409,.T.);
#10409 = EDGE_LOOP('',(#10410,#10411,#10434,#10455));
#10410 = ORIENTED_EDGE('',*,*,#3166,.T.);
#10411 = ORIENTED_EDGE('',*,*,#10412,.T.);
#10412 = EDGE_CURVE('',#3169,#10413,#10415,.T.);
#10413 = VERTEX_POINT('',#10414);
#10414 = CARTESIAN_POINT('',(-10.6,7.736493607141,2.2));
#10415 = SURFACE_CURVE('',#10416,(#10420,#10427),.PCURVE_S1.);
#10416 = LINE('',#10417,#10418);
#10417 = CARTESIAN_POINT('',(-10.6,7.736493607141,-1.));
#10418 = VECTOR('',#10419,1.);
#10419 = DIRECTION('',(0.,0.,1.));
#10420 = PCURVE('',#3183,#10421);
#10421 = DEFINITIONAL_REPRESENTATION('',(#10422),#10426);
#10422 = LINE('',#10423,#10424);
#10423 = CARTESIAN_POINT('',(0.,0.));
#10424 = VECTOR('',#10425,1.);
#10425 = DIRECTION('',(0.,-1.));
#10426 = ( GEOMETRIC_REPRESENTATION_CONTEXT(2) 
PARAMETRIC_REPRESENTATION_CONTEXT() REPRESENTATION_CONTEXT('2D SPACE',''
  ) );
#10427 = PCURVE('',#3209,#10428);
#10428 = DEFINITIONAL_REPRESENTATION('',(#10429),#10433);
#10429 = LINE('',#10430,#10431);
#10430 = CARTESIAN_POINT('',(5.773502691896,0.));
#10431 = VECTOR('',#10432,1.);
#10432 = DIRECTION('',(0.,-1.));
#10433 = ( GEOMETRIC_REPRESENTATION_CONTEXT(2) 
PARAMETRIC_REPRESENTATION_CONTEXT() REPRESENTATION_CONTEXT('2D SPACE',''
  ) );
#10434 = ORIENTED_EDGE('',*,*,#10435,.F.);
#10435 = EDGE_CURVE('',#10436,#10413,#10438,.T.);
#10436 = VERTEX_POINT('',#10437);
#10437 = CARTESIAN_POINT('',(-10.6,1.962990915245,2.2));
#10438 = SURFACE_CURVE('',#10439,(#10443,#10449),.PCURVE_S1.);
#10439 = LINE('',#10440,#10441);
#10440 = CARTESIAN_POINT('',(-10.6,3.86824680357,2.2));
#10441 = VECTOR('',#10442,1.);
#10442 = DIRECTION('',(4.615110447321E-16,1.,-0.));
#10443 = PCURVE('',#3183,#10444);
#10444 = DEFINITIONAL_REPRESENTATION('',(#10445),#10448);
#10445 = B_SPLINE_CURVE_WITH_KNOTS('',1,(#10446,#10447),.UNSPECIFIED.,
  .F.,.F.,(2,2),(-1.905255888326,3.86824680357),
  .PIECEWISE_BEZIER_KNOTS.);
#10446 = CARTESIAN_POINT('',(5.773502691896,-3.2));
#10447 = CARTESIAN_POINT('',(0.,-3.2));
#10448 = ( GEOMETRIC_REPRESENTATION_CONTEXT(2) 
PARAMETRIC_REPRESENTATION_CONTEXT() REPRESENTATION_CONTEXT('2D SPACE',''
  ) );
#10449 = PCURVE('',#5933,#10450);
#10450 = DEFINITIONAL_REPRESENTATION('',(#10451),#10454);
#10451 = B_SPLINE_CURVE_WITH_KNOTS('',1,(#10452,#10453),.UNSPECIFIED.,
  .F.,.F.,(2,2),(-1.905255888326,3.86824680357),
  .PIECEWISE_BEZIER_KNOTS.);
#10452 = CARTESIAN_POINT('',(-10.6,1.962990915245));
#10453 = CARTESIAN_POINT('',(-10.6,7.736493607141));
#10454 = ( GEOMETRIC_REPRESENTATION_CONTEXT(2) 
PARAMETRIC_REPRESENTATION_CONTEXT() REPRESENTATION_CONTEXT('2D SPACE',''
  ) );
#10455 = ORIENTED_EDGE('',*,*,#10456,.F.);
#10456 = EDGE_CURVE('',#3167,#10436,#10457,.T.);
#10457 = SURFACE_CURVE('',#10458,(#10462,#10469),.PCURVE_S1.);
#10458 = LINE('',#10459,#10460);
#10459 = CARTESIAN_POINT('',(-10.6,1.962990915245,-1.));
#10460 = VECTOR('',#10461,1.);
#10461 = DIRECTION('',(0.,0.,1.));
#10462 = PCURVE('',#3183,#10463);
#10463 = DEFINITIONAL_REPRESENTATION('',(#10464),#10468);
#10464 = LINE('',#10465,#10466);
#10465 = CARTESIAN_POINT('',(5.773502691896,0.));
#10466 = VECTOR('',#10467,1.);
#10467 = DIRECTION('',(0.,-1.));
#10468 = ( GEOMETRIC_REPRESENTATION_CONTEXT(2) 
PARAMETRIC_REPRESENTATION_CONTEXT() REPRESENTATION_CONTEXT('2D SPACE',''
  ) );
#10469 = PCURVE('',#3311,#10470);
#10470 = DEFINITIONAL_REPRESENTATION('',(#10471),#10475);
#10471 = LINE('',#10472,#10473);
#10472 = CARTESIAN_POINT('',(0.,0.));
#10473 = VECTOR('',#10474,1.);
#10474 = DIRECTION('',(0.,-1.));
#10475 = ( GEOMETRIC_REPRESENTATION_CONTEXT(2) 
PARAMETRIC_REPRESENTATION_CONTEXT() REPRESENTATION_CONTEXT('2D SPACE',''
  ) );
#10476 = ADVANCED_FACE('',(#10477),#3311,.T.);
#10477 = FACE_BOUND('',#10478,.T.);
#10478 = EDGE_LOOP('',(#10479,#10480,#10481,#10502));
#10479 = ORIENTED_EDGE('',*,*,#3298,.T.);
#10480 = ORIENTED_EDGE('',*,*,#10456,.T.);
#10481 = ORIENTED_EDGE('',*,*,#10482,.F.);
#10482 = EDGE_CURVE('',#10483,#10436,#10485,.T.);
#10483 = VERTEX_POINT('',#10484);
#10484 = CARTESIAN_POINT('',(-5.6,-0.923760430703,2.2));
#10485 = SURFACE_CURVE('',#10486,(#10490,#10496),.PCURVE_S1.);
#10486 = LINE('',#10487,#10488);
#10487 = CARTESIAN_POINT('',(-6.2,-0.57735026919,2.2));
#10488 = VECTOR('',#10489,1.);
#10489 = DIRECTION('',(-0.866025403784,0.5,0.));
#10490 = PCURVE('',#3311,#10491);
#10491 = DEFINITIONAL_REPRESENTATION('',(#10492),#10495);
#10492 = B_SPLINE_CURVE_WITH_KNOTS('',1,(#10493,#10494),.UNSPECIFIED.,
  .F.,.F.,(2,2),(-0.692820323028,5.080682368869),
  .PIECEWISE_BEZIER_KNOTS.);
#10493 = CARTESIAN_POINT('',(5.773502691896,-3.2));
#10494 = CARTESIAN_POINT('',(0.,-3.2));
#10495 = ( GEOMETRIC_REPRESENTATION_CONTEXT(2) 
PARAMETRIC_REPRESENTATION_CONTEXT() REPRESENTATION_CONTEXT('2D SPACE',''
  ) );
#10496 = PCURVE('',#5933,#10497);
#10497 = DEFINITIONAL_REPRESENTATION('',(#10498),#10501);
#10498 = B_SPLINE_CURVE_WITH_KNOTS('',1,(#10499,#10500),.UNSPECIFIED.,
  .F.,.F.,(2,2),(-0.692820323028,5.080682368869),
  .PIECEWISE_BEZIER_KNOTS.);
#10499 = CARTESIAN_POINT('',(-5.6,-0.923760430703));
#10500 = CARTESIAN_POINT('',(-10.6,1.962990915245));
#10501 = ( GEOMETRIC_REPRESENTATION_CONTEXT(2) 
PARAMETRIC_REPRESENTATION_CONTEXT() REPRESENTATION_CONTEXT('2D SPACE',''
  ) );
#10502 = ORIENTED_EDGE('',*,*,#10503,.F.);
#10503 = EDGE_CURVE('',#3273,#10483,#10504,.T.);
#10504 = SURFACE_CURVE('',#10505,(#10509,#10516),.PCURVE_S1.);
#10505 = LINE('',#10506,#10507);
#10506 = CARTESIAN_POINT('',(-5.6,-0.923760430703,-1.));
#10507 = VECTOR('',#10508,1.);
#10508 = DIRECTION('',(0.,0.,1.));
#10509 = PCURVE('',#3311,#10510);
#10510 = DEFINITIONAL_REPRESENTATION('',(#10511),#10515);
#10511 = LINE('',#10512,#10513);
#10512 = CARTESIAN_POINT('',(5.773502691896,0.));
#10513 = VECTOR('',#10514,1.);
#10514 = DIRECTION('',(0.,-1.));
#10515 = ( GEOMETRIC_REPRESENTATION_CONTEXT(2) 
PARAMETRIC_REPRESENTATION_CONTEXT() REPRESENTATION_CONTEXT('2D SPACE',''
  ) );
#10516 = PCURVE('',#3287,#10517);
#10517 = DEFINITIONAL_REPRESENTATION('',(#10518),#10522);
#10518 = LINE('',#10519,#10520);
#10519 = CARTESIAN_POINT('',(0.,0.));
#10520 = VECTOR('',#10521,1.);
#10521 = DIRECTION('',(0.,-1.));
#10522 = ( GEOMETRIC_REPRESENTATION_CONTEXT(2) 
PARAMETRIC_REPRESENTATION_CONTEXT() REPRESENTATION_CONTEXT('2D SPACE',''
  ) );
#10523 = ADVANCED_FACE('',(#10524),#3287,.T.);
#10524 = FACE_BOUND('',#10525,.T.);
#10525 = EDGE_LOOP('',(#10526,#10527,#10528,#10549));
#10526 = ORIENTED_EDGE('',*,*,#3272,.T.);
#10527 = ORIENTED_EDGE('',*,*,#10503,.T.);
#10528 = ORIENTED_EDGE('',*,*,#10529,.F.);
#10529 = EDGE_CURVE('',#10530,#10483,#10532,.T.);
#10530 = VERTEX_POINT('',#10531);
#10531 = CARTESIAN_POINT('',(-0.6,1.962990915245,2.2));
#10532 = SURFACE_CURVE('',#10533,(#10537,#10543),.PCURVE_S1.);
#10533 = LINE('',#10534,#10535);
#10534 = CARTESIAN_POINT('',(-3.3,0.404145188433,2.2));
#10535 = VECTOR('',#10536,1.);
#10536 = DIRECTION('',(-0.866025403784,-0.5,0.));
#10537 = PCURVE('',#3287,#10538);
#10538 = DEFINITIONAL_REPRESENTATION('',(#10539),#10542);
#10539 = B_SPLINE_CURVE_WITH_KNOTS('',1,(#10540,#10541),.UNSPECIFIED.,
  .F.,.F.,(2,2),(-3.117691453624,2.655811238272),
  .PIECEWISE_BEZIER_KNOTS.);
#10540 = CARTESIAN_POINT('',(5.773502691896,-3.2));
#10541 = CARTESIAN_POINT('',(0.,-3.2));
#10542 = ( GEOMETRIC_REPRESENTATION_CONTEXT(2) 
PARAMETRIC_REPRESENTATION_CONTEXT() REPRESENTATION_CONTEXT('2D SPACE',''
  ) );
#10543 = PCURVE('',#5933,#10544);
#10544 = DEFINITIONAL_REPRESENTATION('',(#10545),#10548);
#10545 = B_SPLINE_CURVE_WITH_KNOTS('',1,(#10546,#10547),.UNSPECIFIED.,
  .F.,.F.,(2,2),(-3.117691453624,2.655811238272),
  .PIECEWISE_BEZIER_KNOTS.);
#10546 = CARTESIAN_POINT('',(-0.6,1.962990915245));
#10547 = CARTESIAN_POINT('',(-5.6,-0.923760430703));
#10548 = ( GEOMETRIC_REPRESENTATION_CONTEXT(2) 
PARAMETRIC_REPRESENTATION_CONTEXT() REPRESENTATION_CONTEXT('2D SPACE',''
  ) );
#10549 = ORIENTED_EDGE('',*,*,#10550,.F.);
#10550 = EDGE_CURVE('',#3247,#10530,#10551,.T.);
#10551 = SURFACE_CURVE('',#10552,(#10556,#10563),.PCURVE_S1.);
#10552 = LINE('',#10553,#10554);
#10553 = CARTESIAN_POINT('',(-0.6,1.962990915245,-1.));
#10554 = VECTOR('',#10555,1.);
#10555 = DIRECTION('',(0.,0.,1.));
#10556 = PCURVE('',#3287,#10557);
#10557 = DEFINITIONAL_REPRESENTATION('',(#10558),#10562);
#10558 = LINE('',#10559,#10560);
#10559 = CARTESIAN_POINT('',(5.773502691896,0.));
#10560 = VECTOR('',#10561,1.);
#10561 = DIRECTION('',(0.,-1.));
#10562 = ( GEOMETRIC_REPRESENTATION_CONTEXT(2) 
PARAMETRIC_REPRESENTATION_CONTEXT() REPRESENTATION_CONTEXT('2D SPACE',''
  ) );
#10563 = PCURVE('',#3261,#10564);
#10564 = DEFINITIONAL_REPRESENTATION('',(#10565),#10569);
#10565 = LINE('',#10566,#10567);
#10566 = CARTESIAN_POINT('',(0.,0.));
#10567 = VECTOR('',#10568,1.);
#10568 = DIRECTION('',(0.,-1.));
#10569 = ( GEOMETRIC_REPRESENTATION_CONTEXT(2) 
PARAMETRIC_REPRESENTATION_CONTEXT() REPRESENTATION_CONTEXT('2D SPACE',''
  ) );
#10570 = ADVANCED_FACE('',(#10571),#3261,.T.);
#10571 = FACE_BOUND('',#10572,.T.);
#10572 = EDGE_LOOP('',(#10573,#10574,#10575,#10596));
#10573 = ORIENTED_EDGE('',*,*,#3246,.T.);
#10574 = ORIENTED_EDGE('',*,*,#10550,.T.);
#10575 = ORIENTED_EDGE('',*,*,#10576,.F.);
#10576 = EDGE_CURVE('',#10577,#10530,#10579,.T.);
#10577 = VERTEX_POINT('',#10578);
#10578 = CARTESIAN_POINT('',(-0.6,7.736493607141,2.2));
#10579 = SURFACE_CURVE('',#10580,(#10584,#10590),.PCURVE_S1.);
#10580 = LINE('',#10581,#10582);
#10581 = CARTESIAN_POINT('',(-0.6,0.981495457622,2.2));
#10582 = VECTOR('',#10583,1.);
#10583 = DIRECTION('',(-1.538370149107E-16,-1.,0.));
#10584 = PCURVE('',#3261,#10585);
#10585 = DEFINITIONAL_REPRESENTATION('',(#10586),#10589);
#10586 = B_SPLINE_CURVE_WITH_KNOTS('',1,(#10587,#10588),.UNSPECIFIED.,
  .F.,.F.,(2,2),(-6.754998149519,-0.981495457622),
  .PIECEWISE_BEZIER_KNOTS.);
#10587 = CARTESIAN_POINT('',(5.773502691896,-3.2));
#10588 = CARTESIAN_POINT('',(0.,-3.2));
#10589 = ( GEOMETRIC_REPRESENTATION_CONTEXT(2) 
PARAMETRIC_REPRESENTATION_CONTEXT() REPRESENTATION_CONTEXT('2D SPACE',''
  ) );
#10590 = PCURVE('',#5933,#10591);
#10591 = DEFINITIONAL_REPRESENTATION('',(#10592),#10595);
#10592 = B_SPLINE_CURVE_WITH_KNOTS('',1,(#10593,#10594),.UNSPECIFIED.,
  .F.,.F.,(2,2),(-6.754998149519,-0.981495457622),
  .PIECEWISE_BEZIER_KNOTS.);
#10593 = CARTESIAN_POINT('',(-0.6,7.736493607141));
#10594 = CARTESIAN_POINT('',(-0.6,1.962990915245));
#10595 = ( GEOMETRIC_REPRESENTATION_CONTEXT(2) 
PARAMETRIC_REPRESENTATION_CONTEXT() REPRESENTATION_CONTEXT('2D SPACE',''
  ) );
#10596 = ORIENTED_EDGE('',*,*,#10597,.F.);
#10597 = EDGE_CURVE('',#3221,#10577,#10598,.T.);
#10598 = SURFACE_CURVE('',#10599,(#10603,#10610),.PCURVE_S1.);
#10599 = LINE('',#10600,#10601);
#10600 = CARTESIAN_POINT('',(-0.6,7.736493607141,-1.));
#10601 = VECTOR('',#10602,1.);
#10602 = DIRECTION('',(0.,0.,1.));
#10603 = PCURVE('',#3261,#10604);
#10604 = DEFINITIONAL_REPRESENTATION('',(#10605),#10609);
#10605 = LINE('',#10606,#10607);
#10606 = CARTESIAN_POINT('',(5.773502691896,0.));
#10607 = VECTOR('',#10608,1.);
#10608 = DIRECTION('',(0.,-1.));
#10609 = ( GEOMETRIC_REPRESENTATION_CONTEXT(2) 
PARAMETRIC_REPRESENTATION_CONTEXT() REPRESENTATION_CONTEXT('2D SPACE',''
  ) );
#10610 = PCURVE('',#3235,#10611);
#10611 = DEFINITIONAL_REPRESENTATION('',(#10612),#10616);
#10612 = LINE('',#10613,#10614);
#10613 = CARTESIAN_POINT('',(0.,0.));
#10614 = VECTOR('',#10615,1.);
#10615 = DIRECTION('',(0.,-1.));
#10616 = ( GEOMETRIC_REPRESENTATION_CONTEXT(2) 
PARAMETRIC_REPRESENTATION_CONTEXT() REPRESENTATION_CONTEXT('2D SPACE',''
  ) );
#10617 = ADVANCED_FACE('',(#10618),#3235,.T.);
#10618 = FACE_BOUND('',#10619,.T.);
#10619 = EDGE_LOOP('',(#10620,#10621,#10622,#10643));
#10620 = ORIENTED_EDGE('',*,*,#3220,.T.);
#10621 = ORIENTED_EDGE('',*,*,#10597,.T.);
#10622 = ORIENTED_EDGE('',*,*,#10623,.F.);
#10623 = EDGE_CURVE('',#10624,#10577,#10626,.T.);
#10624 = VERTEX_POINT('',#10625);
#10625 = CARTESIAN_POINT('',(-5.6,10.623244953089,2.2));
#10626 = SURFACE_CURVE('',#10627,(#10631,#10637),.PCURVE_S1.);
#10627 = LINE('',#10628,#10629);
#10628 = CARTESIAN_POINT('',(1.3,6.639528095681,2.2));
#10629 = VECTOR('',#10630,1.);
#10630 = DIRECTION('',(0.866025403784,-0.5,0.));
#10631 = PCURVE('',#3235,#10632);
#10632 = DEFINITIONAL_REPRESENTATION('',(#10633),#10636);
#10633 = B_SPLINE_CURVE_WITH_KNOTS('',1,(#10634,#10635),.UNSPECIFIED.,
  .F.,.F.,(2,2),(-7.967433714817,-2.193931022921),
  .PIECEWISE_BEZIER_KNOTS.);
#10634 = CARTESIAN_POINT('',(5.773502691896,-3.2));
#10635 = CARTESIAN_POINT('',(0.,-3.2));
#10636 = ( GEOMETRIC_REPRESENTATION_CONTEXT(2) 
PARAMETRIC_REPRESENTATION_CONTEXT() REPRESENTATION_CONTEXT('2D SPACE',''
  ) );
#10637 = PCURVE('',#5933,#10638);
#10638 = DEFINITIONAL_REPRESENTATION('',(#10639),#10642);
#10639 = B_SPLINE_CURVE_WITH_KNOTS('',1,(#10640,#10641),.UNSPECIFIED.,
  .F.,.F.,(2,2),(-7.967433714817,-2.193931022921),
  .PIECEWISE_BEZIER_KNOTS.);
#10640 = CARTESIAN_POINT('',(-5.6,10.623244953089));
#10641 = CARTESIAN_POINT('',(-0.6,7.736493607141));
#10642 = ( GEOMETRIC_REPRESENTATION_CONTEXT(2) 
PARAMETRIC_REPRESENTATION_CONTEXT() REPRESENTATION_CONTEXT('2D SPACE',''
  ) );
#10643 = ORIENTED_EDGE('',*,*,#10644,.F.);
#10644 = EDGE_CURVE('',#3195,#10624,#10645,.T.);
#10645 = SURFACE_CURVE('',#10646,(#10650,#10657),.PCURVE_S1.);
#10646 = LINE('',#10647,#10648);
#10647 = CARTESIAN_POINT('',(-5.6,10.623244953089,-1.));
#10648 = VECTOR('',#10649,1.);
#10649 = DIRECTION('',(0.,0.,1.));
#10650 = PCURVE('',#3235,#10651);
#10651 = DEFINITIONAL_REPRESENTATION('',(#10652),#10656);
#10652 = LINE('',#10653,#10654);
#10653 = CARTESIAN_POINT('',(5.773502691896,0.));
#10654 = VECTOR('',#10655,1.);
#10655 = DIRECTION('',(0.,-1.));
#10656 = ( GEOMETRIC_REPRESENTATION_CONTEXT(2) 
PARAMETRIC_REPRESENTATION_CONTEXT() REPRESENTATION_CONTEXT('2D SPACE',''
  ) );
#10657 = PCURVE('',#3209,#10658);
#10658 = DEFINITIONAL_REPRESENTATION('',(#10659),#10663);
#10659 = LINE('',#10660,#10661);
#10660 = CARTESIAN_POINT('',(0.,0.));
#10661 = VECTOR('',#10662,1.);
#10662 = DIRECTION('',(0.,-1.));
#10663 = ( GEOMETRIC_REPRESENTATION_CONTEXT(2) 
PARAMETRIC_REPRESENTATION_CONTEXT() REPRESENTATION_CONTEXT('2D SPACE',''
  ) );
#10664 = ADVANCED_FACE('',(#10665),#3209,.T.);
#10665 = FACE_BOUND('',#10666,.T.);
#10666 = EDGE_LOOP('',(#10667,#10668,#10669,#10688));
#10667 = ORIENTED_EDGE('',*,*,#3194,.T.);
#10668 = ORIENTED_EDGE('',*,*,#10644,.T.);
#10669 = ORIENTED_EDGE('',*,*,#10670,.F.);
#10670 = EDGE_CURVE('',#10413,#10624,#10671,.T.);
#10671 = SURFACE_CURVE('',#10672,(#10676,#10682),.PCURVE_S1.);
#10672 = LINE('',#10673,#10674);
#10673 = CARTESIAN_POINT('',(-5.8,10.507774899251,2.2));
#10674 = VECTOR('',#10675,1.);
#10675 = DIRECTION('',(0.866025403784,0.5,-0.));
#10676 = PCURVE('',#3209,#10677);
#10677 = DEFINITIONAL_REPRESENTATION('',(#10678),#10681);
#10678 = B_SPLINE_CURVE_WITH_KNOTS('',1,(#10679,#10680),.UNSPECIFIED.,
  .F.,.F.,(2,2),(-5.54256258422,0.230940107676),
  .PIECEWISE_BEZIER_KNOTS.);
#10679 = CARTESIAN_POINT('',(5.773502691896,-3.2));
#10680 = CARTESIAN_POINT('',(0.,-3.2));
#10681 = ( GEOMETRIC_REPRESENTATION_CONTEXT(2) 
PARAMETRIC_REPRESENTATION_CONTEXT() REPRESENTATION_CONTEXT('2D SPACE',''
  ) );
#10682 = PCURVE('',#5933,#10683);
#10683 = DEFINITIONAL_REPRESENTATION('',(#10684),#10687);
#10684 = B_SPLINE_CURVE_WITH_KNOTS('',1,(#10685,#10686),.UNSPECIFIED.,
  .F.,.F.,(2,2),(-5.54256258422,0.230940107676),
  .PIECEWISE_BEZIER_KNOTS.);
#10685 = CARTESIAN_POINT('',(-10.6,7.736493607141));
#10686 = CARTESIAN_POINT('',(-5.6,10.623244953089));
#10687 = ( GEOMETRIC_REPRESENTATION_CONTEXT(2) 
PARAMETRIC_REPRESENTATION_CONTEXT() REPRESENTATION_CONTEXT('2D SPACE',''
  ) );
#10688 = ORIENTED_EDGE('',*,*,#10412,.F.);
#10689 = ADVANCED_FACE('',(#10690),#3341,.T.);
#10690 = FACE_BOUND('',#10691,.T.);
#10691 = EDGE_LOOP('',(#10692,#10693,#10716,#10737));
#10692 = ORIENTED_EDGE('',*,*,#3324,.T.);
#10693 = ORIENTED_EDGE('',*,*,#10694,.T.);
#10694 = EDGE_CURVE('',#3327,#10695,#10697,.T.);
#10695 = VERTEX_POINT('',#10696);
#10696 = CARTESIAN_POINT('',(-21.8,27.135462651912,2.2));
#10697 = SURFACE_CURVE('',#10698,(#10702,#10709),.PCURVE_S1.);
#10698 = LINE('',#10699,#10700);
#10699 = CARTESIAN_POINT('',(-21.8,27.135462651912,-1.));
#10700 = VECTOR('',#10701,1.);
#10701 = DIRECTION('',(0.,0.,1.));
#10702 = PCURVE('',#3341,#10703);
#10703 = DEFINITIONAL_REPRESENTATION('',(#10704),#10708);
#10704 = LINE('',#10705,#10706);
#10705 = CARTESIAN_POINT('',(0.,0.));
#10706 = VECTOR('',#10707,1.);
#10707 = DIRECTION('',(0.,-1.));
#10708 = ( GEOMETRIC_REPRESENTATION_CONTEXT(2) 
PARAMETRIC_REPRESENTATION_CONTEXT() REPRESENTATION_CONTEXT('2D SPACE',''
  ) );
#10709 = PCURVE('',#3367,#10710);
#10710 = DEFINITIONAL_REPRESENTATION('',(#10711),#10715);
#10711 = LINE('',#10712,#10713);
#10712 = CARTESIAN_POINT('',(5.773502691896,0.));
#10713 = VECTOR('',#10714,1.);
#10714 = DIRECTION('',(0.,-1.));
#10715 = ( GEOMETRIC_REPRESENTATION_CONTEXT(2) 
PARAMETRIC_REPRESENTATION_CONTEXT() REPRESENTATION_CONTEXT('2D SPACE',''
  ) );
#10716 = ORIENTED_EDGE('',*,*,#10717,.F.);
#10717 = EDGE_CURVE('',#10718,#10695,#10720,.T.);
#10718 = VERTEX_POINT('',#10719);
#10719 = CARTESIAN_POINT('',(-21.8,21.361959960016,2.2));
#10720 = SURFACE_CURVE('',#10721,(#10725,#10731),.PCURVE_S1.);
#10721 = LINE('',#10722,#10723);
#10722 = CARTESIAN_POINT('',(-21.8,13.567731325956,2.2));
#10723 = VECTOR('',#10724,1.);
#10724 = DIRECTION('',(4.615110447321E-16,1.,-0.));
#10725 = PCURVE('',#3341,#10726);
#10726 = DEFINITIONAL_REPRESENTATION('',(#10727),#10730);
#10727 = B_SPLINE_CURVE_WITH_KNOTS('',1,(#10728,#10729),.UNSPECIFIED.,
  .F.,.F.,(2,2),(7.79422863406,13.567731325956),
  .PIECEWISE_BEZIER_KNOTS.);
#10728 = CARTESIAN_POINT('',(5.773502691896,-3.2));
#10729 = CARTESIAN_POINT('',(0.,-3.2));
#10730 = ( GEOMETRIC_REPRESENTATION_CONTEXT(2) 
PARAMETRIC_REPRESENTATION_CONTEXT() REPRESENTATION_CONTEXT('2D SPACE',''
  ) );
#10731 = PCURVE('',#5933,#10732);
#10732 = DEFINITIONAL_REPRESENTATION('',(#10733),#10736);
#10733 = B_SPLINE_CURVE_WITH_KNOTS('',1,(#10734,#10735),.UNSPECIFIED.,
  .F.,.F.,(2,2),(7.79422863406,13.567731325956),
  .PIECEWISE_BEZIER_KNOTS.);
#10734 = CARTESIAN_POINT('',(-21.8,21.361959960016));
#10735 = CARTESIAN_POINT('',(-21.8,27.135462651912));
#10736 = ( GEOMETRIC_REPRESENTATION_CONTEXT(2) 
PARAMETRIC_REPRESENTATION_CONTEXT() REPRESENTATION_CONTEXT('2D SPACE',''
  ) );
#10737 = ORIENTED_EDGE('',*,*,#10738,.F.);
#10738 = EDGE_CURVE('',#3325,#10718,#10739,.T.);
#10739 = SURFACE_CURVE('',#10740,(#10744,#10751),.PCURVE_S1.);
#10740 = LINE('',#10741,#10742);
#10741 = CARTESIAN_POINT('',(-21.8,21.361959960016,-1.));
#10742 = VECTOR('',#10743,1.);
#10743 = DIRECTION('',(0.,0.,1.));
#10744 = PCURVE('',#3341,#10745);
#10745 = DEFINITIONAL_REPRESENTATION('',(#10746),#10750);
#10746 = LINE('',#10747,#10748);
#10747 = CARTESIAN_POINT('',(5.773502691896,0.));
#10748 = VECTOR('',#10749,1.);
#10749 = DIRECTION('',(0.,-1.));
#10750 = ( GEOMETRIC_REPRESENTATION_CONTEXT(2) 
PARAMETRIC_REPRESENTATION_CONTEXT() REPRESENTATION_CONTEXT('2D SPACE',''
  ) );
#10751 = PCURVE('',#3469,#10752);
#10752 = DEFINITIONAL_REPRESENTATION('',(#10753),#10757);
#10753 = LINE('',#10754,#10755);
#10754 = CARTESIAN_POINT('',(0.,0.));
#10755 = VECTOR('',#10756,1.);
#10756 = DIRECTION('',(0.,-1.));
#10757 = ( GEOMETRIC_REPRESENTATION_CONTEXT(2) 
PARAMETRIC_REPRESENTATION_CONTEXT() REPRESENTATION_CONTEXT('2D SPACE',''
  ) );
#10758 = ADVANCED_FACE('',(#10759),#3469,.T.);
#10759 = FACE_BOUND('',#10760,.T.);
#10760 = EDGE_LOOP('',(#10761,#10762,#10763,#10784));
#10761 = ORIENTED_EDGE('',*,*,#3456,.T.);
#10762 = ORIENTED_EDGE('',*,*,#10738,.T.);
#10763 = ORIENTED_EDGE('',*,*,#10764,.F.);
#10764 = EDGE_CURVE('',#10765,#10718,#10767,.T.);
#10765 = VERTEX_POINT('',#10766);
#10766 = CARTESIAN_POINT('',(-16.8,18.475208614068,2.2));
#10767 = SURFACE_CURVE('',#10768,(#10772,#10778),.PCURVE_S1.);
#10768 = LINE('',#10769,#10770);
#10769 = CARTESIAN_POINT('',(-9.,13.971876514389,2.2));
#10770 = VECTOR('',#10771,1.);
#10771 = DIRECTION('',(-0.866025403784,0.5,0.));
#10772 = PCURVE('',#3469,#10773);
#10773 = DEFINITIONAL_REPRESENTATION('',(#10774),#10777);
#10774 = B_SPLINE_CURVE_WITH_KNOTS('',1,(#10775,#10776),.UNSPECIFIED.,
  .F.,.F.,(2,2),(9.006664199358,14.780166891254),
  .PIECEWISE_BEZIER_KNOTS.);
#10775 = CARTESIAN_POINT('',(5.773502691896,-3.2));
#10776 = CARTESIAN_POINT('',(0.,-3.2));
#10777 = ( GEOMETRIC_REPRESENTATION_CONTEXT(2) 
PARAMETRIC_REPRESENTATION_CONTEXT() REPRESENTATION_CONTEXT('2D SPACE',''
  ) );
#10778 = PCURVE('',#5933,#10779);
#10779 = DEFINITIONAL_REPRESENTATION('',(#10780),#10783);
#10780 = B_SPLINE_CURVE_WITH_KNOTS('',1,(#10781,#10782),.UNSPECIFIED.,
  .F.,.F.,(2,2),(9.006664199358,14.780166891254),
  .PIECEWISE_BEZIER_KNOTS.);
#10781 = CARTESIAN_POINT('',(-16.8,18.475208614068));
#10782 = CARTESIAN_POINT('',(-21.8,21.361959960016));
#10783 = ( GEOMETRIC_REPRESENTATION_CONTEXT(2) 
PARAMETRIC_REPRESENTATION_CONTEXT() REPRESENTATION_CONTEXT('2D SPACE',''
  ) );
#10784 = ORIENTED_EDGE('',*,*,#10785,.F.);
#10785 = EDGE_CURVE('',#3431,#10765,#10786,.T.);
#10786 = SURFACE_CURVE('',#10787,(#10791,#10798),.PCURVE_S1.);
#10787 = LINE('',#10788,#10789);
#10788 = CARTESIAN_POINT('',(-16.8,18.475208614068,-1.));
#10789 = VECTOR('',#10790,1.);
#10790 = DIRECTION('',(0.,0.,1.));
#10791 = PCURVE('',#3469,#10792);
#10792 = DEFINITIONAL_REPRESENTATION('',(#10793),#10797);
#10793 = LINE('',#10794,#10795);
#10794 = CARTESIAN_POINT('',(5.773502691896,0.));
#10795 = VECTOR('',#10796,1.);
#10796 = DIRECTION('',(0.,-1.));
#10797 = ( GEOMETRIC_REPRESENTATION_CONTEXT(2) 
PARAMETRIC_REPRESENTATION_CONTEXT() REPRESENTATION_CONTEXT('2D SPACE',''
  ) );
#10798 = PCURVE('',#3445,#10799);
#10799 = DEFINITIONAL_REPRESENTATION('',(#10800),#10804);
#10800 = LINE('',#10801,#10802);
#10801 = CARTESIAN_POINT('',(0.,0.));
#10802 = VECTOR('',#10803,1.);
#10803 = DIRECTION('',(0.,-1.));
#10804 = ( GEOMETRIC_REPRESENTATION_CONTEXT(2) 
PARAMETRIC_REPRESENTATION_CONTEXT() REPRESENTATION_CONTEXT('2D SPACE',''
  ) );
#10805 = ADVANCED_FACE('',(#10806),#3445,.T.);
#10806 = FACE_BOUND('',#10807,.T.);
#10807 = EDGE_LOOP('',(#10808,#10809,#10810,#10831));
#10808 = ORIENTED_EDGE('',*,*,#3430,.T.);
#10809 = ORIENTED_EDGE('',*,*,#10785,.T.);
#10810 = ORIENTED_EDGE('',*,*,#10811,.F.);
#10811 = EDGE_CURVE('',#10812,#10765,#10814,.T.);
#10812 = VERTEX_POINT('',#10813);
#10813 = CARTESIAN_POINT('',(-11.8,21.361959960016,2.2));
#10814 = SURFACE_CURVE('',#10815,(#10819,#10825),.PCURVE_S1.);
#10815 = LINE('',#10816,#10817);
#10816 = CARTESIAN_POINT('',(-14.5,19.803114233204,2.2));
#10817 = VECTOR('',#10818,1.);
#10818 = DIRECTION('',(-0.866025403784,-0.5,0.));
#10819 = PCURVE('',#3445,#10820);
#10820 = DEFINITIONAL_REPRESENTATION('',(#10821),#10824);
#10821 = B_SPLINE_CURVE_WITH_KNOTS('',1,(#10822,#10823),.UNSPECIFIED.,
  .F.,.F.,(2,2),(-3.117691453624,2.655811238272),
  .PIECEWISE_BEZIER_KNOTS.);
#10822 = CARTESIAN_POINT('',(5.773502691896,-3.2));
#10823 = CARTESIAN_POINT('',(0.,-3.2));
#10824 = ( GEOMETRIC_REPRESENTATION_CONTEXT(2) 
PARAMETRIC_REPRESENTATION_CONTEXT() REPRESENTATION_CONTEXT('2D SPACE',''
  ) );
#10825 = PCURVE('',#5933,#10826);
#10826 = DEFINITIONAL_REPRESENTATION('',(#10827),#10830);
#10827 = B_SPLINE_CURVE_WITH_KNOTS('',1,(#10828,#10829),.UNSPECIFIED.,
  .F.,.F.,(2,2),(-3.117691453624,2.655811238272),
  .PIECEWISE_BEZIER_KNOTS.);
#10828 = CARTESIAN_POINT('',(-11.8,21.361959960016));
#10829 = CARTESIAN_POINT('',(-16.8,18.475208614068));
#10830 = ( GEOMETRIC_REPRESENTATION_CONTEXT(2) 
PARAMETRIC_REPRESENTATION_CONTEXT() REPRESENTATION_CONTEXT('2D SPACE',''
  ) );
#10831 = ORIENTED_EDGE('',*,*,#10832,.F.);
#10832 = EDGE_CURVE('',#3405,#10812,#10833,.T.);
#10833 = SURFACE_CURVE('',#10834,(#10838,#10845),.PCURVE_S1.);
#10834 = LINE('',#10835,#10836);
#10835 = CARTESIAN_POINT('',(-11.8,21.361959960016,-1.));
#10836 = VECTOR('',#10837,1.);
#10837 = DIRECTION('',(0.,0.,1.));
#10838 = PCURVE('',#3445,#10839);
#10839 = DEFINITIONAL_REPRESENTATION('',(#10840),#10844);
#10840 = LINE('',#10841,#10842);
#10841 = CARTESIAN_POINT('',(5.773502691896,0.));
#10842 = VECTOR('',#10843,1.);
#10843 = DIRECTION('',(0.,-1.));
#10844 = ( GEOMETRIC_REPRESENTATION_CONTEXT(2) 
PARAMETRIC_REPRESENTATION_CONTEXT() REPRESENTATION_CONTEXT('2D SPACE',''
  ) );
#10845 = PCURVE('',#3419,#10846);
#10846 = DEFINITIONAL_REPRESENTATION('',(#10847),#10851);
#10847 = LINE('',#10848,#10849);
#10848 = CARTESIAN_POINT('',(0.,0.));
#10849 = VECTOR('',#10850,1.);
#10850 = DIRECTION('',(0.,-1.));
#10851 = ( GEOMETRIC_REPRESENTATION_CONTEXT(2) 
PARAMETRIC_REPRESENTATION_CONTEXT() REPRESENTATION_CONTEXT('2D SPACE',''
  ) );
#10852 = ADVANCED_FACE('',(#10853),#3419,.T.);
#10853 = FACE_BOUND('',#10854,.T.);
#10854 = EDGE_LOOP('',(#10855,#10856,#10857,#10878));
#10855 = ORIENTED_EDGE('',*,*,#3404,.T.);
#10856 = ORIENTED_EDGE('',*,*,#10832,.T.);
#10857 = ORIENTED_EDGE('',*,*,#10858,.F.);
#10858 = EDGE_CURVE('',#10859,#10812,#10861,.T.);
#10859 = VERTEX_POINT('',#10860);
#10860 = CARTESIAN_POINT('',(-11.8,27.135462651912,2.2));
#10861 = SURFACE_CURVE('',#10862,(#10866,#10872),.PCURVE_S1.);
#10862 = LINE('',#10863,#10864);
#10863 = CARTESIAN_POINT('',(-11.8,10.680979980008,2.2));
#10864 = VECTOR('',#10865,1.);
#10865 = DIRECTION('',(-1.538370149107E-16,-1.,0.));
#10866 = PCURVE('',#3419,#10867);
#10867 = DEFINITIONAL_REPRESENTATION('',(#10868),#10871);
#10868 = B_SPLINE_CURVE_WITH_KNOTS('',1,(#10869,#10870),.UNSPECIFIED.,
  .F.,.F.,(2,2),(-16.4544826719,-10.68097998),.PIECEWISE_BEZIER_KNOTS.);
#10869 = CARTESIAN_POINT('',(5.773502691896,-3.2));
#10870 = CARTESIAN_POINT('',(0.,-3.2));
#10871 = ( GEOMETRIC_REPRESENTATION_CONTEXT(2) 
PARAMETRIC_REPRESENTATION_CONTEXT() REPRESENTATION_CONTEXT('2D SPACE',''
  ) );
#10872 = PCURVE('',#5933,#10873);
#10873 = DEFINITIONAL_REPRESENTATION('',(#10874),#10877);
#10874 = B_SPLINE_CURVE_WITH_KNOTS('',1,(#10875,#10876),.UNSPECIFIED.,
  .F.,.F.,(2,2),(-16.4544826719,-10.68097998),.PIECEWISE_BEZIER_KNOTS.);
#10875 = CARTESIAN_POINT('',(-11.8,27.135462651912));
#10876 = CARTESIAN_POINT('',(-11.8,21.361959960016));
#10877 = ( GEOMETRIC_REPRESENTATION_CONTEXT(2) 
PARAMETRIC_REPRESENTATION_CONTEXT() REPRESENTATION_CONTEXT('2D SPACE',''
  ) );
#10878 = ORIENTED_EDGE('',*,*,#10879,.F.);
#10879 = EDGE_CURVE('',#3379,#10859,#10880,.T.);
#10880 = SURFACE_CURVE('',#10881,(#10885,#10892),.PCURVE_S1.);
#10881 = LINE('',#10882,#10883);
#10882 = CARTESIAN_POINT('',(-11.8,27.135462651912,-1.));
#10883 = VECTOR('',#10884,1.);
#10884 = DIRECTION('',(0.,0.,1.));
#10885 = PCURVE('',#3419,#10886);
#10886 = DEFINITIONAL_REPRESENTATION('',(#10887),#10891);
#10887 = LINE('',#10888,#10889);
#10888 = CARTESIAN_POINT('',(5.773502691896,0.));
#10889 = VECTOR('',#10890,1.);
#10890 = DIRECTION('',(0.,-1.));
#10891 = ( GEOMETRIC_REPRESENTATION_CONTEXT(2) 
PARAMETRIC_REPRESENTATION_CONTEXT() REPRESENTATION_CONTEXT('2D SPACE',''
  ) );
#10892 = PCURVE('',#3393,#10893);
#10893 = DEFINITIONAL_REPRESENTATION('',(#10894),#10898);
#10894 = LINE('',#10895,#10896);
#10895 = CARTESIAN_POINT('',(0.,0.));
#10896 = VECTOR('',#10897,1.);
#10897 = DIRECTION('',(0.,-1.));
#10898 = ( GEOMETRIC_REPRESENTATION_CONTEXT(2) 
PARAMETRIC_REPRESENTATION_CONTEXT() REPRESENTATION_CONTEXT('2D SPACE',''
  ) );
#10899 = ADVANCED_FACE('',(#10900),#3393,.T.);
#10900 = FACE_BOUND('',#10901,.T.);
#10901 = EDGE_LOOP('',(#10902,#10903,#10904,#10925));
#10902 = ORIENTED_EDGE('',*,*,#3378,.T.);
#10903 = ORIENTED_EDGE('',*,*,#10879,.T.);
#10904 = ORIENTED_EDGE('',*,*,#10905,.F.);
#10905 = EDGE_CURVE('',#10906,#10859,#10908,.T.);
#10906 = VERTEX_POINT('',#10907);
#10907 = CARTESIAN_POINT('',(-16.8,30.022213997861,2.2));
#10908 = SURFACE_CURVE('',#10909,(#10913,#10919),.PCURVE_S1.);
#10909 = LINE('',#10910,#10911);
#10910 = CARTESIAN_POINT('',(-1.5,21.188754879259,2.2));
#10911 = VECTOR('',#10912,1.);
#10912 = DIRECTION('',(0.866025403784,-0.5,0.));
#10913 = PCURVE('',#3393,#10914);
#10914 = DEFINITIONAL_REPRESENTATION('',(#10915),#10918);
#10915 = B_SPLINE_CURVE_WITH_KNOTS('',1,(#10916,#10917),.UNSPECIFIED.,
  .F.,.F.,(2,2),(-17.6669182372,-11.8934155453),
  .PIECEWISE_BEZIER_KNOTS.);
#10916 = CARTESIAN_POINT('',(5.773502691896,-3.2));
#10917 = CARTESIAN_POINT('',(0.,-3.2));
#10918 = ( GEOMETRIC_REPRESENTATION_CONTEXT(2) 
PARAMETRIC_REPRESENTATION_CONTEXT() REPRESENTATION_CONTEXT('2D SPACE',''
  ) );
#10919 = PCURVE('',#5933,#10920);
#10920 = DEFINITIONAL_REPRESENTATION('',(#10921),#10924);
#10921 = B_SPLINE_CURVE_WITH_KNOTS('',1,(#10922,#10923),.UNSPECIFIED.,
  .F.,.F.,(2,2),(-17.6669182372,-11.8934155453),
  .PIECEWISE_BEZIER_KNOTS.);
#10922 = CARTESIAN_POINT('',(-16.8,30.022213997861));
#10923 = CARTESIAN_POINT('',(-11.8,27.135462651912));
#10924 = ( GEOMETRIC_REPRESENTATION_CONTEXT(2) 
PARAMETRIC_REPRESENTATION_CONTEXT() REPRESENTATION_CONTEXT('2D SPACE',''
  ) );
#10925 = ORIENTED_EDGE('',*,*,#10926,.F.);
#10926 = EDGE_CURVE('',#3353,#10906,#10927,.T.);
#10927 = SURFACE_CURVE('',#10928,(#10932,#10939),.PCURVE_S1.);
#10928 = LINE('',#10929,#10930);
#10929 = CARTESIAN_POINT('',(-16.8,30.022213997861,-1.));
#10930 = VECTOR('',#10931,1.);
#10931 = DIRECTION('',(0.,0.,1.));
#10932 = PCURVE('',#3393,#10933);
#10933 = DEFINITIONAL_REPRESENTATION('',(#10934),#10938);
#10934 = LINE('',#10935,#10936);
#10935 = CARTESIAN_POINT('',(5.773502691896,0.));
#10936 = VECTOR('',#10937,1.);
#10937 = DIRECTION('',(0.,-1.));
#10938 = ( GEOMETRIC_REPRESENTATION_CONTEXT(2) 
PARAMETRIC_REPRESENTATION_CONTEXT() REPRESENTATION_CONTEXT('2D SPACE',''
  ) );
#10939 = PCURVE('',#3367,#10940);
#10940 = DEFINITIONAL_REPRESENTATION('',(#10941),#10945);
#10941 = LINE('',#10942,#10943);
#10942 = CARTESIAN_POINT('',(0.,0.));
#10943 = VECTOR('',#10944,1.);
#10944 = DIRECTION('',(0.,-1.));
#10945 = ( GEOMETRIC_REPRESENTATION_CONTEXT(2) 
PARAMETRIC_REPRESENTATION_CONTEXT() REPRESENTATION_CONTEXT('2D SPACE',''
  ) );
#10946 = ADVANCED_FACE('',(#10947),#3367,.T.);
#10947 = FACE_BOUND('',#10948,.T.);
#10948 = EDGE_LOOP('',(#10949,#10950,#10951,#10970));
#10949 = ORIENTED_EDGE('',*,*,#3352,.T.);
#10950 = ORIENTED_EDGE('',*,*,#10926,.T.);
#10951 = ORIENTED_EDGE('',*,*,#10952,.F.);
#10952 = EDGE_CURVE('',#10695,#10906,#10953,.T.);
#10953 = SURFACE_CURVE('',#10954,(#10958,#10964),.PCURVE_S1.);
#10954 = LINE('',#10955,#10956);
#10955 = CARTESIAN_POINT('',(-17.,29.906743944023,2.2));
#10956 = VECTOR('',#10957,1.);
#10957 = DIRECTION('',(0.866025403784,0.5,-0.));
#10958 = PCURVE('',#3367,#10959);
#10959 = DEFINITIONAL_REPRESENTATION('',(#10960),#10963);
#10960 = B_SPLINE_CURVE_WITH_KNOTS('',1,(#10961,#10962),.UNSPECIFIED.,
  .F.,.F.,(2,2),(-5.54256258422,0.230940107676),
  .PIECEWISE_BEZIER_KNOTS.);
#10961 = CARTESIAN_POINT('',(5.773502691896,-3.2));
#10962 = CARTESIAN_POINT('',(0.,-3.2));
#10963 = ( GEOMETRIC_REPRESENTATION_CONTEXT(2) 
PARAMETRIC_REPRESENTATION_CONTEXT() REPRESENTATION_CONTEXT('2D SPACE',''
  ) );
#10964 = PCURVE('',#5933,#10965);
#10965 = DEFINITIONAL_REPRESENTATION('',(#10966),#10969);
#10966 = B_SPLINE_CURVE_WITH_KNOTS('',1,(#10967,#10968),.UNSPECIFIED.,
  .F.,.F.,(2,2),(-5.54256258422,0.230940107676),
  .PIECEWISE_BEZIER_KNOTS.);
#10967 = CARTESIAN_POINT('',(-21.8,27.135462651912));
#10968 = CARTESIAN_POINT('',(-16.8,30.022213997861));
#10969 = ( GEOMETRIC_REPRESENTATION_CONTEXT(2) 
PARAMETRIC_REPRESENTATION_CONTEXT() REPRESENTATION_CONTEXT('2D SPACE',''
  ) );
#10970 = ORIENTED_EDGE('',*,*,#10694,.F.);
#10971 = ADVANCED_FACE('',(#10972),#3499,.T.);
#10972 = FACE_BOUND('',#10973,.T.);
#10973 = EDGE_LOOP('',(#10974,#10975,#10998,#11019));
#10974 = ORIENTED_EDGE('',*,*,#3482,.T.);
#10975 = ORIENTED_EDGE('',*,*,#10976,.T.);
#10976 = EDGE_CURVE('',#3485,#10977,#10979,.T.);
#10977 = VERTEX_POINT('',#10978);
#10978 = CARTESIAN_POINT('',(-16.2,36.834947174298,2.2));
#10979 = SURFACE_CURVE('',#10980,(#10984,#10991),.PCURVE_S1.);
#10980 = LINE('',#10981,#10982);
#10981 = CARTESIAN_POINT('',(-16.2,36.834947174298,-1.));
#10982 = VECTOR('',#10983,1.);
#10983 = DIRECTION('',(0.,0.,1.));
#10984 = PCURVE('',#3499,#10985);
#10985 = DEFINITIONAL_REPRESENTATION('',(#10986),#10990);
#10986 = LINE('',#10987,#10988);
#10987 = CARTESIAN_POINT('',(0.,0.));
#10988 = VECTOR('',#10989,1.);
#10989 = DIRECTION('',(0.,-1.));
#10990 = ( GEOMETRIC_REPRESENTATION_CONTEXT(2) 
PARAMETRIC_REPRESENTATION_CONTEXT() REPRESENTATION_CONTEXT('2D SPACE',''
  ) );
#10991 = PCURVE('',#3525,#10992);
#10992 = DEFINITIONAL_REPRESENTATION('',(#10993),#10997);
#10993 = LINE('',#10994,#10995);
#10994 = CARTESIAN_POINT('',(5.773502691896,0.));
#10995 = VECTOR('',#10996,1.);
#10996 = DIRECTION('',(0.,-1.));
#10997 = ( GEOMETRIC_REPRESENTATION_CONTEXT(2) 
PARAMETRIC_REPRESENTATION_CONTEXT() REPRESENTATION_CONTEXT('2D SPACE',''
  ) );
#10998 = ORIENTED_EDGE('',*,*,#10999,.F.);
#10999 = EDGE_CURVE('',#11000,#10977,#11002,.T.);
#11000 = VERTEX_POINT('',#11001);
#11001 = CARTESIAN_POINT('',(-16.2,31.061444482402,2.2));
#11002 = SURFACE_CURVE('',#11003,(#11007,#11013),.PCURVE_S1.);
#11003 = LINE('',#11004,#11005);
#11004 = CARTESIAN_POINT('',(-16.2,18.417473587149,2.2));
#11005 = VECTOR('',#11006,1.);
#11006 = DIRECTION('',(4.615110447321E-16,1.,-0.));
#11007 = PCURVE('',#3499,#11008);
#11008 = DEFINITIONAL_REPRESENTATION('',(#11009),#11012);
#11009 = B_SPLINE_CURVE_WITH_KNOTS('',1,(#11010,#11011),.UNSPECIFIED.,
  .F.,.F.,(2,2),(12.643970895253,18.417473587149),
  .PIECEWISE_BEZIER_KNOTS.);
#11010 = CARTESIAN_POINT('',(5.773502691896,-3.2));
#11011 = CARTESIAN_POINT('',(0.,-3.2));
#11012 = ( GEOMETRIC_REPRESENTATION_CONTEXT(2) 
PARAMETRIC_REPRESENTATION_CONTEXT() REPRESENTATION_CONTEXT('2D SPACE',''
  ) );
#11013 = PCURVE('',#5933,#11014);
#11014 = DEFINITIONAL_REPRESENTATION('',(#11015),#11018);
#11015 = B_SPLINE_CURVE_WITH_KNOTS('',1,(#11016,#11017),.UNSPECIFIED.,
  .F.,.F.,(2,2),(12.643970895253,18.417473587149),
  .PIECEWISE_BEZIER_KNOTS.);
#11016 = CARTESIAN_POINT('',(-16.2,31.061444482402));
#11017 = CARTESIAN_POINT('',(-16.2,36.834947174298));
#11018 = ( GEOMETRIC_REPRESENTATION_CONTEXT(2) 
PARAMETRIC_REPRESENTATION_CONTEXT() REPRESENTATION_CONTEXT('2D SPACE',''
  ) );
#11019 = ORIENTED_EDGE('',*,*,#11020,.F.);
#11020 = EDGE_CURVE('',#3483,#11000,#11021,.T.);
#11021 = SURFACE_CURVE('',#11022,(#11026,#11033),.PCURVE_S1.);
#11022 = LINE('',#11023,#11024);
#11023 = CARTESIAN_POINT('',(-16.2,31.061444482402,-1.));
#11024 = VECTOR('',#11025,1.);
#11025 = DIRECTION('',(0.,0.,1.));
#11026 = PCURVE('',#3499,#11027);
#11027 = DEFINITIONAL_REPRESENTATION('',(#11028),#11032);
#11028 = LINE('',#11029,#11030);
#11029 = CARTESIAN_POINT('',(5.773502691896,0.));
#11030 = VECTOR('',#11031,1.);
#11031 = DIRECTION('',(0.,-1.));
#11032 = ( GEOMETRIC_REPRESENTATION_CONTEXT(2) 
PARAMETRIC_REPRESENTATION_CONTEXT() REPRESENTATION_CONTEXT('2D SPACE',''
  ) );
#11033 = PCURVE('',#3627,#11034);
#11034 = DEFINITIONAL_REPRESENTATION('',(#11035),#11039);
#11035 = LINE('',#11036,#11037);
#11036 = CARTESIAN_POINT('',(0.,0.));
#11037 = VECTOR('',#11038,1.);
#11038 = DIRECTION('',(0.,-1.));
#11039 = ( GEOMETRIC_REPRESENTATION_CONTEXT(2) 
PARAMETRIC_REPRESENTATION_CONTEXT() REPRESENTATION_CONTEXT('2D SPACE',''
  ) );
#11040 = ADVANCED_FACE('',(#11041),#3627,.T.);
#11041 = FACE_BOUND('',#11042,.T.);
#11042 = EDGE_LOOP('',(#11043,#11044,#11045,#11066));
#11043 = ORIENTED_EDGE('',*,*,#3614,.T.);
#11044 = ORIENTED_EDGE('',*,*,#11020,.T.);
#11045 = ORIENTED_EDGE('',*,*,#11046,.F.);
#11046 = EDGE_CURVE('',#11047,#11000,#11049,.T.);
#11047 = VERTEX_POINT('',#11048);
#11048 = CARTESIAN_POINT('',(-11.2,28.174693136454,2.2));
#11049 = SURFACE_CURVE('',#11050,(#11054,#11060),.PCURVE_S1.);
#11050 = LINE('',#11051,#11052);
#11051 = CARTESIAN_POINT('',(-3.4,23.671361036775,2.2));
#11052 = VECTOR('',#11053,1.);
#11053 = DIRECTION('',(-0.866025403784,0.5,0.));
#11054 = PCURVE('',#3627,#11055);
#11055 = DEFINITIONAL_REPRESENTATION('',(#11056),#11059);
#11056 = B_SPLINE_CURVE_WITH_KNOTS('',1,(#11057,#11058),.UNSPECIFIED.,
  .F.,.F.,(2,2),(9.006664199358,14.780166891254),
  .PIECEWISE_BEZIER_KNOTS.);
#11057 = CARTESIAN_POINT('',(5.773502691896,-3.2));
#11058 = CARTESIAN_POINT('',(0.,-3.2));
#11059 = ( GEOMETRIC_REPRESENTATION_CONTEXT(2) 
PARAMETRIC_REPRESENTATION_CONTEXT() REPRESENTATION_CONTEXT('2D SPACE',''
  ) );
#11060 = PCURVE('',#5933,#11061);
#11061 = DEFINITIONAL_REPRESENTATION('',(#11062),#11065);
#11062 = B_SPLINE_CURVE_WITH_KNOTS('',1,(#11063,#11064),.UNSPECIFIED.,
  .F.,.F.,(2,2),(9.006664199358,14.780166891254),
  .PIECEWISE_BEZIER_KNOTS.);
#11063 = CARTESIAN_POINT('',(-11.2,28.174693136454));
#11064 = CARTESIAN_POINT('',(-16.2,31.061444482402));
#11065 = ( GEOMETRIC_REPRESENTATION_CONTEXT(2) 
PARAMETRIC_REPRESENTATION_CONTEXT() REPRESENTATION_CONTEXT('2D SPACE',''
  ) );
#11066 = ORIENTED_EDGE('',*,*,#11067,.F.);
#11067 = EDGE_CURVE('',#3589,#11047,#11068,.T.);
#11068 = SURFACE_CURVE('',#11069,(#11073,#11080),.PCURVE_S1.);
#11069 = LINE('',#11070,#11071);
#11070 = CARTESIAN_POINT('',(-11.2,28.174693136454,-1.));
#11071 = VECTOR('',#11072,1.);
#11072 = DIRECTION('',(0.,0.,1.));
#11073 = PCURVE('',#3627,#11074);
#11074 = DEFINITIONAL_REPRESENTATION('',(#11075),#11079);
#11075 = LINE('',#11076,#11077);
#11076 = CARTESIAN_POINT('',(5.773502691896,0.));
#11077 = VECTOR('',#11078,1.);
#11078 = DIRECTION('',(0.,-1.));
#11079 = ( GEOMETRIC_REPRESENTATION_CONTEXT(2) 
PARAMETRIC_REPRESENTATION_CONTEXT() REPRESENTATION_CONTEXT('2D SPACE',''
  ) );
#11080 = PCURVE('',#3603,#11081);
#11081 = DEFINITIONAL_REPRESENTATION('',(#11082),#11086);
#11082 = LINE('',#11083,#11084);
#11083 = CARTESIAN_POINT('',(0.,0.));
#11084 = VECTOR('',#11085,1.);
#11085 = DIRECTION('',(0.,-1.));
#11086 = ( GEOMETRIC_REPRESENTATION_CONTEXT(2) 
PARAMETRIC_REPRESENTATION_CONTEXT() REPRESENTATION_CONTEXT('2D SPACE',''
  ) );
#11087 = ADVANCED_FACE('',(#11088),#3603,.T.);
#11088 = FACE_BOUND('',#11089,.T.);
#11089 = EDGE_LOOP('',(#11090,#11091,#11092,#11113));
#11090 = ORIENTED_EDGE('',*,*,#3588,.T.);
#11091 = ORIENTED_EDGE('',*,*,#11067,.T.);
#11092 = ORIENTED_EDGE('',*,*,#11093,.F.);
#11093 = EDGE_CURVE('',#11094,#11047,#11096,.T.);
#11094 = VERTEX_POINT('',#11095);
#11095 = CARTESIAN_POINT('',(-6.2,31.061444482402,2.2));
#11096 = SURFACE_CURVE('',#11097,(#11101,#11107),.PCURVE_S1.);
#11097 = LINE('',#11098,#11099);
#11098 = CARTESIAN_POINT('',(-13.1,27.077727624993,2.2));
#11099 = VECTOR('',#11100,1.);
#11100 = DIRECTION('',(-0.866025403784,-0.5,0.));
#11101 = PCURVE('',#3603,#11102);
#11102 = DEFINITIONAL_REPRESENTATION('',(#11103),#11106);
#11103 = B_SPLINE_CURVE_WITH_KNOTS('',1,(#11104,#11105),.UNSPECIFIED.,
  .F.,.F.,(2,2),(-7.967433714817,-2.193931022921),
  .PIECEWISE_BEZIER_KNOTS.);
#11104 = CARTESIAN_POINT('',(5.773502691896,-3.2));
#11105 = CARTESIAN_POINT('',(0.,-3.2));
#11106 = ( GEOMETRIC_REPRESENTATION_CONTEXT(2) 
PARAMETRIC_REPRESENTATION_CONTEXT() REPRESENTATION_CONTEXT('2D SPACE',''
  ) );
#11107 = PCURVE('',#5933,#11108);
#11108 = DEFINITIONAL_REPRESENTATION('',(#11109),#11112);
#11109 = B_SPLINE_CURVE_WITH_KNOTS('',1,(#11110,#11111),.UNSPECIFIED.,
  .F.,.F.,(2,2),(-7.967433714817,-2.193931022921),
  .PIECEWISE_BEZIER_KNOTS.);
#11110 = CARTESIAN_POINT('',(-6.2,31.061444482402));
#11111 = CARTESIAN_POINT('',(-11.2,28.174693136454));
#11112 = ( GEOMETRIC_REPRESENTATION_CONTEXT(2) 
PARAMETRIC_REPRESENTATION_CONTEXT() REPRESENTATION_CONTEXT('2D SPACE',''
  ) );
#11113 = ORIENTED_EDGE('',*,*,#11114,.F.);
#11114 = EDGE_CURVE('',#3563,#11094,#11115,.T.);
#11115 = SURFACE_CURVE('',#11116,(#11120,#11127),.PCURVE_S1.);
#11116 = LINE('',#11117,#11118);
#11117 = CARTESIAN_POINT('',(-6.2,31.061444482402,-1.));
#11118 = VECTOR('',#11119,1.);
#11119 = DIRECTION('',(0.,0.,1.));
#11120 = PCURVE('',#3603,#11121);
#11121 = DEFINITIONAL_REPRESENTATION('',(#11122),#11126);
#11122 = LINE('',#11123,#11124);
#11123 = CARTESIAN_POINT('',(5.773502691896,0.));
#11124 = VECTOR('',#11125,1.);
#11125 = DIRECTION('',(0.,-1.));
#11126 = ( GEOMETRIC_REPRESENTATION_CONTEXT(2) 
PARAMETRIC_REPRESENTATION_CONTEXT() REPRESENTATION_CONTEXT('2D SPACE',''
  ) );
#11127 = PCURVE('',#3577,#11128);
#11128 = DEFINITIONAL_REPRESENTATION('',(#11129),#11133);
#11129 = LINE('',#11130,#11131);
#11130 = CARTESIAN_POINT('',(0.,0.));
#11131 = VECTOR('',#11132,1.);
#11132 = DIRECTION('',(0.,-1.));
#11133 = ( GEOMETRIC_REPRESENTATION_CONTEXT(2) 
PARAMETRIC_REPRESENTATION_CONTEXT() REPRESENTATION_CONTEXT('2D SPACE',''
  ) );
#11134 = ADVANCED_FACE('',(#11135),#3577,.T.);
#11135 = FACE_BOUND('',#11136,.T.);
#11136 = EDGE_LOOP('',(#11137,#11138,#11139,#11160));
#11137 = ORIENTED_EDGE('',*,*,#3562,.T.);
#11138 = ORIENTED_EDGE('',*,*,#11114,.T.);
#11139 = ORIENTED_EDGE('',*,*,#11140,.F.);
#11140 = EDGE_CURVE('',#11141,#11094,#11143,.T.);
#11141 = VERTEX_POINT('',#11142);
#11142 = CARTESIAN_POINT('',(-6.2,36.834947174298,2.2));
#11143 = SURFACE_CURVE('',#11144,(#11148,#11154),.PCURVE_S1.);
#11144 = LINE('',#11145,#11146);
#11145 = CARTESIAN_POINT('',(-6.2,15.530722241201,2.2));
#11146 = VECTOR('',#11147,1.);
#11147 = DIRECTION('',(-1.538370149107E-16,-1.,0.));
#11148 = PCURVE('',#3577,#11149);
#11149 = DEFINITIONAL_REPRESENTATION('',(#11150),#11153);
#11150 = B_SPLINE_CURVE_WITH_KNOTS('',1,(#11151,#11152),.UNSPECIFIED.,
  .F.,.F.,(2,2),(-21.30422493309,-15.5307222412),
  .PIECEWISE_BEZIER_KNOTS.);
#11151 = CARTESIAN_POINT('',(5.773502691896,-3.2));
#11152 = CARTESIAN_POINT('',(0.,-3.2));
#11153 = ( GEOMETRIC_REPRESENTATION_CONTEXT(2) 
PARAMETRIC_REPRESENTATION_CONTEXT() REPRESENTATION_CONTEXT('2D SPACE',''
  ) );
#11154 = PCURVE('',#5933,#11155);
#11155 = DEFINITIONAL_REPRESENTATION('',(#11156),#11159);
#11156 = B_SPLINE_CURVE_WITH_KNOTS('',1,(#11157,#11158),.UNSPECIFIED.,
  .F.,.F.,(2,2),(-21.30422493309,-15.5307222412),
  .PIECEWISE_BEZIER_KNOTS.);
#11157 = CARTESIAN_POINT('',(-6.2,36.834947174298));
#11158 = CARTESIAN_POINT('',(-6.2,31.061444482402));
#11159 = ( GEOMETRIC_REPRESENTATION_CONTEXT(2) 
PARAMETRIC_REPRESENTATION_CONTEXT() REPRESENTATION_CONTEXT('2D SPACE',''
  ) );
#11160 = ORIENTED_EDGE('',*,*,#11161,.F.);
#11161 = EDGE_CURVE('',#3537,#11141,#11162,.T.);
#11162 = SURFACE_CURVE('',#11163,(#11167,#11174),.PCURVE_S1.);
#11163 = LINE('',#11164,#11165);
#11164 = CARTESIAN_POINT('',(-6.2,36.834947174298,-1.));
#11165 = VECTOR('',#11166,1.);
#11166 = DIRECTION('',(0.,0.,1.));
#11167 = PCURVE('',#3577,#11168);
#11168 = DEFINITIONAL_REPRESENTATION('',(#11169),#11173);
#11169 = LINE('',#11170,#11171);
#11170 = CARTESIAN_POINT('',(5.773502691896,0.));
#11171 = VECTOR('',#11172,1.);
#11172 = DIRECTION('',(0.,-1.));
#11173 = ( GEOMETRIC_REPRESENTATION_CONTEXT(2) 
PARAMETRIC_REPRESENTATION_CONTEXT() REPRESENTATION_CONTEXT('2D SPACE',''
  ) );
#11174 = PCURVE('',#3551,#11175);
#11175 = DEFINITIONAL_REPRESENTATION('',(#11176),#11180);
#11176 = LINE('',#11177,#11178);
#11177 = CARTESIAN_POINT('',(0.,0.));
#11178 = VECTOR('',#11179,1.);
#11179 = DIRECTION('',(0.,-1.));
#11180 = ( GEOMETRIC_REPRESENTATION_CONTEXT(2) 
PARAMETRIC_REPRESENTATION_CONTEXT() REPRESENTATION_CONTEXT('2D SPACE',''
  ) );
#11181 = ADVANCED_FACE('',(#11182),#3551,.T.);
#11182 = FACE_BOUND('',#11183,.T.);
#11183 = EDGE_LOOP('',(#11184,#11185,#11186,#11207));
#11184 = ORIENTED_EDGE('',*,*,#3536,.T.);
#11185 = ORIENTED_EDGE('',*,*,#11161,.T.);
#11186 = ORIENTED_EDGE('',*,*,#11187,.F.);
#11187 = EDGE_CURVE('',#11188,#11141,#11190,.T.);
#11188 = VERTEX_POINT('',#11189);
#11189 = CARTESIAN_POINT('',(-11.2,39.721698520246,2.2));
#11190 = SURFACE_CURVE('',#11191,(#11195,#11201),.PCURVE_S1.);
#11191 = LINE('',#11192,#11193);
#11192 = CARTESIAN_POINT('',(4.1,30.888239401645,2.2));
#11193 = VECTOR('',#11194,1.);
#11194 = DIRECTION('',(0.866025403784,-0.5,0.));
#11195 = PCURVE('',#3551,#11196);
#11196 = DEFINITIONAL_REPRESENTATION('',(#11197),#11200);
#11197 = B_SPLINE_CURVE_WITH_KNOTS('',1,(#11198,#11199),.UNSPECIFIED.,
  .F.,.F.,(2,2),(-17.6669182372,-11.8934155453),
  .PIECEWISE_BEZIER_KNOTS.);
#11198 = CARTESIAN_POINT('',(5.773502691896,-3.2));
#11199 = CARTESIAN_POINT('',(0.,-3.2));
#11200 = ( GEOMETRIC_REPRESENTATION_CONTEXT(2) 
PARAMETRIC_REPRESENTATION_CONTEXT() REPRESENTATION_CONTEXT('2D SPACE',''
  ) );
#11201 = PCURVE('',#5933,#11202);
#11202 = DEFINITIONAL_REPRESENTATION('',(#11203),#11206);
#11203 = B_SPLINE_CURVE_WITH_KNOTS('',1,(#11204,#11205),.UNSPECIFIED.,
  .F.,.F.,(2,2),(-17.6669182372,-11.8934155453),
  .PIECEWISE_BEZIER_KNOTS.);
#11204 = CARTESIAN_POINT('',(-11.2,39.721698520246));
#11205 = CARTESIAN_POINT('',(-6.2,36.834947174298));
#11206 = ( GEOMETRIC_REPRESENTATION_CONTEXT(2) 
PARAMETRIC_REPRESENTATION_CONTEXT() REPRESENTATION_CONTEXT('2D SPACE',''
  ) );
#11207 = ORIENTED_EDGE('',*,*,#11208,.F.);
#11208 = EDGE_CURVE('',#3511,#11188,#11209,.T.);
#11209 = SURFACE_CURVE('',#11210,(#11214,#11221),.PCURVE_S1.);
#11210 = LINE('',#11211,#11212);
#11211 = CARTESIAN_POINT('',(-11.2,39.721698520246,-1.));
#11212 = VECTOR('',#11213,1.);
#11213 = DIRECTION('',(0.,0.,1.));
#11214 = PCURVE('',#3551,#11215);
#11215 = DEFINITIONAL_REPRESENTATION('',(#11216),#11220);
#11216 = LINE('',#11217,#11218);
#11217 = CARTESIAN_POINT('',(5.773502691896,0.));
#11218 = VECTOR('',#11219,1.);
#11219 = DIRECTION('',(0.,-1.));
#11220 = ( GEOMETRIC_REPRESENTATION_CONTEXT(2) 
PARAMETRIC_REPRESENTATION_CONTEXT() REPRESENTATION_CONTEXT('2D SPACE',''
  ) );
#11221 = PCURVE('',#3525,#11222);
#11222 = DEFINITIONAL_REPRESENTATION('',(#11223),#11227);
#11223 = LINE('',#11224,#11225);
#11224 = CARTESIAN_POINT('',(0.,0.));
#11225 = VECTOR('',#11226,1.);
#11226 = DIRECTION('',(0.,-1.));
#11227 = ( GEOMETRIC_REPRESENTATION_CONTEXT(2) 
PARAMETRIC_REPRESENTATION_CONTEXT() REPRESENTATION_CONTEXT('2D SPACE',''
  ) );
#11228 = ADVANCED_FACE('',(#11229),#3525,.T.);
#11229 = FACE_BOUND('',#11230,.T.);
#11230 = EDGE_LOOP('',(#11231,#11232,#11233,#11252));
#11231 = ORIENTED_EDGE('',*,*,#3510,.T.);
#11232 = ORIENTED_EDGE('',*,*,#11208,.T.);
#11233 = ORIENTED_EDGE('',*,*,#11234,.F.);
#11234 = EDGE_CURVE('',#10977,#11188,#11235,.T.);
#11235 = SURFACE_CURVE('',#11236,(#11240,#11246),.PCURVE_S1.);
#11236 = LINE('',#11237,#11238);
#11237 = CARTESIAN_POINT('',(-15.6,37.181357335812,2.2));
#11238 = VECTOR('',#11239,1.);
#11239 = DIRECTION('',(0.866025403784,0.5,-0.));
#11240 = PCURVE('',#3525,#11241);
#11241 = DEFINITIONAL_REPRESENTATION('',(#11242),#11245);
#11242 = B_SPLINE_CURVE_WITH_KNOTS('',1,(#11243,#11244),.UNSPECIFIED.,
  .F.,.F.,(2,2),(-0.692820323028,5.080682368869),
  .PIECEWISE_BEZIER_KNOTS.);
#11243 = CARTESIAN_POINT('',(5.773502691896,-3.2));
#11244 = CARTESIAN_POINT('',(0.,-3.2));
#11245 = ( GEOMETRIC_REPRESENTATION_CONTEXT(2) 
PARAMETRIC_REPRESENTATION_CONTEXT() REPRESENTATION_CONTEXT('2D SPACE',''
  ) );
#11246 = PCURVE('',#5933,#11247);
#11247 = DEFINITIONAL_REPRESENTATION('',(#11248),#11251);
#11248 = B_SPLINE_CURVE_WITH_KNOTS('',1,(#11249,#11250),.UNSPECIFIED.,
  .F.,.F.,(2,2),(-0.692820323028,5.080682368869),
  .PIECEWISE_BEZIER_KNOTS.);
#11249 = CARTESIAN_POINT('',(-16.2,36.834947174298));
#11250 = CARTESIAN_POINT('',(-11.2,39.721698520246));
#11251 = ( GEOMETRIC_REPRESENTATION_CONTEXT(2) 
PARAMETRIC_REPRESENTATION_CONTEXT() REPRESENTATION_CONTEXT('2D SPACE',''
  ) );
#11252 = ORIENTED_EDGE('',*,*,#10976,.F.);
#11253 = ADVANCED_FACE('',(#11254),#3657,.T.);
#11254 = FACE_BOUND('',#11255,.T.);
#11255 = EDGE_LOOP('',(#11256,#11257,#11280,#11301));
#11256 = ORIENTED_EDGE('',*,*,#3640,.T.);
#11257 = ORIENTED_EDGE('',*,*,#11258,.T.);
#11258 = EDGE_CURVE('',#3643,#11259,#11261,.T.);
#11259 = VERTEX_POINT('',#11260);
#11260 = CARTESIAN_POINT('',(-10.6,27.135462651912,2.2));
#11261 = SURFACE_CURVE('',#11262,(#11266,#11273),.PCURVE_S1.);
#11262 = LINE('',#11263,#11264);
#11263 = CARTESIAN_POINT('',(-10.6,27.135462651912,-1.));
#11264 = VECTOR('',#11265,1.);
#11265 = DIRECTION('',(0.,0.,1.));
#11266 = PCURVE('',#3657,#11267);
#11267 = DEFINITIONAL_REPRESENTATION('',(#11268),#11272);
#11268 = LINE('',#11269,#11270);
#11269 = CARTESIAN_POINT('',(0.,0.));
#11270 = VECTOR('',#11271,1.);
#11271 = DIRECTION('',(0.,-1.));
#11272 = ( GEOMETRIC_REPRESENTATION_CONTEXT(2) 
PARAMETRIC_REPRESENTATION_CONTEXT() REPRESENTATION_CONTEXT('2D SPACE',''
  ) );
#11273 = PCURVE('',#3683,#11274);
#11274 = DEFINITIONAL_REPRESENTATION('',(#11275),#11279);
#11275 = LINE('',#11276,#11277);
#11276 = CARTESIAN_POINT('',(5.773502691896,0.));
#11277 = VECTOR('',#11278,1.);
#11278 = DIRECTION('',(0.,-1.));
#11279 = ( GEOMETRIC_REPRESENTATION_CONTEXT(2) 
PARAMETRIC_REPRESENTATION_CONTEXT() REPRESENTATION_CONTEXT('2D SPACE',''
  ) );
#11280 = ORIENTED_EDGE('',*,*,#11281,.F.);
#11281 = EDGE_CURVE('',#11282,#11259,#11284,.T.);
#11282 = VERTEX_POINT('',#11283);
#11283 = CARTESIAN_POINT('',(-10.6,21.361959960016,2.2));
#11284 = SURFACE_CURVE('',#11285,(#11289,#11295),.PCURVE_S1.);
#11285 = LINE('',#11286,#11287);
#11286 = CARTESIAN_POINT('',(-10.6,13.567731325956,2.2));
#11287 = VECTOR('',#11288,1.);
#11288 = DIRECTION('',(4.615110447321E-16,1.,-0.));
#11289 = PCURVE('',#3657,#11290);
#11290 = DEFINITIONAL_REPRESENTATION('',(#11291),#11294);
#11291 = B_SPLINE_CURVE_WITH_KNOTS('',1,(#11292,#11293),.UNSPECIFIED.,
  .F.,.F.,(2,2),(7.79422863406,13.567731325956),
  .PIECEWISE_BEZIER_KNOTS.);
#11292 = CARTESIAN_POINT('',(5.773502691896,-3.2));
#11293 = CARTESIAN_POINT('',(0.,-3.2));
#11294 = ( GEOMETRIC_REPRESENTATION_CONTEXT(2) 
PARAMETRIC_REPRESENTATION_CONTEXT() REPRESENTATION_CONTEXT('2D SPACE',''
  ) );
#11295 = PCURVE('',#5933,#11296);
#11296 = DEFINITIONAL_REPRESENTATION('',(#11297),#11300);
#11297 = B_SPLINE_CURVE_WITH_KNOTS('',1,(#11298,#11299),.UNSPECIFIED.,
  .F.,.F.,(2,2),(7.79422863406,13.567731325956),
  .PIECEWISE_BEZIER_KNOTS.);
#11298 = CARTESIAN_POINT('',(-10.6,21.361959960016));
#11299 = CARTESIAN_POINT('',(-10.6,27.135462651912));
#11300 = ( GEOMETRIC_REPRESENTATION_CONTEXT(2) 
PARAMETRIC_REPRESENTATION_CONTEXT() REPRESENTATION_CONTEXT('2D SPACE',''
  ) );
#11301 = ORIENTED_EDGE('',*,*,#11302,.F.);
#11302 = EDGE_CURVE('',#3641,#11282,#11303,.T.);
#11303 = SURFACE_CURVE('',#11304,(#11308,#11315),.PCURVE_S1.);
#11304 = LINE('',#11305,#11306);
#11305 = CARTESIAN_POINT('',(-10.6,21.361959960016,-1.));
#11306 = VECTOR('',#11307,1.);
#11307 = DIRECTION('',(0.,0.,1.));
#11308 = PCURVE('',#3657,#11309);
#11309 = DEFINITIONAL_REPRESENTATION('',(#11310),#11314);
#11310 = LINE('',#11311,#11312);
#11311 = CARTESIAN_POINT('',(5.773502691896,0.));
#11312 = VECTOR('',#11313,1.);
#11313 = DIRECTION('',(0.,-1.));
#11314 = ( GEOMETRIC_REPRESENTATION_CONTEXT(2) 
PARAMETRIC_REPRESENTATION_CONTEXT() REPRESENTATION_CONTEXT('2D SPACE',''
  ) );
#11315 = PCURVE('',#3785,#11316);
#11316 = DEFINITIONAL_REPRESENTATION('',(#11317),#11321);
#11317 = LINE('',#11318,#11319);
#11318 = CARTESIAN_POINT('',(0.,0.));
#11319 = VECTOR('',#11320,1.);
#11320 = DIRECTION('',(0.,-1.));
#11321 = ( GEOMETRIC_REPRESENTATION_CONTEXT(2) 
PARAMETRIC_REPRESENTATION_CONTEXT() REPRESENTATION_CONTEXT('2D SPACE',''
  ) );
#11322 = ADVANCED_FACE('',(#11323),#3785,.T.);
#11323 = FACE_BOUND('',#11324,.T.);
#11324 = EDGE_LOOP('',(#11325,#11326,#11327,#11348));
#11325 = ORIENTED_EDGE('',*,*,#3772,.T.);
#11326 = ORIENTED_EDGE('',*,*,#11302,.T.);
#11327 = ORIENTED_EDGE('',*,*,#11328,.F.);
#11328 = EDGE_CURVE('',#11329,#11282,#11331,.T.);
#11329 = VERTEX_POINT('',#11330);
#11330 = CARTESIAN_POINT('',(-5.6,18.475208614068,2.2));
#11331 = SURFACE_CURVE('',#11332,(#11336,#11342),.PCURVE_S1.);
#11332 = LINE('',#11333,#11334);
#11333 = CARTESIAN_POINT('',(-2.,16.396747644985,2.2));
#11334 = VECTOR('',#11335,1.);
#11335 = DIRECTION('',(-0.866025403784,0.5,0.));
#11336 = PCURVE('',#3785,#11337);
#11337 = DEFINITIONAL_REPRESENTATION('',(#11338),#11341);
#11338 = B_SPLINE_CURVE_WITH_KNOTS('',1,(#11339,#11340),.UNSPECIFIED.,
  .F.,.F.,(2,2),(4.156921938165,9.930424630062),
  .PIECEWISE_BEZIER_KNOTS.);
#11339 = CARTESIAN_POINT('',(5.773502691896,-3.2));
#11340 = CARTESIAN_POINT('',(0.,-3.2));
#11341 = ( GEOMETRIC_REPRESENTATION_CONTEXT(2) 
PARAMETRIC_REPRESENTATION_CONTEXT() REPRESENTATION_CONTEXT('2D SPACE',''
  ) );
#11342 = PCURVE('',#5933,#11343);
#11343 = DEFINITIONAL_REPRESENTATION('',(#11344),#11347);
#11344 = B_SPLINE_CURVE_WITH_KNOTS('',1,(#11345,#11346),.UNSPECIFIED.,
  .F.,.F.,(2,2),(4.156921938165,9.930424630062),
  .PIECEWISE_BEZIER_KNOTS.);
#11345 = CARTESIAN_POINT('',(-5.6,18.475208614068));
#11346 = CARTESIAN_POINT('',(-10.6,21.361959960016));
#11347 = ( GEOMETRIC_REPRESENTATION_CONTEXT(2) 
PARAMETRIC_REPRESENTATION_CONTEXT() REPRESENTATION_CONTEXT('2D SPACE',''
  ) );
#11348 = ORIENTED_EDGE('',*,*,#11349,.F.);
#11349 = EDGE_CURVE('',#3747,#11329,#11350,.T.);
#11350 = SURFACE_CURVE('',#11351,(#11355,#11362),.PCURVE_S1.);
#11351 = LINE('',#11352,#11353);
#11352 = CARTESIAN_POINT('',(-5.6,18.475208614068,-1.));
#11353 = VECTOR('',#11354,1.);
#11354 = DIRECTION('',(0.,0.,1.));
#11355 = PCURVE('',#3785,#11356);
#11356 = DEFINITIONAL_REPRESENTATION('',(#11357),#11361);
#11357 = LINE('',#11358,#11359);
#11358 = CARTESIAN_POINT('',(5.773502691896,0.));
#11359 = VECTOR('',#11360,1.);
#11360 = DIRECTION('',(0.,-1.));
#11361 = ( GEOMETRIC_REPRESENTATION_CONTEXT(2) 
PARAMETRIC_REPRESENTATION_CONTEXT() REPRESENTATION_CONTEXT('2D SPACE',''
  ) );
#11362 = PCURVE('',#3761,#11363);
#11363 = DEFINITIONAL_REPRESENTATION('',(#11364),#11368);
#11364 = LINE('',#11365,#11366);
#11365 = CARTESIAN_POINT('',(0.,0.));
#11366 = VECTOR('',#11367,1.);
#11367 = DIRECTION('',(0.,-1.));
#11368 = ( GEOMETRIC_REPRESENTATION_CONTEXT(2) 
PARAMETRIC_REPRESENTATION_CONTEXT() REPRESENTATION_CONTEXT('2D SPACE',''
  ) );
#11369 = ADVANCED_FACE('',(#11370),#3761,.T.);
#11370 = FACE_BOUND('',#11371,.T.);
#11371 = EDGE_LOOP('',(#11372,#11373,#11374,#11395));
#11372 = ORIENTED_EDGE('',*,*,#3746,.T.);
#11373 = ORIENTED_EDGE('',*,*,#11349,.T.);
#11374 = ORIENTED_EDGE('',*,*,#11375,.F.);
#11375 = EDGE_CURVE('',#11376,#11329,#11378,.T.);
#11376 = VERTEX_POINT('',#11377);
#11377 = CARTESIAN_POINT('',(-0.6,21.361959960016,2.2));
#11378 = SURFACE_CURVE('',#11379,(#11383,#11389),.PCURVE_S1.);
#11379 = LINE('',#11380,#11381);
#11380 = CARTESIAN_POINT('',(-7.5,17.378243102608,2.2));
#11381 = VECTOR('',#11382,1.);
#11382 = DIRECTION('',(-0.866025403784,-0.5,0.));
#11383 = PCURVE('',#3761,#11384);
#11384 = DEFINITIONAL_REPRESENTATION('',(#11385),#11388);
#11385 = B_SPLINE_CURVE_WITH_KNOTS('',1,(#11386,#11387),.UNSPECIFIED.,
  .F.,.F.,(2,2),(-7.967433714817,-2.193931022921),
  .PIECEWISE_BEZIER_KNOTS.);
#11386 = CARTESIAN_POINT('',(5.773502691896,-3.2));
#11387 = CARTESIAN_POINT('',(0.,-3.2));
#11388 = ( GEOMETRIC_REPRESENTATION_CONTEXT(2) 
PARAMETRIC_REPRESENTATION_CONTEXT() REPRESENTATION_CONTEXT('2D SPACE',''
  ) );
#11389 = PCURVE('',#5933,#11390);
#11390 = DEFINITIONAL_REPRESENTATION('',(#11391),#11394);
#11391 = B_SPLINE_CURVE_WITH_KNOTS('',1,(#11392,#11393),.UNSPECIFIED.,
  .F.,.F.,(2,2),(-7.967433714817,-2.193931022921),
  .PIECEWISE_BEZIER_KNOTS.);
#11392 = CARTESIAN_POINT('',(-0.6,21.361959960016));
#11393 = CARTESIAN_POINT('',(-5.6,18.475208614068));
#11394 = ( GEOMETRIC_REPRESENTATION_CONTEXT(2) 
PARAMETRIC_REPRESENTATION_CONTEXT() REPRESENTATION_CONTEXT('2D SPACE',''
  ) );
#11395 = ORIENTED_EDGE('',*,*,#11396,.F.);
#11396 = EDGE_CURVE('',#3721,#11376,#11397,.T.);
#11397 = SURFACE_CURVE('',#11398,(#11402,#11409),.PCURVE_S1.);
#11398 = LINE('',#11399,#11400);
#11399 = CARTESIAN_POINT('',(-0.6,21.361959960016,-1.));
#11400 = VECTOR('',#11401,1.);
#11401 = DIRECTION('',(0.,0.,1.));
#11402 = PCURVE('',#3761,#11403);
#11403 = DEFINITIONAL_REPRESENTATION('',(#11404),#11408);
#11404 = LINE('',#11405,#11406);
#11405 = CARTESIAN_POINT('',(5.773502691896,0.));
#11406 = VECTOR('',#11407,1.);
#11407 = DIRECTION('',(0.,-1.));
#11408 = ( GEOMETRIC_REPRESENTATION_CONTEXT(2) 
PARAMETRIC_REPRESENTATION_CONTEXT() REPRESENTATION_CONTEXT('2D SPACE',''
  ) );
#11409 = PCURVE('',#3735,#11410);
#11410 = DEFINITIONAL_REPRESENTATION('',(#11411),#11415);
#11411 = LINE('',#11412,#11413);
#11412 = CARTESIAN_POINT('',(0.,0.));
#11413 = VECTOR('',#11414,1.);
#11414 = DIRECTION('',(0.,-1.));
#11415 = ( GEOMETRIC_REPRESENTATION_CONTEXT(2) 
PARAMETRIC_REPRESENTATION_CONTEXT() REPRESENTATION_CONTEXT('2D SPACE',''
  ) );
#11416 = ADVANCED_FACE('',(#11417),#3735,.T.);
#11417 = FACE_BOUND('',#11418,.T.);
#11418 = EDGE_LOOP('',(#11419,#11420,#11421,#11442));
#11419 = ORIENTED_EDGE('',*,*,#3720,.T.);
#11420 = ORIENTED_EDGE('',*,*,#11396,.T.);
#11421 = ORIENTED_EDGE('',*,*,#11422,.F.);
#11422 = EDGE_CURVE('',#11423,#11376,#11425,.T.);
#11423 = VERTEX_POINT('',#11424);
#11424 = CARTESIAN_POINT('',(-0.6,27.135462651912,2.2));
#11425 = SURFACE_CURVE('',#11426,(#11430,#11436),.PCURVE_S1.);
#11426 = LINE('',#11427,#11428);
#11427 = CARTESIAN_POINT('',(-0.6,10.680979980008,2.2));
#11428 = VECTOR('',#11429,1.);
#11429 = DIRECTION('',(-1.538370149107E-16,-1.,0.));
#11430 = PCURVE('',#3735,#11431);
#11431 = DEFINITIONAL_REPRESENTATION('',(#11432),#11435);
#11432 = B_SPLINE_CURVE_WITH_KNOTS('',1,(#11433,#11434),.UNSPECIFIED.,
  .F.,.F.,(2,2),(-16.4544826719,-10.68097998),.PIECEWISE_BEZIER_KNOTS.);
#11433 = CARTESIAN_POINT('',(5.773502691896,-3.2));
#11434 = CARTESIAN_POINT('',(0.,-3.2));
#11435 = ( GEOMETRIC_REPRESENTATION_CONTEXT(2) 
PARAMETRIC_REPRESENTATION_CONTEXT() REPRESENTATION_CONTEXT('2D SPACE',''
  ) );
#11436 = PCURVE('',#5933,#11437);
#11437 = DEFINITIONAL_REPRESENTATION('',(#11438),#11441);
#11438 = B_SPLINE_CURVE_WITH_KNOTS('',1,(#11439,#11440),.UNSPECIFIED.,
  .F.,.F.,(2,2),(-16.4544826719,-10.68097998),.PIECEWISE_BEZIER_KNOTS.);
#11439 = CARTESIAN_POINT('',(-0.6,27.135462651912));
#11440 = CARTESIAN_POINT('',(-0.6,21.361959960016));
#11441 = ( GEOMETRIC_REPRESENTATION_CONTEXT(2) 
PARAMETRIC_REPRESENTATION_CONTEXT() REPRESENTATION_CONTEXT('2D SPACE',''
  ) );
#11442 = ORIENTED_EDGE('',*,*,#11443,.F.);
#11443 = EDGE_CURVE('',#3695,#11423,#11444,.T.);
#11444 = SURFACE_CURVE('',#11445,(#11449,#11456),.PCURVE_S1.);
#11445 = LINE('',#11446,#11447);
#11446 = CARTESIAN_POINT('',(-0.6,27.135462651912,-1.));
#11447 = VECTOR('',#11448,1.);
#11448 = DIRECTION('',(0.,0.,1.));
#11449 = PCURVE('',#3735,#11450);
#11450 = DEFINITIONAL_REPRESENTATION('',(#11451),#11455);
#11451 = LINE('',#11452,#11453);
#11452 = CARTESIAN_POINT('',(5.773502691896,0.));
#11453 = VECTOR('',#11454,1.);
#11454 = DIRECTION('',(0.,-1.));
#11455 = ( GEOMETRIC_REPRESENTATION_CONTEXT(2) 
PARAMETRIC_REPRESENTATION_CONTEXT() REPRESENTATION_CONTEXT('2D SPACE',''
  ) );
#11456 = PCURVE('',#3709,#11457);
#11457 = DEFINITIONAL_REPRESENTATION('',(#11458),#11462);
#11458 = LINE('',#11459,#11460);
#11459 = CARTESIAN_POINT('',(0.,0.));
#11460 = VECTOR('',#11461,1.);
#11461 = DIRECTION('',(0.,-1.));
#11462 = ( GEOMETRIC_REPRESENTATION_CONTEXT(2) 
PARAMETRIC_REPRESENTATION_CONTEXT() REPRESENTATION_CONTEXT('2D SPACE',''
  ) );
#11463 = ADVANCED_FACE('',(#11464),#3709,.T.);
#11464 = FACE_BOUND('',#11465,.T.);
#11465 = EDGE_LOOP('',(#11466,#11467,#11468,#11489));
#11466 = ORIENTED_EDGE('',*,*,#3694,.T.);
#11467 = ORIENTED_EDGE('',*,*,#11443,.T.);
#11468 = ORIENTED_EDGE('',*,*,#11469,.F.);
#11469 = EDGE_CURVE('',#11470,#11423,#11472,.T.);
#11470 = VERTEX_POINT('',#11471);
#11471 = CARTESIAN_POINT('',(-5.6,30.022213997861,2.2));
#11472 = SURFACE_CURVE('',#11473,(#11477,#11483),.PCURVE_S1.);
#11473 = LINE('',#11474,#11475);
#11474 = CARTESIAN_POINT('',(5.5,23.613626009856,2.2));
#11475 = VECTOR('',#11476,1.);
#11476 = DIRECTION('',(0.866025403784,-0.5,0.));
#11477 = PCURVE('',#3709,#11478);
#11478 = DEFINITIONAL_REPRESENTATION('',(#11479),#11482);
#11479 = B_SPLINE_CURVE_WITH_KNOTS('',1,(#11480,#11481),.UNSPECIFIED.,
  .F.,.F.,(2,2),(-12.81717597601,-7.043673284113),
  .PIECEWISE_BEZIER_KNOTS.);
#11480 = CARTESIAN_POINT('',(5.773502691896,-3.2));
#11481 = CARTESIAN_POINT('',(0.,-3.2));
#11482 = ( GEOMETRIC_REPRESENTATION_CONTEXT(2) 
PARAMETRIC_REPRESENTATION_CONTEXT() REPRESENTATION_CONTEXT('2D SPACE',''
  ) );
#11483 = PCURVE('',#5933,#11484);
#11484 = DEFINITIONAL_REPRESENTATION('',(#11485),#11488);
#11485 = B_SPLINE_CURVE_WITH_KNOTS('',1,(#11486,#11487),.UNSPECIFIED.,
  .F.,.F.,(2,2),(-12.81717597601,-7.043673284113),
  .PIECEWISE_BEZIER_KNOTS.);
#11486 = CARTESIAN_POINT('',(-5.6,30.022213997861));
#11487 = CARTESIAN_POINT('',(-0.6,27.135462651912));
#11488 = ( GEOMETRIC_REPRESENTATION_CONTEXT(2) 
PARAMETRIC_REPRESENTATION_CONTEXT() REPRESENTATION_CONTEXT('2D SPACE',''
  ) );
#11489 = ORIENTED_EDGE('',*,*,#11490,.F.);
#11490 = EDGE_CURVE('',#3669,#11470,#11491,.T.);
#11491 = SURFACE_CURVE('',#11492,(#11496,#11503),.PCURVE_S1.);
#11492 = LINE('',#11493,#11494);
#11493 = CARTESIAN_POINT('',(-5.6,30.022213997861,-1.));
#11494 = VECTOR('',#11495,1.);
#11495 = DIRECTION('',(0.,0.,1.));
#11496 = PCURVE('',#3709,#11497);
#11497 = DEFINITIONAL_REPRESENTATION('',(#11498),#11502);
#11498 = LINE('',#11499,#11500);
#11499 = CARTESIAN_POINT('',(5.773502691896,0.));
#11500 = VECTOR('',#11501,1.);
#11501 = DIRECTION('',(0.,-1.));
#11502 = ( GEOMETRIC_REPRESENTATION_CONTEXT(2) 
PARAMETRIC_REPRESENTATION_CONTEXT() REPRESENTATION_CONTEXT('2D SPACE',''
  ) );
#11503 = PCURVE('',#3683,#11504);
#11504 = DEFINITIONAL_REPRESENTATION('',(#11505),#11509);
#11505 = LINE('',#11506,#11507);
#11506 = CARTESIAN_POINT('',(0.,0.));
#11507 = VECTOR('',#11508,1.);
#11508 = DIRECTION('',(0.,-1.));
#11509 = ( GEOMETRIC_REPRESENTATION_CONTEXT(2) 
PARAMETRIC_REPRESENTATION_CONTEXT() REPRESENTATION_CONTEXT('2D SPACE',''
  ) );
#11510 = ADVANCED_FACE('',(#11511),#3683,.T.);
#11511 = FACE_BOUND('',#11512,.T.);
#11512 = EDGE_LOOP('',(#11513,#11514,#11515,#11534));
#11513 = ORIENTED_EDGE('',*,*,#3668,.T.);
#11514 = ORIENTED_EDGE('',*,*,#11490,.T.);
#11515 = ORIENTED_EDGE('',*,*,#11516,.F.);
#11516 = EDGE_CURVE('',#11259,#11470,#11517,.T.);
#11517 = SURFACE_CURVE('',#11518,(#11522,#11528),.PCURVE_S1.);
#11518 = LINE('',#11519,#11520);
#11519 = CARTESIAN_POINT('',(-10.,27.481872813426,2.2));
#11520 = VECTOR('',#11521,1.);
#11521 = DIRECTION('',(0.866025403784,0.5,-0.));
#11522 = PCURVE('',#3683,#11523);
#11523 = DEFINITIONAL_REPRESENTATION('',(#11524),#11527);
#11524 = B_SPLINE_CURVE_WITH_KNOTS('',1,(#11525,#11526),.UNSPECIFIED.,
  .F.,.F.,(2,2),(-0.692820323028,5.080682368869),
  .PIECEWISE_BEZIER_KNOTS.);
#11525 = CARTESIAN_POINT('',(5.773502691896,-3.2));
#11526 = CARTESIAN_POINT('',(0.,-3.2));
#11527 = ( GEOMETRIC_REPRESENTATION_CONTEXT(2) 
PARAMETRIC_REPRESENTATION_CONTEXT() REPRESENTATION_CONTEXT('2D SPACE',''
  ) );
#11528 = PCURVE('',#5933,#11529);
#11529 = DEFINITIONAL_REPRESENTATION('',(#11530),#11533);
#11530 = B_SPLINE_CURVE_WITH_KNOTS('',1,(#11531,#11532),.UNSPECIFIED.,
  .F.,.F.,(2,2),(-0.692820323028,5.080682368869),
  .PIECEWISE_BEZIER_KNOTS.);
#11531 = CARTESIAN_POINT('',(-10.6,27.135462651912));
#11532 = CARTESIAN_POINT('',(-5.6,30.022213997861));
#11533 = ( GEOMETRIC_REPRESENTATION_CONTEXT(2) 
PARAMETRIC_REPRESENTATION_CONTEXT() REPRESENTATION_CONTEXT('2D SPACE',''
  ) );
#11534 = ORIENTED_EDGE('',*,*,#11258,.F.);
#11535 = ADVANCED_FACE('',(#11536),#3815,.T.);
#11536 = FACE_BOUND('',#11537,.T.);
#11537 = EDGE_LOOP('',(#11538,#11539,#11562,#11583));
#11538 = ORIENTED_EDGE('',*,*,#3798,.T.);
#11539 = ORIENTED_EDGE('',*,*,#11540,.T.);
#11540 = EDGE_CURVE('',#3801,#11541,#11543,.T.);
#11541 = VERTEX_POINT('',#11542);
#11542 = CARTESIAN_POINT('',(0.6,7.736493607141,2.2));
#11543 = SURFACE_CURVE('',#11544,(#11548,#11555),.PCURVE_S1.);
#11544 = LINE('',#11545,#11546);
#11545 = CARTESIAN_POINT('',(0.6,7.736493607141,-1.));
#11546 = VECTOR('',#11547,1.);
#11547 = DIRECTION('',(0.,0.,1.));
#11548 = PCURVE('',#3815,#11549);
#11549 = DEFINITIONAL_REPRESENTATION('',(#11550),#11554);
#11550 = LINE('',#11551,#11552);
#11551 = CARTESIAN_POINT('',(0.,0.));
#11552 = VECTOR('',#11553,1.);
#11553 = DIRECTION('',(0.,-1.));
#11554 = ( GEOMETRIC_REPRESENTATION_CONTEXT(2) 
PARAMETRIC_REPRESENTATION_CONTEXT() REPRESENTATION_CONTEXT('2D SPACE',''
  ) );
#11555 = PCURVE('',#3841,#11556);
#11556 = DEFINITIONAL_REPRESENTATION('',(#11557),#11561);
#11557 = LINE('',#11558,#11559);
#11558 = CARTESIAN_POINT('',(5.773502691896,0.));
#11559 = VECTOR('',#11560,1.);
#11560 = DIRECTION('',(0.,-1.));
#11561 = ( GEOMETRIC_REPRESENTATION_CONTEXT(2) 
PARAMETRIC_REPRESENTATION_CONTEXT() REPRESENTATION_CONTEXT('2D SPACE',''
  ) );
#11562 = ORIENTED_EDGE('',*,*,#11563,.F.);
#11563 = EDGE_CURVE('',#11564,#11541,#11566,.T.);
#11564 = VERTEX_POINT('',#11565);
#11565 = CARTESIAN_POINT('',(0.6,1.962990915245,2.2));
#11566 = SURFACE_CURVE('',#11567,(#11571,#11577),.PCURVE_S1.);
#11567 = LINE('',#11568,#11569);
#11568 = CARTESIAN_POINT('',(0.6,3.86824680357,2.2));
#11569 = VECTOR('',#11570,1.);
#11570 = DIRECTION('',(4.615110447321E-16,1.,-0.));
#11571 = PCURVE('',#3815,#11572);
#11572 = DEFINITIONAL_REPRESENTATION('',(#11573),#11576);
#11573 = B_SPLINE_CURVE_WITH_KNOTS('',1,(#11574,#11575),.UNSPECIFIED.,
  .F.,.F.,(2,2),(-1.905255888326,3.86824680357),
  .PIECEWISE_BEZIER_KNOTS.);
#11574 = CARTESIAN_POINT('',(5.773502691896,-3.2));
#11575 = CARTESIAN_POINT('',(0.,-3.2));
#11576 = ( GEOMETRIC_REPRESENTATION_CONTEXT(2) 
PARAMETRIC_REPRESENTATION_CONTEXT() REPRESENTATION_CONTEXT('2D SPACE',''
  ) );
#11577 = PCURVE('',#5933,#11578);
#11578 = DEFINITIONAL_REPRESENTATION('',(#11579),#11582);
#11579 = B_SPLINE_CURVE_WITH_KNOTS('',1,(#11580,#11581),.UNSPECIFIED.,
  .F.,.F.,(2,2),(-1.905255888326,3.86824680357),
  .PIECEWISE_BEZIER_KNOTS.);
#11580 = CARTESIAN_POINT('',(0.6,1.962990915245));
#11581 = CARTESIAN_POINT('',(0.6,7.736493607141));
#11582 = ( GEOMETRIC_REPRESENTATION_CONTEXT(2) 
PARAMETRIC_REPRESENTATION_CONTEXT() REPRESENTATION_CONTEXT('2D SPACE',''
  ) );
#11583 = ORIENTED_EDGE('',*,*,#11584,.F.);
#11584 = EDGE_CURVE('',#3799,#11564,#11585,.T.);
#11585 = SURFACE_CURVE('',#11586,(#11590,#11597),.PCURVE_S1.);
#11586 = LINE('',#11587,#11588);
#11587 = CARTESIAN_POINT('',(0.6,1.962990915245,-1.));
#11588 = VECTOR('',#11589,1.);
#11589 = DIRECTION('',(0.,0.,1.));
#11590 = PCURVE('',#3815,#11591);
#11591 = DEFINITIONAL_REPRESENTATION('',(#11592),#11596);
#11592 = LINE('',#11593,#11594);
#11593 = CARTESIAN_POINT('',(5.773502691896,0.));
#11594 = VECTOR('',#11595,1.);
#11595 = DIRECTION('',(0.,-1.));
#11596 = ( GEOMETRIC_REPRESENTATION_CONTEXT(2) 
PARAMETRIC_REPRESENTATION_CONTEXT() REPRESENTATION_CONTEXT('2D SPACE',''
  ) );
#11597 = PCURVE('',#3943,#11598);
#11598 = DEFINITIONAL_REPRESENTATION('',(#11599),#11603);
#11599 = LINE('',#11600,#11601);
#11600 = CARTESIAN_POINT('',(0.,0.));
#11601 = VECTOR('',#11602,1.);
#11602 = DIRECTION('',(0.,-1.));
#11603 = ( GEOMETRIC_REPRESENTATION_CONTEXT(2) 
PARAMETRIC_REPRESENTATION_CONTEXT() REPRESENTATION_CONTEXT('2D SPACE',''
  ) );
#11604 = ADVANCED_FACE('',(#11605),#3943,.T.);
#11605 = FACE_BOUND('',#11606,.T.);
#11606 = EDGE_LOOP('',(#11607,#11608,#11609,#11630));
#11607 = ORIENTED_EDGE('',*,*,#3930,.T.);
#11608 = ORIENTED_EDGE('',*,*,#11584,.T.);
#11609 = ORIENTED_EDGE('',*,*,#11610,.F.);
#11610 = EDGE_CURVE('',#11611,#11564,#11613,.T.);
#11611 = VERTEX_POINT('',#11612);
#11612 = CARTESIAN_POINT('',(5.6,-0.923760430703,2.2));
#11613 = SURFACE_CURVE('',#11614,(#11618,#11624),.PCURVE_S1.);
#11614 = LINE('',#11615,#11616);
#11615 = CARTESIAN_POINT('',(0.8,1.847520861407,2.2));
#11616 = VECTOR('',#11617,1.);
#11617 = DIRECTION('',(-0.866025403784,0.5,0.));
#11618 = PCURVE('',#3943,#11619);
#11619 = DEFINITIONAL_REPRESENTATION('',(#11620),#11623);
#11620 = B_SPLINE_CURVE_WITH_KNOTS('',1,(#11621,#11622),.UNSPECIFIED.,
  .F.,.F.,(2,2),(-5.54256258422,0.230940107676),
  .PIECEWISE_BEZIER_KNOTS.);
#11621 = CARTESIAN_POINT('',(5.773502691896,-3.2));
#11622 = CARTESIAN_POINT('',(0.,-3.2));
#11623 = ( GEOMETRIC_REPRESENTATION_CONTEXT(2) 
PARAMETRIC_REPRESENTATION_CONTEXT() REPRESENTATION_CONTEXT('2D SPACE',''
  ) );
#11624 = PCURVE('',#5933,#11625);
#11625 = DEFINITIONAL_REPRESENTATION('',(#11626),#11629);
#11626 = B_SPLINE_CURVE_WITH_KNOTS('',1,(#11627,#11628),.UNSPECIFIED.,
  .F.,.F.,(2,2),(-5.54256258422,0.230940107676),
  .PIECEWISE_BEZIER_KNOTS.);
#11627 = CARTESIAN_POINT('',(5.6,-0.923760430703));
#11628 = CARTESIAN_POINT('',(0.6,1.962990915245));
#11629 = ( GEOMETRIC_REPRESENTATION_CONTEXT(2) 
PARAMETRIC_REPRESENTATION_CONTEXT() REPRESENTATION_CONTEXT('2D SPACE',''
  ) );
#11630 = ORIENTED_EDGE('',*,*,#11631,.F.);
#11631 = EDGE_CURVE('',#3905,#11611,#11632,.T.);
#11632 = SURFACE_CURVE('',#11633,(#11637,#11644),.PCURVE_S1.);
#11633 = LINE('',#11634,#11635);
#11634 = CARTESIAN_POINT('',(5.6,-0.923760430703,-1.));
#11635 = VECTOR('',#11636,1.);
#11636 = DIRECTION('',(0.,0.,1.));
#11637 = PCURVE('',#3943,#11638);
#11638 = DEFINITIONAL_REPRESENTATION('',(#11639),#11643);
#11639 = LINE('',#11640,#11641);
#11640 = CARTESIAN_POINT('',(5.773502691896,0.));
#11641 = VECTOR('',#11642,1.);
#11642 = DIRECTION('',(0.,-1.));
#11643 = ( GEOMETRIC_REPRESENTATION_CONTEXT(2) 
PARAMETRIC_REPRESENTATION_CONTEXT() REPRESENTATION_CONTEXT('2D SPACE',''
  ) );
#11644 = PCURVE('',#3919,#11645);
#11645 = DEFINITIONAL_REPRESENTATION('',(#11646),#11650);
#11646 = LINE('',#11647,#11648);
#11647 = CARTESIAN_POINT('',(0.,0.));
#11648 = VECTOR('',#11649,1.);
#11649 = DIRECTION('',(0.,-1.));
#11650 = ( GEOMETRIC_REPRESENTATION_CONTEXT(2) 
PARAMETRIC_REPRESENTATION_CONTEXT() REPRESENTATION_CONTEXT('2D SPACE',''
  ) );
#11651 = ADVANCED_FACE('',(#11652),#3919,.T.);
#11652 = FACE_BOUND('',#11653,.T.);
#11653 = EDGE_LOOP('',(#11654,#11655,#11656,#11677));
#11654 = ORIENTED_EDGE('',*,*,#3904,.T.);
#11655 = ORIENTED_EDGE('',*,*,#11631,.T.);
#11656 = ORIENTED_EDGE('',*,*,#11657,.F.);
#11657 = EDGE_CURVE('',#11658,#11611,#11660,.T.);
#11658 = VERTEX_POINT('',#11659);
#11659 = CARTESIAN_POINT('',(10.6,1.962990915245,2.2));
#11660 = SURFACE_CURVE('',#11661,(#11665,#11671),.PCURVE_S1.);
#11661 = LINE('',#11662,#11663);
#11662 = CARTESIAN_POINT('',(3.7,-2.020725942164,2.2));
#11663 = VECTOR('',#11664,1.);
#11664 = DIRECTION('',(-0.866025403784,-0.5,0.));
#11665 = PCURVE('',#3919,#11666);
#11666 = DEFINITIONAL_REPRESENTATION('',(#11667),#11670);
#11667 = B_SPLINE_CURVE_WITH_KNOTS('',1,(#11668,#11669),.UNSPECIFIED.,
  .F.,.F.,(2,2),(-7.967433714817,-2.193931022921),
  .PIECEWISE_BEZIER_KNOTS.);
#11668 = CARTESIAN_POINT('',(5.773502691896,-3.2));
#11669 = CARTESIAN_POINT('',(0.,-3.2));
#11670 = ( GEOMETRIC_REPRESENTATION_CONTEXT(2) 
PARAMETRIC_REPRESENTATION_CONTEXT() REPRESENTATION_CONTEXT('2D SPACE',''
  ) );
#11671 = PCURVE('',#5933,#11672);
#11672 = DEFINITIONAL_REPRESENTATION('',(#11673),#11676);
#11673 = B_SPLINE_CURVE_WITH_KNOTS('',1,(#11674,#11675),.UNSPECIFIED.,
  .F.,.F.,(2,2),(-7.967433714817,-2.193931022921),
  .PIECEWISE_BEZIER_KNOTS.);
#11674 = CARTESIAN_POINT('',(10.6,1.962990915245));
#11675 = CARTESIAN_POINT('',(5.6,-0.923760430703));
#11676 = ( GEOMETRIC_REPRESENTATION_CONTEXT(2) 
PARAMETRIC_REPRESENTATION_CONTEXT() REPRESENTATION_CONTEXT('2D SPACE',''
  ) );
#11677 = ORIENTED_EDGE('',*,*,#11678,.F.);
#11678 = EDGE_CURVE('',#3879,#11658,#11679,.T.);
#11679 = SURFACE_CURVE('',#11680,(#11684,#11691),.PCURVE_S1.);
#11680 = LINE('',#11681,#11682);
#11681 = CARTESIAN_POINT('',(10.6,1.962990915245,-1.));
#11682 = VECTOR('',#11683,1.);
#11683 = DIRECTION('',(0.,0.,1.));
#11684 = PCURVE('',#3919,#11685);
#11685 = DEFINITIONAL_REPRESENTATION('',(#11686),#11690);
#11686 = LINE('',#11687,#11688);
#11687 = CARTESIAN_POINT('',(5.773502691896,0.));
#11688 = VECTOR('',#11689,1.);
#11689 = DIRECTION('',(0.,-1.));
#11690 = ( GEOMETRIC_REPRESENTATION_CONTEXT(2) 
PARAMETRIC_REPRESENTATION_CONTEXT() REPRESENTATION_CONTEXT('2D SPACE',''
  ) );
#11691 = PCURVE('',#3893,#11692);
#11692 = DEFINITIONAL_REPRESENTATION('',(#11693),#11697);
#11693 = LINE('',#11694,#11695);
#11694 = CARTESIAN_POINT('',(0.,0.));
#11695 = VECTOR('',#11696,1.);
#11696 = DIRECTION('',(0.,-1.));
#11697 = ( GEOMETRIC_REPRESENTATION_CONTEXT(2) 
PARAMETRIC_REPRESENTATION_CONTEXT() REPRESENTATION_CONTEXT('2D SPACE',''
  ) );
#11698 = ADVANCED_FACE('',(#11699),#3893,.T.);
#11699 = FACE_BOUND('',#11700,.T.);
#11700 = EDGE_LOOP('',(#11701,#11702,#11703,#11724));
#11701 = ORIENTED_EDGE('',*,*,#3878,.T.);
#11702 = ORIENTED_EDGE('',*,*,#11678,.T.);
#11703 = ORIENTED_EDGE('',*,*,#11704,.F.);
#11704 = EDGE_CURVE('',#11705,#11658,#11707,.T.);
#11705 = VERTEX_POINT('',#11706);
#11706 = CARTESIAN_POINT('',(10.6,7.736493607141,2.2));
#11707 = SURFACE_CURVE('',#11708,(#11712,#11718),.PCURVE_S1.);
#11708 = LINE('',#11709,#11710);
#11709 = CARTESIAN_POINT('',(10.6,0.981495457622,2.2));
#11710 = VECTOR('',#11711,1.);
#11711 = DIRECTION('',(-1.538370149107E-16,-1.,0.));
#11712 = PCURVE('',#3893,#11713);
#11713 = DEFINITIONAL_REPRESENTATION('',(#11714),#11717);
#11714 = B_SPLINE_CURVE_WITH_KNOTS('',1,(#11715,#11716),.UNSPECIFIED.,
  .F.,.F.,(2,2),(-6.754998149519,-0.981495457622),
  .PIECEWISE_BEZIER_KNOTS.);
#11715 = CARTESIAN_POINT('',(5.773502691896,-3.2));
#11716 = CARTESIAN_POINT('',(0.,-3.2));
#11717 = ( GEOMETRIC_REPRESENTATION_CONTEXT(2) 
PARAMETRIC_REPRESENTATION_CONTEXT() REPRESENTATION_CONTEXT('2D SPACE',''
  ) );
#11718 = PCURVE('',#5933,#11719);
#11719 = DEFINITIONAL_REPRESENTATION('',(#11720),#11723);
#11720 = B_SPLINE_CURVE_WITH_KNOTS('',1,(#11721,#11722),.UNSPECIFIED.,
  .F.,.F.,(2,2),(-6.754998149519,-0.981495457622),
  .PIECEWISE_BEZIER_KNOTS.);
#11721 = CARTESIAN_POINT('',(10.6,7.736493607141));
#11722 = CARTESIAN_POINT('',(10.6,1.962990915245));
#11723 = ( GEOMETRIC_REPRESENTATION_CONTEXT(2) 
PARAMETRIC_REPRESENTATION_CONTEXT() REPRESENTATION_CONTEXT('2D SPACE',''
  ) );
#11724 = ORIENTED_EDGE('',*,*,#11725,.F.);
#11725 = EDGE_CURVE('',#3853,#11705,#11726,.T.);
#11726 = SURFACE_CURVE('',#11727,(#11731,#11738),.PCURVE_S1.);
#11727 = LINE('',#11728,#11729);
#11728 = CARTESIAN_POINT('',(10.6,7.736493607141,-1.));
#11729 = VECTOR('',#11730,1.);
#11730 = DIRECTION('',(0.,0.,1.));
#11731 = PCURVE('',#3893,#11732);
#11732 = DEFINITIONAL_REPRESENTATION('',(#11733),#11737);
#11733 = LINE('',#11734,#11735);
#11734 = CARTESIAN_POINT('',(5.773502691896,0.));
#11735 = VECTOR('',#11736,1.);
#11736 = DIRECTION('',(0.,-1.));
#11737 = ( GEOMETRIC_REPRESENTATION_CONTEXT(2) 
PARAMETRIC_REPRESENTATION_CONTEXT() REPRESENTATION_CONTEXT('2D SPACE',''
  ) );
#11738 = PCURVE('',#3867,#11739);
#11739 = DEFINITIONAL_REPRESENTATION('',(#11740),#11744);
#11740 = LINE('',#11741,#11742);
#11741 = CARTESIAN_POINT('',(0.,0.));
#11742 = VECTOR('',#11743,1.);
#11743 = DIRECTION('',(0.,-1.));
#11744 = ( GEOMETRIC_REPRESENTATION_CONTEXT(2) 
PARAMETRIC_REPRESENTATION_CONTEXT() REPRESENTATION_CONTEXT('2D SPACE',''
  ) );
#11745 = ADVANCED_FACE('',(#11746),#3867,.T.);
#11746 = FACE_BOUND('',#11747,.T.);
#11747 = EDGE_LOOP('',(#11748,#11749,#11750,#11771));
#11748 = ORIENTED_EDGE('',*,*,#3852,.T.);
#11749 = ORIENTED_EDGE('',*,*,#11725,.T.);
#11750 = ORIENTED_EDGE('',*,*,#11751,.F.);
#11751 = EDGE_CURVE('',#11752,#11705,#11754,.T.);
#11752 = VERTEX_POINT('',#11753);
#11753 = CARTESIAN_POINT('',(5.6,10.623244953089,2.2));
#11754 = SURFACE_CURVE('',#11755,(#11759,#11765),.PCURVE_S1.);
#11755 = LINE('',#11756,#11757);
#11756 = CARTESIAN_POINT('',(8.3,9.064399226277,2.2));
#11757 = VECTOR('',#11758,1.);
#11758 = DIRECTION('',(0.866025403784,-0.5,0.));
#11759 = PCURVE('',#3867,#11760);
#11760 = DEFINITIONAL_REPRESENTATION('',(#11761),#11764);
#11761 = B_SPLINE_CURVE_WITH_KNOTS('',1,(#11762,#11763),.UNSPECIFIED.,
  .F.,.F.,(2,2),(-3.117691453624,2.655811238272),
  .PIECEWISE_BEZIER_KNOTS.);
#11762 = CARTESIAN_POINT('',(5.773502691896,-3.2));
#11763 = CARTESIAN_POINT('',(0.,-3.2));
#11764 = ( GEOMETRIC_REPRESENTATION_CONTEXT(2) 
PARAMETRIC_REPRESENTATION_CONTEXT() REPRESENTATION_CONTEXT('2D SPACE',''
  ) );
#11765 = PCURVE('',#5933,#11766);
#11766 = DEFINITIONAL_REPRESENTATION('',(#11767),#11770);
#11767 = B_SPLINE_CURVE_WITH_KNOTS('',1,(#11768,#11769),.UNSPECIFIED.,
  .F.,.F.,(2,2),(-3.117691453624,2.655811238272),
  .PIECEWISE_BEZIER_KNOTS.);
#11768 = CARTESIAN_POINT('',(5.6,10.623244953089));
#11769 = CARTESIAN_POINT('',(10.6,7.736493607141));
#11770 = ( GEOMETRIC_REPRESENTATION_CONTEXT(2) 
PARAMETRIC_REPRESENTATION_CONTEXT() REPRESENTATION_CONTEXT('2D SPACE',''
  ) );
#11771 = ORIENTED_EDGE('',*,*,#11772,.F.);
#11772 = EDGE_CURVE('',#3827,#11752,#11773,.T.);
#11773 = SURFACE_CURVE('',#11774,(#11778,#11785),.PCURVE_S1.);
#11774 = LINE('',#11775,#11776);
#11775 = CARTESIAN_POINT('',(5.6,10.623244953089,-1.));
#11776 = VECTOR('',#11777,1.);
#11777 = DIRECTION('',(0.,0.,1.));
#11778 = PCURVE('',#3867,#11779);
#11779 = DEFINITIONAL_REPRESENTATION('',(#11780),#11784);
#11780 = LINE('',#11781,#11782);
#11781 = CARTESIAN_POINT('',(5.773502691896,0.));
#11782 = VECTOR('',#11783,1.);
#11783 = DIRECTION('',(0.,-1.));
#11784 = ( GEOMETRIC_REPRESENTATION_CONTEXT(2) 
PARAMETRIC_REPRESENTATION_CONTEXT() REPRESENTATION_CONTEXT('2D SPACE',''
  ) );
#11785 = PCURVE('',#3841,#11786);
#11786 = DEFINITIONAL_REPRESENTATION('',(#11787),#11791);
#11787 = LINE('',#11788,#11789);
#11788 = CARTESIAN_POINT('',(0.,0.));
#11789 = VECTOR('',#11790,1.);
#11790 = DIRECTION('',(0.,-1.));
#11791 = ( GEOMETRIC_REPRESENTATION_CONTEXT(2) 
PARAMETRIC_REPRESENTATION_CONTEXT() REPRESENTATION_CONTEXT('2D SPACE',''
  ) );
#11792 = ADVANCED_FACE('',(#11793),#3841,.T.);
#11793 = FACE_BOUND('',#11794,.T.);
#11794 = EDGE_LOOP('',(#11795,#11796,#11797,#11816));
#11795 = ORIENTED_EDGE('',*,*,#3826,.T.);
#11796 = ORIENTED_EDGE('',*,*,#11772,.T.);
#11797 = ORIENTED_EDGE('',*,*,#11798,.F.);
#11798 = EDGE_CURVE('',#11541,#11752,#11799,.T.);
#11799 = SURFACE_CURVE('',#11800,(#11804,#11810),.PCURVE_S1.);
#11800 = LINE('',#11801,#11802);
#11801 = CARTESIAN_POINT('',(1.2,8.082903768655,2.2));
#11802 = VECTOR('',#11803,1.);
#11803 = DIRECTION('',(0.866025403784,0.5,-0.));
#11804 = PCURVE('',#3841,#11805);
#11805 = DEFINITIONAL_REPRESENTATION('',(#11806),#11809);
#11806 = B_SPLINE_CURVE_WITH_KNOTS('',1,(#11807,#11808),.UNSPECIFIED.,
  .F.,.F.,(2,2),(-0.692820323028,5.080682368869),
  .PIECEWISE_BEZIER_KNOTS.);
#11807 = CARTESIAN_POINT('',(5.773502691896,-3.2));
#11808 = CARTESIAN_POINT('',(0.,-3.2));
#11809 = ( GEOMETRIC_REPRESENTATION_CONTEXT(2) 
PARAMETRIC_REPRESENTATION_CONTEXT() REPRESENTATION_CONTEXT('2D SPACE',''
  ) );
#11810 = PCURVE('',#5933,#11811);
#11811 = DEFINITIONAL_REPRESENTATION('',(#11812),#11815);
#11812 = B_SPLINE_CURVE_WITH_KNOTS('',1,(#11813,#11814),.UNSPECIFIED.,
  .F.,.F.,(2,2),(-0.692820323028,5.080682368869),
  .PIECEWISE_BEZIER_KNOTS.);
#11813 = CARTESIAN_POINT('',(0.6,7.736493607141));
#11814 = CARTESIAN_POINT('',(5.6,10.623244953089));
#11815 = ( GEOMETRIC_REPRESENTATION_CONTEXT(2) 
PARAMETRIC_REPRESENTATION_CONTEXT() REPRESENTATION_CONTEXT('2D SPACE',''
  ) );
#11816 = ORIENTED_EDGE('',*,*,#11540,.F.);
#11817 = ADVANCED_FACE('',(#11818),#3973,.T.);
#11818 = FACE_BOUND('',#11819,.T.);
#11819 = EDGE_LOOP('',(#11820,#11821,#11844,#11865));
#11820 = ORIENTED_EDGE('',*,*,#3956,.T.);
#11821 = ORIENTED_EDGE('',*,*,#11822,.T.);
#11822 = EDGE_CURVE('',#3959,#11823,#11825,.T.);
#11823 = VERTEX_POINT('',#11824);
#11824 = CARTESIAN_POINT('',(-5.,17.435978129527,2.2));
#11825 = SURFACE_CURVE('',#11826,(#11830,#11837),.PCURVE_S1.);
#11826 = LINE('',#11827,#11828);
#11827 = CARTESIAN_POINT('',(-5.,17.435978129527,-1.));
#11828 = VECTOR('',#11829,1.);
#11829 = DIRECTION('',(0.,0.,1.));
#11830 = PCURVE('',#3973,#11831);
#11831 = DEFINITIONAL_REPRESENTATION('',(#11832),#11836);
#11832 = LINE('',#11833,#11834);
#11833 = CARTESIAN_POINT('',(0.,0.));
#11834 = VECTOR('',#11835,1.);
#11835 = DIRECTION('',(0.,-1.));
#11836 = ( GEOMETRIC_REPRESENTATION_CONTEXT(2) 
PARAMETRIC_REPRESENTATION_CONTEXT() REPRESENTATION_CONTEXT('2D SPACE',''
  ) );
#11837 = PCURVE('',#3999,#11838);
#11838 = DEFINITIONAL_REPRESENTATION('',(#11839),#11843);
#11839 = LINE('',#11840,#11841);
#11840 = CARTESIAN_POINT('',(5.773502691896,0.));
#11841 = VECTOR('',#11842,1.);
#11842 = DIRECTION('',(0.,-1.));
#11843 = ( GEOMETRIC_REPRESENTATION_CONTEXT(2) 
PARAMETRIC_REPRESENTATION_CONTEXT() REPRESENTATION_CONTEXT('2D SPACE',''
  ) );
#11844 = ORIENTED_EDGE('',*,*,#11845,.F.);
#11845 = EDGE_CURVE('',#11846,#11823,#11848,.T.);
#11846 = VERTEX_POINT('',#11847);
#11847 = CARTESIAN_POINT('',(-5.,11.66247543763,2.2));
#11848 = SURFACE_CURVE('',#11849,(#11853,#11859),.PCURVE_S1.);
#11849 = LINE('',#11850,#11851);
#11850 = CARTESIAN_POINT('',(-5.,8.717989064763,2.2));
#11851 = VECTOR('',#11852,1.);
#11852 = DIRECTION('',(4.615110447321E-16,1.,-0.));
#11853 = PCURVE('',#3973,#11854);
#11854 = DEFINITIONAL_REPRESENTATION('',(#11855),#11858);
#11855 = B_SPLINE_CURVE_WITH_KNOTS('',1,(#11856,#11857),.UNSPECIFIED.,
  .F.,.F.,(2,2),(2.944486372867,8.717989064763),
  .PIECEWISE_BEZIER_KNOTS.);
#11856 = CARTESIAN_POINT('',(5.773502691896,-3.2));
#11857 = CARTESIAN_POINT('',(0.,-3.2));
#11858 = ( GEOMETRIC_REPRESENTATION_CONTEXT(2) 
PARAMETRIC_REPRESENTATION_CONTEXT() REPRESENTATION_CONTEXT('2D SPACE',''
  ) );
#11859 = PCURVE('',#5933,#11860);
#11860 = DEFINITIONAL_REPRESENTATION('',(#11861),#11864);
#11861 = B_SPLINE_CURVE_WITH_KNOTS('',1,(#11862,#11863),.UNSPECIFIED.,
  .F.,.F.,(2,2),(2.944486372867,8.717989064763),
  .PIECEWISE_BEZIER_KNOTS.);
#11862 = CARTESIAN_POINT('',(-5.,11.66247543763));
#11863 = CARTESIAN_POINT('',(-5.,17.435978129527));
#11864 = ( GEOMETRIC_REPRESENTATION_CONTEXT(2) 
PARAMETRIC_REPRESENTATION_CONTEXT() REPRESENTATION_CONTEXT('2D SPACE',''
  ) );
#11865 = ORIENTED_EDGE('',*,*,#11866,.F.);
#11866 = EDGE_CURVE('',#3957,#11846,#11867,.T.);
#11867 = SURFACE_CURVE('',#11868,(#11872,#11879),.PCURVE_S1.);
#11868 = LINE('',#11869,#11870);
#11869 = CARTESIAN_POINT('',(-5.,11.66247543763,-1.));
#11870 = VECTOR('',#11871,1.);
#11871 = DIRECTION('',(0.,0.,1.));
#11872 = PCURVE('',#3973,#11873);
#11873 = DEFINITIONAL_REPRESENTATION('',(#11874),#11878);
#11874 = LINE('',#11875,#11876);
#11875 = CARTESIAN_POINT('',(5.773502691896,0.));
#11876 = VECTOR('',#11877,1.);
#11877 = DIRECTION('',(0.,-1.));
#11878 = ( GEOMETRIC_REPRESENTATION_CONTEXT(2) 
PARAMETRIC_REPRESENTATION_CONTEXT() REPRESENTATION_CONTEXT('2D SPACE',''
  ) );
#11879 = PCURVE('',#4101,#11880);
#11880 = DEFINITIONAL_REPRESENTATION('',(#11881),#11885);
#11881 = LINE('',#11882,#11883);
#11882 = CARTESIAN_POINT('',(0.,0.));
#11883 = VECTOR('',#11884,1.);
#11884 = DIRECTION('',(0.,-1.));
#11885 = ( GEOMETRIC_REPRESENTATION_CONTEXT(2) 
PARAMETRIC_REPRESENTATION_CONTEXT() REPRESENTATION_CONTEXT('2D SPACE',''
  ) );
#11886 = ADVANCED_FACE('',(#11887),#4101,.T.);
#11887 = FACE_BOUND('',#11888,.T.);
#11888 = EDGE_LOOP('',(#11889,#11890,#11891,#11912));
#11889 = ORIENTED_EDGE('',*,*,#4088,.T.);
#11890 = ORIENTED_EDGE('',*,*,#11866,.T.);
#11891 = ORIENTED_EDGE('',*,*,#11892,.F.);
#11892 = EDGE_CURVE('',#11893,#11846,#11895,.T.);
#11893 = VERTEX_POINT('',#11894);
#11894 = CARTESIAN_POINT('',(7.157816006753E-16,8.775724091682,2.2));
#11895 = SURFACE_CURVE('',#11896,(#11900,#11906),.PCURVE_S1.);
#11896 = LINE('',#11897,#11898);
#11897 = CARTESIAN_POINT('',(-0.6,9.122134253196,2.2));
#11898 = VECTOR('',#11899,1.);
#11899 = DIRECTION('',(-0.866025403784,0.5,0.));
#11900 = PCURVE('',#4101,#11901);
#11901 = DEFINITIONAL_REPRESENTATION('',(#11902),#11905);
#11902 = B_SPLINE_CURVE_WITH_KNOTS('',1,(#11903,#11904),.UNSPECIFIED.,
  .F.,.F.,(2,2),(-0.692820323028,5.080682368869),
  .PIECEWISE_BEZIER_KNOTS.);
#11903 = CARTESIAN_POINT('',(5.773502691896,-3.2));
#11904 = CARTESIAN_POINT('',(0.,-3.2));
#11905 = ( GEOMETRIC_REPRESENTATION_CONTEXT(2) 
PARAMETRIC_REPRESENTATION_CONTEXT() REPRESENTATION_CONTEXT('2D SPACE',''
  ) );
#11906 = PCURVE('',#5933,#11907);
#11907 = DEFINITIONAL_REPRESENTATION('',(#11908),#11911);
#11908 = B_SPLINE_CURVE_WITH_KNOTS('',1,(#11909,#11910),.UNSPECIFIED.,
  .F.,.F.,(2,2),(-0.692820323028,5.080682368869),
  .PIECEWISE_BEZIER_KNOTS.);
#11909 = CARTESIAN_POINT('',(2.455406559076E-15,8.775724091682));
#11910 = CARTESIAN_POINT('',(-5.,11.66247543763));
#11911 = ( GEOMETRIC_REPRESENTATION_CONTEXT(2) 
PARAMETRIC_REPRESENTATION_CONTEXT() REPRESENTATION_CONTEXT('2D SPACE',''
  ) );
#11912 = ORIENTED_EDGE('',*,*,#11913,.F.);
#11913 = EDGE_CURVE('',#4063,#11893,#11914,.T.);
#11914 = SURFACE_CURVE('',#11915,(#11919,#11926),.PCURVE_S1.);
#11915 = LINE('',#11916,#11917);
#11916 = CARTESIAN_POINT('',(7.157816006753E-16,8.775724091682,-1.));
#11917 = VECTOR('',#11918,1.);
#11918 = DIRECTION('',(0.,0.,1.));
#11919 = PCURVE('',#4101,#11920);
#11920 = DEFINITIONAL_REPRESENTATION('',(#11921),#11925);
#11921 = LINE('',#11922,#11923);
#11922 = CARTESIAN_POINT('',(5.773502691896,0.));
#11923 = VECTOR('',#11924,1.);
#11924 = DIRECTION('',(0.,-1.));
#11925 = ( GEOMETRIC_REPRESENTATION_CONTEXT(2) 
PARAMETRIC_REPRESENTATION_CONTEXT() REPRESENTATION_CONTEXT('2D SPACE',''
  ) );
#11926 = PCURVE('',#4077,#11927);
#11927 = DEFINITIONAL_REPRESENTATION('',(#11928),#11932);
#11928 = LINE('',#11929,#11930);
#11929 = CARTESIAN_POINT('',(0.,0.));
#11930 = VECTOR('',#11931,1.);
#11931 = DIRECTION('',(0.,-1.));
#11932 = ( GEOMETRIC_REPRESENTATION_CONTEXT(2) 
PARAMETRIC_REPRESENTATION_CONTEXT() REPRESENTATION_CONTEXT('2D SPACE',''
  ) );
#11933 = ADVANCED_FACE('',(#11934),#4077,.T.);
#11934 = FACE_BOUND('',#11935,.T.);
#11935 = EDGE_LOOP('',(#11936,#11937,#11938,#11959));
#11936 = ORIENTED_EDGE('',*,*,#4062,.T.);
#11937 = ORIENTED_EDGE('',*,*,#11913,.T.);
#11938 = ORIENTED_EDGE('',*,*,#11939,.F.);
#11939 = EDGE_CURVE('',#11940,#11893,#11942,.T.);
#11940 = VERTEX_POINT('',#11941);
#11941 = CARTESIAN_POINT('',(5.,11.66247543763,2.2));
#11942 = SURFACE_CURVE('',#11943,(#11947,#11953),.PCURVE_S1.);
#11943 = LINE('',#11944,#11945);
#11944 = CARTESIAN_POINT('',(-1.9,7.678758580222,2.2));
#11945 = VECTOR('',#11946,1.);
#11946 = DIRECTION('',(-0.866025403784,-0.5,0.));
#11947 = PCURVE('',#4077,#11948);
#11948 = DEFINITIONAL_REPRESENTATION('',(#11949),#11952);
#11949 = B_SPLINE_CURVE_WITH_KNOTS('',1,(#11950,#11951),.UNSPECIFIED.,
  .F.,.F.,(2,2),(-7.967433714817,-2.193931022921),
  .PIECEWISE_BEZIER_KNOTS.);
#11950 = CARTESIAN_POINT('',(5.773502691896,-3.2));
#11951 = CARTESIAN_POINT('',(0.,-3.2));
#11952 = ( GEOMETRIC_REPRESENTATION_CONTEXT(2) 
PARAMETRIC_REPRESENTATION_CONTEXT() REPRESENTATION_CONTEXT('2D SPACE',''
  ) );
#11953 = PCURVE('',#5933,#11954);
#11954 = DEFINITIONAL_REPRESENTATION('',(#11955),#11958);
#11955 = B_SPLINE_CURVE_WITH_KNOTS('',1,(#11956,#11957),.UNSPECIFIED.,
  .F.,.F.,(2,2),(-7.967433714817,-2.193931022921),
  .PIECEWISE_BEZIER_KNOTS.);
#11956 = CARTESIAN_POINT('',(5.,11.66247543763));
#11957 = CARTESIAN_POINT('',(7.316871831045E-16,8.775724091682));
#11958 = ( GEOMETRIC_REPRESENTATION_CONTEXT(2) 
PARAMETRIC_REPRESENTATION_CONTEXT() REPRESENTATION_CONTEXT('2D SPACE',''
  ) );
#11959 = ORIENTED_EDGE('',*,*,#11960,.F.);
#11960 = EDGE_CURVE('',#4037,#11940,#11961,.T.);
#11961 = SURFACE_CURVE('',#11962,(#11966,#11973),.PCURVE_S1.);
#11962 = LINE('',#11963,#11964);
#11963 = CARTESIAN_POINT('',(5.,11.66247543763,-1.));
#11964 = VECTOR('',#11965,1.);
#11965 = DIRECTION('',(0.,0.,1.));
#11966 = PCURVE('',#4077,#11967);
#11967 = DEFINITIONAL_REPRESENTATION('',(#11968),#11972);
#11968 = LINE('',#11969,#11970);
#11969 = CARTESIAN_POINT('',(5.773502691896,0.));
#11970 = VECTOR('',#11971,1.);
#11971 = DIRECTION('',(0.,-1.));
#11972 = ( GEOMETRIC_REPRESENTATION_CONTEXT(2) 
PARAMETRIC_REPRESENTATION_CONTEXT() REPRESENTATION_CONTEXT('2D SPACE',''
  ) );
#11973 = PCURVE('',#4051,#11974);
#11974 = DEFINITIONAL_REPRESENTATION('',(#11975),#11979);
#11975 = LINE('',#11976,#11977);
#11976 = CARTESIAN_POINT('',(0.,0.));
#11977 = VECTOR('',#11978,1.);
#11978 = DIRECTION('',(0.,-1.));
#11979 = ( GEOMETRIC_REPRESENTATION_CONTEXT(2) 
PARAMETRIC_REPRESENTATION_CONTEXT() REPRESENTATION_CONTEXT('2D SPACE',''
  ) );
#11980 = ADVANCED_FACE('',(#11981),#4051,.T.);
#11981 = FACE_BOUND('',#11982,.T.);
#11982 = EDGE_LOOP('',(#11983,#11984,#11985,#12006));
#11983 = ORIENTED_EDGE('',*,*,#4036,.T.);
#11984 = ORIENTED_EDGE('',*,*,#11960,.T.);
#11985 = ORIENTED_EDGE('',*,*,#11986,.F.);
#11986 = EDGE_CURVE('',#11987,#11940,#11989,.T.);
#11987 = VERTEX_POINT('',#11988);
#11988 = CARTESIAN_POINT('',(5.,17.435978129527,2.2));
#11989 = SURFACE_CURVE('',#11990,(#11994,#12000),.PCURVE_S1.);
#11990 = LINE('',#11991,#11992);
#11991 = CARTESIAN_POINT('',(5.,5.831237718815,2.2));
#11992 = VECTOR('',#11993,1.);
#11993 = DIRECTION('',(-1.538370149107E-16,-1.,0.));
#11994 = PCURVE('',#4051,#11995);
#11995 = DEFINITIONAL_REPRESENTATION('',(#11996),#11999);
#11996 = B_SPLINE_CURVE_WITH_KNOTS('',1,(#11997,#11998),.UNSPECIFIED.,
  .F.,.F.,(2,2),(-11.60474041071,-5.831237718815),
  .PIECEWISE_BEZIER_KNOTS.);
#11997 = CARTESIAN_POINT('',(5.773502691896,-3.2));
#11998 = CARTESIAN_POINT('',(0.,-3.2));
#11999 = ( GEOMETRIC_REPRESENTATION_CONTEXT(2) 
PARAMETRIC_REPRESENTATION_CONTEXT() REPRESENTATION_CONTEXT('2D SPACE',''
  ) );
#12000 = PCURVE('',#5933,#12001);
#12001 = DEFINITIONAL_REPRESENTATION('',(#12002),#12005);
#12002 = B_SPLINE_CURVE_WITH_KNOTS('',1,(#12003,#12004),.UNSPECIFIED.,
  .F.,.F.,(2,2),(-11.60474041071,-5.831237718815),
  .PIECEWISE_BEZIER_KNOTS.);
#12003 = CARTESIAN_POINT('',(5.,17.435978129527));
#12004 = CARTESIAN_POINT('',(5.,11.66247543763));
#12005 = ( GEOMETRIC_REPRESENTATION_CONTEXT(2) 
PARAMETRIC_REPRESENTATION_CONTEXT() REPRESENTATION_CONTEXT('2D SPACE',''
  ) );
#12006 = ORIENTED_EDGE('',*,*,#12007,.F.);
#12007 = EDGE_CURVE('',#4011,#11987,#12008,.T.);
#12008 = SURFACE_CURVE('',#12009,(#12013,#12020),.PCURVE_S1.);
#12009 = LINE('',#12010,#12011);
#12010 = CARTESIAN_POINT('',(5.,17.435978129527,-1.));
#12011 = VECTOR('',#12012,1.);
#12012 = DIRECTION('',(0.,0.,1.));
#12013 = PCURVE('',#4051,#12014);
#12014 = DEFINITIONAL_REPRESENTATION('',(#12015),#12019);
#12015 = LINE('',#12016,#12017);
#12016 = CARTESIAN_POINT('',(5.773502691896,0.));
#12017 = VECTOR('',#12018,1.);
#12018 = DIRECTION('',(0.,-1.));
#12019 = ( GEOMETRIC_REPRESENTATION_CONTEXT(2) 
PARAMETRIC_REPRESENTATION_CONTEXT() REPRESENTATION_CONTEXT('2D SPACE',''
  ) );
#12020 = PCURVE('',#4025,#12021);
#12021 = DEFINITIONAL_REPRESENTATION('',(#12022),#12026);
#12022 = LINE('',#12023,#12024);
#12023 = CARTESIAN_POINT('',(0.,0.));
#12024 = VECTOR('',#12025,1.);
#12025 = DIRECTION('',(0.,-1.));
#12026 = ( GEOMETRIC_REPRESENTATION_CONTEXT(2) 
PARAMETRIC_REPRESENTATION_CONTEXT() REPRESENTATION_CONTEXT('2D SPACE',''
  ) );
#12027 = ADVANCED_FACE('',(#12028),#4025,.T.);
#12028 = FACE_BOUND('',#12029,.T.);
#12029 = EDGE_LOOP('',(#12030,#12031,#12032,#12053));
#12030 = ORIENTED_EDGE('',*,*,#4010,.T.);
#12031 = ORIENTED_EDGE('',*,*,#12007,.T.);
#12032 = ORIENTED_EDGE('',*,*,#12033,.F.);
#12033 = EDGE_CURVE('',#12034,#11987,#12036,.T.);
#12034 = VERTEX_POINT('',#12035);
#12035 = CARTESIAN_POINT('',(2.129881918975E-15,20.322729475475,2.2));
#12036 = SURFACE_CURVE('',#12037,(#12041,#12047),.PCURVE_S1.);
#12037 = LINE('',#12038,#12039);
#12038 = CARTESIAN_POINT('',(6.9,16.339012618066,2.2));
#12039 = VECTOR('',#12040,1.);
#12040 = DIRECTION('',(0.866025403784,-0.5,0.));
#12041 = PCURVE('',#4025,#12042);
#12042 = DEFINITIONAL_REPRESENTATION('',(#12043),#12046);
#12043 = B_SPLINE_CURVE_WITH_KNOTS('',1,(#12044,#12045),.UNSPECIFIED.,
  .F.,.F.,(2,2),(-7.967433714817,-2.193931022921),
  .PIECEWISE_BEZIER_KNOTS.);
#12044 = CARTESIAN_POINT('',(5.773502691896,-3.2));
#12045 = CARTESIAN_POINT('',(0.,-3.2));
#12046 = ( GEOMETRIC_REPRESENTATION_CONTEXT(2) 
PARAMETRIC_REPRESENTATION_CONTEXT() REPRESENTATION_CONTEXT('2D SPACE',''
  ) );
#12047 = PCURVE('',#5933,#12048);
#12048 = DEFINITIONAL_REPRESENTATION('',(#12049),#12052);
#12049 = B_SPLINE_CURVE_WITH_KNOTS('',1,(#12050,#12051),.UNSPECIFIED.,
  .F.,.F.,(2,2),(-7.967433714817,-2.193931022921),
  .PIECEWISE_BEZIER_KNOTS.);
#12050 = CARTESIAN_POINT('',(8.879769899482E-17,20.322729475475));
#12051 = CARTESIAN_POINT('',(5.,17.435978129527));
#12052 = ( GEOMETRIC_REPRESENTATION_CONTEXT(2) 
PARAMETRIC_REPRESENTATION_CONTEXT() REPRESENTATION_CONTEXT('2D SPACE',''
  ) );
#12053 = ORIENTED_EDGE('',*,*,#12054,.F.);
#12054 = EDGE_CURVE('',#3985,#12034,#12055,.T.);
#12055 = SURFACE_CURVE('',#12056,(#12060,#12067),.PCURVE_S1.);
#12056 = LINE('',#12057,#12058);
#12057 = CARTESIAN_POINT('',(2.129881918975E-15,20.322729475475,-1.));
#12058 = VECTOR('',#12059,1.);
#12059 = DIRECTION('',(0.,0.,1.));
#12060 = PCURVE('',#4025,#12061);
#12061 = DEFINITIONAL_REPRESENTATION('',(#12062),#12066);
#12062 = LINE('',#12063,#12064);
#12063 = CARTESIAN_POINT('',(5.773502691896,0.));
#12064 = VECTOR('',#12065,1.);
#12065 = DIRECTION('',(0.,-1.));
#12066 = ( GEOMETRIC_REPRESENTATION_CONTEXT(2) 
PARAMETRIC_REPRESENTATION_CONTEXT() REPRESENTATION_CONTEXT('2D SPACE',''
  ) );
#12067 = PCURVE('',#3999,#12068);
#12068 = DEFINITIONAL_REPRESENTATION('',(#12069),#12073);
#12069 = LINE('',#12070,#12071);
#12070 = CARTESIAN_POINT('',(0.,0.));
#12071 = VECTOR('',#12072,1.);
#12072 = DIRECTION('',(0.,-1.));
#12073 = ( GEOMETRIC_REPRESENTATION_CONTEXT(2) 
PARAMETRIC_REPRESENTATION_CONTEXT() REPRESENTATION_CONTEXT('2D SPACE',''
  ) );
#12074 = ADVANCED_FACE('',(#12075),#3999,.T.);
#12075 = FACE_BOUND('',#12076,.T.);
#12076 = EDGE_LOOP('',(#12077,#12078,#12079,#12098));
#12077 = ORIENTED_EDGE('',*,*,#3984,.T.);
#12078 = ORIENTED_EDGE('',*,*,#12054,.T.);
#12079 = ORIENTED_EDGE('',*,*,#12080,.F.);
#12080 = EDGE_CURVE('',#11823,#12034,#12081,.T.);
#12081 = SURFACE_CURVE('',#12082,(#12086,#12092),.PCURVE_S1.);
#12082 = LINE('',#12083,#12084);
#12083 = CARTESIAN_POINT('',(-4.4,17.78238829104,2.2));
#12084 = VECTOR('',#12085,1.);
#12085 = DIRECTION('',(0.866025403784,0.5,-0.));
#12086 = PCURVE('',#3999,#12087);
#12087 = DEFINITIONAL_REPRESENTATION('',(#12088),#12091);
#12088 = B_SPLINE_CURVE_WITH_KNOTS('',1,(#12089,#12090),.UNSPECIFIED.,
  .F.,.F.,(2,2),(-0.692820323028,5.080682368869),
  .PIECEWISE_BEZIER_KNOTS.);
#12089 = CARTESIAN_POINT('',(5.773502691896,-3.2));
#12090 = CARTESIAN_POINT('',(0.,-3.2));
#12091 = ( GEOMETRIC_REPRESENTATION_CONTEXT(2) 
PARAMETRIC_REPRESENTATION_CONTEXT() REPRESENTATION_CONTEXT('2D SPACE',''
  ) );
#12092 = PCURVE('',#5933,#12093);
#12093 = DEFINITIONAL_REPRESENTATION('',(#12094),#12097);
#12094 = B_SPLINE_CURVE_WITH_KNOTS('',1,(#12095,#12096),.UNSPECIFIED.,
  .F.,.F.,(2,2),(-0.692820323028,5.080682368869),
  .PIECEWISE_BEZIER_KNOTS.);
#12095 = CARTESIAN_POINT('',(-5.,17.435978129527));
#12096 = CARTESIAN_POINT('',(1.186038076171E-15,20.322729475475));
#12097 = ( GEOMETRIC_REPRESENTATION_CONTEXT(2) 
PARAMETRIC_REPRESENTATION_CONTEXT() REPRESENTATION_CONTEXT('2D SPACE',''
  ) );
#12098 = ORIENTED_EDGE('',*,*,#11822,.F.);
#12099 = ADVANCED_FACE('',(#12100),#4131,.T.);
#12100 = FACE_BOUND('',#12101,.T.);
#12101 = EDGE_LOOP('',(#12102,#12103,#12126,#12147));
#12102 = ORIENTED_EDGE('',*,*,#4114,.T.);
#12103 = ORIENTED_EDGE('',*,*,#12104,.T.);
#12104 = EDGE_CURVE('',#4117,#12105,#12107,.T.);
#12105 = VERTEX_POINT('',#12106);
#12106 = CARTESIAN_POINT('',(11.8,7.736493607141,2.2));
#12107 = SURFACE_CURVE('',#12108,(#12112,#12119),.PCURVE_S1.);
#12108 = LINE('',#12109,#12110);
#12109 = CARTESIAN_POINT('',(11.8,7.736493607141,-1.));
#12110 = VECTOR('',#12111,1.);
#12111 = DIRECTION('',(0.,0.,1.));
#12112 = PCURVE('',#4131,#12113);
#12113 = DEFINITIONAL_REPRESENTATION('',(#12114),#12118);
#12114 = LINE('',#12115,#12116);
#12115 = CARTESIAN_POINT('',(0.,0.));
#12116 = VECTOR('',#12117,1.);
#12117 = DIRECTION('',(0.,-1.));
#12118 = ( GEOMETRIC_REPRESENTATION_CONTEXT(2) 
PARAMETRIC_REPRESENTATION_CONTEXT() REPRESENTATION_CONTEXT('2D SPACE',''
  ) );
#12119 = PCURVE('',#4157,#12120);
#12120 = DEFINITIONAL_REPRESENTATION('',(#12121),#12125);
#12121 = LINE('',#12122,#12123);
#12122 = CARTESIAN_POINT('',(5.773502691896,0.));
#12123 = VECTOR('',#12124,1.);
#12124 = DIRECTION('',(0.,-1.));
#12125 = ( GEOMETRIC_REPRESENTATION_CONTEXT(2) 
PARAMETRIC_REPRESENTATION_CONTEXT() REPRESENTATION_CONTEXT('2D SPACE',''
  ) );
#12126 = ORIENTED_EDGE('',*,*,#12127,.F.);
#12127 = EDGE_CURVE('',#12128,#12105,#12130,.T.);
#12128 = VERTEX_POINT('',#12129);
#12129 = CARTESIAN_POINT('',(11.8,1.962990915245,2.2));
#12130 = SURFACE_CURVE('',#12131,(#12135,#12141),.PCURVE_S1.);
#12131 = LINE('',#12132,#12133);
#12132 = CARTESIAN_POINT('',(11.8,3.86824680357,2.2));
#12133 = VECTOR('',#12134,1.);
#12134 = DIRECTION('',(4.615110447321E-16,1.,-0.));
#12135 = PCURVE('',#4131,#12136);
#12136 = DEFINITIONAL_REPRESENTATION('',(#12137),#12140);
#12137 = B_SPLINE_CURVE_WITH_KNOTS('',1,(#12138,#12139),.UNSPECIFIED.,
  .F.,.F.,(2,2),(-1.905255888326,3.86824680357),
  .PIECEWISE_BEZIER_KNOTS.);
#12138 = CARTESIAN_POINT('',(5.773502691896,-3.2));
#12139 = CARTESIAN_POINT('',(0.,-3.2));
#12140 = ( GEOMETRIC_REPRESENTATION_CONTEXT(2) 
PARAMETRIC_REPRESENTATION_CONTEXT() REPRESENTATION_CONTEXT('2D SPACE',''
  ) );
#12141 = PCURVE('',#5933,#12142);
#12142 = DEFINITIONAL_REPRESENTATION('',(#12143),#12146);
#12143 = B_SPLINE_CURVE_WITH_KNOTS('',1,(#12144,#12145),.UNSPECIFIED.,
  .F.,.F.,(2,2),(-1.905255888326,3.86824680357),
  .PIECEWISE_BEZIER_KNOTS.);
#12144 = CARTESIAN_POINT('',(11.8,1.962990915245));
#12145 = CARTESIAN_POINT('',(11.8,7.736493607141));
#12146 = ( GEOMETRIC_REPRESENTATION_CONTEXT(2) 
PARAMETRIC_REPRESENTATION_CONTEXT() REPRESENTATION_CONTEXT('2D SPACE',''
  ) );
#12147 = ORIENTED_EDGE('',*,*,#12148,.F.);
#12148 = EDGE_CURVE('',#4115,#12128,#12149,.T.);
#12149 = SURFACE_CURVE('',#12150,(#12154,#12161),.PCURVE_S1.);
#12150 = LINE('',#12151,#12152);
#12151 = CARTESIAN_POINT('',(11.8,1.962990915245,-1.));
#12152 = VECTOR('',#12153,1.);
#12153 = DIRECTION('',(0.,0.,1.));
#12154 = PCURVE('',#4131,#12155);
#12155 = DEFINITIONAL_REPRESENTATION('',(#12156),#12160);
#12156 = LINE('',#12157,#12158);
#12157 = CARTESIAN_POINT('',(5.773502691896,0.));
#12158 = VECTOR('',#12159,1.);
#12159 = DIRECTION('',(0.,-1.));
#12160 = ( GEOMETRIC_REPRESENTATION_CONTEXT(2) 
PARAMETRIC_REPRESENTATION_CONTEXT() REPRESENTATION_CONTEXT('2D SPACE',''
  ) );
#12161 = PCURVE('',#4259,#12162);
#12162 = DEFINITIONAL_REPRESENTATION('',(#12163),#12167);
#12163 = LINE('',#12164,#12165);
#12164 = CARTESIAN_POINT('',(0.,0.));
#12165 = VECTOR('',#12166,1.);
#12166 = DIRECTION('',(0.,-1.));
#12167 = ( GEOMETRIC_REPRESENTATION_CONTEXT(2) 
PARAMETRIC_REPRESENTATION_CONTEXT() REPRESENTATION_CONTEXT('2D SPACE',''
  ) );
#12168 = ADVANCED_FACE('',(#12169),#4259,.T.);
#12169 = FACE_BOUND('',#12170,.T.);
#12170 = EDGE_LOOP('',(#12171,#12172,#12173,#12194));
#12171 = ORIENTED_EDGE('',*,*,#4246,.T.);
#12172 = ORIENTED_EDGE('',*,*,#12148,.T.);
#12173 = ORIENTED_EDGE('',*,*,#12174,.F.);
#12174 = EDGE_CURVE('',#12175,#12128,#12177,.T.);
#12175 = VERTEX_POINT('',#12176);
#12176 = CARTESIAN_POINT('',(16.8,-0.923760430703,2.2));
#12177 = SURFACE_CURVE('',#12178,(#12182,#12188),.PCURVE_S1.);
#12178 = LINE('',#12179,#12180);
#12179 = CARTESIAN_POINT('',(7.8,4.272391992003,2.2));
#12180 = VECTOR('',#12181,1.);
#12181 = DIRECTION('',(-0.866025403784,0.5,0.));
#12182 = PCURVE('',#4259,#12183);
#12183 = DEFINITIONAL_REPRESENTATION('',(#12184),#12187);
#12184 = B_SPLINE_CURVE_WITH_KNOTS('',1,(#12185,#12186),.UNSPECIFIED.,
  .F.,.F.,(2,2),(-10.39230484541,-4.618802153517),
  .PIECEWISE_BEZIER_KNOTS.);
#12185 = CARTESIAN_POINT('',(5.773502691896,-3.2));
#12186 = CARTESIAN_POINT('',(0.,-3.2));
#12187 = ( GEOMETRIC_REPRESENTATION_CONTEXT(2) 
PARAMETRIC_REPRESENTATION_CONTEXT() REPRESENTATION_CONTEXT('2D SPACE',''
  ) );
#12188 = PCURVE('',#5933,#12189);
#12189 = DEFINITIONAL_REPRESENTATION('',(#12190),#12193);
#12190 = B_SPLINE_CURVE_WITH_KNOTS('',1,(#12191,#12192),.UNSPECIFIED.,
  .F.,.F.,(2,2),(-10.39230484541,-4.618802153517),
  .PIECEWISE_BEZIER_KNOTS.);
#12191 = CARTESIAN_POINT('',(16.8,-0.923760430703));
#12192 = CARTESIAN_POINT('',(11.8,1.962990915245));
#12193 = ( GEOMETRIC_REPRESENTATION_CONTEXT(2) 
PARAMETRIC_REPRESENTATION_CONTEXT() REPRESENTATION_CONTEXT('2D SPACE',''
  ) );
#12194 = ORIENTED_EDGE('',*,*,#12195,.F.);
#12195 = EDGE_CURVE('',#4221,#12175,#12196,.T.);
#12196 = SURFACE_CURVE('',#12197,(#12201,#12208),.PCURVE_S1.);
#12197 = LINE('',#12198,#12199);
#12198 = CARTESIAN_POINT('',(16.8,-0.923760430703,-1.));
#12199 = VECTOR('',#12200,1.);
#12200 = DIRECTION('',(0.,0.,1.));
#12201 = PCURVE('',#4259,#12202);
#12202 = DEFINITIONAL_REPRESENTATION('',(#12203),#12207);
#12203 = LINE('',#12204,#12205);
#12204 = CARTESIAN_POINT('',(5.773502691896,0.));
#12205 = VECTOR('',#12206,1.);
#12206 = DIRECTION('',(0.,-1.));
#12207 = ( GEOMETRIC_REPRESENTATION_CONTEXT(2) 
PARAMETRIC_REPRESENTATION_CONTEXT() REPRESENTATION_CONTEXT('2D SPACE',''
  ) );
#12208 = PCURVE('',#4235,#12209);
#12209 = DEFINITIONAL_REPRESENTATION('',(#12210),#12214);
#12210 = LINE('',#12211,#12212);
#12211 = CARTESIAN_POINT('',(0.,0.));
#12212 = VECTOR('',#12213,1.);
#12213 = DIRECTION('',(0.,-1.));
#12214 = ( GEOMETRIC_REPRESENTATION_CONTEXT(2) 
PARAMETRIC_REPRESENTATION_CONTEXT() REPRESENTATION_CONTEXT('2D SPACE',''
  ) );
#12215 = ADVANCED_FACE('',(#12216),#4235,.T.);
#12216 = FACE_BOUND('',#12217,.T.);
#12217 = EDGE_LOOP('',(#12218,#12219,#12220,#12241));
#12218 = ORIENTED_EDGE('',*,*,#4220,.T.);
#12219 = ORIENTED_EDGE('',*,*,#12195,.T.);
#12220 = ORIENTED_EDGE('',*,*,#12221,.F.);
#12221 = EDGE_CURVE('',#12222,#12175,#12224,.T.);
#12222 = VERTEX_POINT('',#12223);
#12223 = CARTESIAN_POINT('',(21.8,1.962990915245,2.2));
#12224 = SURFACE_CURVE('',#12225,(#12229,#12235),.PCURVE_S1.);
#12225 = LINE('',#12226,#12227);
#12226 = CARTESIAN_POINT('',(10.7,-4.44559707276,2.2));
#12227 = VECTOR('',#12228,1.);
#12228 = DIRECTION('',(-0.866025403784,-0.5,0.));
#12229 = PCURVE('',#4235,#12230);
#12230 = DEFINITIONAL_REPRESENTATION('',(#12231),#12234);
#12231 = B_SPLINE_CURVE_WITH_KNOTS('',1,(#12232,#12233),.UNSPECIFIED.,
  .F.,.F.,(2,2),(-12.81717597601,-7.043673284113),
  .PIECEWISE_BEZIER_KNOTS.);
#12232 = CARTESIAN_POINT('',(5.773502691896,-3.2));
#12233 = CARTESIAN_POINT('',(0.,-3.2));
#12234 = ( GEOMETRIC_REPRESENTATION_CONTEXT(2) 
PARAMETRIC_REPRESENTATION_CONTEXT() REPRESENTATION_CONTEXT('2D SPACE',''
  ) );
#12235 = PCURVE('',#5933,#12236);
#12236 = DEFINITIONAL_REPRESENTATION('',(#12237),#12240);
#12237 = B_SPLINE_CURVE_WITH_KNOTS('',1,(#12238,#12239),.UNSPECIFIED.,
  .F.,.F.,(2,2),(-12.81717597601,-7.043673284113),
  .PIECEWISE_BEZIER_KNOTS.);
#12238 = CARTESIAN_POINT('',(21.8,1.962990915245));
#12239 = CARTESIAN_POINT('',(16.8,-0.923760430703));
#12240 = ( GEOMETRIC_REPRESENTATION_CONTEXT(2) 
PARAMETRIC_REPRESENTATION_CONTEXT() REPRESENTATION_CONTEXT('2D SPACE',''
  ) );
#12241 = ORIENTED_EDGE('',*,*,#12242,.F.);
#12242 = EDGE_CURVE('',#4195,#12222,#12243,.T.);
#12243 = SURFACE_CURVE('',#12244,(#12248,#12255),.PCURVE_S1.);
#12244 = LINE('',#12245,#12246);
#12245 = CARTESIAN_POINT('',(21.8,1.962990915245,-1.));
#12246 = VECTOR('',#12247,1.);
#12247 = DIRECTION('',(0.,0.,1.));
#12248 = PCURVE('',#4235,#12249);
#12249 = DEFINITIONAL_REPRESENTATION('',(#12250),#12254);
#12250 = LINE('',#12251,#12252);
#12251 = CARTESIAN_POINT('',(5.773502691896,0.));
#12252 = VECTOR('',#12253,1.);
#12253 = DIRECTION('',(0.,-1.));
#12254 = ( GEOMETRIC_REPRESENTATION_CONTEXT(2) 
PARAMETRIC_REPRESENTATION_CONTEXT() REPRESENTATION_CONTEXT('2D SPACE',''
  ) );
#12255 = PCURVE('',#4209,#12256);
#12256 = DEFINITIONAL_REPRESENTATION('',(#12257),#12261);
#12257 = LINE('',#12258,#12259);
#12258 = CARTESIAN_POINT('',(0.,0.));
#12259 = VECTOR('',#12260,1.);
#12260 = DIRECTION('',(0.,-1.));
#12261 = ( GEOMETRIC_REPRESENTATION_CONTEXT(2) 
PARAMETRIC_REPRESENTATION_CONTEXT() REPRESENTATION_CONTEXT('2D SPACE',''
  ) );
#12262 = ADVANCED_FACE('',(#12263),#4209,.T.);
#12263 = FACE_BOUND('',#12264,.T.);
#12264 = EDGE_LOOP('',(#12265,#12266,#12267,#12288));
#12265 = ORIENTED_EDGE('',*,*,#4194,.T.);
#12266 = ORIENTED_EDGE('',*,*,#12242,.T.);
#12267 = ORIENTED_EDGE('',*,*,#12268,.F.);
#12268 = EDGE_CURVE('',#12269,#12222,#12271,.T.);
#12269 = VERTEX_POINT('',#12270);
#12270 = CARTESIAN_POINT('',(21.8,7.736493607141,2.2));
#12271 = SURFACE_CURVE('',#12272,(#12276,#12282),.PCURVE_S1.);
#12272 = LINE('',#12273,#12274);
#12273 = CARTESIAN_POINT('',(21.8,0.981495457622,2.2));
#12274 = VECTOR('',#12275,1.);
#12275 = DIRECTION('',(-1.538370149107E-16,-1.,0.));
#12276 = PCURVE('',#4209,#12277);
#12277 = DEFINITIONAL_REPRESENTATION('',(#12278),#12281);
#12278 = B_SPLINE_CURVE_WITH_KNOTS('',1,(#12279,#12280),.UNSPECIFIED.,
  .F.,.F.,(2,2),(-6.754998149519,-0.981495457622),
  .PIECEWISE_BEZIER_KNOTS.);
#12279 = CARTESIAN_POINT('',(5.773502691896,-3.2));
#12280 = CARTESIAN_POINT('',(0.,-3.2));
#12281 = ( GEOMETRIC_REPRESENTATION_CONTEXT(2) 
PARAMETRIC_REPRESENTATION_CONTEXT() REPRESENTATION_CONTEXT('2D SPACE',''
  ) );
#12282 = PCURVE('',#5933,#12283);
#12283 = DEFINITIONAL_REPRESENTATION('',(#12284),#12287);
#12284 = B_SPLINE_CURVE_WITH_KNOTS('',1,(#12285,#12286),.UNSPECIFIED.,
  .F.,.F.,(2,2),(-6.754998149519,-0.981495457622),
  .PIECEWISE_BEZIER_KNOTS.);
#12285 = CARTESIAN_POINT('',(21.8,7.736493607141));
#12286 = CARTESIAN_POINT('',(21.8,1.962990915245));
#12287 = ( GEOMETRIC_REPRESENTATION_CONTEXT(2) 
PARAMETRIC_REPRESENTATION_CONTEXT() REPRESENTATION_CONTEXT('2D SPACE',''
  ) );
#12288 = ORIENTED_EDGE('',*,*,#12289,.F.);
#12289 = EDGE_CURVE('',#4169,#12269,#12290,.T.);
#12290 = SURFACE_CURVE('',#12291,(#12295,#12302),.PCURVE_S1.);
#12291 = LINE('',#12292,#12293);
#12292 = CARTESIAN_POINT('',(21.8,7.736493607141,-1.));
#12293 = VECTOR('',#12294,1.);
#12294 = DIRECTION('',(0.,0.,1.));
#12295 = PCURVE('',#4209,#12296);
#12296 = DEFINITIONAL_REPRESENTATION('',(#12297),#12301);
#12297 = LINE('',#12298,#12299);
#12298 = CARTESIAN_POINT('',(5.773502691896,0.));
#12299 = VECTOR('',#12300,1.);
#12300 = DIRECTION('',(0.,-1.));
#12301 = ( GEOMETRIC_REPRESENTATION_CONTEXT(2) 
PARAMETRIC_REPRESENTATION_CONTEXT() REPRESENTATION_CONTEXT('2D SPACE',''
  ) );
#12302 = PCURVE('',#4183,#12303);
#12303 = DEFINITIONAL_REPRESENTATION('',(#12304),#12308);
#12304 = LINE('',#12305,#12306);
#12305 = CARTESIAN_POINT('',(0.,0.));
#12306 = VECTOR('',#12307,1.);
#12307 = DIRECTION('',(0.,-1.));
#12308 = ( GEOMETRIC_REPRESENTATION_CONTEXT(2) 
PARAMETRIC_REPRESENTATION_CONTEXT() REPRESENTATION_CONTEXT('2D SPACE',''
  ) );
#12309 = ADVANCED_FACE('',(#12310),#4183,.T.);
#12310 = FACE_BOUND('',#12311,.T.);
#12311 = EDGE_LOOP('',(#12312,#12313,#12314,#12335));
#12312 = ORIENTED_EDGE('',*,*,#4168,.T.);
#12313 = ORIENTED_EDGE('',*,*,#12289,.T.);
#12314 = ORIENTED_EDGE('',*,*,#12315,.F.);
#12315 = EDGE_CURVE('',#12316,#12269,#12318,.T.);
#12316 = VERTEX_POINT('',#12317);
#12317 = CARTESIAN_POINT('',(16.8,10.623244953089,2.2));
#12318 = SURFACE_CURVE('',#12319,(#12323,#12329),.PCURVE_S1.);
#12319 = LINE('',#12320,#12321);
#12320 = CARTESIAN_POINT('',(15.3,11.489270356874,2.2));
#12321 = VECTOR('',#12322,1.);
#12322 = DIRECTION('',(0.866025403784,-0.5,0.));
#12323 = PCURVE('',#4183,#12324);
#12324 = DEFINITIONAL_REPRESENTATION('',(#12325),#12328);
#12325 = B_SPLINE_CURVE_WITH_KNOTS('',1,(#12326,#12327),.UNSPECIFIED.,
  .F.,.F.,(2,2),(1.732050807569,7.505553499465),
  .PIECEWISE_BEZIER_KNOTS.);
#12326 = CARTESIAN_POINT('',(5.773502691896,-3.2));
#12327 = CARTESIAN_POINT('',(0.,-3.2));
#12328 = ( GEOMETRIC_REPRESENTATION_CONTEXT(2) 
PARAMETRIC_REPRESENTATION_CONTEXT() REPRESENTATION_CONTEXT('2D SPACE',''
  ) );
#12329 = PCURVE('',#5933,#12330);
#12330 = DEFINITIONAL_REPRESENTATION('',(#12331),#12334);
#12331 = B_SPLINE_CURVE_WITH_KNOTS('',1,(#12332,#12333),.UNSPECIFIED.,
  .F.,.F.,(2,2),(1.732050807569,7.505553499465),
  .PIECEWISE_BEZIER_KNOTS.);
#12332 = CARTESIAN_POINT('',(16.8,10.623244953089));
#12333 = CARTESIAN_POINT('',(21.8,7.736493607141));
#12334 = ( GEOMETRIC_REPRESENTATION_CONTEXT(2) 
PARAMETRIC_REPRESENTATION_CONTEXT() REPRESENTATION_CONTEXT('2D SPACE',''
  ) );
#12335 = ORIENTED_EDGE('',*,*,#12336,.F.);
#12336 = EDGE_CURVE('',#4143,#12316,#12337,.T.);
#12337 = SURFACE_CURVE('',#12338,(#12342,#12349),.PCURVE_S1.);
#12338 = LINE('',#12339,#12340);
#12339 = CARTESIAN_POINT('',(16.8,10.623244953089,-1.));
#12340 = VECTOR('',#12341,1.);
#12341 = DIRECTION('',(0.,0.,1.));
#12342 = PCURVE('',#4183,#12343);
#12343 = DEFINITIONAL_REPRESENTATION('',(#12344),#12348);
#12344 = LINE('',#12345,#12346);
#12345 = CARTESIAN_POINT('',(5.773502691896,0.));
#12346 = VECTOR('',#12347,1.);
#12347 = DIRECTION('',(0.,-1.));
#12348 = ( GEOMETRIC_REPRESENTATION_CONTEXT(2) 
PARAMETRIC_REPRESENTATION_CONTEXT() REPRESENTATION_CONTEXT('2D SPACE',''
  ) );
#12349 = PCURVE('',#4157,#12350);
#12350 = DEFINITIONAL_REPRESENTATION('',(#12351),#12355);
#12351 = LINE('',#12352,#12353);
#12352 = CARTESIAN_POINT('',(0.,0.));
#12353 = VECTOR('',#12354,1.);
#12354 = DIRECTION('',(0.,-1.));
#12355 = ( GEOMETRIC_REPRESENTATION_CONTEXT(2) 
PARAMETRIC_REPRESENTATION_CONTEXT() REPRESENTATION_CONTEXT('2D SPACE',''
  ) );
#12356 = ADVANCED_FACE('',(#12357),#4157,.T.);
#12357 = FACE_BOUND('',#12358,.T.);
#12358 = EDGE_LOOP('',(#12359,#12360,#12361,#12380));
#12359 = ORIENTED_EDGE('',*,*,#4142,.T.);
#12360 = ORIENTED_EDGE('',*,*,#12336,.T.);
#12361 = ORIENTED_EDGE('',*,*,#12362,.F.);
#12362 = EDGE_CURVE('',#12105,#12316,#12363,.T.);
#12363 = SURFACE_CURVE('',#12364,(#12368,#12374),.PCURVE_S1.);
#12364 = LINE('',#12365,#12366);
#12365 = CARTESIAN_POINT('',(8.2,5.658032638058,2.2));
#12366 = VECTOR('',#12367,1.);
#12367 = DIRECTION('',(0.866025403784,0.5,-0.));
#12368 = PCURVE('',#4157,#12369);
#12369 = DEFINITIONAL_REPRESENTATION('',(#12370),#12373);
#12370 = B_SPLINE_CURVE_WITH_KNOTS('',1,(#12371,#12372),.UNSPECIFIED.,
  .F.,.F.,(2,2),(4.156921938165,9.930424630062),
  .PIECEWISE_BEZIER_KNOTS.);
#12371 = CARTESIAN_POINT('',(5.773502691896,-3.2));
#12372 = CARTESIAN_POINT('',(0.,-3.2));
#12373 = ( GEOMETRIC_REPRESENTATION_CONTEXT(2) 
PARAMETRIC_REPRESENTATION_CONTEXT() REPRESENTATION_CONTEXT('2D SPACE',''
  ) );
#12374 = PCURVE('',#5933,#12375);
#12375 = DEFINITIONAL_REPRESENTATION('',(#12376),#12379);
#12376 = B_SPLINE_CURVE_WITH_KNOTS('',1,(#12377,#12378),.UNSPECIFIED.,
  .F.,.F.,(2,2),(4.156921938165,9.930424630062),
  .PIECEWISE_BEZIER_KNOTS.);
#12377 = CARTESIAN_POINT('',(11.8,7.736493607141));
#12378 = CARTESIAN_POINT('',(16.8,10.623244953089));
#12379 = ( GEOMETRIC_REPRESENTATION_CONTEXT(2) 
PARAMETRIC_REPRESENTATION_CONTEXT() REPRESENTATION_CONTEXT('2D SPACE',''
  ) );
#12380 = ORIENTED_EDGE('',*,*,#12104,.F.);
#12381 = ADVANCED_FACE('',(#12382),#4289,.T.);
#12382 = FACE_BOUND('',#12383,.T.);
#12383 = EDGE_LOOP('',(#12384,#12385,#12408,#12429));
#12384 = ORIENTED_EDGE('',*,*,#4272,.T.);
#12385 = ORIENTED_EDGE('',*,*,#12386,.T.);
#12386 = EDGE_CURVE('',#4275,#12387,#12389,.T.);
#12387 = VERTEX_POINT('',#12388);
#12388 = CARTESIAN_POINT('',(6.2,17.435978129527,2.2));
#12389 = SURFACE_CURVE('',#12390,(#12394,#12401),.PCURVE_S1.);
#12390 = LINE('',#12391,#12392);
#12391 = CARTESIAN_POINT('',(6.2,17.435978129527,-1.));
#12392 = VECTOR('',#12393,1.);
#12393 = DIRECTION('',(0.,0.,1.));
#12394 = PCURVE('',#4289,#12395);
#12395 = DEFINITIONAL_REPRESENTATION('',(#12396),#12400);
#12396 = LINE('',#12397,#12398);
#12397 = CARTESIAN_POINT('',(0.,0.));
#12398 = VECTOR('',#12399,1.);
#12399 = DIRECTION('',(0.,-1.));
#12400 = ( GEOMETRIC_REPRESENTATION_CONTEXT(2) 
PARAMETRIC_REPRESENTATION_CONTEXT() REPRESENTATION_CONTEXT('2D SPACE',''
  ) );
#12401 = PCURVE('',#4315,#12402);
#12402 = DEFINITIONAL_REPRESENTATION('',(#12403),#12407);
#12403 = LINE('',#12404,#12405);
#12404 = CARTESIAN_POINT('',(5.773502691896,0.));
#12405 = VECTOR('',#12406,1.);
#12406 = DIRECTION('',(0.,-1.));
#12407 = ( GEOMETRIC_REPRESENTATION_CONTEXT(2) 
PARAMETRIC_REPRESENTATION_CONTEXT() REPRESENTATION_CONTEXT('2D SPACE',''
  ) );
#12408 = ORIENTED_EDGE('',*,*,#12409,.F.);
#12409 = EDGE_CURVE('',#12410,#12387,#12412,.T.);
#12410 = VERTEX_POINT('',#12411);
#12411 = CARTESIAN_POINT('',(6.2,11.66247543763,2.2));
#12412 = SURFACE_CURVE('',#12413,(#12417,#12423),.PCURVE_S1.);
#12413 = LINE('',#12414,#12415);
#12414 = CARTESIAN_POINT('',(6.2,8.717989064763,2.2));
#12415 = VECTOR('',#12416,1.);
#12416 = DIRECTION('',(4.615110447321E-16,1.,-0.));
#12417 = PCURVE('',#4289,#12418);
#12418 = DEFINITIONAL_REPRESENTATION('',(#12419),#12422);
#12419 = B_SPLINE_CURVE_WITH_KNOTS('',1,(#12420,#12421),.UNSPECIFIED.,
  .F.,.F.,(2,2),(2.944486372867,8.717989064763),
  .PIECEWISE_BEZIER_KNOTS.);
#12420 = CARTESIAN_POINT('',(5.773502691896,-3.2));
#12421 = CARTESIAN_POINT('',(0.,-3.2));
#12422 = ( GEOMETRIC_REPRESENTATION_CONTEXT(2) 
PARAMETRIC_REPRESENTATION_CONTEXT() REPRESENTATION_CONTEXT('2D SPACE',''
  ) );
#12423 = PCURVE('',#5933,#12424);
#12424 = DEFINITIONAL_REPRESENTATION('',(#12425),#12428);
#12425 = B_SPLINE_CURVE_WITH_KNOTS('',1,(#12426,#12427),.UNSPECIFIED.,
  .F.,.F.,(2,2),(2.944486372867,8.717989064763),
  .PIECEWISE_BEZIER_KNOTS.);
#12426 = CARTESIAN_POINT('',(6.2,11.66247543763));
#12427 = CARTESIAN_POINT('',(6.2,17.435978129527));
#12428 = ( GEOMETRIC_REPRESENTATION_CONTEXT(2) 
PARAMETRIC_REPRESENTATION_CONTEXT() REPRESENTATION_CONTEXT('2D SPACE',''
  ) );
#12429 = ORIENTED_EDGE('',*,*,#12430,.F.);
#12430 = EDGE_CURVE('',#4273,#12410,#12431,.T.);
#12431 = SURFACE_CURVE('',#12432,(#12436,#12443),.PCURVE_S1.);
#12432 = LINE('',#12433,#12434);
#12433 = CARTESIAN_POINT('',(6.2,11.66247543763,-1.));
#12434 = VECTOR('',#12435,1.);
#12435 = DIRECTION('',(0.,0.,1.));
#12436 = PCURVE('',#4289,#12437);
#12437 = DEFINITIONAL_REPRESENTATION('',(#12438),#12442);
#12438 = LINE('',#12439,#12440);
#12439 = CARTESIAN_POINT('',(5.773502691896,0.));
#12440 = VECTOR('',#12441,1.);
#12441 = DIRECTION('',(0.,-1.));
#12442 = ( GEOMETRIC_REPRESENTATION_CONTEXT(2) 
PARAMETRIC_REPRESENTATION_CONTEXT() REPRESENTATION_CONTEXT('2D SPACE',''
  ) );
#12443 = PCURVE('',#4417,#12444);
#12444 = DEFINITIONAL_REPRESENTATION('',(#12445),#12449);
#12445 = LINE('',#12446,#12447);
#12446 = CARTESIAN_POINT('',(0.,0.));
#12447 = VECTOR('',#12448,1.);
#12448 = DIRECTION('',(0.,-1.));
#12449 = ( GEOMETRIC_REPRESENTATION_CONTEXT(2) 
PARAMETRIC_REPRESENTATION_CONTEXT() REPRESENTATION_CONTEXT('2D SPACE',''
  ) );
#12450 = ADVANCED_FACE('',(#12451),#4417,.T.);
#12451 = FACE_BOUND('',#12452,.T.);
#12452 = EDGE_LOOP('',(#12453,#12454,#12455,#12476));
#12453 = ORIENTED_EDGE('',*,*,#4404,.T.);
#12454 = ORIENTED_EDGE('',*,*,#12430,.T.);
#12455 = ORIENTED_EDGE('',*,*,#12456,.F.);
#12456 = EDGE_CURVE('',#12457,#12410,#12459,.T.);
#12457 = VERTEX_POINT('',#12458);
#12458 = CARTESIAN_POINT('',(11.2,8.775724091682,2.2));
#12459 = SURFACE_CURVE('',#12460,(#12464,#12470),.PCURVE_S1.);
#12460 = LINE('',#12461,#12462);
#12461 = CARTESIAN_POINT('',(6.4,11.547005383793,2.2));
#12462 = VECTOR('',#12463,1.);
#12463 = DIRECTION('',(-0.866025403784,0.5,0.));
#12464 = PCURVE('',#4417,#12465);
#12465 = DEFINITIONAL_REPRESENTATION('',(#12466),#12469);
#12466 = B_SPLINE_CURVE_WITH_KNOTS('',1,(#12467,#12468),.UNSPECIFIED.,
  .F.,.F.,(2,2),(-5.54256258422,0.230940107676),
  .PIECEWISE_BEZIER_KNOTS.);
#12467 = CARTESIAN_POINT('',(5.773502691896,-3.2));
#12468 = CARTESIAN_POINT('',(0.,-3.2));
#12469 = ( GEOMETRIC_REPRESENTATION_CONTEXT(2) 
PARAMETRIC_REPRESENTATION_CONTEXT() REPRESENTATION_CONTEXT('2D SPACE',''
  ) );
#12470 = PCURVE('',#5933,#12471);
#12471 = DEFINITIONAL_REPRESENTATION('',(#12472),#12475);
#12472 = B_SPLINE_CURVE_WITH_KNOTS('',1,(#12473,#12474),.UNSPECIFIED.,
  .F.,.F.,(2,2),(-5.54256258422,0.230940107676),
  .PIECEWISE_BEZIER_KNOTS.);
#12473 = CARTESIAN_POINT('',(11.2,8.775724091682));
#12474 = CARTESIAN_POINT('',(6.2,11.66247543763));
#12475 = ( GEOMETRIC_REPRESENTATION_CONTEXT(2) 
PARAMETRIC_REPRESENTATION_CONTEXT() REPRESENTATION_CONTEXT('2D SPACE',''
  ) );
#12476 = ORIENTED_EDGE('',*,*,#12477,.F.);
#12477 = EDGE_CURVE('',#4379,#12457,#12478,.T.);
#12478 = SURFACE_CURVE('',#12479,(#12483,#12490),.PCURVE_S1.);
#12479 = LINE('',#12480,#12481);
#12480 = CARTESIAN_POINT('',(11.2,8.775724091682,-1.));
#12481 = VECTOR('',#12482,1.);
#12482 = DIRECTION('',(0.,0.,1.));
#12483 = PCURVE('',#4417,#12484);
#12484 = DEFINITIONAL_REPRESENTATION('',(#12485),#12489);
#12485 = LINE('',#12486,#12487);
#12486 = CARTESIAN_POINT('',(5.773502691896,0.));
#12487 = VECTOR('',#12488,1.);
#12488 = DIRECTION('',(0.,-1.));
#12489 = ( GEOMETRIC_REPRESENTATION_CONTEXT(2) 
PARAMETRIC_REPRESENTATION_CONTEXT() REPRESENTATION_CONTEXT('2D SPACE',''
  ) );
#12490 = PCURVE('',#4393,#12491);
#12491 = DEFINITIONAL_REPRESENTATION('',(#12492),#12496);
#12492 = LINE('',#12493,#12494);
#12493 = CARTESIAN_POINT('',(0.,0.));
#12494 = VECTOR('',#12495,1.);
#12495 = DIRECTION('',(0.,-1.));
#12496 = ( GEOMETRIC_REPRESENTATION_CONTEXT(2) 
PARAMETRIC_REPRESENTATION_CONTEXT() REPRESENTATION_CONTEXT('2D SPACE',''
  ) );
#12497 = ADVANCED_FACE('',(#12498),#4393,.T.);
#12498 = FACE_BOUND('',#12499,.T.);
#12499 = EDGE_LOOP('',(#12500,#12501,#12502,#12523));
#12500 = ORIENTED_EDGE('',*,*,#4378,.T.);
#12501 = ORIENTED_EDGE('',*,*,#12477,.T.);
#12502 = ORIENTED_EDGE('',*,*,#12503,.F.);
#12503 = EDGE_CURVE('',#12504,#12457,#12506,.T.);
#12504 = VERTEX_POINT('',#12505);
#12505 = CARTESIAN_POINT('',(16.2,11.66247543763,2.2));
#12506 = SURFACE_CURVE('',#12507,(#12511,#12517),.PCURVE_S1.);
#12507 = LINE('',#12508,#12509);
#12508 = CARTESIAN_POINT('',(5.1,5.253887449626,2.2));
#12509 = VECTOR('',#12510,1.);
#12510 = DIRECTION('',(-0.866025403784,-0.5,0.));
#12511 = PCURVE('',#4393,#12512);
#12512 = DEFINITIONAL_REPRESENTATION('',(#12513),#12516);
#12513 = B_SPLINE_CURVE_WITH_KNOTS('',1,(#12514,#12515),.UNSPECIFIED.,
  .F.,.F.,(2,2),(-12.81717597601,-7.043673284113),
  .PIECEWISE_BEZIER_KNOTS.);
#12514 = CARTESIAN_POINT('',(5.773502691896,-3.2));
#12515 = CARTESIAN_POINT('',(0.,-3.2));
#12516 = ( GEOMETRIC_REPRESENTATION_CONTEXT(2) 
PARAMETRIC_REPRESENTATION_CONTEXT() REPRESENTATION_CONTEXT('2D SPACE',''
  ) );
#12517 = PCURVE('',#5933,#12518);
#12518 = DEFINITIONAL_REPRESENTATION('',(#12519),#12522);
#12519 = B_SPLINE_CURVE_WITH_KNOTS('',1,(#12520,#12521),.UNSPECIFIED.,
  .F.,.F.,(2,2),(-12.81717597601,-7.043673284113),
  .PIECEWISE_BEZIER_KNOTS.);
#12520 = CARTESIAN_POINT('',(16.2,11.66247543763));
#12521 = CARTESIAN_POINT('',(11.2,8.775724091682));
#12522 = ( GEOMETRIC_REPRESENTATION_CONTEXT(2) 
PARAMETRIC_REPRESENTATION_CONTEXT() REPRESENTATION_CONTEXT('2D SPACE',''
  ) );
#12523 = ORIENTED_EDGE('',*,*,#12524,.F.);
#12524 = EDGE_CURVE('',#4353,#12504,#12525,.T.);
#12525 = SURFACE_CURVE('',#12526,(#12530,#12537),.PCURVE_S1.);
#12526 = LINE('',#12527,#12528);
#12527 = CARTESIAN_POINT('',(16.2,11.66247543763,-1.));
#12528 = VECTOR('',#12529,1.);
#12529 = DIRECTION('',(0.,0.,1.));
#12530 = PCURVE('',#4393,#12531);
#12531 = DEFINITIONAL_REPRESENTATION('',(#12532),#12536);
#12532 = LINE('',#12533,#12534);
#12533 = CARTESIAN_POINT('',(5.773502691896,0.));
#12534 = VECTOR('',#12535,1.);
#12535 = DIRECTION('',(0.,-1.));
#12536 = ( GEOMETRIC_REPRESENTATION_CONTEXT(2) 
PARAMETRIC_REPRESENTATION_CONTEXT() REPRESENTATION_CONTEXT('2D SPACE',''
  ) );
#12537 = PCURVE('',#4367,#12538);
#12538 = DEFINITIONAL_REPRESENTATION('',(#12539),#12543);
#12539 = LINE('',#12540,#12541);
#12540 = CARTESIAN_POINT('',(0.,0.));
#12541 = VECTOR('',#12542,1.);
#12542 = DIRECTION('',(0.,-1.));
#12543 = ( GEOMETRIC_REPRESENTATION_CONTEXT(2) 
PARAMETRIC_REPRESENTATION_CONTEXT() REPRESENTATION_CONTEXT('2D SPACE',''
  ) );
#12544 = ADVANCED_FACE('',(#12545),#4367,.T.);
#12545 = FACE_BOUND('',#12546,.T.);
#12546 = EDGE_LOOP('',(#12547,#12548,#12549,#12570));
#12547 = ORIENTED_EDGE('',*,*,#4352,.T.);
#12548 = ORIENTED_EDGE('',*,*,#12524,.T.);
#12549 = ORIENTED_EDGE('',*,*,#12550,.F.);
#12550 = EDGE_CURVE('',#12551,#12504,#12553,.T.);
#12551 = VERTEX_POINT('',#12552);
#12552 = CARTESIAN_POINT('',(16.2,17.435978129527,2.2));
#12553 = SURFACE_CURVE('',#12554,(#12558,#12564),.PCURVE_S1.);
#12554 = LINE('',#12555,#12556);
#12555 = CARTESIAN_POINT('',(16.2,5.831237718815,2.2));
#12556 = VECTOR('',#12557,1.);
#12557 = DIRECTION('',(-1.538370149107E-16,-1.,0.));
#12558 = PCURVE('',#4367,#12559);
#12559 = DEFINITIONAL_REPRESENTATION('',(#12560),#12563);
#12560 = B_SPLINE_CURVE_WITH_KNOTS('',1,(#12561,#12562),.UNSPECIFIED.,
  .F.,.F.,(2,2),(-11.60474041071,-5.831237718815),
  .PIECEWISE_BEZIER_KNOTS.);
#12561 = CARTESIAN_POINT('',(5.773502691896,-3.2));
#12562 = CARTESIAN_POINT('',(0.,-3.2));
#12563 = ( GEOMETRIC_REPRESENTATION_CONTEXT(2) 
PARAMETRIC_REPRESENTATION_CONTEXT() REPRESENTATION_CONTEXT('2D SPACE',''
  ) );
#12564 = PCURVE('',#5933,#12565);
#12565 = DEFINITIONAL_REPRESENTATION('',(#12566),#12569);
#12566 = B_SPLINE_CURVE_WITH_KNOTS('',1,(#12567,#12568),.UNSPECIFIED.,
  .F.,.F.,(2,2),(-11.60474041071,-5.831237718815),
  .PIECEWISE_BEZIER_KNOTS.);
#12567 = CARTESIAN_POINT('',(16.2,17.435978129527));
#12568 = CARTESIAN_POINT('',(16.2,11.66247543763));
#12569 = ( GEOMETRIC_REPRESENTATION_CONTEXT(2) 
PARAMETRIC_REPRESENTATION_CONTEXT() REPRESENTATION_CONTEXT('2D SPACE',''
  ) );
#12570 = ORIENTED_EDGE('',*,*,#12571,.F.);
#12571 = EDGE_CURVE('',#4327,#12551,#12572,.T.);
#12572 = SURFACE_CURVE('',#12573,(#12577,#12584),.PCURVE_S1.);
#12573 = LINE('',#12574,#12575);
#12574 = CARTESIAN_POINT('',(16.2,17.435978129527,-1.));
#12575 = VECTOR('',#12576,1.);
#12576 = DIRECTION('',(0.,0.,1.));
#12577 = PCURVE('',#4367,#12578);
#12578 = DEFINITIONAL_REPRESENTATION('',(#12579),#12583);
#12579 = LINE('',#12580,#12581);
#12580 = CARTESIAN_POINT('',(5.773502691896,0.));
#12581 = VECTOR('',#12582,1.);
#12582 = DIRECTION('',(0.,-1.));
#12583 = ( GEOMETRIC_REPRESENTATION_CONTEXT(2) 
PARAMETRIC_REPRESENTATION_CONTEXT() REPRESENTATION_CONTEXT('2D SPACE',''
  ) );
#12584 = PCURVE('',#4341,#12585);
#12585 = DEFINITIONAL_REPRESENTATION('',(#12586),#12590);
#12586 = LINE('',#12587,#12588);
#12587 = CARTESIAN_POINT('',(0.,0.));
#12588 = VECTOR('',#12589,1.);
#12589 = DIRECTION('',(0.,-1.));
#12590 = ( GEOMETRIC_REPRESENTATION_CONTEXT(2) 
PARAMETRIC_REPRESENTATION_CONTEXT() REPRESENTATION_CONTEXT('2D SPACE',''
  ) );
#12591 = ADVANCED_FACE('',(#12592),#4341,.T.);
#12592 = FACE_BOUND('',#12593,.T.);
#12593 = EDGE_LOOP('',(#12594,#12595,#12596,#12617));
#12594 = ORIENTED_EDGE('',*,*,#4326,.T.);
#12595 = ORIENTED_EDGE('',*,*,#12571,.T.);
#12596 = ORIENTED_EDGE('',*,*,#12597,.F.);
#12597 = EDGE_CURVE('',#12598,#12551,#12600,.T.);
#12598 = VERTEX_POINT('',#12599);
#12599 = CARTESIAN_POINT('',(11.2,20.322729475475,2.2));
#12600 = SURFACE_CURVE('',#12601,(#12605,#12611),.PCURVE_S1.);
#12601 = LINE('',#12602,#12603);
#12602 = CARTESIAN_POINT('',(13.9,18.763883748663,2.2));
#12603 = VECTOR('',#12604,1.);
#12604 = DIRECTION('',(0.866025403784,-0.5,0.));
#12605 = PCURVE('',#4341,#12606);
#12606 = DEFINITIONAL_REPRESENTATION('',(#12607),#12610);
#12607 = B_SPLINE_CURVE_WITH_KNOTS('',1,(#12608,#12609),.UNSPECIFIED.,
  .F.,.F.,(2,2),(-3.117691453624,2.655811238272),
  .PIECEWISE_BEZIER_KNOTS.);
#12608 = CARTESIAN_POINT('',(5.773502691896,-3.2));
#12609 = CARTESIAN_POINT('',(0.,-3.2));
#12610 = ( GEOMETRIC_REPRESENTATION_CONTEXT(2) 
PARAMETRIC_REPRESENTATION_CONTEXT() REPRESENTATION_CONTEXT('2D SPACE',''
  ) );
#12611 = PCURVE('',#5933,#12612);
#12612 = DEFINITIONAL_REPRESENTATION('',(#12613),#12616);
#12613 = B_SPLINE_CURVE_WITH_KNOTS('',1,(#12614,#12615),.UNSPECIFIED.,
  .F.,.F.,(2,2),(-3.117691453624,2.655811238272),
  .PIECEWISE_BEZIER_KNOTS.);
#12614 = CARTESIAN_POINT('',(11.2,20.322729475475));
#12615 = CARTESIAN_POINT('',(16.2,17.435978129527));
#12616 = ( GEOMETRIC_REPRESENTATION_CONTEXT(2) 
PARAMETRIC_REPRESENTATION_CONTEXT() REPRESENTATION_CONTEXT('2D SPACE',''
  ) );
#12617 = ORIENTED_EDGE('',*,*,#12618,.F.);
#12618 = EDGE_CURVE('',#4301,#12598,#12619,.T.);
#12619 = SURFACE_CURVE('',#12620,(#12624,#12631),.PCURVE_S1.);
#12620 = LINE('',#12621,#12622);
#12621 = CARTESIAN_POINT('',(11.2,20.322729475475,-1.));
#12622 = VECTOR('',#12623,1.);
#12623 = DIRECTION('',(0.,0.,1.));
#12624 = PCURVE('',#4341,#12625);
#12625 = DEFINITIONAL_REPRESENTATION('',(#12626),#12630);
#12626 = LINE('',#12627,#12628);
#12627 = CARTESIAN_POINT('',(5.773502691896,0.));
#12628 = VECTOR('',#12629,1.);
#12629 = DIRECTION('',(0.,-1.));
#12630 = ( GEOMETRIC_REPRESENTATION_CONTEXT(2) 
PARAMETRIC_REPRESENTATION_CONTEXT() REPRESENTATION_CONTEXT('2D SPACE',''
  ) );
#12631 = PCURVE('',#4315,#12632);
#12632 = DEFINITIONAL_REPRESENTATION('',(#12633),#12637);
#12633 = LINE('',#12634,#12635);
#12634 = CARTESIAN_POINT('',(0.,0.));
#12635 = VECTOR('',#12636,1.);
#12636 = DIRECTION('',(0.,-1.));
#12637 = ( GEOMETRIC_REPRESENTATION_CONTEXT(2) 
PARAMETRIC_REPRESENTATION_CONTEXT() REPRESENTATION_CONTEXT('2D SPACE',''
  ) );
#12638 = ADVANCED_FACE('',(#12639),#4315,.T.);
#12639 = FACE_BOUND('',#12640,.T.);
#12640 = EDGE_LOOP('',(#12641,#12642,#12643,#12662));
#12641 = ORIENTED_EDGE('',*,*,#4300,.T.);
#12642 = ORIENTED_EDGE('',*,*,#12618,.T.);
#12643 = ORIENTED_EDGE('',*,*,#12644,.F.);
#12644 = EDGE_CURVE('',#12387,#12598,#12645,.T.);
#12645 = SURFACE_CURVE('',#12646,(#12650,#12656),.PCURVE_S1.);
#12646 = LINE('',#12647,#12648);
#12647 = CARTESIAN_POINT('',(2.6,15.357517160444,2.2));
#12648 = VECTOR('',#12649,1.);
#12649 = DIRECTION('',(0.866025403784,0.5,-0.));
#12650 = PCURVE('',#4315,#12651);
#12651 = DEFINITIONAL_REPRESENTATION('',(#12652),#12655);
#12652 = B_SPLINE_CURVE_WITH_KNOTS('',1,(#12653,#12654),.UNSPECIFIED.,
  .F.,.F.,(2,2),(4.156921938165,9.930424630062),
  .PIECEWISE_BEZIER_KNOTS.);
#12653 = CARTESIAN_POINT('',(5.773502691896,-3.2));
#12654 = CARTESIAN_POINT('',(0.,-3.2));
#12655 = ( GEOMETRIC_REPRESENTATION_CONTEXT(2) 
PARAMETRIC_REPRESENTATION_CONTEXT() REPRESENTATION_CONTEXT('2D SPACE',''
  ) );
#12656 = PCURVE('',#5933,#12657);
#12657 = DEFINITIONAL_REPRESENTATION('',(#12658),#12661);
#12658 = B_SPLINE_CURVE_WITH_KNOTS('',1,(#12659,#12660),.UNSPECIFIED.,
  .F.,.F.,(2,2),(4.156921938165,9.930424630062),
  .PIECEWISE_BEZIER_KNOTS.);
#12659 = CARTESIAN_POINT('',(6.2,17.435978129527));
#12660 = CARTESIAN_POINT('',(11.2,20.322729475475));
#12661 = ( GEOMETRIC_REPRESENTATION_CONTEXT(2) 
PARAMETRIC_REPRESENTATION_CONTEXT() REPRESENTATION_CONTEXT('2D SPACE',''
  ) );
#12662 = ORIENTED_EDGE('',*,*,#12386,.F.);
#12663 = ADVANCED_FACE('',(#12664),#4447,.T.);
#12664 = FACE_BOUND('',#12665,.T.);
#12665 = EDGE_LOOP('',(#12666,#12667,#12690,#12711));
#12666 = ORIENTED_EDGE('',*,*,#4430,.T.);
#12667 = ORIENTED_EDGE('',*,*,#12668,.T.);
#12668 = EDGE_CURVE('',#4433,#12669,#12671,.T.);
#12669 = VERTEX_POINT('',#12670);
#12670 = CARTESIAN_POINT('',(0.6,27.135462651912,2.2));
#12671 = SURFACE_CURVE('',#12672,(#12676,#12683),.PCURVE_S1.);
#12672 = LINE('',#12673,#12674);
#12673 = CARTESIAN_POINT('',(0.6,27.135462651912,-1.));
#12674 = VECTOR('',#12675,1.);
#12675 = DIRECTION('',(0.,0.,1.));
#12676 = PCURVE('',#4447,#12677);
#12677 = DEFINITIONAL_REPRESENTATION('',(#12678),#12682);
#12678 = LINE('',#12679,#12680);
#12679 = CARTESIAN_POINT('',(0.,0.));
#12680 = VECTOR('',#12681,1.);
#12681 = DIRECTION('',(0.,-1.));
#12682 = ( GEOMETRIC_REPRESENTATION_CONTEXT(2) 
PARAMETRIC_REPRESENTATION_CONTEXT() REPRESENTATION_CONTEXT('2D SPACE',''
  ) );
#12683 = PCURVE('',#4473,#12684);
#12684 = DEFINITIONAL_REPRESENTATION('',(#12685),#12689);
#12685 = LINE('',#12686,#12687);
#12686 = CARTESIAN_POINT('',(5.773502691896,0.));
#12687 = VECTOR('',#12688,1.);
#12688 = DIRECTION('',(0.,-1.));
#12689 = ( GEOMETRIC_REPRESENTATION_CONTEXT(2) 
PARAMETRIC_REPRESENTATION_CONTEXT() REPRESENTATION_CONTEXT('2D SPACE',''
  ) );
#12690 = ORIENTED_EDGE('',*,*,#12691,.F.);
#12691 = EDGE_CURVE('',#12692,#12669,#12694,.T.);
#12692 = VERTEX_POINT('',#12693);
#12693 = CARTESIAN_POINT('',(0.6,21.361959960016,2.2));
#12694 = SURFACE_CURVE('',#12695,(#12699,#12705),.PCURVE_S1.);
#12695 = LINE('',#12696,#12697);
#12696 = CARTESIAN_POINT('',(0.6,13.567731325956,2.2));
#12697 = VECTOR('',#12698,1.);
#12698 = DIRECTION('',(4.615110447321E-16,1.,-0.));
#12699 = PCURVE('',#4447,#12700);
#12700 = DEFINITIONAL_REPRESENTATION('',(#12701),#12704);
#12701 = B_SPLINE_CURVE_WITH_KNOTS('',1,(#12702,#12703),.UNSPECIFIED.,
  .F.,.F.,(2,2),(7.79422863406,13.567731325956),
  .PIECEWISE_BEZIER_KNOTS.);
#12702 = CARTESIAN_POINT('',(5.773502691896,-3.2));
#12703 = CARTESIAN_POINT('',(0.,-3.2));
#12704 = ( GEOMETRIC_REPRESENTATION_CONTEXT(2) 
PARAMETRIC_REPRESENTATION_CONTEXT() REPRESENTATION_CONTEXT('2D SPACE',''
  ) );
#12705 = PCURVE('',#5933,#12706);
#12706 = DEFINITIONAL_REPRESENTATION('',(#12707),#12710);
#12707 = B_SPLINE_CURVE_WITH_KNOTS('',1,(#12708,#12709),.UNSPECIFIED.,
  .F.,.F.,(2,2),(7.79422863406,13.567731325956),
  .PIECEWISE_BEZIER_KNOTS.);
#12708 = CARTESIAN_POINT('',(0.6,21.361959960016));
#12709 = CARTESIAN_POINT('',(0.6,27.135462651912));
#12710 = ( GEOMETRIC_REPRESENTATION_CONTEXT(2) 
PARAMETRIC_REPRESENTATION_CONTEXT() REPRESENTATION_CONTEXT('2D SPACE',''
  ) );
#12711 = ORIENTED_EDGE('',*,*,#12712,.F.);
#12712 = EDGE_CURVE('',#4431,#12692,#12713,.T.);
#12713 = SURFACE_CURVE('',#12714,(#12718,#12725),.PCURVE_S1.);
#12714 = LINE('',#12715,#12716);
#12715 = CARTESIAN_POINT('',(0.6,21.361959960016,-1.));
#12716 = VECTOR('',#12717,1.);
#12717 = DIRECTION('',(0.,0.,1.));
#12718 = PCURVE('',#4447,#12719);
#12719 = DEFINITIONAL_REPRESENTATION('',(#12720),#12724);
#12720 = LINE('',#12721,#12722);
#12721 = CARTESIAN_POINT('',(5.773502691896,0.));
#12722 = VECTOR('',#12723,1.);
#12723 = DIRECTION('',(0.,-1.));
#12724 = ( GEOMETRIC_REPRESENTATION_CONTEXT(2) 
PARAMETRIC_REPRESENTATION_CONTEXT() REPRESENTATION_CONTEXT('2D SPACE',''
  ) );
#12725 = PCURVE('',#4575,#12726);
#12726 = DEFINITIONAL_REPRESENTATION('',(#12727),#12731);
#12727 = LINE('',#12728,#12729);
#12728 = CARTESIAN_POINT('',(0.,0.));
#12729 = VECTOR('',#12730,1.);
#12730 = DIRECTION('',(0.,-1.));
#12731 = ( GEOMETRIC_REPRESENTATION_CONTEXT(2) 
PARAMETRIC_REPRESENTATION_CONTEXT() REPRESENTATION_CONTEXT('2D SPACE',''
  ) );
#12732 = ADVANCED_FACE('',(#12733),#4575,.T.);
#12733 = FACE_BOUND('',#12734,.T.);
#12734 = EDGE_LOOP('',(#12735,#12736,#12737,#12758));
#12735 = ORIENTED_EDGE('',*,*,#4562,.T.);
#12736 = ORIENTED_EDGE('',*,*,#12712,.T.);
#12737 = ORIENTED_EDGE('',*,*,#12738,.F.);
#12738 = EDGE_CURVE('',#12739,#12692,#12741,.T.);
#12739 = VERTEX_POINT('',#12740);
#12740 = CARTESIAN_POINT('',(5.6,18.475208614068,2.2));
#12741 = SURFACE_CURVE('',#12742,(#12746,#12752),.PCURVE_S1.);
#12742 = LINE('',#12743,#12744);
#12743 = CARTESIAN_POINT('',(5.,18.821618775582,2.2));
#12744 = VECTOR('',#12745,1.);
#12745 = DIRECTION('',(-0.866025403784,0.5,0.));
#12746 = PCURVE('',#4575,#12747);
#12747 = DEFINITIONAL_REPRESENTATION('',(#12748),#12751);
#12748 = B_SPLINE_CURVE_WITH_KNOTS('',1,(#12749,#12750),.UNSPECIFIED.,
  .F.,.F.,(2,2),(-0.692820323028,5.080682368869),
  .PIECEWISE_BEZIER_KNOTS.);
#12749 = CARTESIAN_POINT('',(5.773502691896,-3.2));
#12750 = CARTESIAN_POINT('',(0.,-3.2));
#12751 = ( GEOMETRIC_REPRESENTATION_CONTEXT(2) 
PARAMETRIC_REPRESENTATION_CONTEXT() REPRESENTATION_CONTEXT('2D SPACE',''
  ) );
#12752 = PCURVE('',#5933,#12753);
#12753 = DEFINITIONAL_REPRESENTATION('',(#12754),#12757);
#12754 = B_SPLINE_CURVE_WITH_KNOTS('',1,(#12755,#12756),.UNSPECIFIED.,
  .F.,.F.,(2,2),(-0.692820323028,5.080682368869),
  .PIECEWISE_BEZIER_KNOTS.);
#12755 = CARTESIAN_POINT('',(5.6,18.475208614068));
#12756 = CARTESIAN_POINT('',(0.6,21.361959960016));
#12757 = ( GEOMETRIC_REPRESENTATION_CONTEXT(2) 
PARAMETRIC_REPRESENTATION_CONTEXT() REPRESENTATION_CONTEXT('2D SPACE',''
  ) );
#12758 = ORIENTED_EDGE('',*,*,#12759,.F.);
#12759 = EDGE_CURVE('',#4537,#12739,#12760,.T.);
#12760 = SURFACE_CURVE('',#12761,(#12765,#12772),.PCURVE_S1.);
#12761 = LINE('',#12762,#12763);
#12762 = CARTESIAN_POINT('',(5.6,18.475208614068,-1.));
#12763 = VECTOR('',#12764,1.);
#12764 = DIRECTION('',(0.,0.,1.));
#12765 = PCURVE('',#4575,#12766);
#12766 = DEFINITIONAL_REPRESENTATION('',(#12767),#12771);
#12767 = LINE('',#12768,#12769);
#12768 = CARTESIAN_POINT('',(5.773502691896,0.));
#12769 = VECTOR('',#12770,1.);
#12770 = DIRECTION('',(0.,-1.));
#12771 = ( GEOMETRIC_REPRESENTATION_CONTEXT(2) 
PARAMETRIC_REPRESENTATION_CONTEXT() REPRESENTATION_CONTEXT('2D SPACE',''
  ) );
#12772 = PCURVE('',#4551,#12773);
#12773 = DEFINITIONAL_REPRESENTATION('',(#12774),#12778);
#12774 = LINE('',#12775,#12776);
#12775 = CARTESIAN_POINT('',(0.,0.));
#12776 = VECTOR('',#12777,1.);
#12777 = DIRECTION('',(0.,-1.));
#12778 = ( GEOMETRIC_REPRESENTATION_CONTEXT(2) 
PARAMETRIC_REPRESENTATION_CONTEXT() REPRESENTATION_CONTEXT('2D SPACE',''
  ) );
#12779 = ADVANCED_FACE('',(#12780),#4551,.T.);
#12780 = FACE_BOUND('',#12781,.T.);
#12781 = EDGE_LOOP('',(#12782,#12783,#12784,#12805));
#12782 = ORIENTED_EDGE('',*,*,#4536,.T.);
#12783 = ORIENTED_EDGE('',*,*,#12759,.T.);
#12784 = ORIENTED_EDGE('',*,*,#12785,.F.);
#12785 = EDGE_CURVE('',#12786,#12739,#12788,.T.);
#12786 = VERTEX_POINT('',#12787);
#12787 = CARTESIAN_POINT('',(10.6,21.361959960016,2.2));
#12788 = SURFACE_CURVE('',#12789,(#12793,#12799),.PCURVE_S1.);
#12789 = LINE('',#12790,#12791);
#12790 = CARTESIAN_POINT('',(-0.5,14.953371972011,2.2));
#12791 = VECTOR('',#12792,1.);
#12792 = DIRECTION('',(-0.866025403784,-0.5,0.));
#12793 = PCURVE('',#4551,#12794);
#12794 = DEFINITIONAL_REPRESENTATION('',(#12795),#12798);
#12795 = B_SPLINE_CURVE_WITH_KNOTS('',1,(#12796,#12797),.UNSPECIFIED.,
  .F.,.F.,(2,2),(-12.81717597601,-7.043673284113),
  .PIECEWISE_BEZIER_KNOTS.);
#12796 = CARTESIAN_POINT('',(5.773502691896,-3.2));
#12797 = CARTESIAN_POINT('',(0.,-3.2));
#12798 = ( GEOMETRIC_REPRESENTATION_CONTEXT(2) 
PARAMETRIC_REPRESENTATION_CONTEXT() REPRESENTATION_CONTEXT('2D SPACE',''
  ) );
#12799 = PCURVE('',#5933,#12800);
#12800 = DEFINITIONAL_REPRESENTATION('',(#12801),#12804);
#12801 = B_SPLINE_CURVE_WITH_KNOTS('',1,(#12802,#12803),.UNSPECIFIED.,
  .F.,.F.,(2,2),(-12.81717597601,-7.043673284113),
  .PIECEWISE_BEZIER_KNOTS.);
#12802 = CARTESIAN_POINT('',(10.6,21.361959960016));
#12803 = CARTESIAN_POINT('',(5.6,18.475208614068));
#12804 = ( GEOMETRIC_REPRESENTATION_CONTEXT(2) 
PARAMETRIC_REPRESENTATION_CONTEXT() REPRESENTATION_CONTEXT('2D SPACE',''
  ) );
#12805 = ORIENTED_EDGE('',*,*,#12806,.F.);
#12806 = EDGE_CURVE('',#4511,#12786,#12807,.T.);
#12807 = SURFACE_CURVE('',#12808,(#12812,#12819),.PCURVE_S1.);
#12808 = LINE('',#12809,#12810);
#12809 = CARTESIAN_POINT('',(10.6,21.361959960016,-1.));
#12810 = VECTOR('',#12811,1.);
#12811 = DIRECTION('',(0.,0.,1.));
#12812 = PCURVE('',#4551,#12813);
#12813 = DEFINITIONAL_REPRESENTATION('',(#12814),#12818);
#12814 = LINE('',#12815,#12816);
#12815 = CARTESIAN_POINT('',(5.773502691896,0.));
#12816 = VECTOR('',#12817,1.);
#12817 = DIRECTION('',(0.,-1.));
#12818 = ( GEOMETRIC_REPRESENTATION_CONTEXT(2) 
PARAMETRIC_REPRESENTATION_CONTEXT() REPRESENTATION_CONTEXT('2D SPACE',''
  ) );
#12819 = PCURVE('',#4525,#12820);
#12820 = DEFINITIONAL_REPRESENTATION('',(#12821),#12825);
#12821 = LINE('',#12822,#12823);
#12822 = CARTESIAN_POINT('',(0.,0.));
#12823 = VECTOR('',#12824,1.);
#12824 = DIRECTION('',(0.,-1.));
#12825 = ( GEOMETRIC_REPRESENTATION_CONTEXT(2) 
PARAMETRIC_REPRESENTATION_CONTEXT() REPRESENTATION_CONTEXT('2D SPACE',''
  ) );
#12826 = ADVANCED_FACE('',(#12827),#4525,.T.);
#12827 = FACE_BOUND('',#12828,.T.);
#12828 = EDGE_LOOP('',(#12829,#12830,#12831,#12852));
#12829 = ORIENTED_EDGE('',*,*,#4510,.T.);
#12830 = ORIENTED_EDGE('',*,*,#12806,.T.);
#12831 = ORIENTED_EDGE('',*,*,#12832,.F.);
#12832 = EDGE_CURVE('',#12833,#12786,#12835,.T.);
#12833 = VERTEX_POINT('',#12834);
#12834 = CARTESIAN_POINT('',(10.6,27.135462651912,2.2));
#12835 = SURFACE_CURVE('',#12836,(#12840,#12846),.PCURVE_S1.);
#12836 = LINE('',#12837,#12838);
#12837 = CARTESIAN_POINT('',(10.6,10.680979980008,2.2));
#12838 = VECTOR('',#12839,1.);
#12839 = DIRECTION('',(-1.538370149107E-16,-1.,0.));
#12840 = PCURVE('',#4525,#12841);
#12841 = DEFINITIONAL_REPRESENTATION('',(#12842),#12845);
#12842 = B_SPLINE_CURVE_WITH_KNOTS('',1,(#12843,#12844),.UNSPECIFIED.,
  .F.,.F.,(2,2),(-16.4544826719,-10.68097998),.PIECEWISE_BEZIER_KNOTS.);
#12843 = CARTESIAN_POINT('',(5.773502691896,-3.2));
#12844 = CARTESIAN_POINT('',(0.,-3.2));
#12845 = ( GEOMETRIC_REPRESENTATION_CONTEXT(2) 
PARAMETRIC_REPRESENTATION_CONTEXT() REPRESENTATION_CONTEXT('2D SPACE',''
  ) );
#12846 = PCURVE('',#5933,#12847);
#12847 = DEFINITIONAL_REPRESENTATION('',(#12848),#12851);
#12848 = B_SPLINE_CURVE_WITH_KNOTS('',1,(#12849,#12850),.UNSPECIFIED.,
  .F.,.F.,(2,2),(-16.4544826719,-10.68097998),.PIECEWISE_BEZIER_KNOTS.);
#12849 = CARTESIAN_POINT('',(10.6,27.135462651912));
#12850 = CARTESIAN_POINT('',(10.6,21.361959960016));
#12851 = ( GEOMETRIC_REPRESENTATION_CONTEXT(2) 
PARAMETRIC_REPRESENTATION_CONTEXT() REPRESENTATION_CONTEXT('2D SPACE',''
  ) );
#12852 = ORIENTED_EDGE('',*,*,#12853,.F.);
#12853 = EDGE_CURVE('',#4485,#12833,#12854,.T.);
#12854 = SURFACE_CURVE('',#12855,(#12859,#12866),.PCURVE_S1.);
#12855 = LINE('',#12856,#12857);
#12856 = CARTESIAN_POINT('',(10.6,27.135462651912,-1.));
#12857 = VECTOR('',#12858,1.);
#12858 = DIRECTION('',(0.,0.,1.));
#12859 = PCURVE('',#4525,#12860);
#12860 = DEFINITIONAL_REPRESENTATION('',(#12861),#12865);
#12861 = LINE('',#12862,#12863);
#12862 = CARTESIAN_POINT('',(5.773502691896,0.));
#12863 = VECTOR('',#12864,1.);
#12864 = DIRECTION('',(0.,-1.));
#12865 = ( GEOMETRIC_REPRESENTATION_CONTEXT(2) 
PARAMETRIC_REPRESENTATION_CONTEXT() REPRESENTATION_CONTEXT('2D SPACE',''
  ) );
#12866 = PCURVE('',#4499,#12867);
#12867 = DEFINITIONAL_REPRESENTATION('',(#12868),#12872);
#12868 = LINE('',#12869,#12870);
#12869 = CARTESIAN_POINT('',(0.,0.));
#12870 = VECTOR('',#12871,1.);
#12871 = DIRECTION('',(0.,-1.));
#12872 = ( GEOMETRIC_REPRESENTATION_CONTEXT(2) 
PARAMETRIC_REPRESENTATION_CONTEXT() REPRESENTATION_CONTEXT('2D SPACE',''
  ) );
#12873 = ADVANCED_FACE('',(#12874),#4499,.T.);
#12874 = FACE_BOUND('',#12875,.T.);
#12875 = EDGE_LOOP('',(#12876,#12877,#12878,#12899));
#12876 = ORIENTED_EDGE('',*,*,#4484,.T.);
#12877 = ORIENTED_EDGE('',*,*,#12853,.T.);
#12878 = ORIENTED_EDGE('',*,*,#12879,.F.);
#12879 = EDGE_CURVE('',#12880,#12833,#12882,.T.);
#12880 = VERTEX_POINT('',#12881);
#12881 = CARTESIAN_POINT('',(5.6,30.022213997861,2.2));
#12882 = SURFACE_CURVE('',#12883,(#12887,#12893),.PCURVE_S1.);
#12883 = LINE('',#12884,#12885);
#12884 = CARTESIAN_POINT('',(12.5,26.038497140452,2.2));
#12885 = VECTOR('',#12886,1.);
#12886 = DIRECTION('',(0.866025403784,-0.5,0.));
#12887 = PCURVE('',#4499,#12888);
#12888 = DEFINITIONAL_REPRESENTATION('',(#12889),#12892);
#12889 = B_SPLINE_CURVE_WITH_KNOTS('',1,(#12890,#12891),.UNSPECIFIED.,
  .F.,.F.,(2,2),(-7.967433714817,-2.193931022921),
  .PIECEWISE_BEZIER_KNOTS.);
#12890 = CARTESIAN_POINT('',(5.773502691896,-3.2));
#12891 = CARTESIAN_POINT('',(0.,-3.2));
#12892 = ( GEOMETRIC_REPRESENTATION_CONTEXT(2) 
PARAMETRIC_REPRESENTATION_CONTEXT() REPRESENTATION_CONTEXT('2D SPACE',''
  ) );
#12893 = PCURVE('',#5933,#12894);
#12894 = DEFINITIONAL_REPRESENTATION('',(#12895),#12898);
#12895 = B_SPLINE_CURVE_WITH_KNOTS('',1,(#12896,#12897),.UNSPECIFIED.,
  .F.,.F.,(2,2),(-7.967433714817,-2.193931022921),
  .PIECEWISE_BEZIER_KNOTS.);
#12896 = CARTESIAN_POINT('',(5.6,30.022213997861));
#12897 = CARTESIAN_POINT('',(10.6,27.135462651912));
#12898 = ( GEOMETRIC_REPRESENTATION_CONTEXT(2) 
PARAMETRIC_REPRESENTATION_CONTEXT() REPRESENTATION_CONTEXT('2D SPACE',''
  ) );
#12899 = ORIENTED_EDGE('',*,*,#12900,.F.);
#12900 = EDGE_CURVE('',#4459,#12880,#12901,.T.);
#12901 = SURFACE_CURVE('',#12902,(#12906,#12913),.PCURVE_S1.);
#12902 = LINE('',#12903,#12904);
#12903 = CARTESIAN_POINT('',(5.6,30.022213997861,-1.));
#12904 = VECTOR('',#12905,1.);
#12905 = DIRECTION('',(0.,0.,1.));
#12906 = PCURVE('',#4499,#12907);
#12907 = DEFINITIONAL_REPRESENTATION('',(#12908),#12912);
#12908 = LINE('',#12909,#12910);
#12909 = CARTESIAN_POINT('',(5.773502691896,0.));
#12910 = VECTOR('',#12911,1.);
#12911 = DIRECTION('',(0.,-1.));
#12912 = ( GEOMETRIC_REPRESENTATION_CONTEXT(2) 
PARAMETRIC_REPRESENTATION_CONTEXT() REPRESENTATION_CONTEXT('2D SPACE',''
  ) );
#12913 = PCURVE('',#4473,#12914);
#12914 = DEFINITIONAL_REPRESENTATION('',(#12915),#12919);
#12915 = LINE('',#12916,#12917);
#12916 = CARTESIAN_POINT('',(0.,0.));
#12917 = VECTOR('',#12918,1.);
#12918 = DIRECTION('',(0.,-1.));
#12919 = ( GEOMETRIC_REPRESENTATION_CONTEXT(2) 
PARAMETRIC_REPRESENTATION_CONTEXT() REPRESENTATION_CONTEXT('2D SPACE',''
  ) );
#12920 = ADVANCED_FACE('',(#12921),#4473,.T.);
#12921 = FACE_BOUND('',#12922,.T.);
#12922 = EDGE_LOOP('',(#12923,#12924,#12925,#12944));
#12923 = ORIENTED_EDGE('',*,*,#4458,.T.);
#12924 = ORIENTED_EDGE('',*,*,#12900,.T.);
#12925 = ORIENTED_EDGE('',*,*,#12926,.F.);
#12926 = EDGE_CURVE('',#12669,#12880,#12927,.T.);
#12927 = SURFACE_CURVE('',#12928,(#12932,#12938),.PCURVE_S1.);
#12928 = LINE('',#12929,#12930);
#12929 = CARTESIAN_POINT('',(-3.,25.05700168283,2.2));
#12930 = VECTOR('',#12931,1.);
#12931 = DIRECTION('',(0.866025403784,0.5,-0.));
#12932 = PCURVE('',#4473,#12933);
#12933 = DEFINITIONAL_REPRESENTATION('',(#12934),#12937);
#12934 = B_SPLINE_CURVE_WITH_KNOTS('',1,(#12935,#12936),.UNSPECIFIED.,
  .F.,.F.,(2,2),(4.156921938165,9.930424630062),
  .PIECEWISE_BEZIER_KNOTS.);
#12935 = CARTESIAN_POINT('',(5.773502691896,-3.2));
#12936 = CARTESIAN_POINT('',(0.,-3.2));
#12937 = ( GEOMETRIC_REPRESENTATION_CONTEXT(2) 
PARAMETRIC_REPRESENTATION_CONTEXT() REPRESENTATION_CONTEXT('2D SPACE',''
  ) );
#12938 = PCURVE('',#5933,#12939);
#12939 = DEFINITIONAL_REPRESENTATION('',(#12940),#12943);
#12940 = B_SPLINE_CURVE_WITH_KNOTS('',1,(#12941,#12942),.UNSPECIFIED.,
  .F.,.F.,(2,2),(4.156921938165,9.930424630062),
  .PIECEWISE_BEZIER_KNOTS.);
#12941 = CARTESIAN_POINT('',(0.6,27.135462651912));
#12942 = CARTESIAN_POINT('',(5.6,30.022213997861));
#12943 = ( GEOMETRIC_REPRESENTATION_CONTEXT(2) 
PARAMETRIC_REPRESENTATION_CONTEXT() REPRESENTATION_CONTEXT('2D SPACE',''
  ) );
#12944 = ORIENTED_EDGE('',*,*,#12668,.F.);
#12945 = ADVANCED_FACE('',(#12946),#4605,.T.);
#12946 = FACE_BOUND('',#12947,.T.);
#12947 = EDGE_LOOP('',(#12948,#12949,#12972,#12993));
#12948 = ORIENTED_EDGE('',*,*,#4588,.T.);
#12949 = ORIENTED_EDGE('',*,*,#12950,.T.);
#12950 = EDGE_CURVE('',#4591,#12951,#12953,.T.);
#12951 = VERTEX_POINT('',#12952);
#12952 = CARTESIAN_POINT('',(-5.,36.834947174298,2.2));
#12953 = SURFACE_CURVE('',#12954,(#12958,#12965),.PCURVE_S1.);
#12954 = LINE('',#12955,#12956);
#12955 = CARTESIAN_POINT('',(-5.,36.834947174298,-1.));
#12956 = VECTOR('',#12957,1.);
#12957 = DIRECTION('',(0.,0.,1.));
#12958 = PCURVE('',#4605,#12959);
#12959 = DEFINITIONAL_REPRESENTATION('',(#12960),#12964);
#12960 = LINE('',#12961,#12962);
#12961 = CARTESIAN_POINT('',(0.,0.));
#12962 = VECTOR('',#12963,1.);
#12963 = DIRECTION('',(0.,-1.));
#12964 = ( GEOMETRIC_REPRESENTATION_CONTEXT(2) 
PARAMETRIC_REPRESENTATION_CONTEXT() REPRESENTATION_CONTEXT('2D SPACE',''
  ) );
#12965 = PCURVE('',#4631,#12966);
#12966 = DEFINITIONAL_REPRESENTATION('',(#12967),#12971);
#12967 = LINE('',#12968,#12969);
#12968 = CARTESIAN_POINT('',(5.773502691896,0.));
#12969 = VECTOR('',#12970,1.);
#12970 = DIRECTION('',(0.,-1.));
#12971 = ( GEOMETRIC_REPRESENTATION_CONTEXT(2) 
PARAMETRIC_REPRESENTATION_CONTEXT() REPRESENTATION_CONTEXT('2D SPACE',''
  ) );
#12972 = ORIENTED_EDGE('',*,*,#12973,.F.);
#12973 = EDGE_CURVE('',#12974,#12951,#12976,.T.);
#12974 = VERTEX_POINT('',#12975);
#12975 = CARTESIAN_POINT('',(-5.,31.061444482402,2.2));
#12976 = SURFACE_CURVE('',#12977,(#12981,#12987),.PCURVE_S1.);
#12977 = LINE('',#12978,#12979);
#12978 = CARTESIAN_POINT('',(-5.,18.417473587149,2.2));
#12979 = VECTOR('',#12980,1.);
#12980 = DIRECTION('',(4.615110447321E-16,1.,-0.));
#12981 = PCURVE('',#4605,#12982);
#12982 = DEFINITIONAL_REPRESENTATION('',(#12983),#12986);
#12983 = B_SPLINE_CURVE_WITH_KNOTS('',1,(#12984,#12985),.UNSPECIFIED.,
  .F.,.F.,(2,2),(12.643970895253,18.417473587149),
  .PIECEWISE_BEZIER_KNOTS.);
#12984 = CARTESIAN_POINT('',(5.773502691896,-3.2));
#12985 = CARTESIAN_POINT('',(0.,-3.2));
#12986 = ( GEOMETRIC_REPRESENTATION_CONTEXT(2) 
PARAMETRIC_REPRESENTATION_CONTEXT() REPRESENTATION_CONTEXT('2D SPACE',''
  ) );
#12987 = PCURVE('',#5933,#12988);
#12988 = DEFINITIONAL_REPRESENTATION('',(#12989),#12992);
#12989 = B_SPLINE_CURVE_WITH_KNOTS('',1,(#12990,#12991),.UNSPECIFIED.,
  .F.,.F.,(2,2),(12.643970895253,18.417473587149),
  .PIECEWISE_BEZIER_KNOTS.);
#12990 = CARTESIAN_POINT('',(-5.,31.061444482402));
#12991 = CARTESIAN_POINT('',(-5.,36.834947174298));
#12992 = ( GEOMETRIC_REPRESENTATION_CONTEXT(2) 
PARAMETRIC_REPRESENTATION_CONTEXT() REPRESENTATION_CONTEXT('2D SPACE',''
  ) );
#12993 = ORIENTED_EDGE('',*,*,#12994,.F.);
#12994 = EDGE_CURVE('',#4589,#12974,#12995,.T.);
#12995 = SURFACE_CURVE('',#12996,(#13000,#13007),.PCURVE_S1.);
#12996 = LINE('',#12997,#12998);
#12997 = CARTESIAN_POINT('',(-5.,31.061444482402,-1.));
#12998 = VECTOR('',#12999,1.);
#12999 = DIRECTION('',(0.,0.,1.));
#13000 = PCURVE('',#4605,#13001);
#13001 = DEFINITIONAL_REPRESENTATION('',(#13002),#13006);
#13002 = LINE('',#13003,#13004);
#13003 = CARTESIAN_POINT('',(5.773502691896,0.));
#13004 = VECTOR('',#13005,1.);
#13005 = DIRECTION('',(0.,-1.));
#13006 = ( GEOMETRIC_REPRESENTATION_CONTEXT(2) 
PARAMETRIC_REPRESENTATION_CONTEXT() REPRESENTATION_CONTEXT('2D SPACE',''
  ) );
#13007 = PCURVE('',#4733,#13008);
#13008 = DEFINITIONAL_REPRESENTATION('',(#13009),#13013);
#13009 = LINE('',#13010,#13011);
#13010 = CARTESIAN_POINT('',(0.,0.));
#13011 = VECTOR('',#13012,1.);
#13012 = DIRECTION('',(0.,-1.));
#13013 = ( GEOMETRIC_REPRESENTATION_CONTEXT(2) 
PARAMETRIC_REPRESENTATION_CONTEXT() REPRESENTATION_CONTEXT('2D SPACE',''
  ) );
#13014 = ADVANCED_FACE('',(#13015),#4733,.T.);
#13015 = FACE_BOUND('',#13016,.T.);
#13016 = EDGE_LOOP('',(#13017,#13018,#13019,#13040));
#13017 = ORIENTED_EDGE('',*,*,#4720,.T.);
#13018 = ORIENTED_EDGE('',*,*,#12994,.T.);
#13019 = ORIENTED_EDGE('',*,*,#13020,.F.);
#13020 = EDGE_CURVE('',#13021,#12974,#13023,.T.);
#13021 = VERTEX_POINT('',#13022);
#13022 = CARTESIAN_POINT('',(7.157816006753E-16,28.174693136454,2.2));
#13023 = SURFACE_CURVE('',#13024,(#13028,#13034),.PCURVE_S1.);
#13024 = LINE('',#13025,#13026);
#13025 = CARTESIAN_POINT('',(3.6,26.096232167371,2.2));
#13026 = VECTOR('',#13027,1.);
#13027 = DIRECTION('',(-0.866025403784,0.5,0.));
#13028 = PCURVE('',#4733,#13029);
#13029 = DEFINITIONAL_REPRESENTATION('',(#13030),#13033);
#13030 = B_SPLINE_CURVE_WITH_KNOTS('',1,(#13031,#13032),.UNSPECIFIED.,
  .F.,.F.,(2,2),(4.156921938165,9.930424630062),
  .PIECEWISE_BEZIER_KNOTS.);
#13031 = CARTESIAN_POINT('',(5.773502691896,-3.2));
#13032 = CARTESIAN_POINT('',(0.,-3.2));
#13033 = ( GEOMETRIC_REPRESENTATION_CONTEXT(2) 
PARAMETRIC_REPRESENTATION_CONTEXT() REPRESENTATION_CONTEXT('2D SPACE',''
  ) );
#13034 = PCURVE('',#5933,#13035);
#13035 = DEFINITIONAL_REPRESENTATION('',(#13036),#13039);
#13036 = B_SPLINE_CURVE_WITH_KNOTS('',1,(#13037,#13038),.UNSPECIFIED.,
  .F.,.F.,(2,2),(4.156921938165,9.930424630062),
  .PIECEWISE_BEZIER_KNOTS.);
#13037 = CARTESIAN_POINT('',(1.222888029407E-15,28.174693136454));
#13038 = CARTESIAN_POINT('',(-5.,31.061444482402));
#13039 = ( GEOMETRIC_REPRESENTATION_CONTEXT(2) 
PARAMETRIC_REPRESENTATION_CONTEXT() REPRESENTATION_CONTEXT('2D SPACE',''
  ) );
#13040 = ORIENTED_EDGE('',*,*,#13041,.F.);
#13041 = EDGE_CURVE('',#4695,#13021,#13042,.T.);
#13042 = SURFACE_CURVE('',#13043,(#13047,#13054),.PCURVE_S1.);
#13043 = LINE('',#13044,#13045);
#13044 = CARTESIAN_POINT('',(7.157816006753E-16,28.174693136454,-1.));
#13045 = VECTOR('',#13046,1.);
#13046 = DIRECTION('',(0.,0.,1.));
#13047 = PCURVE('',#4733,#13048);
#13048 = DEFINITIONAL_REPRESENTATION('',(#13049),#13053);
#13049 = LINE('',#13050,#13051);
#13050 = CARTESIAN_POINT('',(5.773502691896,0.));
#13051 = VECTOR('',#13052,1.);
#13052 = DIRECTION('',(0.,-1.));
#13053 = ( GEOMETRIC_REPRESENTATION_CONTEXT(2) 
PARAMETRIC_REPRESENTATION_CONTEXT() REPRESENTATION_CONTEXT('2D SPACE',''
  ) );
#13054 = PCURVE('',#4709,#13055);
#13055 = DEFINITIONAL_REPRESENTATION('',(#13056),#13060);
#13056 = LINE('',#13057,#13058);
#13057 = CARTESIAN_POINT('',(0.,0.));
#13058 = VECTOR('',#13059,1.);
#13059 = DIRECTION('',(0.,-1.));
#13060 = ( GEOMETRIC_REPRESENTATION_CONTEXT(2) 
PARAMETRIC_REPRESENTATION_CONTEXT() REPRESENTATION_CONTEXT('2D SPACE',''
  ) );
#13061 = ADVANCED_FACE('',(#13062),#4709,.T.);
#13062 = FACE_BOUND('',#13063,.T.);
#13063 = EDGE_LOOP('',(#13064,#13065,#13066,#13087));
#13064 = ORIENTED_EDGE('',*,*,#4694,.T.);
#13065 = ORIENTED_EDGE('',*,*,#13041,.T.);
#13066 = ORIENTED_EDGE('',*,*,#13067,.F.);
#13067 = EDGE_CURVE('',#13068,#13021,#13070,.T.);
#13068 = VERTEX_POINT('',#13069);
#13069 = CARTESIAN_POINT('',(5.,31.061444482402,2.2));
#13070 = SURFACE_CURVE('',#13071,(#13075,#13081),.PCURVE_S1.);
#13071 = LINE('',#13072,#13073);
#13072 = CARTESIAN_POINT('',(-6.1,24.652856494397,2.2));
#13073 = VECTOR('',#13074,1.);
#13074 = DIRECTION('',(-0.866025403784,-0.5,0.));
#13075 = PCURVE('',#4709,#13076);
#13076 = DEFINITIONAL_REPRESENTATION('',(#13077),#13080);
#13077 = B_SPLINE_CURVE_WITH_KNOTS('',1,(#13078,#13079),.UNSPECIFIED.,
  .F.,.F.,(2,2),(-12.81717597601,-7.043673284113),
  .PIECEWISE_BEZIER_KNOTS.);
#13078 = CARTESIAN_POINT('',(5.773502691896,-3.2));
#13079 = CARTESIAN_POINT('',(0.,-3.2));
#13080 = ( GEOMETRIC_REPRESENTATION_CONTEXT(2) 
PARAMETRIC_REPRESENTATION_CONTEXT() REPRESENTATION_CONTEXT('2D SPACE',''
  ) );
#13081 = PCURVE('',#5933,#13082);
#13082 = DEFINITIONAL_REPRESENTATION('',(#13083),#13086);
#13083 = B_SPLINE_CURVE_WITH_KNOTS('',1,(#13084,#13085),.UNSPECIFIED.,
  .F.,.F.,(2,2),(-12.81717597601,-7.043673284113),
  .PIECEWISE_BEZIER_KNOTS.);
#13084 = CARTESIAN_POINT('',(5.,31.061444482402));
#13085 = CARTESIAN_POINT('',(2.618078818016E-16,28.174693136454));
#13086 = ( GEOMETRIC_REPRESENTATION_CONTEXT(2) 
PARAMETRIC_REPRESENTATION_CONTEXT() REPRESENTATION_CONTEXT('2D SPACE',''
  ) );
#13087 = ORIENTED_EDGE('',*,*,#13088,.F.);
#13088 = EDGE_CURVE('',#4669,#13068,#13089,.T.);
#13089 = SURFACE_CURVE('',#13090,(#13094,#13101),.PCURVE_S1.);
#13090 = LINE('',#13091,#13092);
#13091 = CARTESIAN_POINT('',(5.,31.061444482402,-1.));
#13092 = VECTOR('',#13093,1.);
#13093 = DIRECTION('',(0.,0.,1.));
#13094 = PCURVE('',#4709,#13095);
#13095 = DEFINITIONAL_REPRESENTATION('',(#13096),#13100);
#13096 = LINE('',#13097,#13098);
#13097 = CARTESIAN_POINT('',(5.773502691896,0.));
#13098 = VECTOR('',#13099,1.);
#13099 = DIRECTION('',(0.,-1.));
#13100 = ( GEOMETRIC_REPRESENTATION_CONTEXT(2) 
PARAMETRIC_REPRESENTATION_CONTEXT() REPRESENTATION_CONTEXT('2D SPACE',''
  ) );
#13101 = PCURVE('',#4683,#13102);
#13102 = DEFINITIONAL_REPRESENTATION('',(#13103),#13107);
#13103 = LINE('',#13104,#13105);
#13104 = CARTESIAN_POINT('',(0.,0.));
#13105 = VECTOR('',#13106,1.);
#13106 = DIRECTION('',(0.,-1.));
#13107 = ( GEOMETRIC_REPRESENTATION_CONTEXT(2) 
PARAMETRIC_REPRESENTATION_CONTEXT() REPRESENTATION_CONTEXT('2D SPACE',''
  ) );
#13108 = ADVANCED_FACE('',(#13109),#4683,.T.);
#13109 = FACE_BOUND('',#13110,.T.);
#13110 = EDGE_LOOP('',(#13111,#13112,#13113,#13134));
#13111 = ORIENTED_EDGE('',*,*,#4668,.T.);
#13112 = ORIENTED_EDGE('',*,*,#13088,.T.);
#13113 = ORIENTED_EDGE('',*,*,#13114,.F.);
#13114 = EDGE_CURVE('',#13115,#13068,#13117,.T.);
#13115 = VERTEX_POINT('',#13116);
#13116 = CARTESIAN_POINT('',(5.,36.834947174298,2.2));
#13117 = SURFACE_CURVE('',#13118,(#13122,#13128),.PCURVE_S1.);
#13118 = LINE('',#13119,#13120);
#13119 = CARTESIAN_POINT('',(5.,15.530722241201,2.2));
#13120 = VECTOR('',#13121,1.);
#13121 = DIRECTION('',(-1.538370149107E-16,-1.,0.));
#13122 = PCURVE('',#4683,#13123);
#13123 = DEFINITIONAL_REPRESENTATION('',(#13124),#13127);
#13124 = B_SPLINE_CURVE_WITH_KNOTS('',1,(#13125,#13126),.UNSPECIFIED.,
  .F.,.F.,(2,2),(-21.30422493309,-15.5307222412),
  .PIECEWISE_BEZIER_KNOTS.);
#13125 = CARTESIAN_POINT('',(5.773502691896,-3.2));
#13126 = CARTESIAN_POINT('',(0.,-3.2));
#13127 = ( GEOMETRIC_REPRESENTATION_CONTEXT(2) 
PARAMETRIC_REPRESENTATION_CONTEXT() REPRESENTATION_CONTEXT('2D SPACE',''
  ) );
#13128 = PCURVE('',#5933,#13129);
#13129 = DEFINITIONAL_REPRESENTATION('',(#13130),#13133);
#13130 = B_SPLINE_CURVE_WITH_KNOTS('',1,(#13131,#13132),.UNSPECIFIED.,
  .F.,.F.,(2,2),(-21.30422493309,-15.5307222412),
  .PIECEWISE_BEZIER_KNOTS.);
#13131 = CARTESIAN_POINT('',(5.,36.834947174298));
#13132 = CARTESIAN_POINT('',(5.,31.061444482402));
#13133 = ( GEOMETRIC_REPRESENTATION_CONTEXT(2) 
PARAMETRIC_REPRESENTATION_CONTEXT() REPRESENTATION_CONTEXT('2D SPACE',''
  ) );
#13134 = ORIENTED_EDGE('',*,*,#13135,.F.);
#13135 = EDGE_CURVE('',#4643,#13115,#13136,.T.);
#13136 = SURFACE_CURVE('',#13137,(#13141,#13148),.PCURVE_S1.);
#13137 = LINE('',#13138,#13139);
#13138 = CARTESIAN_POINT('',(5.,36.834947174298,-1.));
#13139 = VECTOR('',#13140,1.);
#13140 = DIRECTION('',(0.,0.,1.));
#13141 = PCURVE('',#4683,#13142);
#13142 = DEFINITIONAL_REPRESENTATION('',(#13143),#13147);
#13143 = LINE('',#13144,#13145);
#13144 = CARTESIAN_POINT('',(5.773502691896,0.));
#13145 = VECTOR('',#13146,1.);
#13146 = DIRECTION('',(0.,-1.));
#13147 = ( GEOMETRIC_REPRESENTATION_CONTEXT(2) 
PARAMETRIC_REPRESENTATION_CONTEXT() REPRESENTATION_CONTEXT('2D SPACE',''
  ) );
#13148 = PCURVE('',#4657,#13149);
#13149 = DEFINITIONAL_REPRESENTATION('',(#13150),#13154);
#13150 = LINE('',#13151,#13152);
#13151 = CARTESIAN_POINT('',(0.,0.));
#13152 = VECTOR('',#13153,1.);
#13153 = DIRECTION('',(0.,-1.));
#13154 = ( GEOMETRIC_REPRESENTATION_CONTEXT(2) 
PARAMETRIC_REPRESENTATION_CONTEXT() REPRESENTATION_CONTEXT('2D SPACE',''
  ) );
#13155 = ADVANCED_FACE('',(#13156),#4657,.T.);
#13156 = FACE_BOUND('',#13157,.T.);
#13157 = EDGE_LOOP('',(#13158,#13159,#13160,#13181));
#13158 = ORIENTED_EDGE('',*,*,#4642,.T.);
#13159 = ORIENTED_EDGE('',*,*,#13135,.T.);
#13160 = ORIENTED_EDGE('',*,*,#13161,.F.);
#13161 = EDGE_CURVE('',#13162,#13115,#13164,.T.);
#13162 = VERTEX_POINT('',#13163);
#13163 = CARTESIAN_POINT('',(2.129881918975E-15,39.721698520246,2.2));
#13164 = SURFACE_CURVE('',#13165,(#13169,#13175),.PCURVE_S1.);
#13165 = LINE('',#13166,#13167);
#13166 = CARTESIAN_POINT('',(11.1,33.313110532241,2.2));
#13167 = VECTOR('',#13168,1.);
#13168 = DIRECTION('',(0.866025403784,-0.5,0.));
#13169 = PCURVE('',#4657,#13170);
#13170 = DEFINITIONAL_REPRESENTATION('',(#13171),#13174);
#13171 = B_SPLINE_CURVE_WITH_KNOTS('',1,(#13172,#13173),.UNSPECIFIED.,
  .F.,.F.,(2,2),(-12.81717597601,-7.043673284113),
  .PIECEWISE_BEZIER_KNOTS.);
#13172 = CARTESIAN_POINT('',(5.773502691896,-3.2));
#13173 = CARTESIAN_POINT('',(0.,-3.2));
#13174 = ( GEOMETRIC_REPRESENTATION_CONTEXT(2) 
PARAMETRIC_REPRESENTATION_CONTEXT() REPRESENTATION_CONTEXT('2D SPACE',''
  ) );
#13175 = PCURVE('',#5933,#13176);
#13176 = DEFINITIONAL_REPRESENTATION('',(#13177),#13180);
#13177 = B_SPLINE_CURVE_WITH_KNOTS('',1,(#13178,#13179),.UNSPECIFIED.,
  .F.,.F.,(2,2),(-12.81717597601,-7.043673284113),
  .PIECEWISE_BEZIER_KNOTS.);
#13178 = CARTESIAN_POINT('',(3.067895494974E-15,39.721698520246));
#13179 = CARTESIAN_POINT('',(5.,36.834947174298));
#13180 = ( GEOMETRIC_REPRESENTATION_CONTEXT(2) 
PARAMETRIC_REPRESENTATION_CONTEXT() REPRESENTATION_CONTEXT('2D SPACE',''
  ) );
#13181 = ORIENTED_EDGE('',*,*,#13182,.F.);
#13182 = EDGE_CURVE('',#4617,#13162,#13183,.T.);
#13183 = SURFACE_CURVE('',#13184,(#13188,#13195),.PCURVE_S1.);
#13184 = LINE('',#13185,#13186);
#13185 = CARTESIAN_POINT('',(2.129881918975E-15,39.721698520246,-1.));
#13186 = VECTOR('',#13187,1.);
#13187 = DIRECTION('',(0.,0.,1.));
#13188 = PCURVE('',#4657,#13189);
#13189 = DEFINITIONAL_REPRESENTATION('',(#13190),#13194);
#13190 = LINE('',#13191,#13192);
#13191 = CARTESIAN_POINT('',(5.773502691896,0.));
#13192 = VECTOR('',#13193,1.);
#13193 = DIRECTION('',(0.,-1.));
#13194 = ( GEOMETRIC_REPRESENTATION_CONTEXT(2) 
PARAMETRIC_REPRESENTATION_CONTEXT() REPRESENTATION_CONTEXT('2D SPACE',''
  ) );
#13195 = PCURVE('',#4631,#13196);
#13196 = DEFINITIONAL_REPRESENTATION('',(#13197),#13201);
#13197 = LINE('',#13198,#13199);
#13198 = CARTESIAN_POINT('',(0.,0.));
#13199 = VECTOR('',#13200,1.);
#13200 = DIRECTION('',(0.,-1.));
#13201 = ( GEOMETRIC_REPRESENTATION_CONTEXT(2) 
PARAMETRIC_REPRESENTATION_CONTEXT() REPRESENTATION_CONTEXT('2D SPACE',''
  ) );
#13202 = ADVANCED_FACE('',(#13203),#4631,.T.);
#13203 = FACE_BOUND('',#13204,.T.);
#13204 = EDGE_LOOP('',(#13205,#13206,#13207,#13226));
#13205 = ORIENTED_EDGE('',*,*,#4616,.T.);
#13206 = ORIENTED_EDGE('',*,*,#13182,.T.);
#13207 = ORIENTED_EDGE('',*,*,#13208,.F.);
#13208 = EDGE_CURVE('',#12951,#13162,#13209,.T.);
#13209 = SURFACE_CURVE('',#13210,(#13214,#13220),.PCURVE_S1.);
#13210 = LINE('',#13211,#13212);
#13211 = CARTESIAN_POINT('',(-8.6,34.756486205215,2.2));
#13212 = VECTOR('',#13213,1.);
#13213 = DIRECTION('',(0.866025403784,0.5,-0.));
#13214 = PCURVE('',#4631,#13215);
#13215 = DEFINITIONAL_REPRESENTATION('',(#13216),#13219);
#13216 = B_SPLINE_CURVE_WITH_KNOTS('',1,(#13217,#13218),.UNSPECIFIED.,
  .F.,.F.,(2,2),(4.156921938165,9.930424630062),
  .PIECEWISE_BEZIER_KNOTS.);
#13217 = CARTESIAN_POINT('',(5.773502691896,-3.2));
#13218 = CARTESIAN_POINT('',(0.,-3.2));
#13219 = ( GEOMETRIC_REPRESENTATION_CONTEXT(2) 
PARAMETRIC_REPRESENTATION_CONTEXT() REPRESENTATION_CONTEXT('2D SPACE',''
  ) );
#13220 = PCURVE('',#5933,#13221);
#13221 = DEFINITIONAL_REPRESENTATION('',(#13222),#13225);
#13222 = B_SPLINE_CURVE_WITH_KNOTS('',1,(#13223,#13224),.UNSPECIFIED.,
  .F.,.F.,(2,2),(4.156921938165,9.930424630062),
  .PIECEWISE_BEZIER_KNOTS.);
#13223 = CARTESIAN_POINT('',(-5.,36.834947174298));
#13224 = CARTESIAN_POINT('',(1.647891781773E-15,39.721698520246));
#13225 = ( GEOMETRIC_REPRESENTATION_CONTEXT(2) 
PARAMETRIC_REPRESENTATION_CONTEXT() REPRESENTATION_CONTEXT('2D SPACE',''
  ) );
#13226 = ORIENTED_EDGE('',*,*,#12950,.F.);
#13227 = ADVANCED_FACE('',(#13228),#4763,.T.);
#13228 = FACE_BOUND('',#13229,.T.);
#13229 = EDGE_LOOP('',(#13230,#13231,#13254,#13275));
#13230 = ORIENTED_EDGE('',*,*,#4746,.T.);
#13231 = ORIENTED_EDGE('',*,*,#13232,.T.);
#13232 = EDGE_CURVE('',#4749,#13233,#13235,.T.);
#13233 = VERTEX_POINT('',#13234);
#13234 = CARTESIAN_POINT('',(11.8,27.135462651912,2.2));
#13235 = SURFACE_CURVE('',#13236,(#13240,#13247),.PCURVE_S1.);
#13236 = LINE('',#13237,#13238);
#13237 = CARTESIAN_POINT('',(11.8,27.135462651912,-1.));
#13238 = VECTOR('',#13239,1.);
#13239 = DIRECTION('',(0.,0.,1.));
#13240 = PCURVE('',#4763,#13241);
#13241 = DEFINITIONAL_REPRESENTATION('',(#13242),#13246);
#13242 = LINE('',#13243,#13244);
#13243 = CARTESIAN_POINT('',(0.,0.));
#13244 = VECTOR('',#13245,1.);
#13245 = DIRECTION('',(0.,-1.));
#13246 = ( GEOMETRIC_REPRESENTATION_CONTEXT(2) 
PARAMETRIC_REPRESENTATION_CONTEXT() REPRESENTATION_CONTEXT('2D SPACE',''
  ) );
#13247 = PCURVE('',#4789,#13248);
#13248 = DEFINITIONAL_REPRESENTATION('',(#13249),#13253);
#13249 = LINE('',#13250,#13251);
#13250 = CARTESIAN_POINT('',(5.773502691896,0.));
#13251 = VECTOR('',#13252,1.);
#13252 = DIRECTION('',(0.,-1.));
#13253 = ( GEOMETRIC_REPRESENTATION_CONTEXT(2) 
PARAMETRIC_REPRESENTATION_CONTEXT() REPRESENTATION_CONTEXT('2D SPACE',''
  ) );
#13254 = ORIENTED_EDGE('',*,*,#13255,.F.);
#13255 = EDGE_CURVE('',#13256,#13233,#13258,.T.);
#13256 = VERTEX_POINT('',#13257);
#13257 = CARTESIAN_POINT('',(11.8,21.361959960016,2.2));
#13258 = SURFACE_CURVE('',#13259,(#13263,#13269),.PCURVE_S1.);
#13259 = LINE('',#13260,#13261);
#13260 = CARTESIAN_POINT('',(11.8,13.567731325956,2.2));
#13261 = VECTOR('',#13262,1.);
#13262 = DIRECTION('',(4.615110447321E-16,1.,-0.));
#13263 = PCURVE('',#4763,#13264);
#13264 = DEFINITIONAL_REPRESENTATION('',(#13265),#13268);
#13265 = B_SPLINE_CURVE_WITH_KNOTS('',1,(#13266,#13267),.UNSPECIFIED.,
  .F.,.F.,(2,2),(7.79422863406,13.567731325956),
  .PIECEWISE_BEZIER_KNOTS.);
#13266 = CARTESIAN_POINT('',(5.773502691896,-3.2));
#13267 = CARTESIAN_POINT('',(0.,-3.2));
#13268 = ( GEOMETRIC_REPRESENTATION_CONTEXT(2) 
PARAMETRIC_REPRESENTATION_CONTEXT() REPRESENTATION_CONTEXT('2D SPACE',''
  ) );
#13269 = PCURVE('',#5933,#13270);
#13270 = DEFINITIONAL_REPRESENTATION('',(#13271),#13274);
#13271 = B_SPLINE_CURVE_WITH_KNOTS('',1,(#13272,#13273),.UNSPECIFIED.,
  .F.,.F.,(2,2),(7.79422863406,13.567731325956),
  .PIECEWISE_BEZIER_KNOTS.);
#13272 = CARTESIAN_POINT('',(11.8,21.361959960016));
#13273 = CARTESIAN_POINT('',(11.8,27.135462651912));
#13274 = ( GEOMETRIC_REPRESENTATION_CONTEXT(2) 
PARAMETRIC_REPRESENTATION_CONTEXT() REPRESENTATION_CONTEXT('2D SPACE',''
  ) );
#13275 = ORIENTED_EDGE('',*,*,#13276,.F.);
#13276 = EDGE_CURVE('',#4747,#13256,#13277,.T.);
#13277 = SURFACE_CURVE('',#13278,(#13282,#13289),.PCURVE_S1.);
#13278 = LINE('',#13279,#13280);
#13279 = CARTESIAN_POINT('',(11.8,21.361959960016,-1.));
#13280 = VECTOR('',#13281,1.);
#13281 = DIRECTION('',(0.,0.,1.));
#13282 = PCURVE('',#4763,#13283);
#13283 = DEFINITIONAL_REPRESENTATION('',(#13284),#13288);
#13284 = LINE('',#13285,#13286);
#13285 = CARTESIAN_POINT('',(5.773502691896,0.));
#13286 = VECTOR('',#13287,1.);
#13287 = DIRECTION('',(0.,-1.));
#13288 = ( GEOMETRIC_REPRESENTATION_CONTEXT(2) 
PARAMETRIC_REPRESENTATION_CONTEXT() REPRESENTATION_CONTEXT('2D SPACE',''
  ) );
#13289 = PCURVE('',#4891,#13290);
#13290 = DEFINITIONAL_REPRESENTATION('',(#13291),#13295);
#13291 = LINE('',#13292,#13293);
#13292 = CARTESIAN_POINT('',(0.,0.));
#13293 = VECTOR('',#13294,1.);
#13294 = DIRECTION('',(0.,-1.));
#13295 = ( GEOMETRIC_REPRESENTATION_CONTEXT(2) 
PARAMETRIC_REPRESENTATION_CONTEXT() REPRESENTATION_CONTEXT('2D SPACE',''
  ) );
#13296 = ADVANCED_FACE('',(#13297),#4891,.T.);
#13297 = FACE_BOUND('',#13298,.T.);
#13298 = EDGE_LOOP('',(#13299,#13300,#13301,#13322));
#13299 = ORIENTED_EDGE('',*,*,#4878,.T.);
#13300 = ORIENTED_EDGE('',*,*,#13276,.T.);
#13301 = ORIENTED_EDGE('',*,*,#13302,.F.);
#13302 = EDGE_CURVE('',#13303,#13256,#13305,.T.);
#13303 = VERTEX_POINT('',#13304);
#13304 = CARTESIAN_POINT('',(16.8,18.475208614068,2.2));
#13305 = SURFACE_CURVE('',#13306,(#13310,#13316),.PCURVE_S1.);
#13306 = LINE('',#13307,#13308);
#13307 = CARTESIAN_POINT('',(12.,21.246489906178,2.2));
#13308 = VECTOR('',#13309,1.);
#13309 = DIRECTION('',(-0.866025403784,0.5,0.));
#13310 = PCURVE('',#4891,#13311);
#13311 = DEFINITIONAL_REPRESENTATION('',(#13312),#13315);
#13312 = B_SPLINE_CURVE_WITH_KNOTS('',1,(#13313,#13314),.UNSPECIFIED.,
  .F.,.F.,(2,2),(-5.54256258422,0.230940107676),
  .PIECEWISE_BEZIER_KNOTS.);
#13313 = CARTESIAN_POINT('',(5.773502691896,-3.2));
#13314 = CARTESIAN_POINT('',(0.,-3.2));
#13315 = ( GEOMETRIC_REPRESENTATION_CONTEXT(2) 
PARAMETRIC_REPRESENTATION_CONTEXT() REPRESENTATION_CONTEXT('2D SPACE',''
  ) );
#13316 = PCURVE('',#5933,#13317);
#13317 = DEFINITIONAL_REPRESENTATION('',(#13318),#13321);
#13318 = B_SPLINE_CURVE_WITH_KNOTS('',1,(#13319,#13320),.UNSPECIFIED.,
  .F.,.F.,(2,2),(-5.54256258422,0.230940107676),
  .PIECEWISE_BEZIER_KNOTS.);
#13319 = CARTESIAN_POINT('',(16.8,18.475208614068));
#13320 = CARTESIAN_POINT('',(11.8,21.361959960016));
#13321 = ( GEOMETRIC_REPRESENTATION_CONTEXT(2) 
PARAMETRIC_REPRESENTATION_CONTEXT() REPRESENTATION_CONTEXT('2D SPACE',''
  ) );
#13322 = ORIENTED_EDGE('',*,*,#13323,.F.);
#13323 = EDGE_CURVE('',#4853,#13303,#13324,.T.);
#13324 = SURFACE_CURVE('',#13325,(#13329,#13336),.PCURVE_S1.);
#13325 = LINE('',#13326,#13327);
#13326 = CARTESIAN_POINT('',(16.8,18.475208614068,-1.));
#13327 = VECTOR('',#13328,1.);
#13328 = DIRECTION('',(0.,0.,1.));
#13329 = PCURVE('',#4891,#13330);
#13330 = DEFINITIONAL_REPRESENTATION('',(#13331),#13335);
#13331 = LINE('',#13332,#13333);
#13332 = CARTESIAN_POINT('',(5.773502691896,0.));
#13333 = VECTOR('',#13334,1.);
#13334 = DIRECTION('',(0.,-1.));
#13335 = ( GEOMETRIC_REPRESENTATION_CONTEXT(2) 
PARAMETRIC_REPRESENTATION_CONTEXT() REPRESENTATION_CONTEXT('2D SPACE',''
  ) );
#13336 = PCURVE('',#4867,#13337);
#13337 = DEFINITIONAL_REPRESENTATION('',(#13338),#13342);
#13338 = LINE('',#13339,#13340);
#13339 = CARTESIAN_POINT('',(0.,0.));
#13340 = VECTOR('',#13341,1.);
#13341 = DIRECTION('',(0.,-1.));
#13342 = ( GEOMETRIC_REPRESENTATION_CONTEXT(2) 
PARAMETRIC_REPRESENTATION_CONTEXT() REPRESENTATION_CONTEXT('2D SPACE',''
  ) );
#13343 = ADVANCED_FACE('',(#13344),#4867,.T.);
#13344 = FACE_BOUND('',#13345,.T.);
#13345 = EDGE_LOOP('',(#13346,#13347,#13348,#13369));
#13346 = ORIENTED_EDGE('',*,*,#4852,.T.);
#13347 = ORIENTED_EDGE('',*,*,#13323,.T.);
#13348 = ORIENTED_EDGE('',*,*,#13349,.F.);
#13349 = EDGE_CURVE('',#13350,#13303,#13352,.T.);
#13350 = VERTEX_POINT('',#13351);
#13351 = CARTESIAN_POINT('',(21.8,21.361959960016,2.2));
#13352 = SURFACE_CURVE('',#13353,(#13357,#13363),.PCURVE_S1.);
#13353 = LINE('',#13354,#13355);
#13354 = CARTESIAN_POINT('',(6.5,12.528500841415,2.2));
#13355 = VECTOR('',#13356,1.);
#13356 = DIRECTION('',(-0.866025403784,-0.5,0.));
#13357 = PCURVE('',#4867,#13358);
#13358 = DEFINITIONAL_REPRESENTATION('',(#13359),#13362);
#13359 = B_SPLINE_CURVE_WITH_KNOTS('',1,(#13360,#13361),.UNSPECIFIED.,
  .F.,.F.,(2,2),(-17.6669182372,-11.8934155453),
  .PIECEWISE_BEZIER_KNOTS.);
#13360 = CARTESIAN_POINT('',(5.773502691896,-3.2));
#13361 = CARTESIAN_POINT('',(0.,-3.2));
#13362 = ( GEOMETRIC_REPRESENTATION_CONTEXT(2) 
PARAMETRIC_REPRESENTATION_CONTEXT() REPRESENTATION_CONTEXT('2D SPACE',''
  ) );
#13363 = PCURVE('',#5933,#13364);
#13364 = DEFINITIONAL_REPRESENTATION('',(#13365),#13368);
#13365 = B_SPLINE_CURVE_WITH_KNOTS('',1,(#13366,#13367),.UNSPECIFIED.,
  .F.,.F.,(2,2),(-17.6669182372,-11.8934155453),
  .PIECEWISE_BEZIER_KNOTS.);
#13366 = CARTESIAN_POINT('',(21.8,21.361959960016));
#13367 = CARTESIAN_POINT('',(16.8,18.475208614068));
#13368 = ( GEOMETRIC_REPRESENTATION_CONTEXT(2) 
PARAMETRIC_REPRESENTATION_CONTEXT() REPRESENTATION_CONTEXT('2D SPACE',''
  ) );
#13369 = ORIENTED_EDGE('',*,*,#13370,.F.);
#13370 = EDGE_CURVE('',#4827,#13350,#13371,.T.);
#13371 = SURFACE_CURVE('',#13372,(#13376,#13383),.PCURVE_S1.);
#13372 = LINE('',#13373,#13374);
#13373 = CARTESIAN_POINT('',(21.8,21.361959960016,-1.));
#13374 = VECTOR('',#13375,1.);
#13375 = DIRECTION('',(0.,0.,1.));
#13376 = PCURVE('',#4867,#13377);
#13377 = DEFINITIONAL_REPRESENTATION('',(#13378),#13382);
#13378 = LINE('',#13379,#13380);
#13379 = CARTESIAN_POINT('',(5.773502691896,0.));
#13380 = VECTOR('',#13381,1.);
#13381 = DIRECTION('',(0.,-1.));
#13382 = ( GEOMETRIC_REPRESENTATION_CONTEXT(2) 
PARAMETRIC_REPRESENTATION_CONTEXT() REPRESENTATION_CONTEXT('2D SPACE',''
  ) );
#13383 = PCURVE('',#4841,#13384);
#13384 = DEFINITIONAL_REPRESENTATION('',(#13385),#13389);
#13385 = LINE('',#13386,#13387);
#13386 = CARTESIAN_POINT('',(0.,0.));
#13387 = VECTOR('',#13388,1.);
#13388 = DIRECTION('',(0.,-1.));
#13389 = ( GEOMETRIC_REPRESENTATION_CONTEXT(2) 
PARAMETRIC_REPRESENTATION_CONTEXT() REPRESENTATION_CONTEXT('2D SPACE',''
  ) );
#13390 = ADVANCED_FACE('',(#13391),#4841,.T.);
#13391 = FACE_BOUND('',#13392,.T.);
#13392 = EDGE_LOOP('',(#13393,#13394,#13395,#13416));
#13393 = ORIENTED_EDGE('',*,*,#4826,.T.);
#13394 = ORIENTED_EDGE('',*,*,#13370,.T.);
#13395 = ORIENTED_EDGE('',*,*,#13396,.F.);
#13396 = EDGE_CURVE('',#13397,#13350,#13399,.T.);
#13397 = VERTEX_POINT('',#13398);
#13398 = CARTESIAN_POINT('',(21.8,27.135462651912,2.2));
#13399 = SURFACE_CURVE('',#13400,(#13404,#13410),.PCURVE_S1.);
#13400 = LINE('',#13401,#13402);
#13401 = CARTESIAN_POINT('',(21.8,10.680979980008,2.2));
#13402 = VECTOR('',#13403,1.);
#13403 = DIRECTION('',(-1.538370149107E-16,-1.,0.));
#13404 = PCURVE('',#4841,#13405);
#13405 = DEFINITIONAL_REPRESENTATION('',(#13406),#13409);
#13406 = B_SPLINE_CURVE_WITH_KNOTS('',1,(#13407,#13408),.UNSPECIFIED.,
  .F.,.F.,(2,2),(-16.4544826719,-10.68097998),.PIECEWISE_BEZIER_KNOTS.);
#13407 = CARTESIAN_POINT('',(5.773502691896,-3.2));
#13408 = CARTESIAN_POINT('',(0.,-3.2));
#13409 = ( GEOMETRIC_REPRESENTATION_CONTEXT(2) 
PARAMETRIC_REPRESENTATION_CONTEXT() REPRESENTATION_CONTEXT('2D SPACE',''
  ) );
#13410 = PCURVE('',#5933,#13411);
#13411 = DEFINITIONAL_REPRESENTATION('',(#13412),#13415);
#13412 = B_SPLINE_CURVE_WITH_KNOTS('',1,(#13413,#13414),.UNSPECIFIED.,
  .F.,.F.,(2,2),(-16.4544826719,-10.68097998),.PIECEWISE_BEZIER_KNOTS.);
#13413 = CARTESIAN_POINT('',(21.8,27.135462651912));
#13414 = CARTESIAN_POINT('',(21.8,21.361959960016));
#13415 = ( GEOMETRIC_REPRESENTATION_CONTEXT(2) 
PARAMETRIC_REPRESENTATION_CONTEXT() REPRESENTATION_CONTEXT('2D SPACE',''
  ) );
#13416 = ORIENTED_EDGE('',*,*,#13417,.F.);
#13417 = EDGE_CURVE('',#4801,#13397,#13418,.T.);
#13418 = SURFACE_CURVE('',#13419,(#13423,#13430),.PCURVE_S1.);
#13419 = LINE('',#13420,#13421);
#13420 = CARTESIAN_POINT('',(21.8,27.135462651912,-1.));
#13421 = VECTOR('',#13422,1.);
#13422 = DIRECTION('',(0.,0.,1.));
#13423 = PCURVE('',#4841,#13424);
#13424 = DEFINITIONAL_REPRESENTATION('',(#13425),#13429);
#13425 = LINE('',#13426,#13427);
#13426 = CARTESIAN_POINT('',(5.773502691896,0.));
#13427 = VECTOR('',#13428,1.);
#13428 = DIRECTION('',(0.,-1.));
#13429 = ( GEOMETRIC_REPRESENTATION_CONTEXT(2) 
PARAMETRIC_REPRESENTATION_CONTEXT() REPRESENTATION_CONTEXT('2D SPACE',''
  ) );
#13430 = PCURVE('',#4815,#13431);
#13431 = DEFINITIONAL_REPRESENTATION('',(#13432),#13436);
#13432 = LINE('',#13433,#13434);
#13433 = CARTESIAN_POINT('',(0.,0.));
#13434 = VECTOR('',#13435,1.);
#13435 = DIRECTION('',(0.,-1.));
#13436 = ( GEOMETRIC_REPRESENTATION_CONTEXT(2) 
PARAMETRIC_REPRESENTATION_CONTEXT() REPRESENTATION_CONTEXT('2D SPACE',''
  ) );
#13437 = ADVANCED_FACE('',(#13438),#4815,.T.);
#13438 = FACE_BOUND('',#13439,.T.);
#13439 = EDGE_LOOP('',(#13440,#13441,#13442,#13463));
#13440 = ORIENTED_EDGE('',*,*,#4800,.T.);
#13441 = ORIENTED_EDGE('',*,*,#13417,.T.);
#13442 = ORIENTED_EDGE('',*,*,#13443,.F.);
#13443 = EDGE_CURVE('',#13444,#13397,#13446,.T.);
#13444 = VERTEX_POINT('',#13445);
#13445 = CARTESIAN_POINT('',(16.8,30.022213997861,2.2));
#13446 = SURFACE_CURVE('',#13447,(#13451,#13457),.PCURVE_S1.);
#13447 = LINE('',#13448,#13449);
#13448 = CARTESIAN_POINT('',(19.5,28.463368271049,2.2));
#13449 = VECTOR('',#13450,1.);
#13450 = DIRECTION('',(0.866025403784,-0.5,0.));
#13451 = PCURVE('',#4815,#13452);
#13452 = DEFINITIONAL_REPRESENTATION('',(#13453),#13456);
#13453 = B_SPLINE_CURVE_WITH_KNOTS('',1,(#13454,#13455),.UNSPECIFIED.,
  .F.,.F.,(2,2),(-3.117691453624,2.655811238272),
  .PIECEWISE_BEZIER_KNOTS.);
#13454 = CARTESIAN_POINT('',(5.773502691896,-3.2));
#13455 = CARTESIAN_POINT('',(0.,-3.2));
#13456 = ( GEOMETRIC_REPRESENTATION_CONTEXT(2) 
PARAMETRIC_REPRESENTATION_CONTEXT() REPRESENTATION_CONTEXT('2D SPACE',''
  ) );
#13457 = PCURVE('',#5933,#13458);
#13458 = DEFINITIONAL_REPRESENTATION('',(#13459),#13462);
#13459 = B_SPLINE_CURVE_WITH_KNOTS('',1,(#13460,#13461),.UNSPECIFIED.,
  .F.,.F.,(2,2),(-3.117691453624,2.655811238272),
  .PIECEWISE_BEZIER_KNOTS.);
#13460 = CARTESIAN_POINT('',(16.8,30.022213997861));
#13461 = CARTESIAN_POINT('',(21.8,27.135462651912));
#13462 = ( GEOMETRIC_REPRESENTATION_CONTEXT(2) 
PARAMETRIC_REPRESENTATION_CONTEXT() REPRESENTATION_CONTEXT('2D SPACE',''
  ) );
#13463 = ORIENTED_EDGE('',*,*,#13464,.F.);
#13464 = EDGE_CURVE('',#4775,#13444,#13465,.T.);
#13465 = SURFACE_CURVE('',#13466,(#13470,#13477),.PCURVE_S1.);
#13466 = LINE('',#13467,#13468);
#13467 = CARTESIAN_POINT('',(16.8,30.022213997861,-1.));
#13468 = VECTOR('',#13469,1.);
#13469 = DIRECTION('',(0.,0.,1.));
#13470 = PCURVE('',#4815,#13471);
#13471 = DEFINITIONAL_REPRESENTATION('',(#13472),#13476);
#13472 = LINE('',#13473,#13474);
#13473 = CARTESIAN_POINT('',(5.773502691896,0.));
#13474 = VECTOR('',#13475,1.);
#13475 = DIRECTION('',(0.,-1.));
#13476 = ( GEOMETRIC_REPRESENTATION_CONTEXT(2) 
PARAMETRIC_REPRESENTATION_CONTEXT() REPRESENTATION_CONTEXT('2D SPACE',''
  ) );
#13477 = PCURVE('',#4789,#13478);
#13478 = DEFINITIONAL_REPRESENTATION('',(#13479),#13483);
#13479 = LINE('',#13480,#13481);
#13480 = CARTESIAN_POINT('',(0.,0.));
#13481 = VECTOR('',#13482,1.);
#13482 = DIRECTION('',(0.,-1.));
#13483 = ( GEOMETRIC_REPRESENTATION_CONTEXT(2) 
PARAMETRIC_REPRESENTATION_CONTEXT() REPRESENTATION_CONTEXT('2D SPACE',''
  ) );
#13484 = ADVANCED_FACE('',(#13485),#4789,.T.);
#13485 = FACE_BOUND('',#13486,.T.);
#13486 = EDGE_LOOP('',(#13487,#13488,#13489,#13508));
#13487 = ORIENTED_EDGE('',*,*,#4774,.T.);
#13488 = ORIENTED_EDGE('',*,*,#13464,.T.);
#13489 = ORIENTED_EDGE('',*,*,#13490,.F.);
#13490 = EDGE_CURVE('',#13233,#13444,#13491,.T.);
#13491 = SURFACE_CURVE('',#13492,(#13496,#13502),.PCURVE_S1.);
#13492 = LINE('',#13493,#13494);
#13493 = CARTESIAN_POINT('',(4.,22.632130552233,2.2));
#13494 = VECTOR('',#13495,1.);
#13495 = DIRECTION('',(0.866025403784,0.5,-0.));
#13496 = PCURVE('',#4789,#13497);
#13497 = DEFINITIONAL_REPRESENTATION('',(#13498),#13501);
#13498 = B_SPLINE_CURVE_WITH_KNOTS('',1,(#13499,#13500),.UNSPECIFIED.,
  .F.,.F.,(2,2),(9.006664199358,14.780166891254),
  .PIECEWISE_BEZIER_KNOTS.);
#13499 = CARTESIAN_POINT('',(5.773502691896,-3.2));
#13500 = CARTESIAN_POINT('',(0.,-3.2));
#13501 = ( GEOMETRIC_REPRESENTATION_CONTEXT(2) 
PARAMETRIC_REPRESENTATION_CONTEXT() REPRESENTATION_CONTEXT('2D SPACE',''
  ) );
#13502 = PCURVE('',#5933,#13503);
#13503 = DEFINITIONAL_REPRESENTATION('',(#13504),#13507);
#13504 = B_SPLINE_CURVE_WITH_KNOTS('',1,(#13505,#13506),.UNSPECIFIED.,
  .F.,.F.,(2,2),(9.006664199358,14.780166891254),
  .PIECEWISE_BEZIER_KNOTS.);
#13505 = CARTESIAN_POINT('',(11.8,27.135462651912));
#13506 = CARTESIAN_POINT('',(16.8,30.022213997861));
#13507 = ( GEOMETRIC_REPRESENTATION_CONTEXT(2) 
PARAMETRIC_REPRESENTATION_CONTEXT() REPRESENTATION_CONTEXT('2D SPACE',''
  ) );
#13508 = ORIENTED_EDGE('',*,*,#13232,.F.);
#13509 = ADVANCED_FACE('',(#13510),#4921,.T.);
#13510 = FACE_BOUND('',#13511,.T.);
#13511 = EDGE_LOOP('',(#13512,#13513,#13536,#13557));
#13512 = ORIENTED_EDGE('',*,*,#4904,.T.);
#13513 = ORIENTED_EDGE('',*,*,#13514,.T.);
#13514 = EDGE_CURVE('',#4907,#13515,#13517,.T.);
#13515 = VERTEX_POINT('',#13516);
#13516 = CARTESIAN_POINT('',(6.2,36.834947174298,2.2));
#13517 = SURFACE_CURVE('',#13518,(#13522,#13529),.PCURVE_S1.);
#13518 = LINE('',#13519,#13520);
#13519 = CARTESIAN_POINT('',(6.2,36.834947174298,-1.));
#13520 = VECTOR('',#13521,1.);
#13521 = DIRECTION('',(0.,0.,1.));
#13522 = PCURVE('',#4921,#13523);
#13523 = DEFINITIONAL_REPRESENTATION('',(#13524),#13528);
#13524 = LINE('',#13525,#13526);
#13525 = CARTESIAN_POINT('',(0.,0.));
#13526 = VECTOR('',#13527,1.);
#13527 = DIRECTION('',(0.,-1.));
#13528 = ( GEOMETRIC_REPRESENTATION_CONTEXT(2) 
PARAMETRIC_REPRESENTATION_CONTEXT() REPRESENTATION_CONTEXT('2D SPACE',''
  ) );
#13529 = PCURVE('',#4947,#13530);
#13530 = DEFINITIONAL_REPRESENTATION('',(#13531),#13535);
#13531 = LINE('',#13532,#13533);
#13532 = CARTESIAN_POINT('',(5.773502691896,0.));
#13533 = VECTOR('',#13534,1.);
#13534 = DIRECTION('',(0.,-1.));
#13535 = ( GEOMETRIC_REPRESENTATION_CONTEXT(2) 
PARAMETRIC_REPRESENTATION_CONTEXT() REPRESENTATION_CONTEXT('2D SPACE',''
  ) );
#13536 = ORIENTED_EDGE('',*,*,#13537,.F.);
#13537 = EDGE_CURVE('',#13538,#13515,#13540,.T.);
#13538 = VERTEX_POINT('',#13539);
#13539 = CARTESIAN_POINT('',(6.2,31.061444482402,2.2));
#13540 = SURFACE_CURVE('',#13541,(#13545,#13551),.PCURVE_S1.);
#13541 = LINE('',#13542,#13543);
#13542 = CARTESIAN_POINT('',(6.2,18.417473587149,2.2));
#13543 = VECTOR('',#13544,1.);
#13544 = DIRECTION('',(4.615110447321E-16,1.,-0.));
#13545 = PCURVE('',#4921,#13546);
#13546 = DEFINITIONAL_REPRESENTATION('',(#13547),#13550);
#13547 = B_SPLINE_CURVE_WITH_KNOTS('',1,(#13548,#13549),.UNSPECIFIED.,
  .F.,.F.,(2,2),(12.643970895253,18.417473587149),
  .PIECEWISE_BEZIER_KNOTS.);
#13548 = CARTESIAN_POINT('',(5.773502691896,-3.2));
#13549 = CARTESIAN_POINT('',(0.,-3.2));
#13550 = ( GEOMETRIC_REPRESENTATION_CONTEXT(2) 
PARAMETRIC_REPRESENTATION_CONTEXT() REPRESENTATION_CONTEXT('2D SPACE',''
  ) );
#13551 = PCURVE('',#5933,#13552);
#13552 = DEFINITIONAL_REPRESENTATION('',(#13553),#13556);
#13553 = B_SPLINE_CURVE_WITH_KNOTS('',1,(#13554,#13555),.UNSPECIFIED.,
  .F.,.F.,(2,2),(12.643970895253,18.417473587149),
  .PIECEWISE_BEZIER_KNOTS.);
#13554 = CARTESIAN_POINT('',(6.2,31.061444482402));
#13555 = CARTESIAN_POINT('',(6.2,36.834947174298));
#13556 = ( GEOMETRIC_REPRESENTATION_CONTEXT(2) 
PARAMETRIC_REPRESENTATION_CONTEXT() REPRESENTATION_CONTEXT('2D SPACE',''
  ) );
#13557 = ORIENTED_EDGE('',*,*,#13558,.F.);
#13558 = EDGE_CURVE('',#4905,#13538,#13559,.T.);
#13559 = SURFACE_CURVE('',#13560,(#13564,#13571),.PCURVE_S1.);
#13560 = LINE('',#13561,#13562);
#13561 = CARTESIAN_POINT('',(6.2,31.061444482402,-1.));
#13562 = VECTOR('',#13563,1.);
#13563 = DIRECTION('',(0.,0.,1.));
#13564 = PCURVE('',#4921,#13565);
#13565 = DEFINITIONAL_REPRESENTATION('',(#13566),#13570);
#13566 = LINE('',#13567,#13568);
#13567 = CARTESIAN_POINT('',(5.773502691896,0.));
#13568 = VECTOR('',#13569,1.);
#13569 = DIRECTION('',(0.,-1.));
#13570 = ( GEOMETRIC_REPRESENTATION_CONTEXT(2) 
PARAMETRIC_REPRESENTATION_CONTEXT() REPRESENTATION_CONTEXT('2D SPACE',''
  ) );
#13571 = PCURVE('',#5049,#13572);
#13572 = DEFINITIONAL_REPRESENTATION('',(#13573),#13577);
#13573 = LINE('',#13574,#13575);
#13574 = CARTESIAN_POINT('',(0.,0.));
#13575 = VECTOR('',#13576,1.);
#13576 = DIRECTION('',(0.,-1.));
#13577 = ( GEOMETRIC_REPRESENTATION_CONTEXT(2) 
PARAMETRIC_REPRESENTATION_CONTEXT() REPRESENTATION_CONTEXT('2D SPACE',''
  ) );
#13578 = ADVANCED_FACE('',(#13579),#5049,.T.);
#13579 = FACE_BOUND('',#13580,.T.);
#13580 = EDGE_LOOP('',(#13581,#13582,#13583,#13604));
#13581 = ORIENTED_EDGE('',*,*,#5036,.T.);
#13582 = ORIENTED_EDGE('',*,*,#13558,.T.);
#13583 = ORIENTED_EDGE('',*,*,#13584,.F.);
#13584 = EDGE_CURVE('',#13585,#13538,#13587,.T.);
#13585 = VERTEX_POINT('',#13586);
#13586 = CARTESIAN_POINT('',(11.2,28.174693136454,2.2));
#13587 = SURFACE_CURVE('',#13588,(#13592,#13598),.PCURVE_S1.);
#13588 = LINE('',#13589,#13590);
#13589 = CARTESIAN_POINT('',(10.6,28.521103297968,2.2));
#13590 = VECTOR('',#13591,1.);
#13591 = DIRECTION('',(-0.866025403784,0.5,0.));
#13592 = PCURVE('',#5049,#13593);
#13593 = DEFINITIONAL_REPRESENTATION('',(#13594),#13597);
#13594 = B_SPLINE_CURVE_WITH_KNOTS('',1,(#13595,#13596),.UNSPECIFIED.,
  .F.,.F.,(2,2),(-0.692820323028,5.080682368869),
  .PIECEWISE_BEZIER_KNOTS.);
#13595 = CARTESIAN_POINT('',(5.773502691896,-3.2));
#13596 = CARTESIAN_POINT('',(0.,-3.2));
#13597 = ( GEOMETRIC_REPRESENTATION_CONTEXT(2) 
PARAMETRIC_REPRESENTATION_CONTEXT() REPRESENTATION_CONTEXT('2D SPACE',''
  ) );
#13598 = PCURVE('',#5933,#13599);
#13599 = DEFINITIONAL_REPRESENTATION('',(#13600),#13603);
#13600 = B_SPLINE_CURVE_WITH_KNOTS('',1,(#13601,#13602),.UNSPECIFIED.,
  .F.,.F.,(2,2),(-0.692820323028,5.080682368869),
  .PIECEWISE_BEZIER_KNOTS.);
#13601 = CARTESIAN_POINT('',(11.2,28.174693136454));
#13602 = CARTESIAN_POINT('',(6.2,31.061444482402));
#13603 = ( GEOMETRIC_REPRESENTATION_CONTEXT(2) 
PARAMETRIC_REPRESENTATION_CONTEXT() REPRESENTATION_CONTEXT('2D SPACE',''
  ) );
#13604 = ORIENTED_EDGE('',*,*,#13605,.F.);
#13605 = EDGE_CURVE('',#5011,#13585,#13606,.T.);
#13606 = SURFACE_CURVE('',#13607,(#13611,#13618),.PCURVE_S1.);
#13607 = LINE('',#13608,#13609);
#13608 = CARTESIAN_POINT('',(11.2,28.174693136454,-1.));
#13609 = VECTOR('',#13610,1.);
#13610 = DIRECTION('',(0.,0.,1.));
#13611 = PCURVE('',#5049,#13612);
#13612 = DEFINITIONAL_REPRESENTATION('',(#13613),#13617);
#13613 = LINE('',#13614,#13615);
#13614 = CARTESIAN_POINT('',(5.773502691896,0.));
#13615 = VECTOR('',#13616,1.);
#13616 = DIRECTION('',(0.,-1.));
#13617 = ( GEOMETRIC_REPRESENTATION_CONTEXT(2) 
PARAMETRIC_REPRESENTATION_CONTEXT() REPRESENTATION_CONTEXT('2D SPACE',''
  ) );
#13618 = PCURVE('',#5025,#13619);
#13619 = DEFINITIONAL_REPRESENTATION('',(#13620),#13624);
#13620 = LINE('',#13621,#13622);
#13621 = CARTESIAN_POINT('',(0.,0.));
#13622 = VECTOR('',#13623,1.);
#13623 = DIRECTION('',(0.,-1.));
#13624 = ( GEOMETRIC_REPRESENTATION_CONTEXT(2) 
PARAMETRIC_REPRESENTATION_CONTEXT() REPRESENTATION_CONTEXT('2D SPACE',''
  ) );
#13625 = ADVANCED_FACE('',(#13626),#5025,.T.);
#13626 = FACE_BOUND('',#13627,.T.);
#13627 = EDGE_LOOP('',(#13628,#13629,#13630,#13651));
#13628 = ORIENTED_EDGE('',*,*,#5010,.T.);
#13629 = ORIENTED_EDGE('',*,*,#13605,.T.);
#13630 = ORIENTED_EDGE('',*,*,#13631,.F.);
#13631 = EDGE_CURVE('',#13632,#13585,#13634,.T.);
#13632 = VERTEX_POINT('',#13633);
#13633 = CARTESIAN_POINT('',(16.2,31.061444482402,2.2));
#13634 = SURFACE_CURVE('',#13635,(#13639,#13645),.PCURVE_S1.);
#13635 = LINE('',#13636,#13637);
#13636 = CARTESIAN_POINT('',(0.9,22.227985363801,2.2));
#13637 = VECTOR('',#13638,1.);
#13638 = DIRECTION('',(-0.866025403784,-0.5,0.));
#13639 = PCURVE('',#5025,#13640);
#13640 = DEFINITIONAL_REPRESENTATION('',(#13641),#13644);
#13641 = B_SPLINE_CURVE_WITH_KNOTS('',1,(#13642,#13643),.UNSPECIFIED.,
  .F.,.F.,(2,2),(-17.6669182372,-11.8934155453),
  .PIECEWISE_BEZIER_KNOTS.);
#13642 = CARTESIAN_POINT('',(5.773502691896,-3.2));
#13643 = CARTESIAN_POINT('',(0.,-3.2));
#13644 = ( GEOMETRIC_REPRESENTATION_CONTEXT(2) 
PARAMETRIC_REPRESENTATION_CONTEXT() REPRESENTATION_CONTEXT('2D SPACE',''
  ) );
#13645 = PCURVE('',#5933,#13646);
#13646 = DEFINITIONAL_REPRESENTATION('',(#13647),#13650);
#13647 = B_SPLINE_CURVE_WITH_KNOTS('',1,(#13648,#13649),.UNSPECIFIED.,
  .F.,.F.,(2,2),(-17.6669182372,-11.8934155453),
  .PIECEWISE_BEZIER_KNOTS.);
#13648 = CARTESIAN_POINT('',(16.2,31.061444482402));
#13649 = CARTESIAN_POINT('',(11.2,28.174693136454));
#13650 = ( GEOMETRIC_REPRESENTATION_CONTEXT(2) 
PARAMETRIC_REPRESENTATION_CONTEXT() REPRESENTATION_CONTEXT('2D SPACE',''
  ) );
#13651 = ORIENTED_EDGE('',*,*,#13652,.F.);
#13652 = EDGE_CURVE('',#4985,#13632,#13653,.T.);
#13653 = SURFACE_CURVE('',#13654,(#13658,#13665),.PCURVE_S1.);
#13654 = LINE('',#13655,#13656);
#13655 = CARTESIAN_POINT('',(16.2,31.061444482402,-1.));
#13656 = VECTOR('',#13657,1.);
#13657 = DIRECTION('',(0.,0.,1.));
#13658 = PCURVE('',#5025,#13659);
#13659 = DEFINITIONAL_REPRESENTATION('',(#13660),#13664);
#13660 = LINE('',#13661,#13662);
#13661 = CARTESIAN_POINT('',(5.773502691896,0.));
#13662 = VECTOR('',#13663,1.);
#13663 = DIRECTION('',(0.,-1.));
#13664 = ( GEOMETRIC_REPRESENTATION_CONTEXT(2) 
PARAMETRIC_REPRESENTATION_CONTEXT() REPRESENTATION_CONTEXT('2D SPACE',''
  ) );
#13665 = PCURVE('',#4999,#13666);
#13666 = DEFINITIONAL_REPRESENTATION('',(#13667),#13671);
#13667 = LINE('',#13668,#13669);
#13668 = CARTESIAN_POINT('',(0.,0.));
#13669 = VECTOR('',#13670,1.);
#13670 = DIRECTION('',(0.,-1.));
#13671 = ( GEOMETRIC_REPRESENTATION_CONTEXT(2) 
PARAMETRIC_REPRESENTATION_CONTEXT() REPRESENTATION_CONTEXT('2D SPACE',''
  ) );
#13672 = ADVANCED_FACE('',(#13673),#4999,.T.);
#13673 = FACE_BOUND('',#13674,.T.);
#13674 = EDGE_LOOP('',(#13675,#13676,#13677,#13698));
#13675 = ORIENTED_EDGE('',*,*,#4984,.T.);
#13676 = ORIENTED_EDGE('',*,*,#13652,.T.);
#13677 = ORIENTED_EDGE('',*,*,#13678,.F.);
#13678 = EDGE_CURVE('',#13679,#13632,#13681,.T.);
#13679 = VERTEX_POINT('',#13680);
#13680 = CARTESIAN_POINT('',(16.2,36.834947174298,2.2));
#13681 = SURFACE_CURVE('',#13682,(#13686,#13692),.PCURVE_S1.);
#13682 = LINE('',#13683,#13684);
#13683 = CARTESIAN_POINT('',(16.2,15.530722241201,2.2));
#13684 = VECTOR('',#13685,1.);
#13685 = DIRECTION('',(-1.538370149107E-16,-1.,0.));
#13686 = PCURVE('',#4999,#13687);
#13687 = DEFINITIONAL_REPRESENTATION('',(#13688),#13691);
#13688 = B_SPLINE_CURVE_WITH_KNOTS('',1,(#13689,#13690),.UNSPECIFIED.,
  .F.,.F.,(2,2),(-21.30422493309,-15.5307222412),
  .PIECEWISE_BEZIER_KNOTS.);
#13689 = CARTESIAN_POINT('',(5.773502691896,-3.2));
#13690 = CARTESIAN_POINT('',(0.,-3.2));
#13691 = ( GEOMETRIC_REPRESENTATION_CONTEXT(2) 
PARAMETRIC_REPRESENTATION_CONTEXT() REPRESENTATION_CONTEXT('2D SPACE',''
  ) );
#13692 = PCURVE('',#5933,#13693);
#13693 = DEFINITIONAL_REPRESENTATION('',(#13694),#13697);
#13694 = B_SPLINE_CURVE_WITH_KNOTS('',1,(#13695,#13696),.UNSPECIFIED.,
  .F.,.F.,(2,2),(-21.30422493309,-15.5307222412),
  .PIECEWISE_BEZIER_KNOTS.);
#13695 = CARTESIAN_POINT('',(16.2,36.834947174298));
#13696 = CARTESIAN_POINT('',(16.2,31.061444482402));
#13697 = ( GEOMETRIC_REPRESENTATION_CONTEXT(2) 
PARAMETRIC_REPRESENTATION_CONTEXT() REPRESENTATION_CONTEXT('2D SPACE',''
  ) );
#13698 = ORIENTED_EDGE('',*,*,#13699,.F.);
#13699 = EDGE_CURVE('',#4959,#13679,#13700,.T.);
#13700 = SURFACE_CURVE('',#13701,(#13705,#13712),.PCURVE_S1.);
#13701 = LINE('',#13702,#13703);
#13702 = CARTESIAN_POINT('',(16.2,36.834947174298,-1.));
#13703 = VECTOR('',#13704,1.);
#13704 = DIRECTION('',(0.,0.,1.));
#13705 = PCURVE('',#4999,#13706);
#13706 = DEFINITIONAL_REPRESENTATION('',(#13707),#13711);
#13707 = LINE('',#13708,#13709);
#13708 = CARTESIAN_POINT('',(5.773502691896,0.));
#13709 = VECTOR('',#13710,1.);
#13710 = DIRECTION('',(0.,-1.));
#13711 = ( GEOMETRIC_REPRESENTATION_CONTEXT(2) 
PARAMETRIC_REPRESENTATION_CONTEXT() REPRESENTATION_CONTEXT('2D SPACE',''
  ) );
#13712 = PCURVE('',#4973,#13713);
#13713 = DEFINITIONAL_REPRESENTATION('',(#13714),#13718);
#13714 = LINE('',#13715,#13716);
#13715 = CARTESIAN_POINT('',(0.,0.));
#13716 = VECTOR('',#13717,1.);
#13717 = DIRECTION('',(0.,-1.));
#13718 = ( GEOMETRIC_REPRESENTATION_CONTEXT(2) 
PARAMETRIC_REPRESENTATION_CONTEXT() REPRESENTATION_CONTEXT('2D SPACE',''
  ) );
#13719 = ADVANCED_FACE('',(#13720),#4973,.T.);
#13720 = FACE_BOUND('',#13721,.T.);
#13721 = EDGE_LOOP('',(#13722,#13723,#13724,#13745));
#13722 = ORIENTED_EDGE('',*,*,#4958,.T.);
#13723 = ORIENTED_EDGE('',*,*,#13699,.T.);
#13724 = ORIENTED_EDGE('',*,*,#13725,.F.);
#13725 = EDGE_CURVE('',#13726,#13679,#13728,.T.);
#13726 = VERTEX_POINT('',#13727);
#13727 = CARTESIAN_POINT('',(11.2,39.721698520246,2.2));
#13728 = SURFACE_CURVE('',#13729,(#13733,#13739),.PCURVE_S1.);
#13729 = LINE('',#13730,#13731);
#13730 = CARTESIAN_POINT('',(18.1,35.737981662838,2.2));
#13731 = VECTOR('',#13732,1.);
#13732 = DIRECTION('',(0.866025403784,-0.5,0.));
#13733 = PCURVE('',#4973,#13734);
#13734 = DEFINITIONAL_REPRESENTATION('',(#13735),#13738);
#13735 = B_SPLINE_CURVE_WITH_KNOTS('',1,(#13736,#13737),.UNSPECIFIED.,
  .F.,.F.,(2,2),(-7.967433714817,-2.193931022921),
  .PIECEWISE_BEZIER_KNOTS.);
#13736 = CARTESIAN_POINT('',(5.773502691896,-3.2));
#13737 = CARTESIAN_POINT('',(0.,-3.2));
#13738 = ( GEOMETRIC_REPRESENTATION_CONTEXT(2) 
PARAMETRIC_REPRESENTATION_CONTEXT() REPRESENTATION_CONTEXT('2D SPACE',''
  ) );
#13739 = PCURVE('',#5933,#13740);
#13740 = DEFINITIONAL_REPRESENTATION('',(#13741),#13744);
#13741 = B_SPLINE_CURVE_WITH_KNOTS('',1,(#13742,#13743),.UNSPECIFIED.,
  .F.,.F.,(2,2),(-7.967433714817,-2.193931022921),
  .PIECEWISE_BEZIER_KNOTS.);
#13742 = CARTESIAN_POINT('',(11.2,39.721698520246));
#13743 = CARTESIAN_POINT('',(16.2,36.834947174298));
#13744 = ( GEOMETRIC_REPRESENTATION_CONTEXT(2) 
PARAMETRIC_REPRESENTATION_CONTEXT() REPRESENTATION_CONTEXT('2D SPACE',''
  ) );
#13745 = ORIENTED_EDGE('',*,*,#13746,.F.);
#13746 = EDGE_CURVE('',#4933,#13726,#13747,.T.);
#13747 = SURFACE_CURVE('',#13748,(#13752,#13759),.PCURVE_S1.);
#13748 = LINE('',#13749,#13750);
#13749 = CARTESIAN_POINT('',(11.2,39.721698520246,-1.));
#13750 = VECTOR('',#13751,1.);
#13751 = DIRECTION('',(0.,0.,1.));
#13752 = PCURVE('',#4973,#13753);
#13753 = DEFINITIONAL_REPRESENTATION('',(#13754),#13758);
#13754 = LINE('',#13755,#13756);
#13755 = CARTESIAN_POINT('',(5.773502691896,0.));
#13756 = VECTOR('',#13757,1.);
#13757 = DIRECTION('',(0.,-1.));
#13758 = ( GEOMETRIC_REPRESENTATION_CONTEXT(2) 
PARAMETRIC_REPRESENTATION_CONTEXT() REPRESENTATION_CONTEXT('2D SPACE',''
  ) );
#13759 = PCURVE('',#4947,#13760);
#13760 = DEFINITIONAL_REPRESENTATION('',(#13761),#13765);
#13761 = LINE('',#13762,#13763);
#13762 = CARTESIAN_POINT('',(0.,0.));
#13763 = VECTOR('',#13764,1.);
#13764 = DIRECTION('',(0.,-1.));
#13765 = ( GEOMETRIC_REPRESENTATION_CONTEXT(2) 
PARAMETRIC_REPRESENTATION_CONTEXT() REPRESENTATION_CONTEXT('2D SPACE',''
  ) );
#13766 = ADVANCED_FACE('',(#13767),#4947,.T.);
#13767 = FACE_BOUND('',#13768,.T.);
#13768 = EDGE_LOOP('',(#13769,#13770,#13771,#13790));
#13769 = ORIENTED_EDGE('',*,*,#4932,.T.);
#13770 = ORIENTED_EDGE('',*,*,#13746,.T.);
#13771 = ORIENTED_EDGE('',*,*,#13772,.F.);
#13772 = EDGE_CURVE('',#13515,#13726,#13773,.T.);
#13773 = SURFACE_CURVE('',#13774,(#13778,#13784),.PCURVE_S1.);
#13774 = LINE('',#13775,#13776);
#13775 = CARTESIAN_POINT('',(-1.6,32.331615074619,2.2));
#13776 = VECTOR('',#13777,1.);
#13777 = DIRECTION('',(0.866025403784,0.5,-0.));
#13778 = PCURVE('',#4947,#13779);
#13779 = DEFINITIONAL_REPRESENTATION('',(#13780),#13783);
#13780 = B_SPLINE_CURVE_WITH_KNOTS('',1,(#13781,#13782),.UNSPECIFIED.,
  .F.,.F.,(2,2),(9.006664199358,14.780166891254),
  .PIECEWISE_BEZIER_KNOTS.);
#13781 = CARTESIAN_POINT('',(5.773502691896,-3.2));
#13782 = CARTESIAN_POINT('',(0.,-3.2));
#13783 = ( GEOMETRIC_REPRESENTATION_CONTEXT(2) 
PARAMETRIC_REPRESENTATION_CONTEXT() REPRESENTATION_CONTEXT('2D SPACE',''
  ) );
#13784 = PCURVE('',#5933,#13785);
#13785 = DEFINITIONAL_REPRESENTATION('',(#13786),#13789);
#13786 = B_SPLINE_CURVE_WITH_KNOTS('',1,(#13787,#13788),.UNSPECIFIED.,
  .F.,.F.,(2,2),(9.006664199358,14.780166891254),
  .PIECEWISE_BEZIER_KNOTS.);
#13787 = CARTESIAN_POINT('',(6.2,36.834947174298));
#13788 = CARTESIAN_POINT('',(11.2,39.721698520246));
#13789 = ( GEOMETRIC_REPRESENTATION_CONTEXT(2) 
PARAMETRIC_REPRESENTATION_CONTEXT() REPRESENTATION_CONTEXT('2D SPACE',''
  ) );
#13790 = ORIENTED_EDGE('',*,*,#13514,.F.);
#13791 = ADVANCED_FACE('',(#13792),#5184,.T.);
#13792 = FACE_BOUND('',#13793,.T.);
#13793 = EDGE_LOOP('',(#13794,#13795,#13796,#13797));
#13794 = ORIENTED_EDGE('',*,*,#5440,.F.);
#13795 = ORIENTED_EDGE('',*,*,#5413,.T.);
#13796 = ORIENTED_EDGE('',*,*,#5168,.T.);
#13797 = ORIENTED_EDGE('',*,*,#13798,.F.);
#13798 = EDGE_CURVE('',#5441,#5140,#13799,.T.);
#13799 = SURFACE_CURVE('',#13800,(#13804,#13811),.PCURVE_S1.);
#13800 = LINE('',#13801,#13802);
#13801 = CARTESIAN_POINT('',(29.,46.5,0.));
#13802 = VECTOR('',#13803,1.);
#13803 = DIRECTION('',(0.,0.,1.));
#13804 = PCURVE('',#5184,#13805);
#13805 = DEFINITIONAL_REPRESENTATION('',(#13806),#13810);
#13806 = LINE('',#13807,#13808);
#13807 = CARTESIAN_POINT('',(0.,60.));
#13808 = VECTOR('',#13809,1.);
#13809 = DIRECTION('',(1.,0.));
#13810 = ( GEOMETRIC_REPRESENTATION_CONTEXT(2) 
PARAMETRIC_REPRESENTATION_CONTEXT() REPRESENTATION_CONTEXT('2D SPACE',''
  ) );
#13811 = PCURVE('',#5156,#13812);
#13812 = DEFINITIONAL_REPRESENTATION('',(#13813),#13817);
#13813 = LINE('',#13814,#13815);
#13814 = CARTESIAN_POINT('',(1.570796326795,0.));
#13815 = VECTOR('',#13816,1.);
#13816 = DIRECTION('',(0.,1.));
#13817 = ( GEOMETRIC_REPRESENTATION_CONTEXT(2) 
PARAMETRIC_REPRESENTATION_CONTEXT() REPRESENTATION_CONTEXT('2D SPACE',''
  ) );
#13818 = ADVANCED_FACE('',(#13819),#5156,.T.);
#13819 = FACE_BOUND('',#13820,.T.);
#13820 = EDGE_LOOP('',(#13821,#13822,#13823,#13824));
#13821 = ORIENTED_EDGE('',*,*,#5762,.F.);
#13822 = ORIENTED_EDGE('',*,*,#5461,.T.);
#13823 = ORIENTED_EDGE('',*,*,#13798,.T.);
#13824 = ORIENTED_EDGE('',*,*,#5139,.F.);
#13825 = ADVANCED_FACE('',(#13826),#5242,.F.);
#13826 = FACE_BOUND('',#13827,.F.);
#13827 = EDGE_LOOP('',(#13828,#13851,#13879,#13900));
#13828 = ORIENTED_EDGE('',*,*,#13829,.T.);
#13829 = EDGE_CURVE('',#5225,#13830,#13832,.T.);
#13830 = VERTEX_POINT('',#13831);
#13831 = CARTESIAN_POINT('',(-29.8,-45.3,37.5));
#13832 = SURFACE_CURVE('',#13833,(#13837,#13844),.PCURVE_S1.);
#13833 = LINE('',#13834,#13835);
#13834 = CARTESIAN_POINT('',(-29.8,-45.3,40.));
#13835 = VECTOR('',#13836,1.);
#13836 = DIRECTION('',(-0.,-0.,-1.));
#13837 = PCURVE('',#5242,#13838);
#13838 = DEFINITIONAL_REPRESENTATION('',(#13839),#13843);
#13839 = LINE('',#13840,#13841);
#13840 = CARTESIAN_POINT('',(0.,0.));
#13841 = VECTOR('',#13842,1.);
#13842 = DIRECTION('',(0.,-1.));
#13843 = ( GEOMETRIC_REPRESENTATION_CONTEXT(2) 
PARAMETRIC_REPRESENTATION_CONTEXT() REPRESENTATION_CONTEXT('2D SPACE',''
  ) );
#13844 = PCURVE('',#5270,#13845);
#13845 = DEFINITIONAL_REPRESENTATION('',(#13846),#13850);
#13846 = LINE('',#13847,#13848);
#13847 = CARTESIAN_POINT('',(0.,0.));
#13848 = VECTOR('',#13849,1.);
#13849 = DIRECTION('',(0.,-1.));
#13850 = ( GEOMETRIC_REPRESENTATION_CONTEXT(2) 
PARAMETRIC_REPRESENTATION_CONTEXT() REPRESENTATION_CONTEXT('2D SPACE',''
  ) );
#13851 = ORIENTED_EDGE('',*,*,#13852,.T.);
#13852 = EDGE_CURVE('',#13830,#13853,#13855,.T.);
#13853 = VERTEX_POINT('',#13854);
#13854 = CARTESIAN_POINT('',(29.8,-45.3,37.5));
#13855 = SURFACE_CURVE('',#13856,(#13860,#13867),.PCURVE_S1.);
#13856 = LINE('',#13857,#13858);
#13857 = CARTESIAN_POINT('',(0.,-45.3,37.5));
#13858 = VECTOR('',#13859,1.);
#13859 = DIRECTION('',(1.,0.,0.));
#13860 = PCURVE('',#5242,#13861);
#13861 = DEFINITIONAL_REPRESENTATION('',(#13862),#13866);
#13862 = LINE('',#13863,#13864);
#13863 = CARTESIAN_POINT('',(29.8,-2.5));
#13864 = VECTOR('',#13865,1.);
#13865 = DIRECTION('',(1.,0.));
#13866 = ( GEOMETRIC_REPRESENTATION_CONTEXT(2) 
PARAMETRIC_REPRESENTATION_CONTEXT() REPRESENTATION_CONTEXT('2D SPACE',''
  ) );
#13867 = PCURVE('',#13868,#13873);
#13868 = PLANE('',#13869);
#13869 = AXIS2_PLACEMENT_3D('',#13870,#13871,#13872);
#13870 = CARTESIAN_POINT('',(0.,0.,37.5));
#13871 = DIRECTION('',(0.,0.,1.));
#13872 = DIRECTION('',(1.,0.,0.));
#13873 = DEFINITIONAL_REPRESENTATION('',(#13874),#13878);
#13874 = LINE('',#13875,#13876);
#13875 = CARTESIAN_POINT('',(0.,-45.3));
#13876 = VECTOR('',#13877,1.);
#13877 = DIRECTION('',(1.,0.));
#13878 = ( GEOMETRIC_REPRESENTATION_CONTEXT(2) 
PARAMETRIC_REPRESENTATION_CONTEXT() REPRESENTATION_CONTEXT('2D SPACE',''
  ) );
#13879 = ORIENTED_EDGE('',*,*,#13880,.F.);
#13880 = EDGE_CURVE('',#5227,#13853,#13881,.T.);
#13881 = SURFACE_CURVE('',#13882,(#13886,#13893),.PCURVE_S1.);
#13882 = LINE('',#13883,#13884);
#13883 = CARTESIAN_POINT('',(29.8,-45.3,40.));
#13884 = VECTOR('',#13885,1.);
#13885 = DIRECTION('',(-0.,-0.,-1.));
#13886 = PCURVE('',#5242,#13887);
#13887 = DEFINITIONAL_REPRESENTATION('',(#13888),#13892);
#13888 = LINE('',#13889,#13890);
#13889 = CARTESIAN_POINT('',(59.6,0.));
#13890 = VECTOR('',#13891,1.);
#13891 = DIRECTION('',(0.,-1.));
#13892 = ( GEOMETRIC_REPRESENTATION_CONTEXT(2) 
PARAMETRIC_REPRESENTATION_CONTEXT() REPRESENTATION_CONTEXT('2D SPACE',''
  ) );
#13893 = PCURVE('',#5324,#13894);
#13894 = DEFINITIONAL_REPRESENTATION('',(#13895),#13899);
#13895 = LINE('',#13896,#13897);
#13896 = CARTESIAN_POINT('',(0.,0.));
#13897 = VECTOR('',#13898,1.);
#13898 = DIRECTION('',(0.,-1.));
#13899 = ( GEOMETRIC_REPRESENTATION_CONTEXT(2) 
PARAMETRIC_REPRESENTATION_CONTEXT() REPRESENTATION_CONTEXT('2D SPACE',''
  ) );
#13900 = ORIENTED_EDGE('',*,*,#5224,.F.);
#13901 = ADVANCED_FACE('',(#13902),#5324,.F.);
#13902 = FACE_BOUND('',#13903,.F.);
#13903 = EDGE_LOOP('',(#13904,#13905,#13928,#13949));
#13904 = ORIENTED_EDGE('',*,*,#13880,.T.);
#13905 = ORIENTED_EDGE('',*,*,#13906,.T.);
#13906 = EDGE_CURVE('',#13853,#13907,#13909,.T.);
#13907 = VERTEX_POINT('',#13908);
#13908 = CARTESIAN_POINT('',(29.8,45.3,37.5));
#13909 = SURFACE_CURVE('',#13910,(#13914,#13921),.PCURVE_S1.);
#13910 = LINE('',#13911,#13912);
#13911 = CARTESIAN_POINT('',(29.8,0.,37.5));
#13912 = VECTOR('',#13913,1.);
#13913 = DIRECTION('',(0.,1.,0.));
#13914 = PCURVE('',#5324,#13915);
#13915 = DEFINITIONAL_REPRESENTATION('',(#13916),#13920);
#13916 = LINE('',#13917,#13918);
#13917 = CARTESIAN_POINT('',(45.3,-2.5));
#13918 = VECTOR('',#13919,1.);
#13919 = DIRECTION('',(1.,0.));
#13920 = ( GEOMETRIC_REPRESENTATION_CONTEXT(2) 
PARAMETRIC_REPRESENTATION_CONTEXT() REPRESENTATION_CONTEXT('2D SPACE',''
  ) );
#13921 = PCURVE('',#13868,#13922);
#13922 = DEFINITIONAL_REPRESENTATION('',(#13923),#13927);
#13923 = LINE('',#13924,#13925);
#13924 = CARTESIAN_POINT('',(29.8,0.));
#13925 = VECTOR('',#13926,1.);
#13926 = DIRECTION('',(0.,1.));
#13927 = ( GEOMETRIC_REPRESENTATION_CONTEXT(2) 
PARAMETRIC_REPRESENTATION_CONTEXT() REPRESENTATION_CONTEXT('2D SPACE',''
  ) );
#13928 = ORIENTED_EDGE('',*,*,#13929,.F.);
#13929 = EDGE_CURVE('',#5283,#13907,#13930,.T.);
#13930 = SURFACE_CURVE('',#13931,(#13935,#13942),.PCURVE_S1.);
#13931 = LINE('',#13932,#13933);
#13932 = CARTESIAN_POINT('',(29.8,45.3,40.));
#13933 = VECTOR('',#13934,1.);
#13934 = DIRECTION('',(-0.,-0.,-1.));
#13935 = PCURVE('',#5324,#13936);
#13936 = DEFINITIONAL_REPRESENTATION('',(#13937),#13941);
#13937 = LINE('',#13938,#13939);
#13938 = CARTESIAN_POINT('',(90.6,0.));
#13939 = VECTOR('',#13940,1.);
#13940 = DIRECTION('',(0.,-1.));
#13941 = ( GEOMETRIC_REPRESENTATION_CONTEXT(2) 
PARAMETRIC_REPRESENTATION_CONTEXT() REPRESENTATION_CONTEXT('2D SPACE',''
  ) );
#13942 = PCURVE('',#5298,#13943);
#13943 = DEFINITIONAL_REPRESENTATION('',(#13944),#13948);
#13944 = LINE('',#13945,#13946);
#13945 = CARTESIAN_POINT('',(59.6,0.));
#13946 = VECTOR('',#13947,1.);
#13947 = DIRECTION('',(0.,-1.));
#13948 = ( GEOMETRIC_REPRESENTATION_CONTEXT(2) 
PARAMETRIC_REPRESENTATION_CONTEXT() REPRESENTATION_CONTEXT('2D SPACE',''
  ) );
#13949 = ORIENTED_EDGE('',*,*,#5310,.F.);
#13950 = ADVANCED_FACE('',(#13951),#5298,.T.);
#13951 = FACE_BOUND('',#13952,.T.);
#13952 = EDGE_LOOP('',(#13953,#13976,#13997,#13998));
#13953 = ORIENTED_EDGE('',*,*,#13954,.T.);
#13954 = EDGE_CURVE('',#5255,#13955,#13957,.T.);
#13955 = VERTEX_POINT('',#13956);
#13956 = CARTESIAN_POINT('',(-29.8,45.3,37.5));
#13957 = SURFACE_CURVE('',#13958,(#13962,#13969),.PCURVE_S1.);
#13958 = LINE('',#13959,#13960);
#13959 = CARTESIAN_POINT('',(-29.8,45.3,40.));
#13960 = VECTOR('',#13961,1.);
#13961 = DIRECTION('',(-0.,-0.,-1.));
#13962 = PCURVE('',#5298,#13963);
#13963 = DEFINITIONAL_REPRESENTATION('',(#13964),#13968);
#13964 = LINE('',#13965,#13966);
#13965 = CARTESIAN_POINT('',(0.,0.));
#13966 = VECTOR('',#13967,1.);
#13967 = DIRECTION('',(0.,-1.));
#13968 = ( GEOMETRIC_REPRESENTATION_CONTEXT(2) 
PARAMETRIC_REPRESENTATION_CONTEXT() REPRESENTATION_CONTEXT('2D SPACE',''
  ) );
#13969 = PCURVE('',#5270,#13970);
#13970 = DEFINITIONAL_REPRESENTATION('',(#13971),#13975);
#13971 = LINE('',#13972,#13973);
#13972 = CARTESIAN_POINT('',(90.6,0.));
#13973 = VECTOR('',#13974,1.);
#13974 = DIRECTION('',(0.,-1.));
#13975 = ( GEOMETRIC_REPRESENTATION_CONTEXT(2) 
PARAMETRIC_REPRESENTATION_CONTEXT() REPRESENTATION_CONTEXT('2D SPACE',''
  ) );
#13976 = ORIENTED_EDGE('',*,*,#13977,.T.);
#13977 = EDGE_CURVE('',#13955,#13907,#13978,.T.);
#13978 = SURFACE_CURVE('',#13979,(#13983,#13990),.PCURVE_S1.);
#13979 = LINE('',#13980,#13981);
#13980 = CARTESIAN_POINT('',(0.,45.3,37.5));
#13981 = VECTOR('',#13982,1.);
#13982 = DIRECTION('',(1.,0.,0.));
#13983 = PCURVE('',#5298,#13984);
#13984 = DEFINITIONAL_REPRESENTATION('',(#13985),#13989);
#13985 = LINE('',#13986,#13987);
#13986 = CARTESIAN_POINT('',(29.8,-2.5));
#13987 = VECTOR('',#13988,1.);
#13988 = DIRECTION('',(1.,0.));
#13989 = ( GEOMETRIC_REPRESENTATION_CONTEXT(2) 
PARAMETRIC_REPRESENTATION_CONTEXT() REPRESENTATION_CONTEXT('2D SPACE',''
  ) );
#13990 = PCURVE('',#13868,#13991);
#13991 = DEFINITIONAL_REPRESENTATION('',(#13992),#13996);
#13992 = LINE('',#13993,#13994);
#13993 = CARTESIAN_POINT('',(0.,45.3));
#13994 = VECTOR('',#13995,1.);
#13995 = DIRECTION('',(1.,0.));
#13996 = ( GEOMETRIC_REPRESENTATION_CONTEXT(2) 
PARAMETRIC_REPRESENTATION_CONTEXT() REPRESENTATION_CONTEXT('2D SPACE',''
  ) );
#13997 = ORIENTED_EDGE('',*,*,#13929,.F.);
#13998 = ORIENTED_EDGE('',*,*,#5282,.F.);
#13999 = ADVANCED_FACE('',(#14000),#5270,.T.);
#14000 = FACE_BOUND('',#14001,.T.);
#14001 = EDGE_LOOP('',(#14002,#14003,#14024,#14025));
#14002 = ORIENTED_EDGE('',*,*,#13829,.T.);
#14003 = ORIENTED_EDGE('',*,*,#14004,.T.);
#14004 = EDGE_CURVE('',#13830,#13955,#14005,.T.);
#14005 = SURFACE_CURVE('',#14006,(#14010,#14017),.PCURVE_S1.);
#14006 = LINE('',#14007,#14008);
#14007 = CARTESIAN_POINT('',(-29.8,0.,37.5));
#14008 = VECTOR('',#14009,1.);
#14009 = DIRECTION('',(0.,1.,0.));
#14010 = PCURVE('',#5270,#14011);
#14011 = DEFINITIONAL_REPRESENTATION('',(#14012),#14016);
#14012 = LINE('',#14013,#14014);
#14013 = CARTESIAN_POINT('',(45.3,-2.5));
#14014 = VECTOR('',#14015,1.);
#14015 = DIRECTION('',(1.,0.));
#14016 = ( GEOMETRIC_REPRESENTATION_CONTEXT(2) 
PARAMETRIC_REPRESENTATION_CONTEXT() REPRESENTATION_CONTEXT('2D SPACE',''
  ) );
#14017 = PCURVE('',#13868,#14018);
#14018 = DEFINITIONAL_REPRESENTATION('',(#14019),#14023);
#14019 = LINE('',#14020,#14021);
#14020 = CARTESIAN_POINT('',(-29.8,0.));
#14021 = VECTOR('',#14022,1.);
#14022 = DIRECTION('',(0.,1.));
#14023 = ( GEOMETRIC_REPRESENTATION_CONTEXT(2) 
PARAMETRIC_REPRESENTATION_CONTEXT() REPRESENTATION_CONTEXT('2D SPACE',''
  ) );
#14024 = ORIENTED_EDGE('',*,*,#13954,.F.);
#14025 = ORIENTED_EDGE('',*,*,#5254,.F.);
#14026 = ADVANCED_FACE('',(#14027,#14129),#5549,.T.);
#14027 = FACE_BOUND('',#14028,.T.);
#14028 = EDGE_LOOP('',(#14029,#14052,#14080,#14103));
#14029 = ORIENTED_EDGE('',*,*,#14030,.T.);
#14030 = EDGE_CURVE('',#14031,#14033,#14035,.T.);
#14031 = VERTEX_POINT('',#14032);
#14032 = CARTESIAN_POINT('',(-28.8,44.3,37.5));
#14033 = VERTEX_POINT('',#14034);
#14034 = CARTESIAN_POINT('',(-28.8,-44.3,37.5));
#14035 = SURFACE_CURVE('',#14036,(#14040,#14046),.PCURVE_S1.);
#14036 = LINE('',#14037,#14038);
#14037 = CARTESIAN_POINT('',(-28.8,-22.15,37.5));
#14038 = VECTOR('',#14039,1.);
#14039 = DIRECTION('',(0.,-1.,0.));
#14040 = PCURVE('',#5549,#14041);
#14041 = DEFINITIONAL_REPRESENTATION('',(#14042),#14045);
#14042 = B_SPLINE_CURVE_WITH_KNOTS('',1,(#14043,#14044),.UNSPECIFIED.,
  .F.,.F.,(2,2),(-66.45,22.15),.PIECEWISE_BEZIER_KNOTS.);
#14043 = CARTESIAN_POINT('',(88.6,-2.5));
#14044 = CARTESIAN_POINT('',(0.,-2.5));
#14045 = ( GEOMETRIC_REPRESENTATION_CONTEXT(2) 
PARAMETRIC_REPRESENTATION_CONTEXT() REPRESENTATION_CONTEXT('2D SPACE',''
  ) );
#14046 = PCURVE('',#13868,#14047);
#14047 = DEFINITIONAL_REPRESENTATION('',(#14048),#14051);
#14048 = B_SPLINE_CURVE_WITH_KNOTS('',1,(#14049,#14050),.UNSPECIFIED.,
  .F.,.F.,(2,2),(-66.45,22.15),.PIECEWISE_BEZIER_KNOTS.);
#14049 = CARTESIAN_POINT('',(-28.8,44.3));
#14050 = CARTESIAN_POINT('',(-28.8,-44.3));
#14051 = ( GEOMETRIC_REPRESENTATION_CONTEXT(2) 
PARAMETRIC_REPRESENTATION_CONTEXT() REPRESENTATION_CONTEXT('2D SPACE',''
  ) );
#14052 = ORIENTED_EDGE('',*,*,#14053,.T.);
#14053 = EDGE_CURVE('',#14033,#14054,#14056,.T.);
#14054 = VERTEX_POINT('',#14055);
#14055 = CARTESIAN_POINT('',(-28.8,-44.3,2.2));
#14056 = SURFACE_CURVE('',#14057,(#14061,#14068),.PCURVE_S1.);
#14057 = LINE('',#14058,#14059);
#14058 = CARTESIAN_POINT('',(-28.8,-44.3,40.));
#14059 = VECTOR('',#14060,1.);
#14060 = DIRECTION('',(-0.,-0.,-1.));
#14061 = PCURVE('',#5549,#14062);
#14062 = DEFINITIONAL_REPRESENTATION('',(#14063),#14067);
#14063 = LINE('',#14064,#14065);
#14064 = CARTESIAN_POINT('',(0.,0.));
#14065 = VECTOR('',#14066,1.);
#14066 = DIRECTION('',(0.,-1.));
#14067 = ( GEOMETRIC_REPRESENTATION_CONTEXT(2) 
PARAMETRIC_REPRESENTATION_CONTEXT() REPRESENTATION_CONTEXT('2D SPACE',''
  ) );
#14068 = PCURVE('',#14069,#14074);
#14069 = PLANE('',#14070);
#14070 = AXIS2_PLACEMENT_3D('',#14071,#14072,#14073);
#14071 = CARTESIAN_POINT('',(-28.8,-44.3,40.));
#14072 = DIRECTION('',(0.,-1.,0.));
#14073 = DIRECTION('',(1.,0.,0.));
#14074 = DEFINITIONAL_REPRESENTATION('',(#14075),#14079);
#14075 = LINE('',#14076,#14077);
#14076 = CARTESIAN_POINT('',(0.,0.));
#14077 = VECTOR('',#14078,1.);
#14078 = DIRECTION('',(0.,-1.));
#14079 = ( GEOMETRIC_REPRESENTATION_CONTEXT(2) 
PARAMETRIC_REPRESENTATION_CONTEXT() REPRESENTATION_CONTEXT('2D SPACE',''
  ) );
#14080 = ORIENTED_EDGE('',*,*,#14081,.T.);
#14081 = EDGE_CURVE('',#14054,#14082,#14084,.T.);
#14082 = VERTEX_POINT('',#14083);
#14083 = CARTESIAN_POINT('',(-28.8,44.3,2.2));
#14084 = SURFACE_CURVE('',#14085,(#14089,#14096),.PCURVE_S1.);
#14085 = LINE('',#14086,#14087);
#14086 = CARTESIAN_POINT('',(-28.8,0.,2.2));
#14087 = VECTOR('',#14088,1.);
#14088 = DIRECTION('',(0.,1.,0.));
#14089 = PCURVE('',#5549,#14090);
#14090 = DEFINITIONAL_REPRESENTATION('',(#14091),#14095);
#14091 = LINE('',#14092,#14093);
#14092 = CARTESIAN_POINT('',(44.3,-37.8));
#14093 = VECTOR('',#14094,1.);
#14094 = DIRECTION('',(1.,0.));
#14095 = ( GEOMETRIC_REPRESENTATION_CONTEXT(2) 
PARAMETRIC_REPRESENTATION_CONTEXT() REPRESENTATION_CONTEXT('2D SPACE',''
  ) );
#14096 = PCURVE('',#5933,#14097);
#14097 = DEFINITIONAL_REPRESENTATION('',(#14098),#14102);
#14098 = LINE('',#14099,#14100);
#14099 = CARTESIAN_POINT('',(-28.8,0.));
#14100 = VECTOR('',#14101,1.);
#14101 = DIRECTION('',(0.,1.));
#14102 = ( GEOMETRIC_REPRESENTATION_CONTEXT(2) 
PARAMETRIC_REPRESENTATION_CONTEXT() REPRESENTATION_CONTEXT('2D SPACE',''
  ) );
#14103 = ORIENTED_EDGE('',*,*,#14104,.F.);
#14104 = EDGE_CURVE('',#14031,#14082,#14105,.T.);
#14105 = SURFACE_CURVE('',#14106,(#14110,#14117),.PCURVE_S1.);
#14106 = LINE('',#14107,#14108);
#14107 = CARTESIAN_POINT('',(-28.8,44.3,40.));
#14108 = VECTOR('',#14109,1.);
#14109 = DIRECTION('',(-0.,-0.,-1.));
#14110 = PCURVE('',#5549,#14111);
#14111 = DEFINITIONAL_REPRESENTATION('',(#14112),#14116);
#14112 = LINE('',#14113,#14114);
#14113 = CARTESIAN_POINT('',(88.6,0.));
#14114 = VECTOR('',#14115,1.);
#14115 = DIRECTION('',(0.,-1.));
#14116 = ( GEOMETRIC_REPRESENTATION_CONTEXT(2) 
PARAMETRIC_REPRESENTATION_CONTEXT() REPRESENTATION_CONTEXT('2D SPACE',''
  ) );
#14117 = PCURVE('',#14118,#14123);
#14118 = PLANE('',#14119);
#14119 = AXIS2_PLACEMENT_3D('',#14120,#14121,#14122);
#14120 = CARTESIAN_POINT('',(-28.8,44.3,40.));
#14121 = DIRECTION('',(0.,-1.,0.));
#14122 = DIRECTION('',(1.,0.,0.));
#14123 = DEFINITIONAL_REPRESENTATION('',(#14124),#14128);
#14124 = LINE('',#14125,#14126);
#14125 = CARTESIAN_POINT('',(0.,0.));
#14126 = VECTOR('',#14127,1.);
#14127 = DIRECTION('',(0.,-1.));
#14128 = ( GEOMETRIC_REPRESENTATION_CONTEXT(2) 
PARAMETRIC_REPRESENTATION_CONTEXT() REPRESENTATION_CONTEXT('2D SPACE',''
  ) );
#14129 = FACE_BOUND('',#14130,.T.);
#14130 = EDGE_LOOP('',(#14131,#14132,#14133,#14134));
#14131 = ORIENTED_EDGE('',*,*,#5534,.F.);
#14132 = ORIENTED_EDGE('',*,*,#5680,.F.);
#14133 = ORIENTED_EDGE('',*,*,#5633,.T.);
#14134 = ORIENTED_EDGE('',*,*,#5586,.T.);
#14135 = ADVANCED_FACE('',(#14136),#5804,.F.);
#14136 = FACE_BOUND('',#14137,.F.);
#14137 = EDGE_LOOP('',(#14138,#14139,#14162,#14188));
#14138 = ORIENTED_EDGE('',*,*,#5787,.F.);
#14139 = ORIENTED_EDGE('',*,*,#14140,.T.);
#14140 = EDGE_CURVE('',#5788,#14141,#14143,.T.);
#14141 = VERTEX_POINT('',#14142);
#14142 = CARTESIAN_POINT('',(28.8,-3.3,32.3));
#14143 = SURFACE_CURVE('',#14144,(#14148,#14155),.PCURVE_S1.);
#14144 = LINE('',#14145,#14146);
#14145 = CARTESIAN_POINT('',(32.,-3.3,32.3));
#14146 = VECTOR('',#14147,1.);
#14147 = DIRECTION('',(-1.,-0.,-0.));
#14148 = PCURVE('',#5804,#14149);
#14149 = DEFINITIONAL_REPRESENTATION('',(#14150),#14154);
#14150 = LINE('',#14151,#14152);
#14151 = CARTESIAN_POINT('',(0.,0.));
#14152 = VECTOR('',#14153,1.);
#14153 = DIRECTION('',(0.,-1.));
#14154 = ( GEOMETRIC_REPRESENTATION_CONTEXT(2) 
PARAMETRIC_REPRESENTATION_CONTEXT() REPRESENTATION_CONTEXT('2D SPACE',''
  ) );
#14155 = PCURVE('',#5830,#14156);
#14156 = DEFINITIONAL_REPRESENTATION('',(#14157),#14161);
#14157 = LINE('',#14158,#14159);
#14158 = CARTESIAN_POINT('',(0.,0.));
#14159 = VECTOR('',#14160,1.);
#14160 = DIRECTION('',(0.,-1.));
#14161 = ( GEOMETRIC_REPRESENTATION_CONTEXT(2) 
PARAMETRIC_REPRESENTATION_CONTEXT() REPRESENTATION_CONTEXT('2D SPACE',''
  ) );
#14162 = ORIENTED_EDGE('',*,*,#14163,.T.);
#14163 = EDGE_CURVE('',#14141,#14164,#14166,.T.);
#14164 = VERTEX_POINT('',#14165);
#14165 = CARTESIAN_POINT('',(28.8,3.3,32.3));
#14166 = SURFACE_CURVE('',#14167,(#14171,#14177),.PCURVE_S1.);
#14167 = LINE('',#14168,#14169);
#14168 = CARTESIAN_POINT('',(28.8,-23.8,32.3));
#14169 = VECTOR('',#14170,1.);
#14170 = DIRECTION('',(-0.,1.,0.));
#14171 = PCURVE('',#5804,#14172);
#14172 = DEFINITIONAL_REPRESENTATION('',(#14173),#14176);
#14173 = B_SPLINE_CURVE_WITH_KNOTS('',1,(#14174,#14175),.UNSPECIFIED.,
  .F.,.F.,(2,2),(20.5,27.1),.PIECEWISE_BEZIER_KNOTS.);
#14174 = CARTESIAN_POINT('',(0.,-3.2));
#14175 = CARTESIAN_POINT('',(6.6,-3.2));
#14176 = ( GEOMETRIC_REPRESENTATION_CONTEXT(2) 
PARAMETRIC_REPRESENTATION_CONTEXT() REPRESENTATION_CONTEXT('2D SPACE',''
  ) );
#14177 = PCURVE('',#14178,#14183);
#14178 = PLANE('',#14179);
#14179 = AXIS2_PLACEMENT_3D('',#14180,#14181,#14182);
#14180 = CARTESIAN_POINT('',(28.8,-44.3,40.));
#14181 = DIRECTION('',(1.,0.,0.));
#14182 = DIRECTION('',(-0.,1.,0.));
#14183 = DEFINITIONAL_REPRESENTATION('',(#14184),#14187);
#14184 = B_SPLINE_CURVE_WITH_KNOTS('',1,(#14185,#14186),.UNSPECIFIED.,
  .F.,.F.,(2,2),(20.5,27.1),.PIECEWISE_BEZIER_KNOTS.);
#14185 = CARTESIAN_POINT('',(41.,-7.7));
#14186 = CARTESIAN_POINT('',(47.6,-7.7));
#14187 = ( GEOMETRIC_REPRESENTATION_CONTEXT(2) 
PARAMETRIC_REPRESENTATION_CONTEXT() REPRESENTATION_CONTEXT('2D SPACE',''
  ) );
#14188 = ORIENTED_EDGE('',*,*,#14189,.F.);
#14189 = EDGE_CURVE('',#5790,#14164,#14190,.T.);
#14190 = SURFACE_CURVE('',#14191,(#14195,#14202),.PCURVE_S1.);
#14191 = LINE('',#14192,#14193);
#14192 = CARTESIAN_POINT('',(32.,3.3,32.3));
#14193 = VECTOR('',#14194,1.);
#14194 = DIRECTION('',(-1.,-0.,-0.));
#14195 = PCURVE('',#5804,#14196);
#14196 = DEFINITIONAL_REPRESENTATION('',(#14197),#14201);
#14197 = LINE('',#14198,#14199);
#14198 = CARTESIAN_POINT('',(6.6,0.));
#14199 = VECTOR('',#14200,1.);
#14200 = DIRECTION('',(0.,-1.));
#14201 = ( GEOMETRIC_REPRESENTATION_CONTEXT(2) 
PARAMETRIC_REPRESENTATION_CONTEXT() REPRESENTATION_CONTEXT('2D SPACE',''
  ) );
#14202 = PCURVE('',#5880,#14203);
#14203 = DEFINITIONAL_REPRESENTATION('',(#14204),#14208);
#14204 = LINE('',#14205,#14206);
#14205 = CARTESIAN_POINT('',(0.,0.));
#14206 = VECTOR('',#14207,1.);
#14207 = DIRECTION('',(0.,-1.));
#14208 = ( GEOMETRIC_REPRESENTATION_CONTEXT(2) 
PARAMETRIC_REPRESENTATION_CONTEXT() REPRESENTATION_CONTEXT('2D SPACE',''
  ) );
#14209 = ADVANCED_FACE('',(#14210),#5880,.F.);
#14210 = FACE_BOUND('',#14211,.F.);
#14211 = EDGE_LOOP('',(#14212,#14213,#14214,#14235));
#14212 = ORIENTED_EDGE('',*,*,#5867,.F.);
#14213 = ORIENTED_EDGE('',*,*,#14189,.T.);
#14214 = ORIENTED_EDGE('',*,*,#14215,.T.);
#14215 = EDGE_CURVE('',#14164,#14216,#14218,.T.);
#14216 = VERTEX_POINT('',#14217);
#14217 = CARTESIAN_POINT('',(28.8,3.3,33.5));
#14218 = SURFACE_CURVE('',#14219,(#14223,#14229),.PCURVE_S1.);
#14219 = LINE('',#14220,#14221);
#14220 = CARTESIAN_POINT('',(28.8,3.3,36.15));
#14221 = VECTOR('',#14222,1.);
#14222 = DIRECTION('',(0.,0.,1.));
#14223 = PCURVE('',#5880,#14224);
#14224 = DEFINITIONAL_REPRESENTATION('',(#14225),#14228);
#14225 = B_SPLINE_CURVE_WITH_KNOTS('',1,(#14226,#14227),.UNSPECIFIED.,
  .F.,.F.,(2,2),(-3.85,-2.65),.PIECEWISE_BEZIER_KNOTS.);
#14226 = CARTESIAN_POINT('',(0.,-3.2));
#14227 = CARTESIAN_POINT('',(1.2,-3.2));
#14228 = ( GEOMETRIC_REPRESENTATION_CONTEXT(2) 
PARAMETRIC_REPRESENTATION_CONTEXT() REPRESENTATION_CONTEXT('2D SPACE',''
  ) );
#14229 = PCURVE('',#14178,#14230);
#14230 = DEFINITIONAL_REPRESENTATION('',(#14231),#14234);
#14231 = B_SPLINE_CURVE_WITH_KNOTS('',1,(#14232,#14233),.UNSPECIFIED.,
  .F.,.F.,(2,2),(-3.85,-2.65),.PIECEWISE_BEZIER_KNOTS.);
#14232 = CARTESIAN_POINT('',(47.6,-7.7));
#14233 = CARTESIAN_POINT('',(47.6,-6.5));
#14234 = ( GEOMETRIC_REPRESENTATION_CONTEXT(2) 
PARAMETRIC_REPRESENTATION_CONTEXT() REPRESENTATION_CONTEXT('2D SPACE',''
  ) );
#14235 = ORIENTED_EDGE('',*,*,#14236,.F.);
#14236 = EDGE_CURVE('',#5842,#14216,#14237,.T.);
#14237 = SURFACE_CURVE('',#14238,(#14242,#14249),.PCURVE_S1.);
#14238 = LINE('',#14239,#14240);
#14239 = CARTESIAN_POINT('',(32.,3.3,33.5));
#14240 = VECTOR('',#14241,1.);
#14241 = DIRECTION('',(-1.,-0.,-0.));
#14242 = PCURVE('',#5880,#14243);
#14243 = DEFINITIONAL_REPRESENTATION('',(#14244),#14248);
#14244 = LINE('',#14245,#14246);
#14245 = CARTESIAN_POINT('',(1.2,0.));
#14246 = VECTOR('',#14247,1.);
#14247 = DIRECTION('',(0.,-1.));
#14248 = ( GEOMETRIC_REPRESENTATION_CONTEXT(2) 
PARAMETRIC_REPRESENTATION_CONTEXT() REPRESENTATION_CONTEXT('2D SPACE',''
  ) );
#14249 = PCURVE('',#5856,#14250);
#14250 = DEFINITIONAL_REPRESENTATION('',(#14251),#14255);
#14251 = LINE('',#14252,#14253);
#14252 = CARTESIAN_POINT('',(6.6,0.));
#14253 = VECTOR('',#14254,1.);
#14254 = DIRECTION('',(0.,-1.));
#14255 = ( GEOMETRIC_REPRESENTATION_CONTEXT(2) 
PARAMETRIC_REPRESENTATION_CONTEXT() REPRESENTATION_CONTEXT('2D SPACE',''
  ) );
#14256 = ADVANCED_FACE('',(#14257),#5856,.T.);
#14257 = FACE_BOUND('',#14258,.T.);
#14258 = EDGE_LOOP('',(#14259,#14260,#14283,#14302));
#14259 = ORIENTED_EDGE('',*,*,#5841,.F.);
#14260 = ORIENTED_EDGE('',*,*,#14261,.T.);
#14261 = EDGE_CURVE('',#5816,#14262,#14264,.T.);
#14262 = VERTEX_POINT('',#14263);
#14263 = CARTESIAN_POINT('',(28.8,-3.3,33.5));
#14264 = SURFACE_CURVE('',#14265,(#14269,#14276),.PCURVE_S1.);
#14265 = LINE('',#14266,#14267);
#14266 = CARTESIAN_POINT('',(32.,-3.3,33.5));
#14267 = VECTOR('',#14268,1.);
#14268 = DIRECTION('',(-1.,-0.,-0.));
#14269 = PCURVE('',#5856,#14270);
#14270 = DEFINITIONAL_REPRESENTATION('',(#14271),#14275);
#14271 = LINE('',#14272,#14273);
#14272 = CARTESIAN_POINT('',(0.,0.));
#14273 = VECTOR('',#14274,1.);
#14274 = DIRECTION('',(0.,-1.));
#14275 = ( GEOMETRIC_REPRESENTATION_CONTEXT(2) 
PARAMETRIC_REPRESENTATION_CONTEXT() REPRESENTATION_CONTEXT('2D SPACE',''
  ) );
#14276 = PCURVE('',#5830,#14277);
#14277 = DEFINITIONAL_REPRESENTATION('',(#14278),#14282);
#14278 = LINE('',#14279,#14280);
#14279 = CARTESIAN_POINT('',(1.2,0.));
#14280 = VECTOR('',#14281,1.);
#14281 = DIRECTION('',(0.,-1.));
#14282 = ( GEOMETRIC_REPRESENTATION_CONTEXT(2) 
PARAMETRIC_REPRESENTATION_CONTEXT() REPRESENTATION_CONTEXT('2D SPACE',''
  ) );
#14283 = ORIENTED_EDGE('',*,*,#14284,.T.);
#14284 = EDGE_CURVE('',#14262,#14216,#14285,.T.);
#14285 = SURFACE_CURVE('',#14286,(#14290,#14296),.PCURVE_S1.);
#14286 = LINE('',#14287,#14288);
#14287 = CARTESIAN_POINT('',(28.8,-23.8,33.5));
#14288 = VECTOR('',#14289,1.);
#14289 = DIRECTION('',(-0.,1.,0.));
#14290 = PCURVE('',#5856,#14291);
#14291 = DEFINITIONAL_REPRESENTATION('',(#14292),#14295);
#14292 = B_SPLINE_CURVE_WITH_KNOTS('',1,(#14293,#14294),.UNSPECIFIED.,
  .F.,.F.,(2,2),(20.5,27.1),.PIECEWISE_BEZIER_KNOTS.);
#14293 = CARTESIAN_POINT('',(0.,-3.2));
#14294 = CARTESIAN_POINT('',(6.6,-3.2));
#14295 = ( GEOMETRIC_REPRESENTATION_CONTEXT(2) 
PARAMETRIC_REPRESENTATION_CONTEXT() REPRESENTATION_CONTEXT('2D SPACE',''
  ) );
#14296 = PCURVE('',#14178,#14297);
#14297 = DEFINITIONAL_REPRESENTATION('',(#14298),#14301);
#14298 = B_SPLINE_CURVE_WITH_KNOTS('',1,(#14299,#14300),.UNSPECIFIED.,
  .F.,.F.,(2,2),(20.5,27.1),.PIECEWISE_BEZIER_KNOTS.);
#14299 = CARTESIAN_POINT('',(41.,-6.5));
#14300 = CARTESIAN_POINT('',(47.6,-6.5));
#14301 = ( GEOMETRIC_REPRESENTATION_CONTEXT(2) 
PARAMETRIC_REPRESENTATION_CONTEXT() REPRESENTATION_CONTEXT('2D SPACE',''
  ) );
#14302 = ORIENTED_EDGE('',*,*,#14236,.F.);
#14303 = ADVANCED_FACE('',(#14304),#5830,.T.);
#14304 = FACE_BOUND('',#14305,.T.);
#14305 = EDGE_LOOP('',(#14306,#14307,#14308,#14327));
#14306 = ORIENTED_EDGE('',*,*,#5815,.F.);
#14307 = ORIENTED_EDGE('',*,*,#14140,.T.);
#14308 = ORIENTED_EDGE('',*,*,#14309,.T.);
#14309 = EDGE_CURVE('',#14141,#14262,#14310,.T.);
#14310 = SURFACE_CURVE('',#14311,(#14315,#14321),.PCURVE_S1.);
#14311 = LINE('',#14312,#14313);
#14312 = CARTESIAN_POINT('',(28.8,-3.3,36.15));
#14313 = VECTOR('',#14314,1.);
#14314 = DIRECTION('',(0.,0.,1.));
#14315 = PCURVE('',#5830,#14316);
#14316 = DEFINITIONAL_REPRESENTATION('',(#14317),#14320);
#14317 = B_SPLINE_CURVE_WITH_KNOTS('',1,(#14318,#14319),.UNSPECIFIED.,
  .F.,.F.,(2,2),(-3.85,-2.65),.PIECEWISE_BEZIER_KNOTS.);
#14318 = CARTESIAN_POINT('',(0.,-3.2));
#14319 = CARTESIAN_POINT('',(1.2,-3.2));
#14320 = ( GEOMETRIC_REPRESENTATION_CONTEXT(2) 
PARAMETRIC_REPRESENTATION_CONTEXT() REPRESENTATION_CONTEXT('2D SPACE',''
  ) );
#14321 = PCURVE('',#14178,#14322);
#14322 = DEFINITIONAL_REPRESENTATION('',(#14323),#14326);
#14323 = B_SPLINE_CURVE_WITH_KNOTS('',1,(#14324,#14325),.UNSPECIFIED.,
  .F.,.F.,(2,2),(-3.85,-2.65),.PIECEWISE_BEZIER_KNOTS.);
#14324 = CARTESIAN_POINT('',(41.,-7.7));
#14325 = CARTESIAN_POINT('',(41.,-6.5));
#14326 = ( GEOMETRIC_REPRESENTATION_CONTEXT(2) 
PARAMETRIC_REPRESENTATION_CONTEXT() REPRESENTATION_CONTEXT('2D SPACE',''
  ) );
#14327 = ORIENTED_EDGE('',*,*,#14261,.F.);
#14328 = ADVANCED_FACE('',(#14329,#14399,#14407,#14415,#14423,#14431,
    #14439,#14447,#14455,#14463,#14471,#14479,#14487,#14495,#14503,
    #14511,#14519,#14527,#14535,#14543,#14551,#14559,#14567,#14575,
    #14583,#14591,#14599,#14607,#14615),#5933,.T.);
#14329 = FACE_BOUND('',#14330,.T.);
#14330 = EDGE_LOOP('',(#14331,#14332,#14355,#14378));
#14331 = ORIENTED_EDGE('',*,*,#14081,.F.);
#14332 = ORIENTED_EDGE('',*,*,#14333,.T.);
#14333 = EDGE_CURVE('',#14054,#14334,#14336,.T.);
#14334 = VERTEX_POINT('',#14335);
#14335 = CARTESIAN_POINT('',(28.8,-44.3,2.2));
#14336 = SURFACE_CURVE('',#14337,(#14341,#14348),.PCURVE_S1.);
#14337 = LINE('',#14338,#14339);
#14338 = CARTESIAN_POINT('',(0.,-44.3,2.2));
#14339 = VECTOR('',#14340,1.);
#14340 = DIRECTION('',(1.,0.,0.));
#14341 = PCURVE('',#5933,#14342);
#14342 = DEFINITIONAL_REPRESENTATION('',(#14343),#14347);
#14343 = LINE('',#14344,#14345);
#14344 = CARTESIAN_POINT('',(0.,-44.3));
#14345 = VECTOR('',#14346,1.);
#14346 = DIRECTION('',(1.,0.));
#14347 = ( GEOMETRIC_REPRESENTATION_CONTEXT(2) 
PARAMETRIC_REPRESENTATION_CONTEXT() REPRESENTATION_CONTEXT('2D SPACE',''
  ) );
#14348 = PCURVE('',#14069,#14349);
#14349 = DEFINITIONAL_REPRESENTATION('',(#14350),#14354);
#14350 = LINE('',#14351,#14352);
#14351 = CARTESIAN_POINT('',(28.8,-37.8));
#14352 = VECTOR('',#14353,1.);
#14353 = DIRECTION('',(1.,0.));
#14354 = ( GEOMETRIC_REPRESENTATION_CONTEXT(2) 
PARAMETRIC_REPRESENTATION_CONTEXT() REPRESENTATION_CONTEXT('2D SPACE',''
  ) );
#14355 = ORIENTED_EDGE('',*,*,#14356,.T.);
#14356 = EDGE_CURVE('',#14334,#14357,#14359,.T.);
#14357 = VERTEX_POINT('',#14358);
#14358 = CARTESIAN_POINT('',(28.8,44.3,2.2));
#14359 = SURFACE_CURVE('',#14360,(#14364,#14371),.PCURVE_S1.);
#14360 = LINE('',#14361,#14362);
#14361 = CARTESIAN_POINT('',(28.8,0.,2.2));
#14362 = VECTOR('',#14363,1.);
#14363 = DIRECTION('',(0.,1.,0.));
#14364 = PCURVE('',#5933,#14365);
#14365 = DEFINITIONAL_REPRESENTATION('',(#14366),#14370);
#14366 = LINE('',#14367,#14368);
#14367 = CARTESIAN_POINT('',(28.8,0.));
#14368 = VECTOR('',#14369,1.);
#14369 = DIRECTION('',(0.,1.));
#14370 = ( GEOMETRIC_REPRESENTATION_CONTEXT(2) 
PARAMETRIC_REPRESENTATION_CONTEXT() REPRESENTATION_CONTEXT('2D SPACE',''
  ) );
#14371 = PCURVE('',#14178,#14372);
#14372 = DEFINITIONAL_REPRESENTATION('',(#14373),#14377);
#14373 = LINE('',#14374,#14375);
#14374 = CARTESIAN_POINT('',(44.3,-37.8));
#14375 = VECTOR('',#14376,1.);
#14376 = DIRECTION('',(1.,0.));
#14377 = ( GEOMETRIC_REPRESENTATION_CONTEXT(2) 
PARAMETRIC_REPRESENTATION_CONTEXT() REPRESENTATION_CONTEXT('2D SPACE',''
  ) );
#14378 = ORIENTED_EDGE('',*,*,#14379,.F.);
#14379 = EDGE_CURVE('',#14082,#14357,#14380,.T.);
#14380 = SURFACE_CURVE('',#14381,(#14385,#14392),.PCURVE_S1.);
#14381 = LINE('',#14382,#14383);
#14382 = CARTESIAN_POINT('',(0.,44.3,2.2));
#14383 = VECTOR('',#14384,1.);
#14384 = DIRECTION('',(1.,0.,0.));
#14385 = PCURVE('',#5933,#14386);
#14386 = DEFINITIONAL_REPRESENTATION('',(#14387),#14391);
#14387 = LINE('',#14388,#14389);
#14388 = CARTESIAN_POINT('',(0.,44.3));
#14389 = VECTOR('',#14390,1.);
#14390 = DIRECTION('',(1.,0.));
#14391 = ( GEOMETRIC_REPRESENTATION_CONTEXT(2) 
PARAMETRIC_REPRESENTATION_CONTEXT() REPRESENTATION_CONTEXT('2D SPACE',''
  ) );
#14392 = PCURVE('',#14118,#14393);
#14393 = DEFINITIONAL_REPRESENTATION('',(#14394),#14398);
#14394 = LINE('',#14395,#14396);
#14395 = CARTESIAN_POINT('',(28.8,-37.8));
#14396 = VECTOR('',#14397,1.);
#14397 = DIRECTION('',(1.,0.));
#14398 = ( GEOMETRIC_REPRESENTATION_CONTEXT(2) 
PARAMETRIC_REPRESENTATION_CONTEXT() REPRESENTATION_CONTEXT('2D SPACE',''
  ) );
#14399 = FACE_BOUND('',#14400,.T.);
#14400 = EDGE_LOOP('',(#14401,#14402,#14403,#14404,#14405,#14406));
#14401 = ORIENTED_EDGE('',*,*,#5918,.T.);
#14402 = ORIENTED_EDGE('',*,*,#6158,.T.);
#14403 = ORIENTED_EDGE('',*,*,#6111,.T.);
#14404 = ORIENTED_EDGE('',*,*,#6064,.T.);
#14405 = ORIENTED_EDGE('',*,*,#6017,.T.);
#14406 = ORIENTED_EDGE('',*,*,#5970,.T.);
#14407 = FACE_BOUND('',#14408,.T.);
#14408 = EDGE_LOOP('',(#14409,#14410,#14411,#14412,#14413,#14414));
#14409 = ORIENTED_EDGE('',*,*,#6205,.T.);
#14410 = ORIENTED_EDGE('',*,*,#6440,.T.);
#14411 = ORIENTED_EDGE('',*,*,#6393,.T.);
#14412 = ORIENTED_EDGE('',*,*,#6346,.T.);
#14413 = ORIENTED_EDGE('',*,*,#6299,.T.);
#14414 = ORIENTED_EDGE('',*,*,#6252,.T.);
#14415 = FACE_BOUND('',#14416,.T.);
#14416 = EDGE_LOOP('',(#14417,#14418,#14419,#14420,#14421,#14422));
#14417 = ORIENTED_EDGE('',*,*,#6487,.T.);
#14418 = ORIENTED_EDGE('',*,*,#6722,.T.);
#14419 = ORIENTED_EDGE('',*,*,#6675,.T.);
#14420 = ORIENTED_EDGE('',*,*,#6628,.T.);
#14421 = ORIENTED_EDGE('',*,*,#6581,.T.);
#14422 = ORIENTED_EDGE('',*,*,#6534,.T.);
#14423 = FACE_BOUND('',#14424,.T.);
#14424 = EDGE_LOOP('',(#14425,#14426,#14427,#14428,#14429,#14430));
#14425 = ORIENTED_EDGE('',*,*,#7897,.T.);
#14426 = ORIENTED_EDGE('',*,*,#8132,.T.);
#14427 = ORIENTED_EDGE('',*,*,#8085,.T.);
#14428 = ORIENTED_EDGE('',*,*,#8038,.T.);
#14429 = ORIENTED_EDGE('',*,*,#7991,.T.);
#14430 = ORIENTED_EDGE('',*,*,#7944,.T.);
#14431 = FACE_BOUND('',#14432,.T.);
#14432 = EDGE_LOOP('',(#14433,#14434,#14435,#14436,#14437,#14438));
#14433 = ORIENTED_EDGE('',*,*,#6769,.T.);
#14434 = ORIENTED_EDGE('',*,*,#7004,.T.);
#14435 = ORIENTED_EDGE('',*,*,#6957,.T.);
#14436 = ORIENTED_EDGE('',*,*,#6910,.T.);
#14437 = ORIENTED_EDGE('',*,*,#6863,.T.);
#14438 = ORIENTED_EDGE('',*,*,#6816,.T.);
#14439 = FACE_BOUND('',#14440,.T.);
#14440 = EDGE_LOOP('',(#14441,#14442,#14443,#14444,#14445,#14446));
#14441 = ORIENTED_EDGE('',*,*,#7051,.T.);
#14442 = ORIENTED_EDGE('',*,*,#7286,.T.);
#14443 = ORIENTED_EDGE('',*,*,#7239,.T.);
#14444 = ORIENTED_EDGE('',*,*,#7192,.T.);
#14445 = ORIENTED_EDGE('',*,*,#7145,.T.);
#14446 = ORIENTED_EDGE('',*,*,#7098,.T.);
#14447 = FACE_BOUND('',#14448,.T.);
#14448 = EDGE_LOOP('',(#14449,#14450,#14451,#14452,#14453,#14454));
#14449 = ORIENTED_EDGE('',*,*,#7333,.T.);
#14450 = ORIENTED_EDGE('',*,*,#7568,.T.);
#14451 = ORIENTED_EDGE('',*,*,#7521,.T.);
#14452 = ORIENTED_EDGE('',*,*,#7474,.T.);
#14453 = ORIENTED_EDGE('',*,*,#7427,.T.);
#14454 = ORIENTED_EDGE('',*,*,#7380,.T.);
#14455 = FACE_BOUND('',#14456,.T.);
#14456 = EDGE_LOOP('',(#14457,#14458,#14459,#14460,#14461,#14462));
#14457 = ORIENTED_EDGE('',*,*,#9025,.T.);
#14458 = ORIENTED_EDGE('',*,*,#9260,.T.);
#14459 = ORIENTED_EDGE('',*,*,#9213,.T.);
#14460 = ORIENTED_EDGE('',*,*,#9166,.T.);
#14461 = ORIENTED_EDGE('',*,*,#9119,.T.);
#14462 = ORIENTED_EDGE('',*,*,#9072,.T.);
#14463 = FACE_BOUND('',#14464,.T.);
#14464 = EDGE_LOOP('',(#14465,#14466,#14467,#14468,#14469,#14470));
#14465 = ORIENTED_EDGE('',*,*,#7615,.T.);
#14466 = ORIENTED_EDGE('',*,*,#7850,.T.);
#14467 = ORIENTED_EDGE('',*,*,#7803,.T.);
#14468 = ORIENTED_EDGE('',*,*,#7756,.T.);
#14469 = ORIENTED_EDGE('',*,*,#7709,.T.);
#14470 = ORIENTED_EDGE('',*,*,#7662,.T.);
#14471 = FACE_BOUND('',#14472,.T.);
#14472 = EDGE_LOOP('',(#14473,#14474,#14475,#14476,#14477,#14478));
#14473 = ORIENTED_EDGE('',*,*,#8179,.T.);
#14474 = ORIENTED_EDGE('',*,*,#8414,.T.);
#14475 = ORIENTED_EDGE('',*,*,#8367,.T.);
#14476 = ORIENTED_EDGE('',*,*,#8320,.T.);
#14477 = ORIENTED_EDGE('',*,*,#8273,.T.);
#14478 = ORIENTED_EDGE('',*,*,#8226,.T.);
#14479 = FACE_BOUND('',#14480,.T.);
#14480 = EDGE_LOOP('',(#14481,#14482,#14483,#14484,#14485,#14486));
#14481 = ORIENTED_EDGE('',*,*,#8461,.T.);
#14482 = ORIENTED_EDGE('',*,*,#8696,.T.);
#14483 = ORIENTED_EDGE('',*,*,#8649,.T.);
#14484 = ORIENTED_EDGE('',*,*,#8602,.T.);
#14485 = ORIENTED_EDGE('',*,*,#8555,.T.);
#14486 = ORIENTED_EDGE('',*,*,#8508,.T.);
#14487 = FACE_BOUND('',#14488,.T.);
#14488 = EDGE_LOOP('',(#14489,#14490,#14491,#14492,#14493,#14494));
#14489 = ORIENTED_EDGE('',*,*,#8743,.T.);
#14490 = ORIENTED_EDGE('',*,*,#8978,.T.);
#14491 = ORIENTED_EDGE('',*,*,#8931,.T.);
#14492 = ORIENTED_EDGE('',*,*,#8884,.T.);
#14493 = ORIENTED_EDGE('',*,*,#8837,.T.);
#14494 = ORIENTED_EDGE('',*,*,#8790,.T.);
#14495 = FACE_BOUND('',#14496,.T.);
#14496 = EDGE_LOOP('',(#14497,#14498,#14499,#14500,#14501,#14502));
#14497 = ORIENTED_EDGE('',*,*,#9307,.T.);
#14498 = ORIENTED_EDGE('',*,*,#9542,.T.);
#14499 = ORIENTED_EDGE('',*,*,#9495,.T.);
#14500 = ORIENTED_EDGE('',*,*,#9448,.T.);
#14501 = ORIENTED_EDGE('',*,*,#9401,.T.);
#14502 = ORIENTED_EDGE('',*,*,#9354,.T.);
#14503 = FACE_BOUND('',#14504,.T.);
#14504 = EDGE_LOOP('',(#14505,#14506,#14507,#14508,#14509,#14510));
#14505 = ORIENTED_EDGE('',*,*,#9589,.T.);
#14506 = ORIENTED_EDGE('',*,*,#9824,.T.);
#14507 = ORIENTED_EDGE('',*,*,#9777,.T.);
#14508 = ORIENTED_EDGE('',*,*,#9730,.T.);
#14509 = ORIENTED_EDGE('',*,*,#9683,.T.);
#14510 = ORIENTED_EDGE('',*,*,#9636,.T.);
#14511 = FACE_BOUND('',#14512,.T.);
#14512 = EDGE_LOOP('',(#14513,#14514,#14515,#14516,#14517,#14518));
#14513 = ORIENTED_EDGE('',*,*,#9871,.T.);
#14514 = ORIENTED_EDGE('',*,*,#10106,.T.);
#14515 = ORIENTED_EDGE('',*,*,#10059,.T.);
#14516 = ORIENTED_EDGE('',*,*,#10012,.T.);
#14517 = ORIENTED_EDGE('',*,*,#9965,.T.);
#14518 = ORIENTED_EDGE('',*,*,#9918,.T.);
#14519 = FACE_BOUND('',#14520,.T.);
#14520 = EDGE_LOOP('',(#14521,#14522,#14523,#14524,#14525,#14526));
#14521 = ORIENTED_EDGE('',*,*,#10153,.T.);
#14522 = ORIENTED_EDGE('',*,*,#10388,.T.);
#14523 = ORIENTED_EDGE('',*,*,#10341,.T.);
#14524 = ORIENTED_EDGE('',*,*,#10294,.T.);
#14525 = ORIENTED_EDGE('',*,*,#10247,.T.);
#14526 = ORIENTED_EDGE('',*,*,#10200,.T.);
#14527 = FACE_BOUND('',#14528,.T.);
#14528 = EDGE_LOOP('',(#14529,#14530,#14531,#14532,#14533,#14534));
#14529 = ORIENTED_EDGE('',*,*,#10435,.T.);
#14530 = ORIENTED_EDGE('',*,*,#10670,.T.);
#14531 = ORIENTED_EDGE('',*,*,#10623,.T.);
#14532 = ORIENTED_EDGE('',*,*,#10576,.T.);
#14533 = ORIENTED_EDGE('',*,*,#10529,.T.);
#14534 = ORIENTED_EDGE('',*,*,#10482,.T.);
#14535 = FACE_BOUND('',#14536,.T.);
#14536 = EDGE_LOOP('',(#14537,#14538,#14539,#14540,#14541,#14542));
#14537 = ORIENTED_EDGE('',*,*,#11845,.T.);
#14538 = ORIENTED_EDGE('',*,*,#12080,.T.);
#14539 = ORIENTED_EDGE('',*,*,#12033,.T.);
#14540 = ORIENTED_EDGE('',*,*,#11986,.T.);
#14541 = ORIENTED_EDGE('',*,*,#11939,.T.);
#14542 = ORIENTED_EDGE('',*,*,#11892,.T.);
#14543 = FACE_BOUND('',#14544,.T.);
#14544 = EDGE_LOOP('',(#14545,#14546,#14547,#14548,#14549,#14550));
#14545 = ORIENTED_EDGE('',*,*,#10717,.T.);
#14546 = ORIENTED_EDGE('',*,*,#10952,.T.);
#14547 = ORIENTED_EDGE('',*,*,#10905,.T.);
#14548 = ORIENTED_EDGE('',*,*,#10858,.T.);
#14549 = ORIENTED_EDGE('',*,*,#10811,.T.);
#14550 = ORIENTED_EDGE('',*,*,#10764,.T.);
#14551 = FACE_BOUND('',#14552,.T.);
#14552 = EDGE_LOOP('',(#14553,#14554,#14555,#14556,#14557,#14558));
#14553 = ORIENTED_EDGE('',*,*,#10999,.T.);
#14554 = ORIENTED_EDGE('',*,*,#11234,.T.);
#14555 = ORIENTED_EDGE('',*,*,#11187,.T.);
#14556 = ORIENTED_EDGE('',*,*,#11140,.T.);
#14557 = ORIENTED_EDGE('',*,*,#11093,.T.);
#14558 = ORIENTED_EDGE('',*,*,#11046,.T.);
#14559 = FACE_BOUND('',#14560,.T.);
#14560 = EDGE_LOOP('',(#14561,#14562,#14563,#14564,#14565,#14566));
#14561 = ORIENTED_EDGE('',*,*,#11281,.T.);
#14562 = ORIENTED_EDGE('',*,*,#11516,.T.);
#14563 = ORIENTED_EDGE('',*,*,#11469,.T.);
#14564 = ORIENTED_EDGE('',*,*,#11422,.T.);
#14565 = ORIENTED_EDGE('',*,*,#11375,.T.);
#14566 = ORIENTED_EDGE('',*,*,#11328,.T.);
#14567 = FACE_BOUND('',#14568,.T.);
#14568 = EDGE_LOOP('',(#14569,#14570,#14571,#14572,#14573,#14574));
#14569 = ORIENTED_EDGE('',*,*,#12973,.T.);
#14570 = ORIENTED_EDGE('',*,*,#13208,.T.);
#14571 = ORIENTED_EDGE('',*,*,#13161,.T.);
#14572 = ORIENTED_EDGE('',*,*,#13114,.T.);
#14573 = ORIENTED_EDGE('',*,*,#13067,.T.);
#14574 = ORIENTED_EDGE('',*,*,#13020,.T.);
#14575 = FACE_BOUND('',#14576,.T.);
#14576 = EDGE_LOOP('',(#14577,#14578,#14579,#14580,#14581,#14582));
#14577 = ORIENTED_EDGE('',*,*,#11563,.T.);
#14578 = ORIENTED_EDGE('',*,*,#11798,.T.);
#14579 = ORIENTED_EDGE('',*,*,#11751,.T.);
#14580 = ORIENTED_EDGE('',*,*,#11704,.T.);
#14581 = ORIENTED_EDGE('',*,*,#11657,.T.);
#14582 = ORIENTED_EDGE('',*,*,#11610,.T.);
#14583 = FACE_BOUND('',#14584,.T.);
#14584 = EDGE_LOOP('',(#14585,#14586,#14587,#14588,#14589,#14590));
#14585 = ORIENTED_EDGE('',*,*,#12127,.T.);
#14586 = ORIENTED_EDGE('',*,*,#12362,.T.);
#14587 = ORIENTED_EDGE('',*,*,#12315,.T.);
#14588 = ORIENTED_EDGE('',*,*,#12268,.T.);
#14589 = ORIENTED_EDGE('',*,*,#12221,.T.);
#14590 = ORIENTED_EDGE('',*,*,#12174,.T.);
#14591 = FACE_BOUND('',#14592,.T.);
#14592 = EDGE_LOOP('',(#14593,#14594,#14595,#14596,#14597,#14598));
#14593 = ORIENTED_EDGE('',*,*,#12409,.T.);
#14594 = ORIENTED_EDGE('',*,*,#12644,.T.);
#14595 = ORIENTED_EDGE('',*,*,#12597,.T.);
#14596 = ORIENTED_EDGE('',*,*,#12550,.T.);
#14597 = ORIENTED_EDGE('',*,*,#12503,.T.);
#14598 = ORIENTED_EDGE('',*,*,#12456,.T.);
#14599 = FACE_BOUND('',#14600,.T.);
#14600 = EDGE_LOOP('',(#14601,#14602,#14603,#14604,#14605,#14606));
#14601 = ORIENTED_EDGE('',*,*,#12691,.T.);
#14602 = ORIENTED_EDGE('',*,*,#12926,.T.);
#14603 = ORIENTED_EDGE('',*,*,#12879,.T.);
#14604 = ORIENTED_EDGE('',*,*,#12832,.T.);
#14605 = ORIENTED_EDGE('',*,*,#12785,.T.);
#14606 = ORIENTED_EDGE('',*,*,#12738,.T.);
#14607 = FACE_BOUND('',#14608,.T.);
#14608 = EDGE_LOOP('',(#14609,#14610,#14611,#14612,#14613,#14614));
#14609 = ORIENTED_EDGE('',*,*,#13255,.T.);
#14610 = ORIENTED_EDGE('',*,*,#13490,.T.);
#14611 = ORIENTED_EDGE('',*,*,#13443,.T.);
#14612 = ORIENTED_EDGE('',*,*,#13396,.T.);
#14613 = ORIENTED_EDGE('',*,*,#13349,.T.);
#14614 = ORIENTED_EDGE('',*,*,#13302,.T.);
#14615 = FACE_BOUND('',#14616,.T.);
#14616 = EDGE_LOOP('',(#14617,#14618,#14619,#14620,#14621,#14622));
#14617 = ORIENTED_EDGE('',*,*,#13537,.T.);
#14618 = ORIENTED_EDGE('',*,*,#13772,.T.);
#14619 = ORIENTED_EDGE('',*,*,#13725,.T.);
#14620 = ORIENTED_EDGE('',*,*,#13678,.T.);
#14621 = ORIENTED_EDGE('',*,*,#13631,.T.);
#14622 = ORIENTED_EDGE('',*,*,#13584,.T.);
#14623 = ADVANCED_FACE('',(#14624,#14630),#13868,.T.);
#14624 = FACE_BOUND('',#14625,.T.);
#14625 = EDGE_LOOP('',(#14626,#14627,#14628,#14629));
#14626 = ORIENTED_EDGE('',*,*,#14004,.F.);
#14627 = ORIENTED_EDGE('',*,*,#13852,.T.);
#14628 = ORIENTED_EDGE('',*,*,#13906,.T.);
#14629 = ORIENTED_EDGE('',*,*,#13977,.F.);
#14630 = FACE_BOUND('',#14631,.T.);
#14631 = EDGE_LOOP('',(#14632,#14655,#14674,#14675));
#14632 = ORIENTED_EDGE('',*,*,#14633,.T.);
#14633 = EDGE_CURVE('',#14634,#14636,#14638,.T.);
#14634 = VERTEX_POINT('',#14635);
#14635 = CARTESIAN_POINT('',(28.8,44.3,37.5));
#14636 = VERTEX_POINT('',#14637);
#14637 = CARTESIAN_POINT('',(28.8,-44.3,37.5));
#14638 = SURFACE_CURVE('',#14639,(#14643,#14649),.PCURVE_S1.);
#14639 = LINE('',#14640,#14641);
#14640 = CARTESIAN_POINT('',(28.8,-22.15,37.5));
#14641 = VECTOR('',#14642,1.);
#14642 = DIRECTION('',(0.,-1.,0.));
#14643 = PCURVE('',#13868,#14644);
#14644 = DEFINITIONAL_REPRESENTATION('',(#14645),#14648);
#14645 = B_SPLINE_CURVE_WITH_KNOTS('',1,(#14646,#14647),.UNSPECIFIED.,
  .F.,.F.,(2,2),(-66.45,22.15),.PIECEWISE_BEZIER_KNOTS.);
#14646 = CARTESIAN_POINT('',(28.8,44.3));
#14647 = CARTESIAN_POINT('',(28.8,-44.3));
#14648 = ( GEOMETRIC_REPRESENTATION_CONTEXT(2) 
PARAMETRIC_REPRESENTATION_CONTEXT() REPRESENTATION_CONTEXT('2D SPACE',''
  ) );
#14649 = PCURVE('',#14178,#14650);
#14650 = DEFINITIONAL_REPRESENTATION('',(#14651),#14654);
#14651 = B_SPLINE_CURVE_WITH_KNOTS('',1,(#14652,#14653),.UNSPECIFIED.,
  .F.,.F.,(2,2),(-66.45,22.15),.PIECEWISE_BEZIER_KNOTS.);
#14652 = CARTESIAN_POINT('',(88.6,-2.5));
#14653 = CARTESIAN_POINT('',(0.,-2.5));
#14654 = ( GEOMETRIC_REPRESENTATION_CONTEXT(2) 
PARAMETRIC_REPRESENTATION_CONTEXT() REPRESENTATION_CONTEXT('2D SPACE',''
  ) );
#14655 = ORIENTED_EDGE('',*,*,#14656,.T.);
#14656 = EDGE_CURVE('',#14636,#14033,#14657,.T.);
#14657 = SURFACE_CURVE('',#14658,(#14662,#14668),.PCURVE_S1.);
#14658 = LINE('',#14659,#14660);
#14659 = CARTESIAN_POINT('',(-14.4,-44.3,37.5));
#14660 = VECTOR('',#14661,1.);
#14661 = DIRECTION('',(-1.,0.,0.));
#14662 = PCURVE('',#13868,#14663);
#14663 = DEFINITIONAL_REPRESENTATION('',(#14664),#14667);
#14664 = B_SPLINE_CURVE_WITH_KNOTS('',1,(#14665,#14666),.UNSPECIFIED.,
  .F.,.F.,(2,2),(-43.2,14.4),.PIECEWISE_BEZIER_KNOTS.);
#14665 = CARTESIAN_POINT('',(28.8,-44.3));
#14666 = CARTESIAN_POINT('',(-28.8,-44.3));
#14667 = ( GEOMETRIC_REPRESENTATION_CONTEXT(2) 
PARAMETRIC_REPRESENTATION_CONTEXT() REPRESENTATION_CONTEXT('2D SPACE',''
  ) );
#14668 = PCURVE('',#14069,#14669);
#14669 = DEFINITIONAL_REPRESENTATION('',(#14670),#14673);
#14670 = B_SPLINE_CURVE_WITH_KNOTS('',1,(#14671,#14672),.UNSPECIFIED.,
  .F.,.F.,(2,2),(-43.2,14.4),.PIECEWISE_BEZIER_KNOTS.);
#14671 = CARTESIAN_POINT('',(57.6,-2.5));
#14672 = CARTESIAN_POINT('',(0.,-2.5));
#14673 = ( GEOMETRIC_REPRESENTATION_CONTEXT(2) 
PARAMETRIC_REPRESENTATION_CONTEXT() REPRESENTATION_CONTEXT('2D SPACE',''
  ) );
#14674 = ORIENTED_EDGE('',*,*,#14030,.F.);
#14675 = ORIENTED_EDGE('',*,*,#14676,.F.);
#14676 = EDGE_CURVE('',#14634,#14031,#14677,.T.);
#14677 = SURFACE_CURVE('',#14678,(#14682,#14688),.PCURVE_S1.);
#14678 = LINE('',#14679,#14680);
#14679 = CARTESIAN_POINT('',(-14.4,44.3,37.5));
#14680 = VECTOR('',#14681,1.);
#14681 = DIRECTION('',(-1.,0.,0.));
#14682 = PCURVE('',#13868,#14683);
#14683 = DEFINITIONAL_REPRESENTATION('',(#14684),#14687);
#14684 = B_SPLINE_CURVE_WITH_KNOTS('',1,(#14685,#14686),.UNSPECIFIED.,
  .F.,.F.,(2,2),(-43.2,14.4),.PIECEWISE_BEZIER_KNOTS.);
#14685 = CARTESIAN_POINT('',(28.8,44.3));
#14686 = CARTESIAN_POINT('',(-28.8,44.3));
#14687 = ( GEOMETRIC_REPRESENTATION_CONTEXT(2) 
PARAMETRIC_REPRESENTATION_CONTEXT() REPRESENTATION_CONTEXT('2D SPACE',''
  ) );
#14688 = PCURVE('',#14118,#14689);
#14689 = DEFINITIONAL_REPRESENTATION('',(#14690),#14693);
#14690 = B_SPLINE_CURVE_WITH_KNOTS('',1,(#14691,#14692),.UNSPECIFIED.,
  .F.,.F.,(2,2),(-43.2,14.4),.PIECEWISE_BEZIER_KNOTS.);
#14691 = CARTESIAN_POINT('',(57.6,-2.5));
#14692 = CARTESIAN_POINT('',(0.,-2.5));
#14693 = ( GEOMETRIC_REPRESENTATION_CONTEXT(2) 
PARAMETRIC_REPRESENTATION_CONTEXT() REPRESENTATION_CONTEXT('2D SPACE',''
  ) );
#14694 = ADVANCED_FACE('',(#14695),#14118,.T.);
#14695 = FACE_BOUND('',#14696,.T.);
#14696 = EDGE_LOOP('',(#14697,#14698,#14699,#14700));
#14697 = ORIENTED_EDGE('',*,*,#14676,.T.);
#14698 = ORIENTED_EDGE('',*,*,#14104,.T.);
#14699 = ORIENTED_EDGE('',*,*,#14379,.T.);
#14700 = ORIENTED_EDGE('',*,*,#14701,.F.);
#14701 = EDGE_CURVE('',#14634,#14357,#14702,.T.);
#14702 = SURFACE_CURVE('',#14703,(#14707,#14714),.PCURVE_S1.);
#14703 = LINE('',#14704,#14705);
#14704 = CARTESIAN_POINT('',(28.8,44.3,40.));
#14705 = VECTOR('',#14706,1.);
#14706 = DIRECTION('',(-0.,-0.,-1.));
#14707 = PCURVE('',#14118,#14708);
#14708 = DEFINITIONAL_REPRESENTATION('',(#14709),#14713);
#14709 = LINE('',#14710,#14711);
#14710 = CARTESIAN_POINT('',(57.6,0.));
#14711 = VECTOR('',#14712,1.);
#14712 = DIRECTION('',(0.,-1.));
#14713 = ( GEOMETRIC_REPRESENTATION_CONTEXT(2) 
PARAMETRIC_REPRESENTATION_CONTEXT() REPRESENTATION_CONTEXT('2D SPACE',''
  ) );
#14714 = PCURVE('',#14178,#14715);
#14715 = DEFINITIONAL_REPRESENTATION('',(#14716),#14720);
#14716 = LINE('',#14717,#14718);
#14717 = CARTESIAN_POINT('',(88.6,0.));
#14718 = VECTOR('',#14719,1.);
#14719 = DIRECTION('',(0.,-1.));
#14720 = ( GEOMETRIC_REPRESENTATION_CONTEXT(2) 
PARAMETRIC_REPRESENTATION_CONTEXT() REPRESENTATION_CONTEXT('2D SPACE',''
  ) );
#14721 = ADVANCED_FACE('',(#14722),#14069,.F.);
#14722 = FACE_BOUND('',#14723,.F.);
#14723 = EDGE_LOOP('',(#14724,#14725,#14726,#14727));
#14724 = ORIENTED_EDGE('',*,*,#14656,.T.);
#14725 = ORIENTED_EDGE('',*,*,#14053,.T.);
#14726 = ORIENTED_EDGE('',*,*,#14333,.T.);
#14727 = ORIENTED_EDGE('',*,*,#14728,.F.);
#14728 = EDGE_CURVE('',#14636,#14334,#14729,.T.);
#14729 = SURFACE_CURVE('',#14730,(#14734,#14741),.PCURVE_S1.);
#14730 = LINE('',#14731,#14732);
#14731 = CARTESIAN_POINT('',(28.8,-44.3,40.));
#14732 = VECTOR('',#14733,1.);
#14733 = DIRECTION('',(-0.,-0.,-1.));
#14734 = PCURVE('',#14069,#14735);
#14735 = DEFINITIONAL_REPRESENTATION('',(#14736),#14740);
#14736 = LINE('',#14737,#14738);
#14737 = CARTESIAN_POINT('',(57.6,0.));
#14738 = VECTOR('',#14739,1.);
#14739 = DIRECTION('',(0.,-1.));
#14740 = ( GEOMETRIC_REPRESENTATION_CONTEXT(2) 
PARAMETRIC_REPRESENTATION_CONTEXT() REPRESENTATION_CONTEXT('2D SPACE',''
  ) );
#14741 = PCURVE('',#14178,#14742);
#14742 = DEFINITIONAL_REPRESENTATION('',(#14743),#14747);
#14743 = LINE('',#14744,#14745);
#14744 = CARTESIAN_POINT('',(0.,0.));
#14745 = VECTOR('',#14746,1.);
#14746 = DIRECTION('',(0.,-1.));
#14747 = ( GEOMETRIC_REPRESENTATION_CONTEXT(2) 
PARAMETRIC_REPRESENTATION_CONTEXT() REPRESENTATION_CONTEXT('2D SPACE',''
  ) );
#14748 = ADVANCED_FACE('',(#14749,#14755),#14178,.F.);
#14749 = FACE_BOUND('',#14750,.F.);
#14750 = EDGE_LOOP('',(#14751,#14752,#14753,#14754));
#14751 = ORIENTED_EDGE('',*,*,#14633,.T.);
#14752 = ORIENTED_EDGE('',*,*,#14728,.T.);
#14753 = ORIENTED_EDGE('',*,*,#14356,.T.);
#14754 = ORIENTED_EDGE('',*,*,#14701,.F.);
#14755 = FACE_BOUND('',#14756,.F.);
#14756 = EDGE_LOOP('',(#14757,#14758,#14759,#14760));
#14757 = ORIENTED_EDGE('',*,*,#14163,.F.);
#14758 = ORIENTED_EDGE('',*,*,#14309,.T.);
#14759 = ORIENTED_EDGE('',*,*,#14284,.T.);
#14760 = ORIENTED_EDGE('',*,*,#14215,.F.);
#14761 = ( GEOMETRIC_REPRESENTATION_CONTEXT(3) 
GLOBAL_UNCERTAINTY_ASSIGNED_CONTEXT((#14765)) 
GLOBAL_UNIT_ASSIGNED_CONTEXT((#14762,#14763,#14764)) 
REPRESENTATION_CONTEXT('Context #1',
  '3D Context with UNIT and UNCERTAINTY') );
#14762 = ( LENGTH_UNIT() NAMED_UNIT(*) SI_UNIT(.MILLI.,.METRE.) );
#14763 = ( NAMED_UNIT(*) PLANE_ANGLE_UNIT() SI_UNIT($,.RADIAN.) );
#14764 = ( NAMED_UNIT(*) SI_UNIT($,.STERADIAN.) SOLID_ANGLE_UNIT() );
#14765 = UNCERTAINTY_MEASURE_WITH_UNIT(LENGTH_MEASURE(2.E-07),#14762,
  'distance_accuracy_value','confusion accuracy');
#14766 = PRODUCT_RELATED_PRODUCT_CATEGORY('part',$,(#7));
ENDSEC;
END-ISO-10303-21;
